uid,date,idx,F,I,V,T,R,Q,candidate_source,y,y_name
2020-03-24_8,2020-03-24,8,2.33,14.53,2.7,70.0,0.18582,2746.17,day_relative,0,정상
2020-03-24_57,2020-03-24,57,2.35,14.6,2.689,72.0,0.18418,2826.68,day_relative,0,정상
2020-03-24_69,2020-03-24,69,2.19,14.61,2.705,72.0,0.18515,2845.44,day_relative,0,정상
2020-03-24_71,2020-03-24,71,2.17,14.64,2.701,71.0,0.18449,2807.53,point_anomaly,0,정상
2020-03-24_72,2020-03-24,72,2.17,14.64,2.701,72.0,0.18449,2847.07,point_anomaly,0,정상
2020-03-24_73,2020-03-24,73,2.16,14.64,2.698,72.0,0.18429,2843.91,point_anomaly,0,정상
2020-03-24_74,2020-03-24,74,2.16,14.64,2.698,72.0,0.18429,2843.91,point_anomaly,0,정상
2020-03-24_108,2020-03-24,108,2.35,14.56,2.698,70.0,0.1853,2749.8,day_relative,2,용접부족
2020-03-24_113,2020-03-24,113,2.38,14.54,2.709,73.0,0.18631,2875.39,day_relative,0,정상
2020-03-24_129,2020-03-24,129,2.38,14.53,2.705,73.0,0.18617,2869.17,day_relative,0,정상
2020-03-24_147,2020-03-24,147,2.38,14.52,2.707,73.0,0.18643,2869.31,day_relative,0,정상
2020-03-24_221,2020-03-24,221,2.37,14.56,2.7,70.0,0.18544,2751.84,day_relative,0,정상
2020-03-24_226,2020-03-24,226,2.39,14.56,2.712,73.0,0.18626,2882.53,day_relative,1,파임불량
2020-03-24_227,2020-03-24,227,2.38,14.53,2.7110000000000003,71.0,0.18658,2796.75,day_relative,0,정상
2020-03-24_228,2020-03-24,228,2.38,14.53,2.7110000000000003,71.0,0.18658,2796.75,day_relative,0,정상
2020-03-24_301,2020-03-24,301,2.35,14.53,2.712,71.0,0.18665,2797.78,day_relative,0,정상
2020-03-24_302,2020-03-24,302,2.35,14.53,2.712,71.0,0.18665,2797.78,day_relative,0,정상
2020-03-24_311,2020-03-24,311,2.35,14.54,2.696,73.0,0.18542,2861.59,day_relative,0,정상
2020-03-24_321,2020-03-24,321,2.34,14.58,2.708,70.0,0.18573,2763.78,day_relative,0,정상
2020-03-24_385,2020-03-24,385,2.33,14.55,2.701,70.0,0.18564,2750.97,day_relative,0,정상
2020-03-24_741,2020-03-24,741,2.17,14.81,2.698,72.0,0.18217,2876.93,drift_segment,0,정상
2020-03-24_742,2020-03-24,742,2.17,14.81,2.698,72.0,0.18217,2876.93,drift_segment,0,정상
2020-03-24_743,2020-03-24,743,2.18,14.81,2.702,71.0,0.18244,2841.18,drift_segment,0,정상
2020-03-24_744,2020-03-24,744,2.18,14.81,2.702,71.0,0.18244,2841.18,drift_segment,0,정상
2020-03-24_745,2020-03-24,745,2.16,14.79,2.7,72.0,0.18256,2875.18,drift_segment,0,정상
2020-03-24_746,2020-03-24,746,2.16,14.79,2.7,71.0,0.18256,2835.24,drift_segment,0,정상
2020-03-24_747,2020-03-24,747,2.17,14.77,2.698,73.0,0.18267,2909.01,drift_segment,3,크랙발생
2020-03-24_748,2020-03-24,748,2.17,14.77,2.698,72.0,0.18267,2869.16,drift_segment,0,정상
2020-03-24_749,2020-03-24,749,2.18,14.79,2.701,72.0,0.18262,2876.24,drift_segment,0,정상
2020-03-24_750,2020-03-24,750,2.18,14.79,2.701,72.0,0.18262,2876.24,drift_segment,0,정상
2020-03-24_751,2020-03-24,751,2.16,14.77,2.705,72.0,0.18314,2876.61,drift_segment,0,정상
2020-03-24_752,2020-03-24,752,2.16,14.77,2.705,72.0,0.18314,2876.61,drift_segment,0,정상
2020-03-24_753,2020-03-24,753,2.18,14.73,2.702,71.0,0.18344,2825.83,drift_segment,0,정상
2020-03-24_754,2020-03-24,754,2.18,14.73,2.702,72.0,0.18344,2865.63,drift_segment,0,정상
2020-03-24_759,2020-03-24,759,2.32,14.97,2.7,71.0,0.18036,2869.75,point_anomaly,0,정상
2020-03-24_760,2020-03-24,760,2.32,14.97,2.7,72.0,0.18036,2910.17,point_anomaly,0,정상
2020-03-24_787,2020-03-24,787,2.33,14.95,2.7,72.0,0.1806,2906.28,point_anomaly,0,정상
2020-03-24_788,2020-03-24,788,2.33,14.95,2.7,72.0,0.1806,2906.28,point_anomaly,0,정상
2020-03-24_821,2020-03-24,821,2.33,14.71,2.717,72.0,0.1847,2877.63,day_relative,0,정상
2020-03-24_823,2020-03-24,823,2.34,14.74,2.714,73.0,0.18412,2920.32,day_relative,1,파임불량
2020-03-25_450,2020-03-25,450,2.3,14.97,2.7,72.0,0.18036,2910.17,point_anomaly,0,정상
2020-03-25_451,2020-03-25,451,2.3,14.97,2.7,72.0,0.18036,2910.17,point_anomaly,0,정상
2020-03-25_452,2020-03-25,452,2.32,14.94,2.705,71.0,0.18106,2869.3,point_anomaly,0,정상
2020-03-25_453,2020-03-25,453,2.32,14.94,2.705,71.0,0.18106,2869.3,point_anomaly,0,정상
2020-03-25_454,2020-03-25,454,2.34,14.910000000000002,2.713,72.0,0.18196,2912.46,point_anomaly,0,정상
2020-03-25_456,2020-03-25,456,2.34,14.93,2.71,73.0,0.18151,2953.6,point_anomaly,0,정상
2020-03-25_457,2020-03-25,457,2.34,14.93,2.71,72.0,0.18151,2913.14,point_anomaly,0,정상
2020-03-25_458,2020-03-25,458,2.35,14.99,2.707,72.0,0.18059,2921.61,point_anomaly,0,정상
2020-03-25_459,2020-03-25,459,2.35,14.99,2.707,72.0,0.18059,2921.61,point_anomaly,0,정상
2020-03-25_460,2020-03-25,460,2.31,15.070000000000002,2.699,72.0,0.1791,2928.52,point_anomaly,0,정상
2020-03-25_461,2020-03-25,461,2.31,15.070000000000002,2.699,72.0,0.1791,2928.52,point_anomaly,0,정상
2020-03-25_462,2020-03-25,462,2.33,14.93,2.697,72.0,0.18064,2899.17,point_anomaly,0,정상
2020-03-25_463,2020-03-25,463,2.33,14.93,2.697,72.0,0.18064,2899.17,point_anomaly,0,정상
2020-03-25_464,2020-03-25,464,2.3600000000000003,14.94,2.7,72.0,0.18072,2904.34,point_anomaly,0,정상
2020-03-25_465,2020-03-25,465,2.3600000000000003,14.94,2.7,72.0,0.18072,2904.34,point_anomaly,0,정상
2020-03-25_468,2020-03-25,468,2.35,14.95,2.7060000000000004,72.0,0.181,2912.74,point_anomaly,0,정상
2020-03-25_469,2020-03-25,469,2.35,14.95,2.7060000000000004,71.0,0.181,2872.28,point_anomaly,0,정상
2020-03-25_486,2020-03-25,486,2.4,14.8,2.697,73.0,0.18223,2913.84,point_anomaly,0,정상
2020-03-25_518,2020-03-25,518,2.38,14.820000000000002,2.698,72.0,0.18205,2878.87,point_anomaly,0,정상
2020-03-25_524,2020-03-25,524,2.37,14.97,2.7060000000000004,72.0,0.18076,2916.64,point_anomaly,0,정상
2020-03-25_525,2020-03-25,525,2.37,14.97,2.7060000000000004,72.0,0.18076,2916.64,point_anomaly,0,정상
2020-03-25_526,2020-03-25,526,2.34,14.94,2.699,72.0,0.18066,2903.26,point_anomaly,0,정상
2020-03-25_527,2020-03-25,527,2.34,14.94,2.699,72.0,0.18066,2903.26,point_anomaly,0,정상
2020-03-25_530,2020-03-25,530,2.28,14.93,2.693,72.0,0.18038,2894.87,point_anomaly,0,정상
2020-03-25_532,2020-03-25,532,2.28,14.99,2.7,71.0,0.18012,2873.58,point_anomaly,0,정상
2020-03-25_533,2020-03-25,533,2.28,14.99,2.7,71.0,0.18012,2873.58,point_anomaly,0,정상
2020-03-25_534,2020-03-25,534,2.29,15.070000000000002,2.701,71.0,0.17923,2889.99,point_anomaly,0,정상
2020-03-25_535,2020-03-25,535,2.29,15.070000000000002,2.701,71.0,0.17923,2889.99,point_anomaly,0,정상
2020-03-25_542,2020-03-25,542,2.31,14.95,2.7030000000000003,73.0,0.1808,2949.92,point_anomaly,3,크랙발생
2020-03-25_543,2020-03-25,543,2.31,14.95,2.7030000000000003,71.0,0.1808,2869.1,point_anomaly,0,정상
2020-03-25_550,2020-03-25,550,1.7399999999999998,14.72,2.702,71.0,0.18356,2823.91,point_anomaly,3,크랙발생
2020-03-25_551,2020-03-25,551,1.7399999999999998,14.71,2.702,72.0,0.18368,2861.74,point_anomaly,3,크랙발생
2020-03-25_552,2020-03-25,552,2.21,14.71,2.69,70.0,0.18287,2769.89,point_anomaly,0,정상
2020-03-25_556,2020-03-25,556,2.48,14.73,2.708,72.0,0.18384,2872.0,point_anomaly,0,정상
2020-03-25_572,2020-03-25,572,2.57,14.74,2.708,72.0,0.18372,2873.95,point_anomaly,0,정상
2020-03-25_573,2020-03-25,573,2.57,14.73,2.708,73.0,0.18384,2911.89,point_anomaly,0,정상
2020-03-25_578,2020-03-25,578,2.55,14.77,2.698,73.0,0.18267,2909.01,point_anomaly,0,정상
2020-03-25_579,2020-03-25,579,2.55,14.74,2.698,71.0,0.18304,2823.56,point_anomaly,0,정상
2020-03-25_586,2020-03-25,586,2.49,14.76,2.702,72.0,0.18306,2871.47,point_anomaly,0,정상
2020-03-25_587,2020-03-25,587,2.49,14.78,2.702,71.0,0.18281,2835.42,point_anomaly,0,정상
2020-03-25_591,2020-03-25,591,2.47,14.83,2.698,73.0,0.18193,2920.83,point_anomaly,0,정상
2020-03-25_616,2020-03-25,616,2.4,14.85,2.713,70.0,0.18269,2820.16,point_anomaly,0,정상
2020-03-25_618,2020-03-25,618,2.48,14.840000000000002,2.704,72.0,0.18221,2889.17,point_anomaly,0,정상
2020-03-25_624,2020-03-25,624,2.5,14.85,2.699,72.0,0.18175,2885.77,point_anomaly,0,정상
2020-03-25_625,2020-03-25,625,2.5,14.83,2.699,72.0,0.182,2881.88,point_anomaly,0,정상
2020-03-25_628,2020-03-25,628,2.49,14.820000000000002,2.704,71.0,0.18246,2845.2,point_anomaly,0,정상
2020-03-25_629,2020-03-25,629,2.49,14.85,2.704,72.0,0.18209,2891.12,point_anomaly,0,정상
2020-03-25_632,2020-03-25,632,2.51,14.88,2.708,72.0,0.18199,2901.24,point_anomaly,0,정상
2020-03-25_633,2020-03-25,633,2.51,14.97,2.708,70.0,0.1809,2837.71,point_anomaly,0,정상
2020-03-25_634,2020-03-25,634,2.5,14.97,2.705,71.0,0.18069,2875.06,point_anomaly,0,정상
2020-03-25_635,2020-03-25,635,2.5,14.94,2.705,72.0,0.18106,2909.71,point_anomaly,0,정상
2020-03-25_636,2020-03-25,636,2.46,14.94,2.7030000000000003,72.0,0.18092,2907.56,point_anomaly,0,정상
2020-03-25_638,2020-03-25,638,2.46,14.910000000000002,2.7,73.0,0.18109,2938.76,point_anomaly,0,정상
2020-03-25_639,2020-03-25,639,2.46,14.93,2.7,71.0,0.18084,2862.08,point_anomaly,0,정상
2020-03-25_640,2020-03-25,640,2.46,14.93,2.698,71.0,0.18071,2859.96,point_anomaly,0,정상
2020-03-25_641,2020-03-25,641,2.46,14.99,2.698,72.0,0.17999,2911.9,point_anomaly,0,정상
2020-03-25_642,2020-03-25,642,2.5,14.99,2.697,72.0,0.17992,2910.82,point_anomaly,0,정상
2020-03-25_643,2020-03-25,643,2.5,15.070000000000002,2.697,72.0,0.17896,2926.35,point_anomaly,0,정상
2020-03-25_644,2020-03-25,644,2.49,15.070000000000002,2.7030000000000003,72.0,0.17936,2932.86,point_anomaly,0,정상
2020-03-25_645,2020-03-25,645,2.49,14.93,2.7030000000000003,72.0,0.18104,2905.62,point_anomaly,0,정상
2020-03-25_646,2020-03-25,646,2.49,14.93,2.7060000000000004,72.0,0.18125,2908.84,point_anomaly,0,정상
2020-03-25_647,2020-03-25,647,2.49,14.94,2.7060000000000004,72.0,0.18112,2910.79,point_anomaly,0,정상
2020-03-25_648,2020-03-25,648,2.48,14.94,2.709,71.0,0.18133,2873.54,point_anomaly,0,정상
2020-03-25_649,2020-03-25,649,2.48,14.89,2.709,71.0,0.18193,2863.93,point_anomaly,0,정상
2020-03-25_650,2020-03-25,650,2.51,14.89,2.7030000000000003,71.0,0.18153,2857.58,point_anomaly,0,정상
2020-03-25_651,2020-03-25,651,2.51,14.95,2.7030000000000003,71.0,0.1808,2869.1,point_anomaly,0,정상
2020-03-25_652,2020-03-25,652,2.44,14.95,2.696,71.0,0.18033,2861.67,point_anomaly,0,정상
2020-03-25_654,2020-03-25,654,2.49,14.74,2.702,73.0,0.18331,2907.41,point_anomaly,0,정상
2020-03-25_655,2020-03-25,655,2.49,14.73,2.702,71.0,0.18344,2825.83,point_anomaly,0,정상
2020-03-25_662,2020-03-25,662,2.52,14.73,2.705,72.0,0.18364,2868.81,drift_segment,0,정상
2020-03-25_663,2020-03-25,663,2.52,14.74,2.705,72.0,0.18351,2870.76,drift_segment,0,정상
2020-03-25_664,2020-03-25,664,2.49,14.74,2.7060000000000004,71.0,0.18358,2831.94,drift_segment,0,정상
2020-03-25_665,2020-03-25,665,2.49,14.74,2.7060000000000004,72.0,0.18358,2871.82,drift_segment,0,정상
2020-03-25_666,2020-03-25,666,2.49,14.74,2.699,72.0,0.18311,2864.39,drift_segment,0,정상
2020-03-25_667,2020-03-25,667,2.49,14.73,2.699,71.0,0.18323,2822.7,drift_segment,0,정상
2020-03-25_668,2020-03-25,668,2.5,14.73,2.698,72.0,0.18316,2861.39,drift_segment,0,정상
2020-03-25_669,2020-03-25,669,2.5,14.74,2.698,70.0,0.18304,2783.8,drift_segment,0,정상
2020-03-25_670,2020-03-25,670,2.48,14.74,2.694,71.0,0.18277,2819.38,drift_segment,0,정상
2020-03-25_671,2020-03-25,671,2.48,14.77,2.694,72.0,0.1824,2864.91,drift_segment,0,정상
2020-03-25_672,2020-03-25,672,2.48,14.77,2.701,72.0,0.18287,2872.35,drift_segment,0,정상
2020-03-25_673,2020-03-25,673,2.48,14.74,2.701,72.0,0.18324,2866.52,drift_segment,0,정상
2020-03-25_674,2020-03-25,674,2.49,14.74,2.542,73.0,0.17246,2735.24,drift_segment,0,정상
2020-03-25_675,2020-03-25,675,2.49,14.73,2.542,71.0,0.17257,2658.5,drift_segment,0,정상
2020-03-25_676,2020-03-25,676,2.49,14.73,2.481,71.0,0.16843,2594.7,drift_segment,2,용접부족
2020-03-25_677,2020-03-25,677,2.49,14.750000000000002,2.481,72.0,0.1682,2634.82,drift_segment,0,정상
2020-03-25_678,2020-03-25,678,10.54,14.750000000000002,2.476,72.0,0.16786,2629.51,drift_segment,0,정상
2020-03-25_679,2020-03-25,679,10.54,14.76,2.476,72.0,0.16775,2631.29,drift_segment,0,정상
2020-03-25_680,2020-03-25,680,9.27,14.76,2.474,72.0,0.16762,2629.17,drift_segment,0,정상
2020-03-25_681,2020-03-25,681,9.27,14.78,2.474,72.0,0.16739,2632.73,drift_segment,0,정상
2020-03-25_682,2020-03-25,682,9.07,14.78,2.468,72.0,0.16698,2626.35,drift_segment,0,정상
2020-03-25_683,2020-03-25,683,9.07,14.750000000000002,2.468,72.0,0.16732,2621.02,drift_segment,0,정상
2020-03-25_684,2020-03-25,684,9.01,14.750000000000002,2.464,71.0,0.16705,2580.42,drift_segment,0,정상
2020-03-25_685,2020-03-25,685,9.01,14.83,2.464,71.0,0.16615,2594.42,drift_segment,2,용접부족
2020-03-25_686,2020-03-25,686,9.05,14.83,2.467,71.0,0.16635,2597.58,drift_segment,0,정상
2020-03-25_687,2020-03-25,687,9.05,14.8,2.467,71.0,0.16669,2592.32,drift_segment,0,정상
2020-03-25_688,2020-03-25,688,9.04,14.8,2.496,71.0,0.16865,2622.8,drift_segment,0,정상
2020-03-25_689,2020-03-25,689,9.04,14.8,2.496,72.0,0.16865,2659.74,drift_segment,0,정상
2020-03-25_690,2020-03-25,690,8.98,14.8,2.54,73.0,0.17162,2744.22,drift_segment,0,정상
2020-03-25_691,2020-03-25,691,8.98,14.8,2.54,71.0,0.17162,2669.03,drift_segment,0,정상
2020-03-25_692,2020-03-25,692,8.95,14.8,2.605,72.0,0.17601,2775.89,drift_segment,0,정상
2020-03-25_693,2020-03-25,693,8.95,14.81,2.605,71.0,0.17589,2739.18,drift_segment,0,정상
2020-03-25_694,2020-03-25,694,8.790000000000001,14.81,2.673,72.0,0.18049,2850.27,drift_segment,0,정상
2020-03-25_695,2020-03-25,695,8.790000000000001,14.8,2.673,73.0,0.18061,2887.91,drift_segment,0,정상
2020-03-25_696,2020-03-25,696,8.58,14.8,2.72,71.0,0.18378,2858.18,drift_segment,0,정상
2020-03-25_697,2020-03-25,697,8.58,14.78,2.72,72.0,0.18403,2894.52,drift_segment,0,정상
2020-03-25_698,2020-03-25,698,8.25,14.78,2.745,72.0,0.18572,2921.12,drift_segment,0,정상
2020-03-25_699,2020-03-25,699,8.25,14.81,2.745,72.0,0.18535,2927.05,drift_segment,0,정상
2020-03-25_700,2020-03-25,700,7.92,14.81,2.7510000000000003,72.0,0.18575,2933.45,drift_segment,0,정상
2020-03-25_701,2020-03-25,701,7.92,14.840000000000002,2.7510000000000003,72.0,0.18538,2939.39,drift_segment,0,정상
2020-03-25_702,2020-03-25,702,7.609999999999999,14.840000000000002,2.756,72.0,0.18571,2944.73,drift_segment,0,정상
2020-03-25_703,2020-03-25,703,7.609999999999999,14.83,2.756,72.0,0.18584,2942.75,drift_segment,0,정상
2020-03-25_704,2020-03-25,704,7.33,14.83,2.748,71.0,0.1853,2893.45,drift_segment,0,정상
2020-03-25_705,2020-03-25,705,7.33,14.81,2.748,71.0,0.18555,2889.55,drift_segment,0,정상
2020-03-25_706,2020-03-25,706,7.18,14.81,2.741,72.0,0.18508,2922.78,drift_segment,0,정상
2020-03-25_707,2020-03-25,707,7.18,14.81,2.741,71.0,0.18508,2882.19,drift_segment,0,정상
2020-03-25_708,2020-03-25,708,7.05,14.81,2.735,73.0,0.18467,2956.89,drift_segment,0,정상
2020-03-25_709,2020-03-25,709,7.05,14.85,2.735,72.0,0.18418,2924.26,drift_segment,0,정상
2020-03-25_710,2020-03-25,710,7.0,14.85,2.728,72.0,0.1837,2916.78,drift_segment,0,정상
2020-03-25_711,2020-03-25,711,7.0,14.840000000000002,2.728,72.0,0.18383,2914.81,drift_segment,0,정상
2020-03-25_712,2020-03-25,712,6.93,14.840000000000002,2.72,72.0,0.18329,2906.27,drift_segment,0,정상
2020-03-25_713,2020-03-25,713,6.93,14.820000000000002,2.72,72.0,0.18354,2902.35,drift_segment,0,정상
2020-03-25_714,2020-03-25,714,6.890000000000001,14.820000000000002,2.707,72.0,0.18266,2888.48,drift_segment,0,정상
2020-03-25_715,2020-03-25,715,6.890000000000001,14.83,2.707,72.0,0.18254,2890.43,drift_segment,0,정상
2020-03-25_716,2020-03-25,716,6.890000000000001,14.83,2.699,72.0,0.182,2881.88,drift_segment,0,정상
2020-03-25_717,2020-03-25,717,6.65,14.85,2.694,72.0,0.18141,2880.42,drift_segment,0,정상
2020-03-25_718,2020-03-25,718,6.68,14.85,2.685,71.0,0.18081,2830.93,drift_segment,0,정상
2020-03-25_719,2020-03-25,719,6.7,14.83,2.677,71.0,0.18051,2818.69,drift_segment,0,정상
2020-03-25_720,2020-03-25,720,6.74,14.83,2.67,72.0,0.18004,2850.92,drift_segment,0,정상
2020-03-25_721,2020-03-25,721,6.720000000000001,14.820000000000002,2.6630000000000003,71.0,0.17969,2802.06,drift_segment,0,정상
2020-03-25_722,2020-03-25,722,6.779999999999999,14.820000000000002,2.658,73.0,0.17935,2875.58,drift_segment,0,정상
2020-03-25_723,2020-03-25,723,6.58,14.85,2.65,72.0,0.17845,2833.38,drift_segment,0,정상
2020-03-25_724,2020-03-25,724,6.609999999999999,14.85,2.648,72.0,0.17832,2831.24,drift_segment,0,정상
2020-03-25_725,2020-03-25,725,6.56,14.88,2.65,72.0,0.17809,2839.1,drift_segment,0,정상
2020-03-25_726,2020-03-25,726,6.57,14.88,2.651,72.0,0.17816,2840.18,drift_segment,0,정상
2020-03-25_727,2020-03-25,727,6.640000000000001,14.97,2.654,72.0,0.17729,2860.59,drift_segment,0,정상
2020-03-25_728,2020-03-25,728,6.63,14.97,2.657,71.0,0.17749,2824.05,drift_segment,0,정상
2020-03-25_729,2020-03-25,729,6.67,14.94,2.655,72.0,0.17771,2855.93,drift_segment,0,정상
2020-03-25_730,2020-03-25,730,6.73,14.94,2.656,72.0,0.17778,2857.01,drift_segment,0,정상
2020-03-25_731,2020-03-25,731,6.7,14.910000000000002,2.652,71.0,0.17787,2807.43,drift_segment,0,정상
2020-03-25_732,2020-03-25,732,6.63,14.910000000000002,2.653,72.0,0.17793,2848.05,drift_segment,0,정상
2020-03-25_733,2020-03-25,733,6.640000000000001,14.93,2.643,70.0,0.17703,2762.2,drift_segment,0,정상
2020-03-25_734,2020-03-25,734,6.67,14.93,2.654,71.0,0.17776,2813.32,drift_segment,0,정상
2020-03-25_735,2020-03-25,735,6.7,14.99,2.654,72.0,0.17705,2864.41,drift_segment,0,정상
2020-03-25_736,2020-03-25,736,6.74,14.99,2.655,72.0,0.17712,2865.49,drift_segment,0,정상
2020-03-25_737,2020-03-25,737,6.82,15.070000000000002,2.656,72.0,0.17624,2881.87,drift_segment,0,정상
2020-03-25_738,2020-03-25,738,6.74,15.070000000000002,2.653,71.0,0.17605,2838.63,drift_segment,0,정상
2020-03-25_739,2020-03-25,739,6.779999999999999,14.93,2.654,72.0,0.17776,2852.94,drift_segment,0,정상
2020-03-25_740,2020-03-25,740,6.909999999999999,14.93,2.649,72.0,0.17743,2847.57,drift_segment,0,정상
2020-03-25_741,2020-03-25,741,6.9,14.94,2.648,71.0,0.17724,2808.84,drift_segment,0,정상
2020-03-25_742,2020-03-25,742,6.94,14.94,2.651,72.0,0.17744,2851.63,drift_segment,0,정상
2020-03-25_743,2020-03-25,743,6.92,14.89,2.652,70.0,0.17811,2764.18,drift_segment,0,정상
2020-03-25_744,2020-03-25,744,6.88,14.89,2.654,71.0,0.17824,2805.78,drift_segment,0,정상
2020-03-25_745,2020-03-25,745,6.85,14.95,2.652,72.0,0.17739,2854.61,drift_segment,0,정상
2020-03-25_746,2020-03-25,746,6.85,14.95,2.654,72.0,0.17753,2856.77,drift_segment,0,정상
2020-03-25_747,2020-03-25,747,6.83,14.74,2.655,72.0,0.18012,2817.7,drift_segment,0,정상
2020-03-25_748,2020-03-25,748,6.840000000000001,14.74,2.652,73.0,0.17992,2853.61,drift_segment,0,정상
2020-03-25_749,2020-03-25,749,6.83,14.73,2.652,71.0,0.18004,2773.54,drift_segment,0,정상
2020-03-25_750,2020-03-25,750,6.83,14.73,2.65,71.0,0.1799,2771.45,drift_segment,0,정상
2020-03-25_751,2020-03-25,751,7.0200000000000005,14.750000000000002,2.649,72.0,0.17959,2813.24,drift_segment,0,정상
2020-03-25_752,2020-03-25,752,7.01,14.750000000000002,2.649,72.0,0.17959,2813.24,drift_segment,0,정상
2020-03-25_753,2020-03-25,753,7.029999999999999,14.76,2.643,72.0,0.17907,2808.77,drift_segment,0,정상
2020-03-25_754,2020-03-25,754,6.970000000000001,14.76,2.651,72.0,0.17961,2817.27,drift_segment,0,정상
2020-03-25_755,2020-03-25,755,6.94,14.78,2.652,72.0,0.17943,2822.15,drift_segment,0,정상
2020-03-25_756,2020-03-25,756,6.909999999999999,14.78,2.649,72.0,0.17923,2818.96,drift_segment,0,정상
2020-03-25_757,2020-03-25,757,6.95,14.750000000000002,2.643,72.0,0.17919,2806.87,drift_segment,0,정상
2020-03-25_758,2020-03-25,758,8.16,14.750000000000002,2.643,71.0,0.17919,2767.88,drift_segment,0,정상
2020-03-25_759,2020-03-25,759,7.15,14.83,2.657,71.0,0.17916,2797.64,drift_segment,0,정상
2020-03-25_760,2020-03-25,760,6.98,14.83,2.656,71.0,0.1791,2796.58,drift_segment,0,정상
2020-03-25_761,2020-03-25,761,6.95,14.8,2.659,71.0,0.17966,2794.08,drift_segment,0,정상
2020-03-25_762,2020-03-25,762,6.859999999999999,14.8,2.659,71.0,0.17966,2794.08,drift_segment,0,정상
2020-03-25_763,2020-03-25,763,6.85,14.8,2.658,72.0,0.17959,2832.36,drift_segment,0,정상
2020-03-25_764,2020-03-25,764,6.87,14.8,2.651,73.0,0.17912,2864.14,drift_segment,0,정상
2020-03-25_765,2020-03-25,765,6.88,14.8,2.648,71.0,0.17892,2782.52,drift_segment,0,정상
2020-03-25_766,2020-03-25,766,6.87,14.8,2.659,72.0,0.17966,2833.43,drift_segment,0,정상
2020-03-25_767,2020-03-25,767,6.87,14.81,2.693,71.0,0.18184,2831.72,drift_segment,0,정상
2020-03-25_768,2020-03-25,768,6.8,14.81,2.738,72.0,0.18488,2919.58,drift_segment,0,정상
2020-03-25_769,2020-03-25,769,4.4,14.8,2.78,73.0,0.18784,3003.51,drift_segment,0,정상
2020-03-25_770,2020-03-25,770,4.4,14.8,2.802,71.0,0.18932,2944.34,drift_segment,0,정상
2020-03-25_771,2020-03-25,771,4.29,14.78,2.8110000000000004,72.0,0.19019,2991.35,drift_segment,0,정상
2020-03-25_772,2020-03-25,772,4.11,14.78,2.8110000000000004,72.0,0.19019,2991.35,drift_segment,0,정상
2020-03-25_773,2020-03-25,773,3.53,14.81,2.807,72.0,0.18953,2993.16,drift_segment,0,정상
2020-03-25_774,2020-03-25,774,3.81,14.81,2.799,71.0,0.18899,2943.18,drift_segment,0,정상
2020-03-25_775,2020-03-25,775,3.86,14.840000000000002,2.792,72.0,0.18814,2983.2,drift_segment,0,정상
2020-03-25_776,2020-03-25,776,3.72,14.840000000000002,2.782,72.0,0.18747,2972.51,drift_segment,0,정상
2020-03-25_777,2020-03-25,777,3.7,14.83,2.775,71.0,0.18712,2921.88,drift_segment,0,정상
2020-03-25_778,2020-03-25,778,3.7,14.83,2.768,72.0,0.18665,2955.56,drift_segment,0,정상
2020-03-25_779,2020-03-25,779,3.73,14.81,2.757,70.0,0.18616,2858.18,drift_segment,0,정상
2020-03-25_780,2020-03-25,780,3.74,14.81,2.75,71.0,0.18569,2891.65,drift_segment,0,정상
2020-03-25_781,2020-03-25,781,3.6,14.81,2.7430000000000003,72.0,0.18521,2924.92,drift_segment,0,정상
2020-03-25_782,2020-03-25,782,3.64,14.81,2.74,72.0,0.18501,2921.72,drift_segment,0,정상
2020-03-25_783,2020-03-25,783,3.64,14.85,2.749,72.0,0.18512,2939.23,drift_segment,0,정상
2020-03-25_784,2020-03-25,784,3.64,14.85,2.764,73.0,0.18613,2996.31,drift_segment,0,정상
2020-03-25_785,2020-03-25,785,3.73,14.840000000000002,2.776,71.0,0.18706,2924.9,drift_segment,0,정상
2020-03-25_786,2020-03-25,786,3.71,14.840000000000002,2.777,71.0,0.18713,2925.96,drift_segment,0,정상
2020-03-25_787,2020-03-25,787,3.65,14.820000000000002,2.776,72.0,0.18731,2962.1,drift_segment,0,정상
2020-03-25_788,2020-03-25,788,3.67,14.820000000000002,2.77,72.0,0.18691,2955.7,drift_segment,0,정상
2020-03-25_789,2020-03-25,789,3.64,14.83,2.76,72.0,0.18611,2947.02,drift_segment,0,정상
2020-03-25_790,2020-03-25,790,3.59,14.83,2.754,72.0,0.1857,2940.61,drift_segment,0,정상
2020-03-25_791,2020-03-25,791,3.67,14.85,2.748,72.0,0.18505,2938.16,drift_segment,0,정상
2020-03-25_792,2020-03-25,792,3.65,14.85,2.74,72.0,0.18451,2929.61,drift_segment,0,정상
2020-03-25_793,2020-03-25,793,3.65,14.83,2.747,72.0,0.18523,2933.14,drift_segment,0,정상
2020-03-25_794,2020-03-25,794,3.69,14.83,2.755,71.0,0.18577,2900.82,drift_segment,0,정상
2020-03-25_795,2020-03-25,795,3.64,14.820000000000002,2.763,71.0,0.18644,2907.28,drift_segment,0,정상
2020-03-25_796,2020-03-25,796,3.63,14.820000000000002,2.766,71.0,0.18664,2910.44,drift_segment,0,정상
2020-03-25_797,2020-03-25,797,3.37,14.85,2.748,71.0,0.18505,2897.35,drift_segment,0,정상
2020-03-25_798,2020-03-25,798,6.05,14.85,2.754,71.0,0.18545,2903.68,drift_segment,0,정상
2020-03-25_799,2020-03-25,799,3.07,14.88,2.764,72.0,0.18575,2961.24,drift_segment,0,정상
2020-03-25_800,2020-03-25,800,3.01,14.88,2.762,73.0,0.18562,3000.19,drift_segment,0,정상
2020-03-25_801,2020-03-25,801,2.91,14.97,2.761,71.0,0.18444,2934.58,drift_segment,0,정상
2020-03-25_802,2020-03-25,802,2.88,14.97,2.755,72.0,0.18403,2969.45,drift_segment,0,정상
2020-03-25_803,2020-03-25,803,2.94,14.94,2.749,71.0,0.184,2915.97,drift_segment,0,정상
2020-03-25_804,2020-03-25,804,2.89,14.94,2.7460000000000004,72.0,0.1838,2953.82,drift_segment,0,정상
2020-03-25_805,2020-03-25,805,2.79,14.910000000000002,2.747,73.0,0.18424,2989.92,drift_segment,0,정상
2020-03-25_806,2020-03-25,806,2.89,14.910000000000002,2.753,71.0,0.18464,2914.35,drift_segment,0,정상
2020-03-25_807,2020-03-25,807,2.8600000000000003,14.93,2.76,72.0,0.18486,2966.89,drift_segment,0,정상
2020-03-25_808,2020-03-25,808,3.14,14.93,2.76,72.0,0.18486,2966.89,drift_segment,0,정상
2020-03-25_809,2020-03-25,809,3.09,14.99,2.757,72.0,0.18392,2975.57,drift_segment,0,정상
2020-03-25_810,2020-03-25,810,3.2700000000000005,14.99,2.702,72.0,0.18025,2916.21,drift_segment,0,정상
2020-03-25_811,2020-03-25,811,8.18,15.070000000000002,2.699,72.0,0.1791,2928.52,drift_segment,0,정상
2020-03-25_812,2020-03-25,812,8.91,15.070000000000002,2.6910000000000003,72.0,0.17857,2919.84,drift_segment,0,정상
2020-03-25_813,2020-03-25,813,6.2,14.93,2.713,72.0,0.18171,2916.37,drift_segment,0,정상
2020-03-25_814,2020-03-25,814,6.0,14.93,2.729,71.0,0.18279,2892.82,drift_segment,0,정상
2020-03-25_815,2020-03-25,815,5.91,14.94,2.776,71.0,0.18581,2944.61,drift_segment,0,정상
2020-03-25_816,2020-03-25,816,5.13,14.94,2.818,72.0,0.18862,3031.27,drift_segment,0,정상
2020-03-25_817,2020-03-25,817,5.14,14.89,2.844,71.0,0.191,3006.65,drift_segment,0,정상
2020-03-25_818,2020-03-25,818,5.14,14.89,2.857,73.0,0.19187,3105.47,drift_segment,0,정상
2020-03-25_819,2020-03-25,819,5.09,14.95,2.861,72.0,0.19137,3079.58,drift_segment,0,정상
2020-03-25_820,2020-03-25,820,4.07,14.95,2.854,72.0,0.1909,3072.05,drift_segment,0,정상
2020-03-25_821,2020-03-25,821,4.51,14.74,2.847,72.0,0.19315,3021.46,drift_segment,0,정상
2020-03-25_822,2020-03-25,822,4.59,14.73,2.838,72.0,0.19267,3009.87,drift_segment,0,정상
2020-03-25_823,2020-03-25,823,4.5600000000000005,14.73,2.83,72.0,0.19212,3001.38,drift_segment,0,정상
2020-03-25_824,2020-03-25,824,4.5200000000000005,14.73,2.82,72.0,0.19145,2990.78,drift_segment,0,정상
2020-03-25_825,2020-03-25,825,4.5,14.73,2.81,72.0,0.19077,2980.17,drift_segment,0,정상
2020-03-25_826,2020-03-25,826,4.49,14.72,2.802,72.0,0.19035,2969.67,drift_segment,0,정상
2020-03-25_827,2020-03-25,827,4.55,14.72,2.7910000000000004,72.0,0.18961,2958.01,drift_segment,0,정상
2020-03-25_828,2020-03-25,828,5.14,14.71,2.782,71.0,0.18912,2905.55,drift_segment,0,정상
2020-03-25_829,2020-03-25,829,5.0200000000000005,14.71,2.774,71.0,0.18858,2897.19,drift_segment,0,정상
2020-03-25_830,2020-03-25,830,4.87,14.73,2.765,72.0,0.18771,2932.45,drift_segment,0,정상
2020-03-25_831,2020-03-25,831,4.85,14.73,2.757,72.0,0.18717,2923.96,drift_segment,0,정상
2020-03-25_832,2020-03-25,832,5.15,14.73,2.749,71.0,0.18663,2874.99,drift_segment,0,정상
2020-03-25_833,2020-03-25,833,5.37,14.73,2.74,72.0,0.18601,2905.93,drift_segment,0,정상
2020-03-25_834,2020-03-25,834,5.45,14.74,2.749,72.0,0.1865,2917.46,drift_segment,0,정상
2020-03-25_835,2020-03-25,835,7.470000000000001,14.74,2.757,71.0,0.18704,2885.31,drift_segment,0,정상
2020-03-25_836,2020-03-25,836,7.42,14.71,2.761,72.0,0.1877,2924.23,drift_segment,0,정상
2020-03-25_837,2020-03-25,837,7.42,14.71,2.762,70.0,0.18776,2844.03,drift_segment,0,정상
2020-03-25_838,2020-03-25,838,8.17,14.73,2.763,71.0,0.18758,2889.63,drift_segment,0,정상
2020-03-25_839,2020-03-25,839,5.88,14.73,2.755,72.0,0.18703,2921.84,drift_segment,0,정상
2020-03-25_840,2020-03-25,840,9.14,14.72,2.747,72.0,0.18662,2911.38,drift_segment,1,파임불량
2020-03-25_841,2020-03-25,841,9.27,14.72,2.747,72.0,0.18662,2911.38,drift_segment,1,파임불량
2020-03-25_842,2020-03-25,842,8.43,14.71,2.752,73.0,0.18708,2955.18,drift_segment,0,정상
2020-03-25_843,2020-03-25,843,8.41,14.71,2.759,71.0,0.18756,2881.53,drift_segment,0,정상
2020-03-25_844,2020-03-25,844,8.4,14.73,2.764,71.0,0.18764,2890.67,drift_segment,0,정상
2020-03-25_845,2020-03-25,845,8.379999999999999,14.73,2.761,72.0,0.18744,2928.21,drift_segment,0,정상
2020-03-25_846,2020-03-25,846,7.56,14.74,2.757,72.0,0.18704,2925.95,drift_segment,0,정상
2020-03-25_847,2020-03-25,847,7.56,14.74,2.752,72.0,0.1867,2920.64,drift_segment,0,정상
2020-03-25_848,2020-03-25,848,7.540000000000001,14.74,2.747,72.0,0.18636,2915.34,drift_segment,0,정상
2020-03-25_849,2020-03-25,849,7.18,14.74,2.745,72.0,0.18623,2913.21,drift_segment,0,정상
2020-03-25_850,2020-03-25,850,6.8,14.73,2.754,72.0,0.18697,2920.78,drift_segment,0,정상
2020-03-25_851,2020-03-25,851,6.82,14.73,2.761,72.0,0.18744,2928.21,drift_segment,0,정상
2020-03-25_852,2020-03-25,852,6.779999999999999,14.74,2.765,71.0,0.18758,2893.68,drift_segment,0,정상
2020-03-25_853,2020-03-25,853,6.16,14.74,2.763,71.0,0.18745,2891.59,drift_segment,0,정상
2020-03-25_854,2020-03-25,854,5.9,14.77,2.758,71.0,0.18673,2892.23,drift_segment,0,정상
2020-03-25_855,2020-03-25,855,5.79,14.77,2.753,71.0,0.18639,2886.99,drift_segment,0,정상
2020-03-25_856,2020-03-25,856,4.86,14.74,2.747,71.0,0.18636,2874.85,drift_segment,0,정상
2020-03-25_857,2020-03-25,857,4.95,14.74,2.748,72.0,0.18643,2916.4,drift_segment,0,정상
2020-03-25_858,2020-03-25,858,4.96,14.73,2.753,73.0,0.1869,2960.27,drift_segment,0,정상
2020-03-25_859,2020-03-25,859,5.01,14.73,2.757,71.0,0.18717,2883.35,drift_segment,0,정상
2020-03-25_860,2020-03-25,860,4.96,14.750000000000002,2.763,72.0,0.18732,2934.31,drift_segment,0,정상
2020-03-25_861,2020-03-25,861,5.029999999999999,14.750000000000002,2.76,71.0,0.18712,2890.41,drift_segment,0,정상
2020-03-25_862,2020-03-25,862,7.24,14.76,2.755,72.0,0.18665,2927.79,drift_segment,0,정상
2020-03-25_863,2020-03-25,863,7.17,14.76,2.75,73.0,0.18631,2963.07,drift_segment,0,정상
2020-03-25_864,2020-03-25,864,6.94,14.78,2.75,71.0,0.18606,2885.79,drift_segment,0,정상
2020-03-25_865,2020-03-25,865,7.92,14.78,2.749,72.0,0.18599,2925.38,drift_segment,0,정상
2020-03-25_866,2020-03-25,866,8.92,14.750000000000002,2.7510000000000003,72.0,0.18651,2921.56,drift_segment,1,파임불량
2020-03-25_867,2020-03-25,867,8.379999999999999,14.750000000000002,2.756,72.0,0.18685,2926.87,drift_segment,0,정상
2020-03-25_868,2020-03-25,868,8.32,14.83,2.758,71.0,0.18597,2903.98,drift_segment,0,정상
2020-03-25_869,2020-03-25,869,8.1,14.83,2.757,72.0,0.18591,2943.81,drift_segment,0,정상
2020-03-25_870,2020-03-25,870,8.120000000000001,14.8,2.753,72.0,0.18601,2933.6,drift_segment,0,정상
2020-03-25_871,2020-03-25,871,7.9,14.8,2.75,71.0,0.18581,2889.7,drift_segment,0,정상
2020-03-25_872,2020-03-25,872,7.909999999999999,14.8,2.7460000000000004,72.0,0.18554,2926.14,drift_segment,0,정상
2020-03-25_873,2020-03-25,873,7.92,14.8,2.747,70.0,0.18561,2845.89,drift_segment,0,정상
2020-03-25_874,2020-03-25,874,7.909999999999999,14.8,2.755,71.0,0.18615,2894.95,drift_segment,0,정상
2020-03-25_875,2020-03-25,875,7.909999999999999,14.8,2.762,72.0,0.18662,2943.19,drift_segment,0,정상
2020-03-25_876,2020-03-25,876,7.93,14.81,2.763,72.0,0.18656,2946.24,drift_segment,0,정상
2020-03-25_877,2020-03-25,877,7.95,14.81,2.762,72.0,0.1865,2945.18,drift_segment,0,정상
2020-03-25_878,2020-03-25,878,7.93,14.8,2.755,73.0,0.18615,2976.5,drift_segment,0,정상
2020-03-25_879,2020-03-25,879,7.92,14.8,2.753,71.0,0.18601,2892.85,drift_segment,0,정상
2020-03-25_880,2020-03-25,880,7.909999999999999,14.78,2.749,71.0,0.18599,2884.75,drift_segment,0,정상
2020-03-25_881,2020-03-25,881,7.890000000000001,14.78,2.747,72.0,0.18586,2923.25,drift_segment,0,정상
2020-03-25_882,2020-03-25,882,7.909999999999999,14.81,2.749,72.0,0.18562,2931.31,drift_segment,0,정상
2020-03-25_883,2020-03-25,883,7.9,14.81,2.753,72.0,0.18589,2935.58,drift_segment,0,정상
2020-03-25_884,2020-03-25,884,7.9,14.840000000000002,2.76,72.0,0.18598,2949.0,drift_segment,0,정상
2020-03-25_885,2020-03-25,885,7.93,14.840000000000002,2.759,72.0,0.18592,2947.94,drift_segment,0,정상
2020-03-25_886,2020-03-25,886,7.94,14.83,2.758,72.0,0.18597,2944.88,drift_segment,0,정상
2020-03-25_887,2020-03-25,887,7.909999999999999,14.83,2.754,72.0,0.1857,2940.61,drift_segment,0,정상
2020-03-25_888,2020-03-25,888,7.92,14.81,2.753,71.0,0.18589,2894.81,drift_segment,0,정상
2020-03-25_889,2020-03-25,889,7.9,14.81,2.747,71.0,0.18548,2888.5,drift_segment,0,정상
2020-03-25_890,2020-03-25,890,7.890000000000001,14.81,2.747,71.0,0.18548,2888.5,drift_segment,0,정상
2020-03-25_891,2020-03-25,891,7.909999999999999,14.81,2.753,71.0,0.18589,2894.81,drift_segment,0,정상
2020-03-25_892,2020-03-25,892,7.909999999999999,14.85,2.759,71.0,0.18579,2908.95,drift_segment,0,정상
2020-03-25_893,2020-03-25,893,7.92,14.85,2.762,72.0,0.18599,2953.13,drift_segment,0,정상
2020-03-25_894,2020-03-25,894,7.92,14.840000000000002,2.758,73.0,0.18585,2987.8,drift_segment,0,정상
2020-03-25_895,2020-03-25,895,7.93,14.840000000000002,2.753,71.0,0.18551,2900.67,drift_segment,0,정상
2020-03-25_896,2020-03-25,896,7.909999999999999,14.820000000000002,2.747,72.0,0.18536,2931.16,drift_segment,0,정상
2020-03-25_897,2020-03-25,897,7.909999999999999,14.820000000000002,2.747,71.0,0.18536,2890.45,drift_segment,0,정상
2020-03-25_898,2020-03-25,898,7.909999999999999,14.83,2.748,72.0,0.1853,2934.2,drift_segment,0,정상
2020-03-25_899,2020-03-25,899,7.9,14.83,2.757,73.0,0.18591,2984.7,drift_segment,0,정상
2020-03-25_900,2020-03-25,900,7.93,14.85,2.76,71.0,0.18586,2910.01,drift_segment,0,정상
2020-03-25_901,2020-03-25,901,7.909999999999999,14.85,2.763,72.0,0.18606,2954.2,drift_segment,0,정상
2020-03-25_902,2020-03-25,902,7.93,14.83,2.76,72.0,0.18611,2947.02,drift_segment,0,정상
2020-03-25_903,2020-03-25,903,7.94,14.83,2.752,72.0,0.18557,2938.48,drift_segment,0,정상
2020-03-25_904,2020-03-25,904,7.9,14.820000000000002,2.75,72.0,0.18556,2934.36,drift_segment,0,정상
2020-03-25_905,2020-03-25,905,7.9,14.820000000000002,2.745,72.0,0.18522,2929.02,drift_segment,0,정상
2020-03-25_906,2020-03-25,906,7.890000000000001,14.85,2.7460000000000004,72.0,0.18492,2936.02,drift_segment,0,정상
2020-03-25_907,2020-03-25,907,7.890000000000001,14.85,2.752,72.0,0.18532,2942.44,drift_segment,0,정상
2020-03-25_908,2020-03-25,908,7.909999999999999,14.88,2.757,71.0,0.18528,2912.72,drift_segment,0,정상
2020-03-25_909,2020-03-25,909,7.93,14.88,2.762,71.0,0.18562,2918.0,drift_segment,0,정상
2020-03-25_910,2020-03-25,910,7.909999999999999,14.97,2.76,72.0,0.18437,2974.84,drift_segment,0,정상
2020-03-25_911,2020-03-25,911,7.92,14.97,2.757,71.0,0.18417,2930.33,drift_segment,0,정상
2020-03-25_912,2020-03-25,912,7.9,14.94,2.752,73.0,0.1842,3001.39,drift_segment,0,정상
2020-03-25_913,2020-03-25,913,7.9,14.94,2.744,72.0,0.18367,2951.67,drift_segment,0,정상
2020-03-25_914,2020-03-25,914,7.890000000000001,14.910000000000002,2.739,72.0,0.1837,2940.37,drift_segment,0,정상
2020-03-25_915,2020-03-25,915,7.890000000000001,14.910000000000002,2.749,72.0,0.18437,2951.11,drift_segment,0,정상
2020-03-25_916,2020-03-25,916,7.890000000000001,14.93,2.754,72.0,0.18446,2960.44,drift_segment,0,정상
2020-03-25_917,2020-03-25,917,7.9,14.93,2.757,72.0,0.18466,2963.66,drift_segment,0,정상
2020-03-25_918,2020-03-25,918,7.909999999999999,14.99,2.759,72.0,0.18406,2977.73,drift_segment,0,정상
2020-03-25_919,2020-03-25,919,7.92,14.99,2.756,72.0,0.18386,2974.5,drift_segment,0,정상
2020-03-25_920,2020-03-25,920,7.909999999999999,15.070000000000002,2.753,72.0,0.18268,2987.12,drift_segment,0,정상
2020-03-25_921,2020-03-25,921,7.9,15.070000000000002,2.748,72.0,0.18235,2981.69,drift_segment,0,정상
2020-03-25_922,2020-03-25,922,7.9,14.93,2.747,71.0,0.18399,2911.9,drift_segment,0,정상
2020-03-25_923,2020-03-25,923,7.88,14.93,2.749,71.0,0.18413,2914.02,drift_segment,0,정상
2020-03-25_924,2020-03-25,924,7.88,14.94,2.754,72.0,0.18434,2962.42,drift_segment,0,정상
2020-03-25_925,2020-03-25,925,7.909999999999999,14.94,2.757,71.0,0.18454,2924.46,drift_segment,0,정상
2020-03-25_926,2020-03-25,926,7.909999999999999,14.89,2.757,73.0,0.18516,2996.78,drift_segment,0,정상
2020-03-25_927,2020-03-25,927,7.92,14.89,2.755,72.0,0.18502,2953.58,drift_segment,0,정상
2020-03-25_928,2020-03-25,928,7.890000000000001,14.95,2.75,72.0,0.18395,2960.1,drift_segment,0,정상
2020-03-25_929,2020-03-25,929,7.890000000000001,14.95,2.748,72.0,0.18381,2957.95,drift_segment,0,정상
2020-03-25_930,2020-03-25,930,7.9,14.93,2.749,72.0,0.18413,2955.07,drift_segment,0,정상
2020-03-25_931,2020-03-25,931,7.890000000000001,14.99,2.745,72.0,0.18312,2962.62,drift_segment,0,정상
2020-03-25_932,2020-03-25,932,7.909999999999999,14.99,2.755,71.0,0.18379,2932.12,drift_segment,0,정상
2020-03-25_933,2020-03-25,933,7.9,15.070000000000002,2.756,72.0,0.18288,2990.37,drift_segment,0,정상
2020-03-25_934,2020-03-25,934,7.9,15.070000000000002,2.756,72.0,0.18288,2990.37,drift_segment,0,정상
2020-03-25_935,2020-03-25,935,7.909999999999999,14.93,2.752,71.0,0.18433,2917.2,drift_segment,0,정상
2020-03-25_936,2020-03-25,936,7.9,14.93,2.747,72.0,0.18399,2952.92,drift_segment,0,정상
2020-03-25_937,2020-03-25,937,7.890000000000001,14.94,2.748,70.0,0.18394,2873.86,drift_segment,0,정상
2020-03-25_938,2020-03-25,938,7.9,14.94,2.744,71.0,0.18367,2910.67,drift_segment,0,정상
2020-03-25_939,2020-03-25,939,7.890000000000001,14.89,2.753,72.0,0.18489,2951.44,drift_segment,0,정상
2020-03-25_940,2020-03-25,940,7.88,14.89,2.757,72.0,0.18516,2955.72,drift_segment,0,정상
2020-03-25_941,2020-03-25,941,7.909999999999999,14.95,2.757,72.0,0.18441,2967.63,drift_segment,0,정상
2020-03-25_942,2020-03-25,942,7.9,14.95,2.753,73.0,0.18415,3004.49,drift_segment,0,정상
2020-03-25_943,2020-03-25,943,7.9,14.74,2.75,71.0,0.18657,2877.98,drift_segment,0,정상
2020-03-25_944,2020-03-25,944,7.890000000000001,14.74,2.748,71.0,0.18643,2875.89,drift_segment,0,정상
2020-03-25_945,2020-03-25,945,7.890000000000001,14.73,2.748,72.0,0.18656,2914.42,drift_segment,0,정상
2020-03-25_946,2020-03-25,946,7.890000000000001,14.73,2.752,72.0,0.18683,2918.66,drift_segment,0,정상
2020-03-25_947,2020-03-25,947,7.9,14.750000000000002,2.752,72.0,0.18658,2922.62,drift_segment,0,정상
2020-03-25_948,2020-03-25,948,7.9,14.750000000000002,2.754,72.0,0.18671,2924.75,drift_segment,0,정상
2020-03-25_949,2020-03-25,949,7.890000000000001,15.070000000000002,2.754,72.0,0.18275,2988.2,drift_segment,0,정상
2020-03-25_950,2020-03-25,950,7.909999999999999,15.070000000000002,2.749,72.0,0.18242,2982.77,drift_segment,0,정상
2020-03-25_951,2020-03-25,951,7.909999999999999,14.93,2.748,72.0,0.18406,2953.99,drift_segment,0,정상
2020-03-25_952,2020-03-25,952,7.890000000000001,14.93,2.748,71.0,0.18406,2912.96,drift_segment,0,정상
2020-03-25_953,2020-03-25,953,7.9,14.94,2.749,71.0,0.184,2915.97,drift_segment,0,정상
2020-03-25_954,2020-03-25,954,7.909999999999999,14.94,2.756,71.0,0.18447,2923.4,drift_segment,0,정상
2020-03-25_955,2020-03-25,955,7.9,14.89,2.759,71.0,0.18529,2916.79,drift_segment,0,정상
2020-03-25_956,2020-03-25,956,7.9,14.89,2.754,71.0,0.18496,2911.5,drift_segment,0,정상
2020-03-25_957,2020-03-25,957,7.9,14.95,2.752,72.0,0.18408,2962.25,drift_segment,0,정상
2020-03-25_958,2020-03-25,958,7.890000000000001,14.95,2.744,73.0,0.18355,2994.66,drift_segment,0,정상
2020-03-25_959,2020-03-25,959,7.890000000000001,14.93,2.741,71.0,0.18359,2905.54,drift_segment,0,정상
2020-03-25_960,2020-03-25,960,7.87,14.99,2.748,72.0,0.18332,2965.86,drift_segment,0,정상
2020-03-25_961,2020-03-25,961,7.88,14.99,2.753,71.0,0.18366,2929.99,drift_segment,0,정상
2020-03-25_962,2020-03-25,962,7.890000000000001,15.070000000000002,2.759,72.0,0.18308,2993.63,drift_segment,0,정상
2020-03-25_963,2020-03-25,963,7.909999999999999,15.070000000000002,2.759,73.0,0.18308,3035.2,drift_segment,0,정상
2020-03-25_964,2020-03-25,964,7.9,14.93,2.757,71.0,0.18466,2922.5,drift_segment,0,정상
2020-03-25_965,2020-03-25,965,7.9,14.93,2.754,72.0,0.18446,2960.44,drift_segment,0,정상
2020-03-25_966,2020-03-25,966,7.890000000000001,14.94,2.752,72.0,0.1842,2960.27,drift_segment,0,정상
2020-03-25_967,2020-03-25,967,7.88,14.94,2.747,72.0,0.18387,2954.89,drift_segment,0,정상
2020-03-25_968,2020-03-25,968,7.909999999999999,14.89,2.747,72.0,0.18449,2945.0,drift_segment,0,정상
2020-03-25_969,2020-03-25,969,7.92,14.89,2.75,72.0,0.18469,2948.22,drift_segment,0,정상
2020-03-25_970,2020-03-25,970,7.909999999999999,14.95,2.756,72.0,0.18435,2966.56,drift_segment,0,정상
2020-03-25_971,2020-03-25,971,7.92,14.95,2.759,72.0,0.18455,2969.79,drift_segment,0,정상
2020-03-25_972,2020-03-25,972,7.93,14.74,2.765,71.0,0.18758,2893.68,drift_segment,0,정상
2020-03-25_973,2020-03-25,973,7.93,14.74,2.76,71.0,0.18725,2888.45,drift_segment,0,정상
2020-03-25_974,2020-03-25,974,7.95,14.73,2.757,72.0,0.18717,2923.96,drift_segment,0,정상
2020-03-25_975,2020-03-25,975,7.94,14.73,2.752,71.0,0.18683,2878.12,drift_segment,0,정상
2020-03-26_126,2020-03-26,126,2.38,14.52,2.707,73.0,0.18643,2869.31,day_relative,1,파임불량
2020-03-26_200,2020-03-26,200,2.37,14.56,2.7,70.0,0.18544,2751.84,day_relative,2,용접부족
2020-03-26_205,2020-03-26,205,2.39,14.56,2.712,73.0,0.18626,2882.53,day_relative,1,파임불량
2020-03-26_206,2020-03-26,206,2.38,14.53,2.7110000000000003,71.0,0.18658,2796.75,day_relative,0,정상
2020-03-26_207,2020-03-26,207,2.38,14.53,2.7110000000000003,71.0,0.18658,2796.75,day_relative,0,정상
2020-03-26_280,2020-03-26,280,2.35,14.53,2.712,71.0,0.18665,2797.78,day_relative,0,정상
2020-03-26_281,2020-03-26,281,2.35,14.53,2.712,71.0,0.18665,2797.78,day_relative,0,정상
2020-03-26_290,2020-03-26,290,2.35,14.54,2.696,73.0,0.18542,2861.59,day_relative,3,크랙발생
2020-03-26_300,2020-03-26,300,2.34,14.58,2.708,70.0,0.18573,2763.78,day_relative,0,정상
2020-03-26_364,2020-03-26,364,2.33,14.55,2.701,70.0,0.18564,2750.97,day_relative,0,정상
2020-03-26_525,2020-03-26,525,2.38,14.52,2.707,73.0,0.18643,2869.31,day_relative,1,파임불량
2020-03-26_599,2020-03-26,599,2.37,14.56,2.7,70.0,0.18544,2751.84,day_relative,2,용접부족
2020-03-26_604,2020-03-26,604,2.39,14.56,2.712,73.0,0.18626,2882.53,day_relative,3,크랙발생
2020-03-26_605,2020-03-26,605,2.38,14.53,2.7110000000000003,71.0,0.18658,2796.75,day_relative,0,정상
2020-03-26_606,2020-03-26,606,2.38,14.53,2.7110000000000003,71.0,0.18658,2796.75,day_relative,0,정상
2020-03-26_679,2020-03-26,679,2.35,14.53,2.712,71.0,0.18665,2797.78,day_relative,0,정상
2020-03-26_680,2020-03-26,680,2.35,14.53,2.712,71.0,0.18665,2797.78,day_relative,0,정상
2020-03-26_689,2020-03-26,689,2.35,14.54,2.696,73.0,0.18542,2861.59,day_relative,0,정상
2020-03-26_699,2020-03-26,699,2.34,14.58,2.708,70.0,0.18573,2763.78,day_relative,0,정상
2020-03-26_763,2020-03-26,763,2.33,14.55,2.701,70.0,0.18564,2750.97,day_relative,0,정상
2020-03-30_44,2020-03-30,44,2.33,14.55,2.701,70.0,0.18564,2750.97,day_relative,0,정상
2020-03-30_290,2020-03-30,290,2.38,14.52,2.707,73.0,0.18643,2869.31,day_relative,0,정상
2020-03-30_328,2020-03-30,328,2.37,14.590000000000002,2.7,70.0,0.18506,2757.51,day_relative,2,용접부족
2020-03-30_364,2020-03-30,364,2.37,14.56,2.7,70.0,0.18544,2751.84,day_relative,0,정상
2020-03-30_368,2020-03-30,368,2.39,14.56,2.712,72.0,0.18626,2843.04,day_relative,0,정상
2020-03-30_369,2020-03-30,369,2.39,14.56,2.712,73.0,0.18626,2882.53,day_relative,1,파임불량
2020-03-30_370,2020-03-30,370,2.38,14.53,2.7110000000000003,71.0,0.18658,2796.75,day_relative,0,정상
2020-03-30_371,2020-03-30,371,2.38,14.53,2.7110000000000003,71.0,0.18658,2796.75,day_relative,0,정상
2020-03-30_444,2020-03-30,444,2.35,14.53,2.712,71.0,0.18665,2797.78,day_relative,0,정상
2020-03-30_445,2020-03-30,445,2.35,14.53,2.712,71.0,0.18665,2797.78,day_relative,0,정상
2020-03-30_446,2020-03-30,446,2.38,14.55,2.7110000000000003,71.0,0.18632,2800.6,day_relative,0,정상
2020-03-30_454,2020-03-30,454,2.35,14.54,2.696,73.0,0.18542,2861.59,day_relative,0,정상
2020-03-30_464,2020-03-30,464,2.34,14.58,2.708,70.0,0.18573,2763.78,day_relative,0,정상
2020-03-30_528,2020-03-30,528,2.33,14.55,2.701,70.0,0.18564,2750.97,day_relative,0,정상
2020-03-30_689,2020-03-30,689,2.38,14.52,2.707,73.0,0.18643,2869.31,day_relative,0,정상
2020-03-30_727,2020-03-30,727,2.37,14.590000000000002,2.7,70.0,0.18506,2757.51,day_relative,2,용접부족
2020-03-30_763,2020-03-30,763,2.37,14.56,2.7,70.0,0.18544,2751.84,day_relative,0,정상
2020-03-30_767,2020-03-30,767,2.39,14.56,2.712,72.0,0.18626,2843.04,day_relative,0,정상
2020-03-30_768,2020-03-30,768,2.39,14.56,2.712,73.0,0.18626,2882.53,day_relative,3,크랙발생
2020-03-30_769,2020-03-30,769,2.38,14.53,2.7110000000000003,71.0,0.18658,2796.75,day_relative,0,정상
2020-03-30_770,2020-03-30,770,2.38,14.53,2.7110000000000003,71.0,0.18658,2796.75,day_relative,0,정상
2020-03-30_843,2020-03-30,843,2.35,14.53,2.712,71.0,0.18665,2797.78,day_relative,0,정상
2020-03-30_844,2020-03-30,844,2.35,14.53,2.712,71.0,0.18665,2797.78,day_relative,0,정상
2020-03-30_845,2020-03-30,845,2.38,14.55,2.7110000000000003,71.0,0.18632,2800.6,day_relative,0,정상
2020-03-30_853,2020-03-30,853,2.35,14.54,2.696,73.0,0.18542,2861.59,day_relative,0,정상
2020-03-30_863,2020-03-30,863,2.34,14.58,2.708,70.0,0.18573,2763.78,day_relative,0,정상
2020-03-30_927,2020-03-30,927,2.33,14.55,2.701,70.0,0.18564,2750.97,day_relative,0,정상
2020-03-30_1223,2020-03-30,1223,2.33,14.55,2.701,70.0,0.18564,2750.97,day_relative,0,정상
2020-03-31_904,2020-03-31,904,2.3,14.97,2.7,72.0,0.18036,2910.17,point_anomaly,0,정상
2020-03-31_905,2020-03-31,905,2.3,14.97,2.7,72.0,0.18036,2910.17,point_anomaly,0,정상
2020-03-31_906,2020-03-31,906,2.32,14.94,2.705,71.0,0.18106,2869.3,point_anomaly,0,정상
2020-03-31_907,2020-03-31,907,2.32,14.94,2.705,71.0,0.18106,2869.3,point_anomaly,0,정상
2020-03-31_908,2020-03-31,908,2.34,14.910000000000002,2.713,72.0,0.18196,2912.46,point_anomaly,0,정상
2020-03-31_910,2020-03-31,910,2.34,14.93,2.71,73.0,0.18151,2953.6,point_anomaly,0,정상
2020-03-31_911,2020-03-31,911,2.34,14.93,2.71,72.0,0.18151,2913.14,point_anomaly,0,정상
2020-03-31_912,2020-03-31,912,2.35,14.99,2.707,72.0,0.18059,2921.61,point_anomaly,0,정상
2020-03-31_913,2020-03-31,913,2.35,14.99,2.707,72.0,0.18059,2921.61,point_anomaly,0,정상
2020-03-31_914,2020-03-31,914,2.31,15.070000000000002,2.699,72.0,0.1791,2928.52,point_anomaly,0,정상
2020-03-31_915,2020-03-31,915,2.31,15.070000000000002,2.699,72.0,0.1791,2928.52,point_anomaly,0,정상
2020-03-31_916,2020-03-31,916,2.33,14.93,2.697,72.0,0.18064,2899.17,point_anomaly,0,정상
2020-03-31_917,2020-03-31,917,2.33,14.93,2.697,72.0,0.18064,2899.17,point_anomaly,0,정상
2020-03-31_918,2020-03-31,918,2.3600000000000003,14.94,2.7,72.0,0.18072,2904.34,point_anomaly,0,정상
2020-03-31_919,2020-03-31,919,2.3600000000000003,14.94,2.7,72.0,0.18072,2904.34,point_anomaly,0,정상
2020-03-31_922,2020-03-31,922,2.35,14.95,2.7060000000000004,72.0,0.181,2912.74,point_anomaly,0,정상
2020-03-31_923,2020-03-31,923,2.35,14.95,2.7060000000000004,71.0,0.181,2872.28,point_anomaly,0,정상
2020-03-31_940,2020-03-31,940,2.4,14.8,2.697,73.0,0.18223,2913.84,point_anomaly,0,정상
2020-03-31_972,2020-03-31,972,2.38,14.820000000000002,2.698,72.0,0.18205,2878.87,point_anomaly,0,정상
2020-03-31_978,2020-03-31,978,2.37,14.97,2.7060000000000004,72.0,0.18076,2916.64,point_anomaly,0,정상
2020-03-31_979,2020-03-31,979,2.37,14.97,2.7060000000000004,72.0,0.18076,2916.64,point_anomaly,0,정상
2020-03-31_980,2020-03-31,980,2.34,14.94,2.699,72.0,0.18066,2903.26,point_anomaly,0,정상
2020-03-31_981,2020-03-31,981,2.34,14.94,2.699,72.0,0.18066,2903.26,point_anomaly,0,정상
2020-03-31_984,2020-03-31,984,2.28,14.93,2.693,72.0,0.18038,2894.87,point_anomaly,0,정상
2020-03-31_986,2020-03-31,986,2.28,14.99,2.7,71.0,0.18012,2873.58,point_anomaly,0,정상
2020-03-31_987,2020-03-31,987,2.28,14.99,2.7,71.0,0.18012,2873.58,point_anomaly,0,정상
2020-03-31_988,2020-03-31,988,2.29,15.070000000000002,2.701,71.0,0.17923,2889.99,point_anomaly,0,정상
2020-03-31_989,2020-03-31,989,2.29,15.070000000000002,2.701,71.0,0.17923,2889.99,point_anomaly,0,정상
2020-03-31_996,2020-03-31,996,2.31,14.95,2.7030000000000003,73.0,0.1808,2949.92,point_anomaly,0,정상
2020-03-31_997,2020-03-31,997,2.31,14.95,2.7030000000000003,71.0,0.1808,2869.1,point_anomaly,0,정상
2020-03-31_1004,2020-03-31,1004,1.7399999999999998,14.72,2.702,71.0,0.18356,2823.91,point_anomaly,0,정상
2020-03-31_1005,2020-03-31,1005,1.7399999999999998,14.71,2.702,72.0,0.18368,2861.74,point_anomaly,0,정상
2020-03-31_1006,2020-03-31,1006,2.21,14.71,2.69,70.0,0.18287,2769.89,point_anomaly,0,정상
2020-03-31_1010,2020-03-31,1010,2.48,14.73,2.708,72.0,0.18384,2872.0,point_anomaly,0,정상
2020-03-31_1026,2020-03-31,1026,2.57,14.74,2.708,72.0,0.18372,2873.95,point_anomaly,0,정상
2020-03-31_1027,2020-03-31,1027,2.57,14.73,2.708,73.0,0.18384,2911.89,point_anomaly,0,정상
2020-03-31_1032,2020-03-31,1032,2.55,14.77,2.698,73.0,0.18267,2909.01,point_anomaly,0,정상
2020-03-31_1033,2020-03-31,1033,2.55,14.74,2.698,71.0,0.18304,2823.56,point_anomaly,0,정상
2020-03-31_1040,2020-03-31,1040,2.49,14.76,2.702,72.0,0.18306,2871.47,point_anomaly,0,정상
2020-03-31_1041,2020-03-31,1041,2.49,14.78,2.702,71.0,0.18281,2835.42,point_anomaly,0,정상
2020-03-31_1045,2020-03-31,1045,2.47,14.83,2.698,73.0,0.18193,2920.83,point_anomaly,0,정상
2020-03-31_1070,2020-03-31,1070,2.4,14.85,2.713,70.0,0.18269,2820.16,point_anomaly,0,정상
2020-03-31_1072,2020-03-31,1072,2.48,14.840000000000002,2.704,72.0,0.18221,2889.17,point_anomaly,0,정상
2020-03-31_1078,2020-03-31,1078,2.5,14.85,2.699,72.0,0.18175,2885.77,point_anomaly,0,정상
2020-03-31_1079,2020-03-31,1079,2.5,14.83,2.699,72.0,0.182,2881.88,point_anomaly,0,정상
2020-03-31_1082,2020-03-31,1082,2.49,14.820000000000002,2.704,71.0,0.18246,2845.2,point_anomaly,0,정상
2020-03-31_1083,2020-03-31,1083,2.49,14.85,2.704,72.0,0.18209,2891.12,point_anomaly,0,정상
2020-03-31_1086,2020-03-31,1086,2.51,14.88,2.708,72.0,0.18199,2901.24,point_anomaly,0,정상
2020-03-31_1087,2020-03-31,1087,2.51,14.97,2.708,70.0,0.1809,2837.71,point_anomaly,0,정상
2020-03-31_1088,2020-03-31,1088,2.5,14.97,2.705,71.0,0.18069,2875.06,point_anomaly,0,정상
2020-03-31_1089,2020-03-31,1089,2.5,14.94,2.705,72.0,0.18106,2909.71,point_anomaly,0,정상
2020-03-31_1090,2020-03-31,1090,2.46,14.94,2.7030000000000003,72.0,0.18092,2907.56,point_anomaly,0,정상
2020-03-31_1092,2020-03-31,1092,2.46,14.910000000000002,2.7,73.0,0.18109,2938.76,point_anomaly,0,정상
2020-03-31_1093,2020-03-31,1093,2.46,14.93,2.7,71.0,0.18084,2862.08,point_anomaly,0,정상
2020-03-31_1094,2020-03-31,1094,2.46,14.93,2.698,71.0,0.18071,2859.96,point_anomaly,0,정상
2020-03-31_1095,2020-03-31,1095,2.46,14.99,2.698,72.0,0.17999,2911.9,point_anomaly,0,정상
2020-03-31_1096,2020-03-31,1096,2.5,14.99,2.697,72.0,0.17992,2910.82,point_anomaly,0,정상
2020-03-31_1097,2020-03-31,1097,2.5,15.070000000000002,2.697,72.0,0.17896,2926.35,point_anomaly,0,정상
2020-03-31_1098,2020-03-31,1098,2.49,15.070000000000002,2.7030000000000003,72.0,0.17936,2932.86,point_anomaly,0,정상
2020-03-31_1099,2020-03-31,1099,2.49,14.93,2.7030000000000003,72.0,0.18104,2905.62,point_anomaly,0,정상
2020-03-31_1100,2020-03-31,1100,2.49,14.93,2.7060000000000004,72.0,0.18125,2908.84,point_anomaly,0,정상
2020-03-31_1101,2020-03-31,1101,2.49,14.94,2.7060000000000004,72.0,0.18112,2910.79,point_anomaly,0,정상
2020-03-31_1102,2020-03-31,1102,2.48,14.94,2.709,71.0,0.18133,2873.54,point_anomaly,0,정상
2020-03-31_1103,2020-03-31,1103,2.48,14.89,2.709,71.0,0.18193,2863.93,point_anomaly,0,정상
2020-03-31_1104,2020-03-31,1104,2.51,14.89,2.7030000000000003,71.0,0.18153,2857.58,point_anomaly,0,정상
2020-03-31_1105,2020-03-31,1105,2.51,14.95,2.7030000000000003,71.0,0.1808,2869.1,point_anomaly,0,정상
2020-03-31_1106,2020-03-31,1106,2.44,14.95,2.696,71.0,0.18033,2861.67,point_anomaly,0,정상
2020-03-31_1108,2020-03-31,1108,2.49,14.74,2.702,73.0,0.18331,2907.41,point_anomaly,0,정상
2020-03-31_1109,2020-03-31,1109,2.49,14.73,2.702,71.0,0.18344,2825.83,point_anomaly,0,정상
2020-03-31_1116,2020-03-31,1116,2.52,14.73,2.705,72.0,0.18364,2868.81,drift_segment,0,정상
2020-03-31_1117,2020-03-31,1117,2.52,14.74,2.705,72.0,0.18351,2870.76,drift_segment,0,정상
2020-03-31_1118,2020-03-31,1118,2.49,14.74,2.7060000000000004,71.0,0.18358,2831.94,drift_segment,0,정상
2020-03-31_1119,2020-03-31,1119,2.49,14.74,2.7060000000000004,72.0,0.18358,2871.82,drift_segment,0,정상
2020-03-31_1120,2020-03-31,1120,2.49,14.74,2.699,72.0,0.18311,2864.39,drift_segment,0,정상
2020-03-31_1121,2020-03-31,1121,2.49,14.73,2.699,71.0,0.18323,2822.7,drift_segment,0,정상
2020-03-31_1122,2020-03-31,1122,2.5,14.73,2.698,72.0,0.18316,2861.39,drift_segment,0,정상
2020-03-31_1123,2020-03-31,1123,2.5,14.74,2.698,70.0,0.18304,2783.8,drift_segment,0,정상
2020-03-31_1124,2020-03-31,1124,2.48,14.74,2.694,71.0,0.18277,2819.38,drift_segment,0,정상
2020-03-31_1125,2020-03-31,1125,2.48,14.77,2.694,72.0,0.1824,2864.91,drift_segment,0,정상
2020-03-31_1126,2020-03-31,1126,2.48,14.77,2.701,72.0,0.18287,2872.35,drift_segment,0,정상
2020-03-31_1127,2020-03-31,1127,2.48,14.74,2.701,72.0,0.18324,2866.52,drift_segment,0,정상
2020-03-31_1128,2020-03-31,1128,2.49,14.74,2.542,73.0,0.17246,2735.24,drift_segment,0,정상
2020-03-31_1129,2020-03-31,1129,2.49,14.73,2.542,71.0,0.17257,2658.5,drift_segment,0,정상
2020-03-31_1130,2020-03-31,1130,2.49,14.73,2.481,71.0,0.16843,2594.7,drift_segment,2,용접부족
2020-03-31_1131,2020-03-31,1131,2.49,14.750000000000002,2.481,72.0,0.1682,2634.82,drift_segment,0,정상
2020-03-31_1132,2020-03-31,1132,10.54,14.750000000000002,2.476,72.0,0.16786,2629.51,drift_segment,0,정상
2020-03-31_1133,2020-03-31,1133,10.54,14.76,2.476,72.0,0.16775,2631.29,drift_segment,0,정상
2020-03-31_1134,2020-03-31,1134,9.27,14.76,2.474,72.0,0.16762,2629.17,drift_segment,0,정상
2020-03-31_1135,2020-03-31,1135,9.27,14.78,2.474,72.0,0.16739,2632.73,drift_segment,0,정상
2020-03-31_1136,2020-03-31,1136,9.07,14.78,2.468,72.0,0.16698,2626.35,drift_segment,0,정상
2020-03-31_1137,2020-03-31,1137,9.07,14.750000000000002,2.468,72.0,0.16732,2621.02,drift_segment,0,정상
2020-03-31_1138,2020-03-31,1138,9.01,14.750000000000002,2.464,71.0,0.16705,2580.42,drift_segment,2,용접부족
2020-03-31_1139,2020-03-31,1139,9.01,14.83,2.464,71.0,0.16615,2594.42,drift_segment,2,용접부족
2020-03-31_1140,2020-03-31,1140,9.05,14.83,2.467,71.0,0.16635,2597.58,drift_segment,0,정상
2020-03-31_1141,2020-03-31,1141,9.05,14.8,2.467,71.0,0.16669,2592.32,drift_segment,0,정상
2020-03-31_1142,2020-03-31,1142,9.04,14.8,2.496,71.0,0.16865,2622.8,drift_segment,0,정상
2020-03-31_1143,2020-03-31,1143,9.04,14.8,2.496,72.0,0.16865,2659.74,drift_segment,0,정상
2020-03-31_1144,2020-03-31,1144,8.98,14.8,2.54,73.0,0.17162,2744.22,drift_segment,0,정상
2020-03-31_1145,2020-03-31,1145,8.98,14.8,2.54,71.0,0.17162,2669.03,drift_segment,0,정상
2020-03-31_1146,2020-03-31,1146,8.95,14.8,2.605,72.0,0.17601,2775.89,drift_segment,0,정상
2020-03-31_1147,2020-03-31,1147,8.95,14.81,2.605,71.0,0.17589,2739.18,drift_segment,0,정상
2020-03-31_1148,2020-03-31,1148,8.790000000000001,14.81,2.673,72.0,0.18049,2850.27,drift_segment,0,정상
2020-03-31_1149,2020-03-31,1149,8.790000000000001,14.8,2.673,73.0,0.18061,2887.91,drift_segment,0,정상
2020-03-31_1150,2020-03-31,1150,8.58,14.8,2.72,71.0,0.18378,2858.18,drift_segment,0,정상
2020-03-31_1151,2020-03-31,1151,8.58,14.78,2.72,72.0,0.18403,2894.52,drift_segment,0,정상
2020-03-31_1152,2020-03-31,1152,8.25,14.78,2.745,72.0,0.18572,2921.12,drift_segment,0,정상
2020-03-31_1153,2020-03-31,1153,8.25,14.81,2.745,72.0,0.18535,2927.05,drift_segment,0,정상
2020-03-31_1154,2020-03-31,1154,7.92,14.81,2.7510000000000003,72.0,0.18575,2933.45,drift_segment,0,정상
2020-03-31_1155,2020-03-31,1155,7.92,14.840000000000002,2.7510000000000003,72.0,0.18538,2939.39,drift_segment,0,정상
2020-03-31_1156,2020-03-31,1156,7.609999999999999,14.840000000000002,2.756,72.0,0.18571,2944.73,drift_segment,0,정상
2020-03-31_1157,2020-03-31,1157,7.609999999999999,14.83,2.756,72.0,0.18584,2942.75,drift_segment,0,정상
2020-03-31_1158,2020-03-31,1158,7.33,14.83,2.748,71.0,0.1853,2893.45,drift_segment,0,정상
2020-03-31_1159,2020-03-31,1159,7.33,14.81,2.748,71.0,0.18555,2889.55,drift_segment,0,정상
2020-03-31_1160,2020-03-31,1160,7.18,14.81,2.741,72.0,0.18508,2922.78,drift_segment,0,정상
2020-03-31_1161,2020-03-31,1161,7.18,14.81,2.741,71.0,0.18508,2882.19,drift_segment,0,정상
2020-03-31_1162,2020-03-31,1162,7.05,14.81,2.735,73.0,0.18467,2956.89,drift_segment,0,정상
2020-03-31_1163,2020-03-31,1163,7.05,14.85,2.735,72.0,0.18418,2924.26,drift_segment,0,정상
2020-03-31_1164,2020-03-31,1164,7.0,14.85,2.728,72.0,0.1837,2916.78,drift_segment,0,정상
2020-03-31_1165,2020-03-31,1165,7.0,14.840000000000002,2.728,72.0,0.18383,2914.81,drift_segment,0,정상
2020-03-31_1166,2020-03-31,1166,6.93,14.840000000000002,2.72,72.0,0.18329,2906.27,drift_segment,0,정상
2020-03-31_1167,2020-03-31,1167,6.93,14.820000000000002,2.72,72.0,0.18354,2902.35,drift_segment,0,정상
2020-03-31_1168,2020-03-31,1168,6.890000000000001,14.820000000000002,2.707,72.0,0.18266,2888.48,drift_segment,0,정상
2020-03-31_1169,2020-03-31,1169,6.890000000000001,14.83,2.707,72.0,0.18254,2890.43,drift_segment,0,정상
2020-03-31_1170,2020-03-31,1170,6.890000000000001,14.83,2.699,72.0,0.182,2881.88,drift_segment,0,정상
2020-03-31_1171,2020-03-31,1171,6.65,14.85,2.694,72.0,0.18141,2880.42,drift_segment,0,정상
2020-03-31_1172,2020-03-31,1172,6.68,14.85,2.685,71.0,0.18081,2830.93,drift_segment,0,정상
2020-03-31_1173,2020-03-31,1173,6.7,14.83,2.677,71.0,0.18051,2818.69,drift_segment,0,정상
2020-03-31_1174,2020-03-31,1174,6.74,14.83,2.67,72.0,0.18004,2850.92,drift_segment,0,정상
2020-03-31_1175,2020-03-31,1175,6.720000000000001,14.820000000000002,2.6630000000000003,71.0,0.17969,2802.06,drift_segment,0,정상
2020-03-31_1176,2020-03-31,1176,6.779999999999999,14.820000000000002,2.658,73.0,0.17935,2875.58,drift_segment,0,정상
2020-03-31_1177,2020-03-31,1177,6.58,14.85,2.65,72.0,0.17845,2833.38,drift_segment,0,정상
2020-03-31_1178,2020-03-31,1178,6.609999999999999,14.85,2.648,72.0,0.17832,2831.24,drift_segment,0,정상
2020-03-31_1179,2020-03-31,1179,6.56,14.88,2.65,72.0,0.17809,2839.1,drift_segment,0,정상
2020-03-31_1180,2020-03-31,1180,6.57,14.88,2.651,72.0,0.17816,2840.18,drift_segment,0,정상
2020-03-31_1181,2020-03-31,1181,6.640000000000001,14.97,2.654,72.0,0.17729,2860.59,drift_segment,0,정상
2020-03-31_1182,2020-03-31,1182,6.63,14.97,2.657,71.0,0.17749,2824.05,drift_segment,0,정상
2020-03-31_1183,2020-03-31,1183,6.67,14.94,2.655,72.0,0.17771,2855.93,drift_segment,0,정상
2020-03-31_1184,2020-03-31,1184,6.73,14.94,2.656,72.0,0.17778,2857.01,drift_segment,0,정상
2020-03-31_1185,2020-03-31,1185,6.7,14.910000000000002,2.652,71.0,0.17787,2807.43,drift_segment,0,정상
2020-03-31_1186,2020-03-31,1186,6.63,14.910000000000002,2.653,72.0,0.17793,2848.05,drift_segment,0,정상
2020-03-31_1187,2020-03-31,1187,6.640000000000001,14.93,2.643,70.0,0.17703,2762.2,drift_segment,0,정상
2020-03-31_1188,2020-03-31,1188,6.67,14.93,2.654,71.0,0.17776,2813.32,drift_segment,0,정상
2020-03-31_1189,2020-03-31,1189,6.7,14.99,2.654,72.0,0.17705,2864.41,drift_segment,0,정상
2020-03-31_1190,2020-03-31,1190,6.74,14.99,2.655,72.0,0.17712,2865.49,drift_segment,0,정상
2020-03-31_1191,2020-03-31,1191,6.82,15.070000000000002,2.656,72.0,0.17624,2881.87,drift_segment,0,정상
2020-03-31_1192,2020-03-31,1192,6.74,15.070000000000002,2.653,71.0,0.17605,2838.63,drift_segment,0,정상
2020-03-31_1193,2020-03-31,1193,6.779999999999999,14.93,2.654,72.0,0.17776,2852.94,drift_segment,0,정상
2020-03-31_1194,2020-03-31,1194,6.909999999999999,14.93,2.649,72.0,0.17743,2847.57,drift_segment,0,정상
2020-03-31_1195,2020-03-31,1195,6.9,14.94,2.648,71.0,0.17724,2808.84,drift_segment,0,정상
2020-03-31_1196,2020-03-31,1196,6.94,14.94,2.651,72.0,0.17744,2851.63,drift_segment,0,정상
2020-03-31_1197,2020-03-31,1197,6.92,14.89,2.652,70.0,0.17811,2764.18,drift_segment,0,정상
2020-03-31_1198,2020-03-31,1198,6.88,14.89,2.654,71.0,0.17824,2805.78,drift_segment,0,정상
2020-03-31_1199,2020-03-31,1199,6.85,14.95,2.652,72.0,0.17739,2854.61,drift_segment,0,정상
2020-03-31_1200,2020-03-31,1200,6.85,14.95,2.654,72.0,0.17753,2856.77,drift_segment,0,정상
2020-03-31_1201,2020-03-31,1201,6.83,14.74,2.655,72.0,0.18012,2817.7,drift_segment,0,정상
2020-03-31_1202,2020-03-31,1202,6.840000000000001,14.74,2.652,73.0,0.17992,2853.61,drift_segment,0,정상
2020-03-31_1203,2020-03-31,1203,6.83,14.73,2.652,71.0,0.18004,2773.54,drift_segment,0,정상
2020-03-31_1204,2020-03-31,1204,6.83,14.73,2.65,71.0,0.1799,2771.45,drift_segment,0,정상
2020-03-31_1205,2020-03-31,1205,7.0200000000000005,14.750000000000002,2.649,72.0,0.17959,2813.24,drift_segment,0,정상
2020-03-31_1206,2020-03-31,1206,7.01,14.750000000000002,2.649,72.0,0.17959,2813.24,drift_segment,0,정상
2020-03-31_1207,2020-03-31,1207,7.029999999999999,14.76,2.643,72.0,0.17907,2808.77,drift_segment,0,정상
2020-03-31_1208,2020-03-31,1208,6.970000000000001,14.76,2.651,72.0,0.17961,2817.27,drift_segment,0,정상
2020-03-31_1209,2020-03-31,1209,6.94,14.78,2.652,72.0,0.17943,2822.15,drift_segment,0,정상
2020-03-31_1210,2020-03-31,1210,6.909999999999999,14.78,2.649,72.0,0.17923,2818.96,drift_segment,0,정상
2020-03-31_1211,2020-03-31,1211,6.95,14.750000000000002,2.643,72.0,0.17919,2806.87,drift_segment,0,정상
2020-03-31_1212,2020-03-31,1212,8.16,14.750000000000002,2.643,71.0,0.17919,2767.88,drift_segment,0,정상
2020-03-31_1213,2020-03-31,1213,7.15,14.83,2.657,71.0,0.17916,2797.64,drift_segment,0,정상
2020-03-31_1214,2020-03-31,1214,6.98,14.83,2.656,71.0,0.1791,2796.58,drift_segment,0,정상
2020-03-31_1215,2020-03-31,1215,6.95,14.8,2.659,71.0,0.17966,2794.08,drift_segment,0,정상
2020-03-31_1216,2020-03-31,1216,6.859999999999999,14.8,2.659,71.0,0.17966,2794.08,drift_segment,0,정상
2020-03-31_1217,2020-03-31,1217,6.85,14.8,2.658,72.0,0.17959,2832.36,drift_segment,0,정상
2020-03-31_1218,2020-03-31,1218,6.87,14.8,2.651,73.0,0.17912,2864.14,drift_segment,0,정상
2020-03-31_1219,2020-03-31,1219,6.88,14.8,2.648,71.0,0.17892,2782.52,drift_segment,0,정상
2020-03-31_1220,2020-03-31,1220,6.87,14.8,2.659,72.0,0.17966,2833.43,drift_segment,0,정상
2020-03-31_1221,2020-03-31,1221,6.87,14.81,2.693,71.0,0.18184,2831.72,drift_segment,0,정상
2020-03-31_1222,2020-03-31,1222,6.8,14.81,2.738,72.0,0.18488,2919.58,drift_segment,0,정상
2020-03-31_1223,2020-03-31,1223,4.4,14.8,2.78,73.0,0.18784,3003.51,drift_segment,0,정상
2020-03-31_1224,2020-03-31,1224,4.4,14.8,2.802,71.0,0.18932,2944.34,drift_segment,0,정상
2020-03-31_1225,2020-03-31,1225,4.29,14.78,2.8110000000000004,72.0,0.19019,2991.35,drift_segment,0,정상
2020-03-31_1226,2020-03-31,1226,4.11,14.78,2.8110000000000004,72.0,0.19019,2991.35,drift_segment,0,정상
2020-03-31_1227,2020-03-31,1227,3.53,14.81,2.807,72.0,0.18953,2993.16,drift_segment,0,정상
2020-03-31_1228,2020-03-31,1228,3.81,14.81,2.799,71.0,0.18899,2943.18,drift_segment,0,정상
2020-03-31_1229,2020-03-31,1229,3.86,14.840000000000002,2.792,72.0,0.18814,2983.2,drift_segment,0,정상
2020-03-31_1230,2020-03-31,1230,3.72,14.840000000000002,2.782,72.0,0.18747,2972.51,drift_segment,0,정상
2020-03-31_1231,2020-03-31,1231,3.7,14.83,2.775,71.0,0.18712,2921.88,drift_segment,0,정상
2020-03-31_1232,2020-03-31,1232,3.7,14.83,2.768,72.0,0.18665,2955.56,drift_segment,0,정상
2020-03-31_1233,2020-03-31,1233,3.73,14.81,2.757,70.0,0.18616,2858.18,drift_segment,0,정상
2020-03-31_1234,2020-03-31,1234,3.74,14.81,2.75,71.0,0.18569,2891.65,drift_segment,0,정상
2020-03-31_1235,2020-03-31,1235,3.6,14.81,2.7430000000000003,72.0,0.18521,2924.92,drift_segment,0,정상
2020-03-31_1236,2020-03-31,1236,3.64,14.81,2.74,72.0,0.18501,2921.72,drift_segment,0,정상
2020-03-31_1237,2020-03-31,1237,3.64,14.85,2.749,72.0,0.18512,2939.23,drift_segment,0,정상
2020-03-31_1238,2020-03-31,1238,3.64,14.85,2.764,73.0,0.18613,2996.31,drift_segment,0,정상
2020-03-31_1239,2020-03-31,1239,3.73,14.840000000000002,2.776,71.0,0.18706,2924.9,drift_segment,0,정상
2020-03-31_1240,2020-03-31,1240,3.71,14.840000000000002,2.777,71.0,0.18713,2925.96,drift_segment,0,정상
2020-03-31_1241,2020-03-31,1241,3.65,14.820000000000002,2.776,72.0,0.18731,2962.1,drift_segment,0,정상
2020-03-31_1242,2020-03-31,1242,3.67,14.820000000000002,2.77,72.0,0.18691,2955.7,drift_segment,0,정상
2020-03-31_1243,2020-03-31,1243,3.64,14.83,2.76,72.0,0.18611,2947.02,drift_segment,0,정상
2020-03-31_1244,2020-03-31,1244,3.59,14.83,2.754,72.0,0.1857,2940.61,drift_segment,0,정상
2020-03-31_1245,2020-03-31,1245,3.67,14.85,2.748,72.0,0.18505,2938.16,drift_segment,0,정상
2020-03-31_1246,2020-03-31,1246,3.65,14.85,2.74,72.0,0.18451,2929.61,drift_segment,0,정상
2020-03-31_1247,2020-03-31,1247,3.65,14.83,2.747,72.0,0.18523,2933.14,drift_segment,0,정상
2020-03-31_1248,2020-03-31,1248,3.69,14.83,2.755,71.0,0.18577,2900.82,drift_segment,0,정상
2020-03-31_1249,2020-03-31,1249,3.64,14.820000000000002,2.763,71.0,0.18644,2907.28,drift_segment,0,정상
2020-03-31_1250,2020-03-31,1250,3.63,14.820000000000002,2.766,71.0,0.18664,2910.44,drift_segment,0,정상
2020-03-31_1251,2020-03-31,1251,3.37,14.85,2.748,71.0,0.18505,2897.35,drift_segment,0,정상
2020-03-31_1252,2020-03-31,1252,6.05,14.85,2.754,71.0,0.18545,2903.68,drift_segment,0,정상
2020-03-31_1253,2020-03-31,1253,3.07,14.88,2.764,72.0,0.18575,2961.24,drift_segment,0,정상
2020-03-31_1254,2020-03-31,1254,3.01,14.88,2.762,73.0,0.18562,3000.19,drift_segment,0,정상
2020-03-31_1255,2020-03-31,1255,2.91,14.97,2.761,71.0,0.18444,2934.58,drift_segment,0,정상
2020-03-31_1256,2020-03-31,1256,2.88,14.97,2.755,72.0,0.18403,2969.45,drift_segment,0,정상
2020-03-31_1257,2020-03-31,1257,2.94,14.94,2.749,71.0,0.184,2915.97,drift_segment,0,정상
2020-03-31_1258,2020-03-31,1258,2.89,14.94,2.7460000000000004,72.0,0.1838,2953.82,drift_segment,0,정상
2020-03-31_1259,2020-03-31,1259,2.79,14.910000000000002,2.747,73.0,0.18424,2989.92,drift_segment,0,정상
2020-03-31_1260,2020-03-31,1260,2.89,14.910000000000002,2.753,71.0,0.18464,2914.35,drift_segment,0,정상
2020-03-31_1261,2020-03-31,1261,2.8600000000000003,14.93,2.76,72.0,0.18486,2966.89,drift_segment,0,정상
2020-03-31_1262,2020-03-31,1262,3.14,14.93,2.76,72.0,0.18486,2966.89,drift_segment,0,정상
2020-03-31_1263,2020-03-31,1263,3.09,14.99,2.757,72.0,0.18392,2975.57,drift_segment,0,정상
2020-03-31_1264,2020-03-31,1264,3.2700000000000005,14.99,2.702,72.0,0.18025,2916.21,drift_segment,0,정상
2020-03-31_1265,2020-03-31,1265,8.18,15.070000000000002,2.699,72.0,0.1791,2928.52,drift_segment,0,정상
2020-03-31_1266,2020-03-31,1266,8.91,15.070000000000002,2.6910000000000003,72.0,0.17857,2919.84,drift_segment,0,정상
2020-03-31_1267,2020-03-31,1267,6.2,14.93,2.713,72.0,0.18171,2916.37,drift_segment,0,정상
2020-03-31_1268,2020-03-31,1268,6.0,14.93,2.729,71.0,0.18279,2892.82,drift_segment,0,정상
2020-03-31_1269,2020-03-31,1269,5.91,14.94,2.776,71.0,0.18581,2944.61,drift_segment,0,정상
2020-03-31_1270,2020-03-31,1270,5.13,14.94,2.818,72.0,0.18862,3031.27,drift_segment,0,정상
2020-03-31_1271,2020-03-31,1271,5.14,14.89,2.844,71.0,0.191,3006.65,drift_segment,0,정상
2020-03-31_1272,2020-03-31,1272,5.14,14.89,2.857,73.0,0.19187,3105.47,drift_segment,0,정상
2020-03-31_1273,2020-03-31,1273,5.09,14.95,2.861,72.0,0.19137,3079.58,drift_segment,0,정상
2020-03-31_1274,2020-03-31,1274,4.07,14.95,2.854,72.0,0.1909,3072.05,drift_segment,0,정상
2020-03-31_1275,2020-03-31,1275,4.51,14.74,2.847,72.0,0.19315,3021.46,drift_segment,0,정상
2020-03-31_1276,2020-03-31,1276,4.59,14.73,2.838,72.0,0.19267,3009.87,drift_segment,0,정상
2020-03-31_1277,2020-03-31,1277,4.5600000000000005,14.73,2.83,72.0,0.19212,3001.38,drift_segment,0,정상
2020-03-31_1278,2020-03-31,1278,4.5200000000000005,14.73,2.82,72.0,0.19145,2990.78,drift_segment,0,정상
2020-03-31_1279,2020-03-31,1279,4.5,14.73,2.81,72.0,0.19077,2980.17,drift_segment,0,정상
2020-03-31_1280,2020-03-31,1280,4.49,14.72,2.802,72.0,0.19035,2969.67,drift_segment,0,정상
2020-03-31_1281,2020-03-31,1281,4.55,14.72,2.7910000000000004,72.0,0.18961,2958.01,drift_segment,0,정상
2020-03-31_1282,2020-03-31,1282,5.14,14.71,2.782,71.0,0.18912,2905.55,drift_segment,0,정상
2020-03-31_1283,2020-03-31,1283,5.0200000000000005,14.71,2.774,71.0,0.18858,2897.19,drift_segment,0,정상
2020-03-31_1284,2020-03-31,1284,4.87,14.73,2.765,72.0,0.18771,2932.45,drift_segment,0,정상
2020-03-31_1285,2020-03-31,1285,4.85,14.73,2.757,72.0,0.18717,2923.96,drift_segment,0,정상
2020-03-31_1286,2020-03-31,1286,5.15,14.73,2.749,71.0,0.18663,2874.99,drift_segment,0,정상
2020-03-31_1287,2020-03-31,1287,5.37,14.73,2.74,72.0,0.18601,2905.93,drift_segment,0,정상
2020-03-31_1288,2020-03-31,1288,5.45,14.74,2.749,72.0,0.1865,2917.46,drift_segment,0,정상
2020-03-31_1289,2020-03-31,1289,7.470000000000001,14.74,2.757,71.0,0.18704,2885.31,drift_segment,0,정상
2020-03-31_1290,2020-03-31,1290,7.42,14.71,2.761,72.0,0.1877,2924.23,drift_segment,0,정상
2020-03-31_1291,2020-03-31,1291,7.42,14.71,2.762,70.0,0.18776,2844.03,drift_segment,0,정상
2020-03-31_1292,2020-03-31,1292,8.17,14.73,2.763,71.0,0.18758,2889.63,drift_segment,0,정상
2020-03-31_1293,2020-03-31,1293,5.88,14.73,2.755,72.0,0.18703,2921.84,drift_segment,0,정상
2020-03-31_1294,2020-03-31,1294,9.14,14.72,2.747,72.0,0.18662,2911.38,drift_segment,0,정상
2020-03-31_1295,2020-03-31,1295,9.27,14.72,2.747,72.0,0.18662,2911.38,drift_segment,1,파임불량
2020-03-31_1296,2020-03-31,1296,8.43,14.71,2.752,73.0,0.18708,2955.18,drift_segment,0,정상
2020-03-31_1297,2020-03-31,1297,8.41,14.71,2.759,71.0,0.18756,2881.53,drift_segment,0,정상
2020-03-31_1298,2020-03-31,1298,8.4,14.73,2.764,71.0,0.18764,2890.67,drift_segment,0,정상
2020-03-31_1299,2020-03-31,1299,8.379999999999999,14.73,2.761,72.0,0.18744,2928.21,drift_segment,0,정상
2020-03-31_1300,2020-03-31,1300,7.56,14.74,2.757,72.0,0.18704,2925.95,drift_segment,0,정상
2020-03-31_1301,2020-03-31,1301,7.56,14.74,2.752,72.0,0.1867,2920.64,drift_segment,0,정상
2020-03-31_1302,2020-03-31,1302,7.540000000000001,14.74,2.747,72.0,0.18636,2915.34,drift_segment,0,정상
2020-03-31_1303,2020-03-31,1303,7.18,14.74,2.745,72.0,0.18623,2913.21,drift_segment,0,정상
2020-03-31_1304,2020-03-31,1304,6.8,14.73,2.754,72.0,0.18697,2920.78,drift_segment,0,정상
2020-03-31_1305,2020-03-31,1305,6.82,14.73,2.761,72.0,0.18744,2928.21,drift_segment,0,정상
2020-03-31_1306,2020-03-31,1306,6.779999999999999,14.74,2.765,71.0,0.18758,2893.68,drift_segment,0,정상
2020-03-31_1307,2020-03-31,1307,6.16,14.74,2.763,71.0,0.18745,2891.59,drift_segment,0,정상
2020-03-31_1308,2020-03-31,1308,5.9,14.77,2.758,71.0,0.18673,2892.23,drift_segment,0,정상
2020-03-31_1309,2020-03-31,1309,5.79,14.77,2.753,71.0,0.18639,2886.99,drift_segment,0,정상
2020-03-31_1310,2020-03-31,1310,4.86,14.74,2.747,71.0,0.18636,2874.85,drift_segment,0,정상
2020-03-31_1311,2020-03-31,1311,4.95,14.74,2.748,72.0,0.18643,2916.4,drift_segment,0,정상
2020-03-31_1312,2020-03-31,1312,4.96,14.73,2.753,73.0,0.1869,2960.27,drift_segment,0,정상
2020-03-31_1313,2020-03-31,1313,5.01,14.73,2.757,71.0,0.18717,2883.35,drift_segment,0,정상
2020-03-31_1314,2020-03-31,1314,4.96,14.750000000000002,2.763,72.0,0.18732,2934.31,drift_segment,0,정상
2020-03-31_1315,2020-03-31,1315,5.029999999999999,14.750000000000002,2.76,71.0,0.18712,2890.41,drift_segment,0,정상
2020-03-31_1316,2020-03-31,1316,7.24,14.76,2.755,72.0,0.18665,2927.79,drift_segment,0,정상
2020-03-31_1317,2020-03-31,1317,7.17,14.76,2.75,73.0,0.18631,2963.07,drift_segment,0,정상
2020-03-31_1318,2020-03-31,1318,6.94,14.78,2.75,71.0,0.18606,2885.79,drift_segment,0,정상
2020-03-31_1319,2020-03-31,1319,7.92,14.78,2.749,72.0,0.18599,2925.38,drift_segment,0,정상
2020-03-31_1320,2020-03-31,1320,8.92,14.750000000000002,2.7510000000000003,72.0,0.18651,2921.56,drift_segment,1,파임불량
2020-03-31_1321,2020-03-31,1321,8.379999999999999,14.750000000000002,2.756,72.0,0.18685,2926.87,drift_segment,0,정상
2020-03-31_1322,2020-03-31,1322,8.32,14.83,2.758,71.0,0.18597,2903.98,drift_segment,0,정상
2020-03-31_1323,2020-03-31,1323,8.1,14.83,2.757,72.0,0.18591,2943.81,drift_segment,0,정상
2020-03-31_1324,2020-03-31,1324,8.120000000000001,14.8,2.753,72.0,0.18601,2933.6,drift_segment,0,정상
2020-03-31_1325,2020-03-31,1325,7.9,14.8,2.75,71.0,0.18581,2889.7,drift_segment,0,정상
2020-03-31_1326,2020-03-31,1326,7.909999999999999,14.8,2.7460000000000004,72.0,0.18554,2926.14,drift_segment,0,정상
2020-03-31_1327,2020-03-31,1327,7.92,14.8,2.747,70.0,0.18561,2845.89,drift_segment,0,정상
2020-03-31_1328,2020-03-31,1328,7.909999999999999,14.8,2.755,71.0,0.18615,2894.95,drift_segment,0,정상
2020-03-31_1329,2020-03-31,1329,7.909999999999999,14.8,2.762,72.0,0.18662,2943.19,drift_segment,0,정상
2020-03-31_1330,2020-03-31,1330,7.93,14.81,2.763,72.0,0.18656,2946.24,drift_segment,0,정상
2020-03-31_1331,2020-03-31,1331,7.95,14.81,2.762,72.0,0.1865,2945.18,drift_segment,0,정상
2020-03-31_1332,2020-03-31,1332,7.93,14.8,2.755,73.0,0.18615,2976.5,drift_segment,0,정상
2020-03-31_1333,2020-03-31,1333,7.92,14.8,2.753,71.0,0.18601,2892.85,drift_segment,0,정상
2020-03-31_1334,2020-03-31,1334,7.909999999999999,14.78,2.749,71.0,0.18599,2884.75,drift_segment,0,정상
2020-03-31_1335,2020-03-31,1335,7.890000000000001,14.78,2.747,72.0,0.18586,2923.25,drift_segment,0,정상
2020-03-31_1336,2020-03-31,1336,7.909999999999999,14.81,2.749,72.0,0.18562,2931.31,drift_segment,0,정상
2020-03-31_1337,2020-03-31,1337,7.9,14.81,2.753,72.0,0.18589,2935.58,drift_segment,0,정상
2020-03-31_1338,2020-03-31,1338,7.9,14.840000000000002,2.76,72.0,0.18598,2949.0,drift_segment,0,정상
2020-03-31_1339,2020-03-31,1339,7.93,14.840000000000002,2.759,72.0,0.18592,2947.94,drift_segment,0,정상
2020-03-31_1340,2020-03-31,1340,7.94,14.83,2.758,72.0,0.18597,2944.88,drift_segment,0,정상
2020-03-31_1341,2020-03-31,1341,7.909999999999999,14.83,2.754,72.0,0.1857,2940.61,drift_segment,0,정상
2020-03-31_1342,2020-03-31,1342,7.92,14.81,2.753,71.0,0.18589,2894.81,drift_segment,0,정상
2020-03-31_1343,2020-03-31,1343,7.9,14.81,2.747,71.0,0.18548,2888.5,drift_segment,0,정상
2020-03-31_1344,2020-03-31,1344,7.890000000000001,14.81,2.747,71.0,0.18548,2888.5,drift_segment,0,정상
2020-03-31_1345,2020-03-31,1345,7.909999999999999,14.81,2.753,71.0,0.18589,2894.81,drift_segment,0,정상
2020-03-31_1346,2020-03-31,1346,7.909999999999999,14.85,2.759,71.0,0.18579,2908.95,drift_segment,0,정상
2020-03-31_1347,2020-03-31,1347,7.92,14.85,2.762,72.0,0.18599,2953.13,drift_segment,0,정상
2020-03-31_1348,2020-03-31,1348,7.92,14.840000000000002,2.758,73.0,0.18585,2987.8,drift_segment,0,정상
2020-03-31_1349,2020-03-31,1349,7.93,14.840000000000002,2.753,71.0,0.18551,2900.67,drift_segment,0,정상
2020-03-31_1350,2020-03-31,1350,7.909999999999999,14.820000000000002,2.747,72.0,0.18536,2931.16,drift_segment,0,정상
2020-03-31_1351,2020-03-31,1351,7.909999999999999,14.820000000000002,2.747,71.0,0.18536,2890.45,drift_segment,0,정상
2020-03-31_1352,2020-03-31,1352,7.909999999999999,14.83,2.748,72.0,0.1853,2934.2,drift_segment,0,정상
2020-03-31_1353,2020-03-31,1353,7.9,14.83,2.757,73.0,0.18591,2984.7,drift_segment,0,정상
2020-03-31_1354,2020-03-31,1354,7.93,14.85,2.76,71.0,0.18586,2910.01,drift_segment,0,정상
2020-03-31_1355,2020-03-31,1355,7.909999999999999,14.85,2.763,72.0,0.18606,2954.2,drift_segment,0,정상
2020-03-31_1356,2020-03-31,1356,7.93,14.83,2.76,72.0,0.18611,2947.02,drift_segment,0,정상
2020-03-31_1357,2020-03-31,1357,7.94,14.83,2.752,72.0,0.18557,2938.48,drift_segment,0,정상
2020-03-31_1358,2020-03-31,1358,7.9,14.820000000000002,2.75,72.0,0.18556,2934.36,drift_segment,0,정상
2020-03-31_1359,2020-03-31,1359,7.9,14.820000000000002,2.745,72.0,0.18522,2929.02,drift_segment,0,정상
2020-03-31_1360,2020-03-31,1360,7.890000000000001,14.85,2.7460000000000004,72.0,0.18492,2936.02,drift_segment,0,정상
2020-03-31_1361,2020-03-31,1361,7.890000000000001,14.85,2.752,72.0,0.18532,2942.44,drift_segment,0,정상
2020-03-31_1362,2020-03-31,1362,7.909999999999999,14.88,2.757,71.0,0.18528,2912.72,drift_segment,0,정상
2020-03-31_1363,2020-03-31,1363,7.93,14.88,2.762,71.0,0.18562,2918.0,drift_segment,0,정상
2020-03-31_1364,2020-03-31,1364,7.909999999999999,14.97,2.76,72.0,0.18437,2974.84,drift_segment,0,정상
2020-03-31_1365,2020-03-31,1365,7.92,14.97,2.757,71.0,0.18417,2930.33,drift_segment,0,정상
2020-03-31_1366,2020-03-31,1366,7.9,14.94,2.752,73.0,0.1842,3001.39,drift_segment,0,정상
2020-03-31_1367,2020-03-31,1367,7.9,14.94,2.744,72.0,0.18367,2951.67,drift_segment,0,정상
2020-03-31_1368,2020-03-31,1368,7.890000000000001,14.910000000000002,2.739,72.0,0.1837,2940.37,drift_segment,0,정상
2020-03-31_1369,2020-03-31,1369,7.890000000000001,14.910000000000002,2.749,72.0,0.18437,2951.11,drift_segment,0,정상
2020-03-31_1370,2020-03-31,1370,7.890000000000001,14.93,2.754,72.0,0.18446,2960.44,drift_segment,0,정상
2020-03-31_1371,2020-03-31,1371,7.9,14.93,2.757,72.0,0.18466,2963.66,drift_segment,0,정상
2020-03-31_1372,2020-03-31,1372,7.909999999999999,14.99,2.759,72.0,0.18406,2977.73,drift_segment,0,정상
2020-03-31_1373,2020-03-31,1373,7.92,14.99,2.756,72.0,0.18386,2974.5,drift_segment,0,정상
2020-03-31_1374,2020-03-31,1374,7.909999999999999,15.070000000000002,2.753,72.0,0.18268,2987.12,drift_segment,0,정상
2020-03-31_1375,2020-03-31,1375,7.9,15.070000000000002,2.748,72.0,0.18235,2981.69,drift_segment,0,정상
2020-03-31_1376,2020-03-31,1376,7.9,14.93,2.747,71.0,0.18399,2911.9,drift_segment,0,정상
2020-03-31_1377,2020-03-31,1377,7.88,14.93,2.749,71.0,0.18413,2914.02,drift_segment,0,정상
2020-03-31_1378,2020-03-31,1378,7.88,14.94,2.754,72.0,0.18434,2962.42,drift_segment,0,정상
2020-03-31_1379,2020-03-31,1379,7.909999999999999,14.94,2.757,71.0,0.18454,2924.46,drift_segment,0,정상
2020-03-31_1380,2020-03-31,1380,7.909999999999999,14.89,2.757,73.0,0.18516,2996.78,drift_segment,0,정상
2020-03-31_1381,2020-03-31,1381,7.92,14.89,2.755,72.0,0.18502,2953.58,drift_segment,0,정상
2020-03-31_1382,2020-03-31,1382,7.890000000000001,14.95,2.75,72.0,0.18395,2960.1,drift_segment,0,정상
2020-03-31_1383,2020-03-31,1383,7.890000000000001,14.95,2.748,72.0,0.18381,2957.95,drift_segment,0,정상
2020-03-31_1384,2020-03-31,1384,7.9,14.93,2.749,72.0,0.18413,2955.07,drift_segment,0,정상
2020-03-31_1385,2020-03-31,1385,7.890000000000001,14.99,2.745,72.0,0.18312,2962.62,drift_segment,0,정상
2020-03-31_1386,2020-03-31,1386,7.909999999999999,14.99,2.755,71.0,0.18379,2932.12,drift_segment,0,정상
2020-03-31_1387,2020-03-31,1387,7.9,15.070000000000002,2.756,72.0,0.18288,2990.37,drift_segment,0,정상
2020-03-31_1388,2020-03-31,1388,7.9,15.070000000000002,2.756,72.0,0.18288,2990.37,drift_segment,0,정상
2020-03-31_1389,2020-03-31,1389,7.909999999999999,14.93,2.752,71.0,0.18433,2917.2,drift_segment,0,정상
2020-03-31_1390,2020-03-31,1390,7.9,14.93,2.747,72.0,0.18399,2952.92,drift_segment,0,정상
2020-03-31_1391,2020-03-31,1391,7.890000000000001,14.94,2.748,70.0,0.18394,2873.86,drift_segment,0,정상
2020-03-31_1392,2020-03-31,1392,7.9,14.94,2.744,71.0,0.18367,2910.67,drift_segment,0,정상
2020-03-31_1393,2020-03-31,1393,7.890000000000001,14.89,2.753,72.0,0.18489,2951.44,drift_segment,0,정상
2020-03-31_1394,2020-03-31,1394,7.88,14.89,2.757,72.0,0.18516,2955.72,drift_segment,0,정상
2020-03-31_1395,2020-03-31,1395,7.909999999999999,14.95,2.757,72.0,0.18441,2967.63,drift_segment,0,정상
2020-03-31_1396,2020-03-31,1396,7.9,14.95,2.753,73.0,0.18415,3004.49,drift_segment,0,정상
2020-03-31_1397,2020-03-31,1397,7.9,14.74,2.75,71.0,0.18657,2877.98,drift_segment,0,정상
2020-03-31_1398,2020-03-31,1398,7.890000000000001,14.74,2.748,71.0,0.18643,2875.89,drift_segment,0,정상
2020-03-31_1399,2020-03-31,1399,7.890000000000001,14.73,2.748,72.0,0.18656,2914.42,drift_segment,0,정상
2020-03-31_1400,2020-03-31,1400,7.890000000000001,14.73,2.752,72.0,0.18683,2918.66,drift_segment,0,정상
2020-03-31_1401,2020-03-31,1401,7.9,14.750000000000002,2.752,72.0,0.18658,2922.62,drift_segment,0,정상
2020-03-31_1402,2020-03-31,1402,7.9,14.750000000000002,2.754,72.0,0.18671,2924.75,drift_segment,0,정상
2020-03-31_1403,2020-03-31,1403,7.890000000000001,15.070000000000002,2.754,72.0,0.18275,2988.2,drift_segment,0,정상
2020-03-31_1404,2020-03-31,1404,7.909999999999999,15.070000000000002,2.749,72.0,0.18242,2982.77,drift_segment,0,정상
2020-03-31_1405,2020-03-31,1405,7.909999999999999,14.93,2.748,72.0,0.18406,2953.99,drift_segment,0,정상
2020-03-31_1406,2020-03-31,1406,7.890000000000001,14.93,2.748,71.0,0.18406,2912.96,drift_segment,0,정상
2020-03-31_1407,2020-03-31,1407,7.9,14.94,2.749,71.0,0.184,2915.97,drift_segment,0,정상
2020-03-31_1408,2020-03-31,1408,7.909999999999999,14.94,2.756,71.0,0.18447,2923.4,drift_segment,0,정상
2020-03-31_1409,2020-03-31,1409,7.9,14.89,2.759,71.0,0.18529,2916.79,drift_segment,0,정상
2020-03-31_1410,2020-03-31,1410,7.9,14.89,2.754,71.0,0.18496,2911.5,drift_segment,0,정상
2020-03-31_1411,2020-03-31,1411,7.9,14.95,2.752,72.0,0.18408,2962.25,drift_segment,0,정상
2020-03-31_1412,2020-03-31,1412,7.890000000000001,14.95,2.744,73.0,0.18355,2994.66,drift_segment,0,정상
2020-03-31_1413,2020-03-31,1413,7.890000000000001,14.93,2.741,71.0,0.18359,2905.54,drift_segment,0,정상
2020-03-31_1414,2020-03-31,1414,7.87,14.99,2.748,72.0,0.18332,2965.86,drift_segment,0,정상
2020-03-31_1415,2020-03-31,1415,7.88,14.99,2.753,71.0,0.18366,2929.99,drift_segment,0,정상
2020-03-31_1416,2020-03-31,1416,7.890000000000001,15.070000000000002,2.759,72.0,0.18308,2993.63,drift_segment,0,정상
2020-03-31_1417,2020-03-31,1417,7.909999999999999,15.070000000000002,2.759,73.0,0.18308,3035.2,drift_segment,0,정상
2020-03-31_1418,2020-03-31,1418,7.9,14.93,2.757,71.0,0.18466,2922.5,drift_segment,0,정상
2020-03-31_1419,2020-03-31,1419,7.9,14.93,2.754,72.0,0.18446,2960.44,drift_segment,0,정상
2020-03-31_1420,2020-03-31,1420,7.890000000000001,14.94,2.752,72.0,0.1842,2960.27,drift_segment,0,정상
2020-03-31_1421,2020-03-31,1421,7.88,14.94,2.747,72.0,0.18387,2954.89,drift_segment,0,정상
2020-03-31_1422,2020-03-31,1422,7.909999999999999,14.89,2.747,72.0,0.18449,2945.0,drift_segment,0,정상
2020-03-31_1423,2020-03-31,1423,7.92,14.89,2.75,72.0,0.18469,2948.22,drift_segment,0,정상
2020-03-31_1424,2020-03-31,1424,7.909999999999999,14.95,2.756,72.0,0.18435,2966.56,drift_segment,0,정상
2020-03-31_1425,2020-03-31,1425,7.92,14.95,2.759,72.0,0.18455,2969.79,drift_segment,0,정상
2020-03-31_1426,2020-03-31,1426,7.93,14.74,2.765,71.0,0.18758,2893.68,drift_segment,0,정상
2020-03-31_1427,2020-03-31,1427,7.93,14.74,2.76,71.0,0.18725,2888.45,drift_segment,0,정상
2020-03-31_1428,2020-03-31,1428,7.95,14.73,2.757,72.0,0.18717,2923.96,drift_segment,0,정상
2020-03-31_1429,2020-03-31,1429,7.94,14.73,2.752,71.0,0.18683,2878.12,drift_segment,0,정상
2020-04-02_130,2020-04-02,130,2.38,14.52,2.707,73.0,0.18643,2869.31,day_relative,0,정상
2020-04-02_168,2020-04-02,168,2.37,14.590000000000002,2.7,70.0,0.18506,2757.51,day_relative,0,정상
2020-04-02_204,2020-04-02,204,2.37,14.56,2.7,70.0,0.18544,2751.84,day_relative,0,정상
2020-04-02_208,2020-04-02,208,2.39,14.56,2.712,72.0,0.18626,2843.04,day_relative,0,정상
2020-04-02_209,2020-04-02,209,2.39,14.56,2.712,73.0,0.18626,2882.53,day_relative,1,파임불량
2020-04-02_210,2020-04-02,210,2.38,14.53,2.7110000000000003,71.0,0.18658,2796.75,day_relative,0,정상
2020-04-02_211,2020-04-02,211,2.38,14.53,2.7110000000000003,71.0,0.18658,2796.75,day_relative,0,정상
2020-04-02_284,2020-04-02,284,2.35,14.53,2.712,71.0,0.18665,2797.78,day_relative,0,정상
2020-04-02_285,2020-04-02,285,2.35,14.53,2.712,71.0,0.18665,2797.78,day_relative,0,정상
2020-04-02_286,2020-04-02,286,2.38,14.55,2.7110000000000003,71.0,0.18632,2800.6,day_relative,0,정상
2020-04-02_294,2020-04-02,294,2.35,14.54,2.696,73.0,0.18542,2861.59,day_relative,0,정상
2020-04-02_304,2020-04-02,304,2.34,14.58,2.708,70.0,0.18573,2763.78,day_relative,0,정상
2020-04-02_334,2020-04-02,334,2.33,14.55,2.701,70.0,0.18564,2750.97,day_relative,0,정상
2020-04-02_495,2020-04-02,495,2.38,14.52,2.707,73.0,0.18643,2869.31,day_relative,0,정상
2020-04-02_533,2020-04-02,533,2.37,14.590000000000002,2.7,70.0,0.18506,2757.51,day_relative,0,정상
2020-04-02_569,2020-04-02,569,2.37,14.56,2.7,70.0,0.18544,2751.84,day_relative,0,정상
2020-04-02_573,2020-04-02,573,2.39,14.56,2.712,72.0,0.18626,2843.04,day_relative,0,정상
2020-04-02_574,2020-04-02,574,2.39,14.56,2.712,73.0,0.18626,2882.53,day_relative,0,정상
2020-04-02_575,2020-04-02,575,2.38,14.53,2.7110000000000003,71.0,0.18658,2796.75,day_relative,0,정상
2020-04-02_576,2020-04-02,576,2.38,14.53,2.7110000000000003,71.0,0.18658,2796.75,day_relative,0,정상
2020-04-02_649,2020-04-02,649,2.35,14.53,2.712,71.0,0.18665,2797.78,day_relative,0,정상
2020-04-02_650,2020-04-02,650,2.35,14.53,2.712,71.0,0.18665,2797.78,day_relative,0,정상
2020-04-02_651,2020-04-02,651,2.38,14.55,2.7110000000000003,71.0,0.18632,2800.6,day_relative,0,정상
2020-04-02_659,2020-04-02,659,2.35,14.54,2.696,73.0,0.18542,2861.59,day_relative,0,정상
2020-04-02_669,2020-04-02,669,2.34,14.58,2.708,70.0,0.18573,2763.78,day_relative,0,정상
2020-04-02_733,2020-04-02,733,2.33,14.55,2.701,70.0,0.18564,2750.97,day_relative,0,정상
2020-04-02_1029,2020-04-02,1029,2.33,14.55,2.701,70.0,0.18564,2750.97,day_relative,0,정상
2020-04-02_1351,2020-04-02,1351,2.33,14.71,2.717,72.0,0.1847,2877.63,day_relative,0,정상
2020-04-02_1353,2020-04-02,1353,2.34,14.74,2.714,73.0,0.18412,2920.32,day_relative,3,크랙발생
2020-04-02_1547,2020-04-02,1547,2.32,14.74,2.715,72.0,0.18419,2881.38,day_relative,0,정상
2020-04-02_1741,2020-04-02,1741,2.29,14.76,2.71,70.0,0.1836,2799.97,day_relative,0,정상
2020-04-02_1755,2020-04-02,1755,2.29,14.72,2.714,72.0,0.18438,2876.41,day_relative,0,정상
2020-04-02_1787,2020-04-02,1787,2.29,14.72,2.716,72.0,0.18451,2878.53,day_relative,0,정상
2020-04-02_1846,2020-04-02,1846,2.32,14.76,2.714,72.0,0.18388,2884.22,day_relative,0,정상
2020-04-02_1876,2020-04-02,1876,2.27,14.72,2.702,70.0,0.18356,2784.14,day_relative,0,정상
2020-04-02_1900,2020-04-02,1900,2.29,14.73,2.697,70.0,0.1831,2780.88,day_relative,2,용접부족
2020-04-02_1936,2020-04-02,1936,2.28,14.74,2.7030000000000003,70.0,0.18338,2788.96,day_relative,0,정상
2020-04-02_1940,2020-04-02,1940,2.31,14.71,2.715,72.0,0.18457,2875.51,day_relative,0,정상
2020-04-02_1941,2020-04-02,1941,2.31,14.71,2.715,73.0,0.18457,2915.45,day_relative,3,크랙발생
2020-04-03_180,2020-04-03,180,2.3,14.97,2.7,72.0,0.18036,2910.17,point_anomaly,0,정상
2020-04-03_181,2020-04-03,181,2.3,14.97,2.7,72.0,0.18036,2910.17,point_anomaly,0,정상
2020-04-03_182,2020-04-03,182,2.32,14.94,2.705,71.0,0.18106,2869.3,point_anomaly,0,정상
2020-04-03_183,2020-04-03,183,2.32,14.94,2.705,71.0,0.18106,2869.3,point_anomaly,0,정상
2020-04-03_184,2020-04-03,184,2.34,14.910000000000002,2.713,72.0,0.18196,2912.46,point_anomaly,0,정상
2020-04-03_186,2020-04-03,186,2.34,14.93,2.71,73.0,0.18151,2953.6,point_anomaly,0,정상
2020-04-03_187,2020-04-03,187,2.34,14.93,2.71,72.0,0.18151,2913.14,point_anomaly,0,정상
2020-04-03_188,2020-04-03,188,2.35,14.99,2.707,72.0,0.18059,2921.61,point_anomaly,0,정상
2020-04-03_189,2020-04-03,189,2.35,14.99,2.707,72.0,0.18059,2921.61,point_anomaly,0,정상
2020-04-03_190,2020-04-03,190,2.31,15.070000000000002,2.699,72.0,0.1791,2928.52,point_anomaly,0,정상
2020-04-03_191,2020-04-03,191,2.31,15.070000000000002,2.699,72.0,0.1791,2928.52,point_anomaly,0,정상
2020-04-03_192,2020-04-03,192,2.33,14.93,2.697,72.0,0.18064,2899.17,point_anomaly,0,정상
2020-04-03_193,2020-04-03,193,2.33,14.93,2.697,72.0,0.18064,2899.17,point_anomaly,0,정상
2020-04-03_194,2020-04-03,194,2.3600000000000003,14.94,2.7,72.0,0.18072,2904.34,point_anomaly,0,정상
2020-04-03_195,2020-04-03,195,2.3600000000000003,14.94,2.7,72.0,0.18072,2904.34,point_anomaly,0,정상
2020-04-03_198,2020-04-03,198,2.35,14.95,2.7060000000000004,72.0,0.181,2912.74,point_anomaly,0,정상
2020-04-03_199,2020-04-03,199,2.35,14.95,2.7060000000000004,71.0,0.181,2872.28,point_anomaly,0,정상
2020-04-03_216,2020-04-03,216,2.4,14.8,2.697,73.0,0.18223,2913.84,point_anomaly,0,정상
2020-04-03_248,2020-04-03,248,2.38,14.820000000000002,2.698,72.0,0.18205,2878.87,point_anomaly,0,정상
2020-04-03_254,2020-04-03,254,2.37,14.97,2.7060000000000004,72.0,0.18076,2916.64,point_anomaly,0,정상
2020-04-03_255,2020-04-03,255,2.37,14.97,2.7060000000000004,72.0,0.18076,2916.64,point_anomaly,0,정상
2020-04-03_256,2020-04-03,256,2.34,14.94,2.699,72.0,0.18066,2903.26,point_anomaly,0,정상
2020-04-03_257,2020-04-03,257,2.34,14.94,2.699,72.0,0.18066,2903.26,point_anomaly,0,정상
2020-04-03_260,2020-04-03,260,2.28,14.93,2.693,72.0,0.18038,2894.87,point_anomaly,0,정상
2020-04-03_262,2020-04-03,262,2.28,14.99,2.7,71.0,0.18012,2873.58,point_anomaly,0,정상
2020-04-03_263,2020-04-03,263,2.28,14.99,2.7,71.0,0.18012,2873.58,point_anomaly,0,정상
2020-04-03_264,2020-04-03,264,2.29,15.070000000000002,2.701,71.0,0.17923,2889.99,point_anomaly,0,정상
2020-04-03_265,2020-04-03,265,2.29,15.070000000000002,2.701,71.0,0.17923,2889.99,point_anomaly,0,정상
2020-04-03_272,2020-04-03,272,2.31,14.95,2.7030000000000003,73.0,0.1808,2949.92,point_anomaly,0,정상
2020-04-03_273,2020-04-03,273,2.31,14.95,2.7030000000000003,71.0,0.1808,2869.1,point_anomaly,0,정상
2020-04-03_280,2020-04-03,280,1.7399999999999998,14.72,2.702,71.0,0.18356,2823.91,point_anomaly,0,정상
2020-04-03_281,2020-04-03,281,1.7399999999999998,14.71,2.702,72.0,0.18368,2861.74,point_anomaly,3,크랙발생
2020-04-03_282,2020-04-03,282,2.21,14.71,2.69,70.0,0.18287,2769.89,point_anomaly,0,정상
2020-04-03_286,2020-04-03,286,2.48,14.73,2.708,72.0,0.18384,2872.0,point_anomaly,0,정상
2020-04-03_302,2020-04-03,302,2.57,14.74,2.708,72.0,0.18372,2873.95,point_anomaly,0,정상
2020-04-03_303,2020-04-03,303,2.57,14.73,2.708,73.0,0.18384,2911.89,point_anomaly,0,정상
2020-04-03_308,2020-04-03,308,2.55,14.77,2.698,73.0,0.18267,2909.01,point_anomaly,0,정상
2020-04-03_309,2020-04-03,309,2.55,14.74,2.698,71.0,0.18304,2823.56,point_anomaly,0,정상
2020-04-03_316,2020-04-03,316,2.49,14.76,2.702,72.0,0.18306,2871.47,point_anomaly,0,정상
2020-04-03_317,2020-04-03,317,2.49,14.78,2.702,71.0,0.18281,2835.42,point_anomaly,0,정상
2020-04-03_321,2020-04-03,321,2.47,14.83,2.698,73.0,0.18193,2920.83,point_anomaly,0,정상
2020-04-03_346,2020-04-03,346,2.4,14.85,2.713,70.0,0.18269,2820.16,point_anomaly,0,정상
2020-04-03_348,2020-04-03,348,2.48,14.840000000000002,2.704,72.0,0.18221,2889.17,point_anomaly,0,정상
2020-04-03_354,2020-04-03,354,2.5,14.85,2.699,72.0,0.18175,2885.77,point_anomaly,0,정상
2020-04-03_355,2020-04-03,355,2.5,14.83,2.699,72.0,0.182,2881.88,point_anomaly,0,정상
2020-04-03_358,2020-04-03,358,2.49,14.820000000000002,2.704,71.0,0.18246,2845.2,point_anomaly,0,정상
2020-04-03_359,2020-04-03,359,2.49,14.85,2.704,72.0,0.18209,2891.12,point_anomaly,0,정상
2020-04-03_362,2020-04-03,362,2.51,14.88,2.708,72.0,0.18199,2901.24,point_anomaly,0,정상
2020-04-03_363,2020-04-03,363,2.51,14.97,2.708,70.0,0.1809,2837.71,point_anomaly,0,정상
2020-04-03_364,2020-04-03,364,2.5,14.97,2.705,71.0,0.18069,2875.06,point_anomaly,0,정상
2020-04-03_365,2020-04-03,365,2.5,14.94,2.705,72.0,0.18106,2909.71,point_anomaly,0,정상
2020-04-03_366,2020-04-03,366,2.46,14.94,2.7030000000000003,72.0,0.18092,2907.56,point_anomaly,0,정상
2020-04-03_368,2020-04-03,368,2.46,14.910000000000002,2.7,73.0,0.18109,2938.76,point_anomaly,0,정상
2020-04-03_369,2020-04-03,369,2.46,14.93,2.7,71.0,0.18084,2862.08,point_anomaly,0,정상
2020-04-03_370,2020-04-03,370,2.46,14.93,2.698,71.0,0.18071,2859.96,point_anomaly,0,정상
2020-04-03_371,2020-04-03,371,2.46,14.99,2.698,72.0,0.17999,2911.9,point_anomaly,0,정상
2020-04-03_372,2020-04-03,372,2.5,14.99,2.697,72.0,0.17992,2910.82,point_anomaly,0,정상
2020-04-03_373,2020-04-03,373,2.5,15.070000000000002,2.697,72.0,0.17896,2926.35,point_anomaly,0,정상
2020-04-03_374,2020-04-03,374,2.49,15.070000000000002,2.7030000000000003,72.0,0.17936,2932.86,point_anomaly,0,정상
2020-04-03_375,2020-04-03,375,2.49,14.93,2.7030000000000003,72.0,0.18104,2905.62,point_anomaly,0,정상
2020-04-03_376,2020-04-03,376,2.49,14.93,2.7060000000000004,72.0,0.18125,2908.84,point_anomaly,0,정상
2020-04-03_377,2020-04-03,377,2.49,14.94,2.7060000000000004,72.0,0.18112,2910.79,point_anomaly,0,정상
2020-04-03_378,2020-04-03,378,2.48,14.94,2.709,71.0,0.18133,2873.54,point_anomaly,0,정상
2020-04-03_379,2020-04-03,379,2.48,14.89,2.709,71.0,0.18193,2863.93,point_anomaly,0,정상
2020-04-03_380,2020-04-03,380,2.51,14.89,2.7030000000000003,71.0,0.18153,2857.58,point_anomaly,0,정상
2020-04-03_381,2020-04-03,381,2.51,14.95,2.7030000000000003,71.0,0.1808,2869.1,point_anomaly,0,정상
2020-04-03_382,2020-04-03,382,2.44,14.95,2.696,71.0,0.18033,2861.67,point_anomaly,0,정상
2020-04-03_384,2020-04-03,384,2.49,14.74,2.702,73.0,0.18331,2907.41,point_anomaly,0,정상
2020-04-03_385,2020-04-03,385,2.49,14.73,2.702,71.0,0.18344,2825.83,point_anomaly,0,정상
2020-04-03_392,2020-04-03,392,2.52,14.73,2.705,72.0,0.18364,2868.81,drift_segment,0,정상
2020-04-03_393,2020-04-03,393,2.52,14.74,2.705,72.0,0.18351,2870.76,drift_segment,0,정상
2020-04-03_394,2020-04-03,394,2.49,14.74,2.7060000000000004,71.0,0.18358,2831.94,drift_segment,0,정상
2020-04-03_395,2020-04-03,395,2.49,14.74,2.7060000000000004,72.0,0.18358,2871.82,drift_segment,0,정상
2020-04-03_396,2020-04-03,396,2.49,14.74,2.699,72.0,0.18311,2864.39,drift_segment,0,정상
2020-04-03_397,2020-04-03,397,2.49,14.73,2.699,71.0,0.18323,2822.7,drift_segment,0,정상
2020-04-03_398,2020-04-03,398,2.5,14.73,2.698,72.0,0.18316,2861.39,drift_segment,0,정상
2020-04-03_399,2020-04-03,399,2.5,14.74,2.698,70.0,0.18304,2783.8,drift_segment,0,정상
2020-04-03_400,2020-04-03,400,2.48,14.74,2.694,71.0,0.18277,2819.38,drift_segment,0,정상
2020-04-03_401,2020-04-03,401,2.48,14.77,2.694,72.0,0.1824,2864.91,drift_segment,0,정상
2020-04-03_402,2020-04-03,402,2.48,14.77,2.701,72.0,0.18287,2872.35,drift_segment,0,정상
2020-04-03_403,2020-04-03,403,2.48,14.74,2.701,72.0,0.18324,2866.52,drift_segment,0,정상
2020-04-03_404,2020-04-03,404,2.49,14.74,2.542,73.0,0.17246,2735.24,drift_segment,0,정상
2020-04-03_405,2020-04-03,405,2.49,14.73,2.542,71.0,0.17257,2658.5,drift_segment,0,정상
2020-04-03_406,2020-04-03,406,2.49,14.73,2.481,71.0,0.16843,2594.7,drift_segment,2,용접부족
2020-04-03_407,2020-04-03,407,2.49,14.750000000000002,2.481,72.0,0.1682,2634.82,drift_segment,0,정상
2020-04-03_408,2020-04-03,408,10.54,14.750000000000002,2.476,72.0,0.16786,2629.51,drift_segment,0,정상
2020-04-03_409,2020-04-03,409,10.54,14.76,2.476,72.0,0.16775,2631.29,drift_segment,0,정상
2020-04-03_410,2020-04-03,410,9.27,14.76,2.474,72.0,0.16762,2629.17,drift_segment,0,정상
2020-04-03_411,2020-04-03,411,9.27,14.78,2.474,72.0,0.16739,2632.73,drift_segment,0,정상
2020-04-03_412,2020-04-03,412,9.07,14.78,2.468,72.0,0.16698,2626.35,drift_segment,0,정상
2020-04-03_413,2020-04-03,413,9.07,14.750000000000002,2.468,72.0,0.16732,2621.02,drift_segment,0,정상
2020-04-03_414,2020-04-03,414,9.01,14.750000000000002,2.464,71.0,0.16705,2580.42,drift_segment,0,정상
2020-04-03_415,2020-04-03,415,9.01,14.83,2.464,71.0,0.16615,2594.42,drift_segment,0,정상
2020-04-03_416,2020-04-03,416,9.05,14.83,2.467,71.0,0.16635,2597.58,drift_segment,0,정상
2020-04-03_417,2020-04-03,417,9.05,14.8,2.467,71.0,0.16669,2592.32,drift_segment,0,정상
2020-04-03_418,2020-04-03,418,9.04,14.8,2.496,71.0,0.16865,2622.8,drift_segment,0,정상
2020-04-03_419,2020-04-03,419,9.04,14.8,2.496,72.0,0.16865,2659.74,drift_segment,0,정상
2020-04-03_420,2020-04-03,420,8.98,14.8,2.54,73.0,0.17162,2744.22,drift_segment,0,정상
2020-04-03_421,2020-04-03,421,8.98,14.8,2.54,71.0,0.17162,2669.03,drift_segment,0,정상
2020-04-03_422,2020-04-03,422,8.95,14.8,2.605,72.0,0.17601,2775.89,drift_segment,0,정상
2020-04-03_423,2020-04-03,423,8.95,14.81,2.605,71.0,0.17589,2739.18,drift_segment,0,정상
2020-04-03_424,2020-04-03,424,8.790000000000001,14.81,2.673,72.0,0.18049,2850.27,drift_segment,0,정상
2020-04-03_425,2020-04-03,425,8.790000000000001,14.8,2.673,73.0,0.18061,2887.91,drift_segment,0,정상
2020-04-03_426,2020-04-03,426,8.58,14.8,2.72,71.0,0.18378,2858.18,drift_segment,0,정상
2020-04-03_427,2020-04-03,427,8.58,14.78,2.72,72.0,0.18403,2894.52,drift_segment,0,정상
2020-04-03_428,2020-04-03,428,8.25,14.78,2.745,72.0,0.18572,2921.12,drift_segment,0,정상
2020-04-03_429,2020-04-03,429,8.25,14.81,2.745,72.0,0.18535,2927.05,drift_segment,0,정상
2020-04-03_430,2020-04-03,430,7.92,14.81,2.7510000000000003,72.0,0.18575,2933.45,drift_segment,0,정상
2020-04-03_431,2020-04-03,431,7.92,14.840000000000002,2.7510000000000003,72.0,0.18538,2939.39,drift_segment,0,정상
2020-04-03_432,2020-04-03,432,7.609999999999999,14.840000000000002,2.756,72.0,0.18571,2944.73,drift_segment,0,정상
2020-04-03_433,2020-04-03,433,7.609999999999999,14.83,2.756,72.0,0.18584,2942.75,drift_segment,0,정상
2020-04-03_434,2020-04-03,434,7.33,14.83,2.748,71.0,0.1853,2893.45,drift_segment,0,정상
2020-04-03_435,2020-04-03,435,7.33,14.81,2.748,71.0,0.18555,2889.55,drift_segment,0,정상
2020-04-03_436,2020-04-03,436,7.18,14.81,2.741,72.0,0.18508,2922.78,drift_segment,0,정상
2020-04-03_437,2020-04-03,437,7.18,14.81,2.741,71.0,0.18508,2882.19,drift_segment,0,정상
2020-04-03_438,2020-04-03,438,7.05,14.81,2.735,73.0,0.18467,2956.89,drift_segment,0,정상
2020-04-03_439,2020-04-03,439,7.05,14.85,2.735,72.0,0.18418,2924.26,drift_segment,0,정상
2020-04-03_440,2020-04-03,440,7.0,14.85,2.728,72.0,0.1837,2916.78,drift_segment,0,정상
2020-04-03_441,2020-04-03,441,7.0,14.840000000000002,2.728,72.0,0.18383,2914.81,drift_segment,0,정상
2020-04-03_442,2020-04-03,442,6.93,14.840000000000002,2.72,72.0,0.18329,2906.27,drift_segment,0,정상
2020-04-03_443,2020-04-03,443,6.93,14.820000000000002,2.72,72.0,0.18354,2902.35,drift_segment,0,정상
2020-04-03_444,2020-04-03,444,6.890000000000001,14.820000000000002,2.707,72.0,0.18266,2888.48,drift_segment,0,정상
2020-04-03_445,2020-04-03,445,6.890000000000001,14.83,2.707,72.0,0.18254,2890.43,drift_segment,0,정상
2020-04-03_446,2020-04-03,446,6.890000000000001,14.83,2.699,72.0,0.182,2881.88,drift_segment,0,정상
2020-04-03_447,2020-04-03,447,6.65,14.85,2.694,72.0,0.18141,2880.42,drift_segment,0,정상
2020-04-03_448,2020-04-03,448,6.68,14.85,2.685,71.0,0.18081,2830.93,drift_segment,0,정상
2020-04-03_449,2020-04-03,449,6.7,14.83,2.677,71.0,0.18051,2818.69,drift_segment,0,정상
2020-04-03_450,2020-04-03,450,6.74,14.83,2.67,72.0,0.18004,2850.92,drift_segment,0,정상
2020-04-03_451,2020-04-03,451,6.720000000000001,14.820000000000002,2.6630000000000003,71.0,0.17969,2802.06,drift_segment,0,정상
2020-04-03_452,2020-04-03,452,6.779999999999999,14.820000000000002,2.658,73.0,0.17935,2875.58,drift_segment,0,정상
2020-04-03_453,2020-04-03,453,6.58,14.85,2.65,72.0,0.17845,2833.38,drift_segment,0,정상
2020-04-03_454,2020-04-03,454,6.609999999999999,14.85,2.648,72.0,0.17832,2831.24,drift_segment,0,정상
2020-04-03_455,2020-04-03,455,6.56,14.88,2.65,72.0,0.17809,2839.1,drift_segment,0,정상
2020-04-03_456,2020-04-03,456,6.57,14.88,2.651,72.0,0.17816,2840.18,drift_segment,0,정상
2020-04-03_457,2020-04-03,457,6.640000000000001,14.97,2.654,72.0,0.17729,2860.59,drift_segment,0,정상
2020-04-03_458,2020-04-03,458,6.63,14.97,2.657,71.0,0.17749,2824.05,drift_segment,0,정상
2020-04-03_459,2020-04-03,459,6.67,14.94,2.655,72.0,0.17771,2855.93,drift_segment,0,정상
2020-04-03_460,2020-04-03,460,6.73,14.94,2.656,72.0,0.17778,2857.01,drift_segment,0,정상
2020-04-03_461,2020-04-03,461,6.7,14.910000000000002,2.652,71.0,0.17787,2807.43,drift_segment,0,정상
2020-04-03_462,2020-04-03,462,6.63,14.910000000000002,2.653,72.0,0.17793,2848.05,drift_segment,0,정상
2020-04-03_463,2020-04-03,463,6.640000000000001,14.93,2.643,70.0,0.17703,2762.2,drift_segment,0,정상
2020-04-03_464,2020-04-03,464,6.67,14.93,2.654,71.0,0.17776,2813.32,drift_segment,0,정상
2020-04-03_465,2020-04-03,465,6.7,14.99,2.654,72.0,0.17705,2864.41,drift_segment,0,정상
2020-04-03_466,2020-04-03,466,6.74,14.99,2.655,72.0,0.17712,2865.49,drift_segment,0,정상
2020-04-03_467,2020-04-03,467,6.82,15.070000000000002,2.656,72.0,0.17624,2881.87,drift_segment,0,정상
2020-04-03_468,2020-04-03,468,6.74,15.070000000000002,2.653,71.0,0.17605,2838.63,drift_segment,0,정상
2020-04-03_469,2020-04-03,469,6.779999999999999,14.93,2.654,72.0,0.17776,2852.94,drift_segment,0,정상
2020-04-03_470,2020-04-03,470,6.909999999999999,14.93,2.649,72.0,0.17743,2847.57,drift_segment,0,정상
2020-04-03_471,2020-04-03,471,6.9,14.94,2.648,71.0,0.17724,2808.84,drift_segment,0,정상
2020-04-03_472,2020-04-03,472,6.94,14.94,2.651,72.0,0.17744,2851.63,drift_segment,0,정상
2020-04-03_473,2020-04-03,473,6.92,14.89,2.652,70.0,0.17811,2764.18,drift_segment,0,정상
2020-04-03_474,2020-04-03,474,6.88,14.89,2.654,71.0,0.17824,2805.78,drift_segment,0,정상
2020-04-03_475,2020-04-03,475,6.85,14.95,2.652,72.0,0.17739,2854.61,drift_segment,0,정상
2020-04-03_476,2020-04-03,476,6.85,14.95,2.654,72.0,0.17753,2856.77,drift_segment,0,정상
2020-04-03_477,2020-04-03,477,6.83,14.74,2.655,72.0,0.18012,2817.7,drift_segment,0,정상
2020-04-03_478,2020-04-03,478,6.840000000000001,14.74,2.652,73.0,0.17992,2853.61,drift_segment,0,정상
2020-04-03_479,2020-04-03,479,6.83,14.73,2.652,71.0,0.18004,2773.54,drift_segment,0,정상
2020-04-03_480,2020-04-03,480,6.83,14.73,2.65,71.0,0.1799,2771.45,drift_segment,0,정상
2020-04-03_481,2020-04-03,481,7.0200000000000005,14.750000000000002,2.649,72.0,0.17959,2813.24,drift_segment,0,정상
2020-04-03_482,2020-04-03,482,7.01,14.750000000000002,2.649,72.0,0.17959,2813.24,drift_segment,0,정상
2020-04-03_483,2020-04-03,483,7.029999999999999,14.76,2.643,72.0,0.17907,2808.77,drift_segment,0,정상
2020-04-03_484,2020-04-03,484,6.970000000000001,14.76,2.651,72.0,0.17961,2817.27,drift_segment,0,정상
2020-04-03_485,2020-04-03,485,6.94,14.78,2.652,72.0,0.17943,2822.15,drift_segment,0,정상
2020-04-03_486,2020-04-03,486,6.909999999999999,14.78,2.649,72.0,0.17923,2818.96,drift_segment,0,정상
2020-04-03_487,2020-04-03,487,6.95,14.750000000000002,2.643,72.0,0.17919,2806.87,drift_segment,0,정상
2020-04-03_488,2020-04-03,488,8.16,14.750000000000002,2.643,71.0,0.17919,2767.88,drift_segment,0,정상
2020-04-03_489,2020-04-03,489,7.15,14.83,2.657,71.0,0.17916,2797.64,drift_segment,0,정상
2020-04-03_490,2020-04-03,490,6.98,14.83,2.656,71.0,0.1791,2796.58,drift_segment,0,정상
2020-04-03_491,2020-04-03,491,6.95,14.8,2.659,71.0,0.17966,2794.08,drift_segment,0,정상
2020-04-03_492,2020-04-03,492,6.859999999999999,14.8,2.659,71.0,0.17966,2794.08,drift_segment,0,정상
2020-04-03_493,2020-04-03,493,6.85,14.8,2.658,72.0,0.17959,2832.36,drift_segment,0,정상
2020-04-03_494,2020-04-03,494,6.87,14.8,2.651,73.0,0.17912,2864.14,drift_segment,0,정상
2020-04-03_495,2020-04-03,495,6.88,14.8,2.648,71.0,0.17892,2782.52,drift_segment,0,정상
2020-04-03_496,2020-04-03,496,6.87,14.8,2.659,72.0,0.17966,2833.43,drift_segment,0,정상
2020-04-03_497,2020-04-03,497,6.87,14.81,2.693,71.0,0.18184,2831.72,drift_segment,0,정상
2020-04-03_498,2020-04-03,498,6.8,14.81,2.738,72.0,0.18488,2919.58,drift_segment,0,정상
2020-04-03_499,2020-04-03,499,4.4,14.8,2.78,73.0,0.18784,3003.51,drift_segment,0,정상
2020-04-03_500,2020-04-03,500,4.4,14.8,2.802,71.0,0.18932,2944.34,drift_segment,0,정상
2020-04-03_501,2020-04-03,501,4.29,14.78,2.8110000000000004,72.0,0.19019,2991.35,drift_segment,0,정상
2020-04-03_502,2020-04-03,502,4.11,14.78,2.8110000000000004,72.0,0.19019,2991.35,drift_segment,0,정상
2020-04-03_503,2020-04-03,503,3.53,14.81,2.807,72.0,0.18953,2993.16,drift_segment,0,정상
2020-04-03_504,2020-04-03,504,3.81,14.81,2.799,71.0,0.18899,2943.18,drift_segment,0,정상
2020-04-03_505,2020-04-03,505,3.86,14.840000000000002,2.792,72.0,0.18814,2983.2,drift_segment,0,정상
2020-04-03_506,2020-04-03,506,3.72,14.840000000000002,2.782,72.0,0.18747,2972.51,drift_segment,0,정상
2020-04-03_507,2020-04-03,507,3.7,14.83,2.775,71.0,0.18712,2921.88,drift_segment,0,정상
2020-04-03_508,2020-04-03,508,3.7,14.83,2.768,72.0,0.18665,2955.56,drift_segment,0,정상
2020-04-03_509,2020-04-03,509,3.73,14.81,2.757,70.0,0.18616,2858.18,drift_segment,0,정상
2020-04-03_510,2020-04-03,510,3.74,14.81,2.75,71.0,0.18569,2891.65,drift_segment,0,정상
2020-04-03_511,2020-04-03,511,3.6,14.81,2.7430000000000003,72.0,0.18521,2924.92,drift_segment,0,정상
2020-04-03_512,2020-04-03,512,3.64,14.81,2.74,72.0,0.18501,2921.72,drift_segment,0,정상
2020-04-03_513,2020-04-03,513,3.64,14.85,2.749,72.0,0.18512,2939.23,drift_segment,0,정상
2020-04-03_514,2020-04-03,514,3.64,14.85,2.764,73.0,0.18613,2996.31,drift_segment,0,정상
2020-04-03_515,2020-04-03,515,3.73,14.840000000000002,2.776,71.0,0.18706,2924.9,drift_segment,0,정상
2020-04-03_516,2020-04-03,516,3.71,14.840000000000002,2.777,71.0,0.18713,2925.96,drift_segment,0,정상
2020-04-03_517,2020-04-03,517,3.65,14.820000000000002,2.776,72.0,0.18731,2962.1,drift_segment,0,정상
2020-04-03_518,2020-04-03,518,3.67,14.820000000000002,2.77,72.0,0.18691,2955.7,drift_segment,0,정상
2020-04-03_519,2020-04-03,519,3.64,14.83,2.76,72.0,0.18611,2947.02,drift_segment,0,정상
2020-04-03_520,2020-04-03,520,3.59,14.83,2.754,72.0,0.1857,2940.61,drift_segment,0,정상
2020-04-03_521,2020-04-03,521,3.67,14.85,2.748,72.0,0.18505,2938.16,drift_segment,0,정상
2020-04-03_522,2020-04-03,522,3.65,14.85,2.74,72.0,0.18451,2929.61,drift_segment,0,정상
2020-04-03_523,2020-04-03,523,3.65,14.83,2.747,72.0,0.18523,2933.14,drift_segment,0,정상
2020-04-03_524,2020-04-03,524,3.69,14.83,2.755,71.0,0.18577,2900.82,drift_segment,0,정상
2020-04-03_525,2020-04-03,525,3.64,14.820000000000002,2.763,71.0,0.18644,2907.28,drift_segment,0,정상
2020-04-03_526,2020-04-03,526,3.63,14.820000000000002,2.766,71.0,0.18664,2910.44,drift_segment,0,정상
2020-04-03_527,2020-04-03,527,3.37,14.85,2.748,71.0,0.18505,2897.35,drift_segment,0,정상
2020-04-03_528,2020-04-03,528,6.05,14.85,2.754,71.0,0.18545,2903.68,drift_segment,0,정상
2020-04-03_529,2020-04-03,529,3.07,14.88,2.764,72.0,0.18575,2961.24,drift_segment,0,정상
2020-04-03_530,2020-04-03,530,3.01,14.88,2.762,73.0,0.18562,3000.19,drift_segment,0,정상
2020-04-03_531,2020-04-03,531,2.91,14.97,2.761,71.0,0.18444,2934.58,drift_segment,0,정상
2020-04-03_532,2020-04-03,532,2.88,14.97,2.755,72.0,0.18403,2969.45,drift_segment,0,정상
2020-04-03_533,2020-04-03,533,2.94,14.94,2.749,71.0,0.184,2915.97,drift_segment,0,정상
2020-04-03_534,2020-04-03,534,2.89,14.94,2.7460000000000004,72.0,0.1838,2953.82,drift_segment,0,정상
2020-04-03_535,2020-04-03,535,2.79,14.910000000000002,2.747,73.0,0.18424,2989.92,drift_segment,0,정상
2020-04-03_536,2020-04-03,536,2.89,14.910000000000002,2.753,71.0,0.18464,2914.35,drift_segment,0,정상
2020-04-03_537,2020-04-03,537,2.8600000000000003,14.93,2.76,72.0,0.18486,2966.89,drift_segment,0,정상
2020-04-03_538,2020-04-03,538,3.14,14.93,2.76,72.0,0.18486,2966.89,drift_segment,0,정상
2020-04-03_539,2020-04-03,539,3.09,14.99,2.757,72.0,0.18392,2975.57,drift_segment,0,정상
2020-04-03_540,2020-04-03,540,3.2700000000000005,14.99,2.702,72.0,0.18025,2916.21,drift_segment,0,정상
2020-04-03_541,2020-04-03,541,8.18,15.070000000000002,2.699,72.0,0.1791,2928.52,drift_segment,0,정상
2020-04-03_542,2020-04-03,542,8.91,15.070000000000002,2.6910000000000003,72.0,0.17857,2919.84,drift_segment,0,정상
2020-04-03_543,2020-04-03,543,6.2,14.93,2.713,72.0,0.18171,2916.37,drift_segment,0,정상
2020-04-03_544,2020-04-03,544,6.0,14.93,2.729,71.0,0.18279,2892.82,drift_segment,0,정상
2020-04-03_545,2020-04-03,545,5.91,14.94,2.776,71.0,0.18581,2944.61,drift_segment,0,정상
2020-04-03_546,2020-04-03,546,5.13,14.94,2.818,72.0,0.18862,3031.27,drift_segment,0,정상
2020-04-03_547,2020-04-03,547,5.14,14.89,2.844,71.0,0.191,3006.65,drift_segment,0,정상
2020-04-03_548,2020-04-03,548,5.14,14.89,2.857,73.0,0.19187,3105.47,drift_segment,0,정상
2020-04-03_549,2020-04-03,549,5.09,14.95,2.861,72.0,0.19137,3079.58,drift_segment,0,정상
2020-04-03_550,2020-04-03,550,4.07,14.95,2.854,72.0,0.1909,3072.05,drift_segment,0,정상
2020-04-03_551,2020-04-03,551,4.51,14.74,2.847,72.0,0.19315,3021.46,drift_segment,0,정상
2020-04-03_552,2020-04-03,552,4.59,14.73,2.838,72.0,0.19267,3009.87,drift_segment,0,정상
2020-04-03_553,2020-04-03,553,4.5600000000000005,14.73,2.83,72.0,0.19212,3001.38,drift_segment,0,정상
2020-04-03_554,2020-04-03,554,4.5200000000000005,14.73,2.82,72.0,0.19145,2990.78,drift_segment,0,정상
2020-04-03_555,2020-04-03,555,4.5,14.73,2.81,72.0,0.19077,2980.17,drift_segment,0,정상
2020-04-03_556,2020-04-03,556,4.49,14.72,2.802,72.0,0.19035,2969.67,drift_segment,0,정상
2020-04-03_557,2020-04-03,557,4.55,14.72,2.7910000000000004,72.0,0.18961,2958.01,drift_segment,0,정상
2020-04-03_558,2020-04-03,558,5.14,14.71,2.782,71.0,0.18912,2905.55,drift_segment,0,정상
2020-04-03_559,2020-04-03,559,5.0200000000000005,14.71,2.774,71.0,0.18858,2897.19,drift_segment,0,정상
2020-04-03_560,2020-04-03,560,4.87,14.73,2.765,72.0,0.18771,2932.45,drift_segment,0,정상
2020-04-03_561,2020-04-03,561,4.85,14.73,2.757,72.0,0.18717,2923.96,drift_segment,0,정상
2020-04-03_562,2020-04-03,562,5.15,14.73,2.749,71.0,0.18663,2874.99,drift_segment,0,정상
2020-04-03_563,2020-04-03,563,5.37,14.73,2.74,72.0,0.18601,2905.93,drift_segment,0,정상
2020-04-03_564,2020-04-03,564,5.45,14.74,2.749,72.0,0.1865,2917.46,drift_segment,0,정상
2020-04-03_565,2020-04-03,565,7.470000000000001,14.74,2.757,71.0,0.18704,2885.31,drift_segment,0,정상
2020-04-03_566,2020-04-03,566,7.42,14.71,2.761,72.0,0.1877,2924.23,drift_segment,0,정상
2020-04-03_567,2020-04-03,567,7.42,14.71,2.762,70.0,0.18776,2844.03,drift_segment,0,정상
2020-04-03_568,2020-04-03,568,8.17,14.73,2.763,71.0,0.18758,2889.63,drift_segment,0,정상
2020-04-03_569,2020-04-03,569,5.88,14.73,2.755,72.0,0.18703,2921.84,drift_segment,0,정상
2020-04-03_570,2020-04-03,570,9.14,14.72,2.747,72.0,0.18662,2911.38,drift_segment,0,정상
2020-04-03_571,2020-04-03,571,9.27,14.72,2.747,72.0,0.18662,2911.38,drift_segment,1,파임불량
2020-04-03_572,2020-04-03,572,8.43,14.71,2.752,73.0,0.18708,2955.18,drift_segment,0,정상
2020-04-03_573,2020-04-03,573,8.41,14.71,2.759,71.0,0.18756,2881.53,drift_segment,0,정상
2020-04-03_574,2020-04-03,574,8.4,14.73,2.764,71.0,0.18764,2890.67,drift_segment,0,정상
2020-04-03_575,2020-04-03,575,8.379999999999999,14.73,2.761,72.0,0.18744,2928.21,drift_segment,0,정상
2020-04-03_576,2020-04-03,576,7.56,14.74,2.757,72.0,0.18704,2925.95,drift_segment,0,정상
2020-04-03_577,2020-04-03,577,7.56,14.74,2.752,72.0,0.1867,2920.64,drift_segment,0,정상
2020-04-03_578,2020-04-03,578,7.540000000000001,14.74,2.747,72.0,0.18636,2915.34,drift_segment,0,정상
2020-04-03_579,2020-04-03,579,7.18,14.74,2.745,72.0,0.18623,2913.21,drift_segment,0,정상
2020-04-03_580,2020-04-03,580,6.8,14.73,2.754,72.0,0.18697,2920.78,drift_segment,0,정상
2020-04-03_581,2020-04-03,581,6.82,14.73,2.761,72.0,0.18744,2928.21,drift_segment,0,정상
2020-04-03_582,2020-04-03,582,6.779999999999999,14.74,2.765,71.0,0.18758,2893.68,drift_segment,0,정상
2020-04-03_583,2020-04-03,583,6.16,14.74,2.763,71.0,0.18745,2891.59,drift_segment,0,정상
2020-04-03_584,2020-04-03,584,5.9,14.77,2.758,71.0,0.18673,2892.23,drift_segment,0,정상
2020-04-03_585,2020-04-03,585,5.79,14.77,2.753,71.0,0.18639,2886.99,drift_segment,0,정상
2020-04-03_586,2020-04-03,586,4.86,14.74,2.747,71.0,0.18636,2874.85,drift_segment,0,정상
2020-04-03_587,2020-04-03,587,4.95,14.74,2.748,72.0,0.18643,2916.4,drift_segment,0,정상
2020-04-03_588,2020-04-03,588,4.96,14.73,2.753,73.0,0.1869,2960.27,drift_segment,0,정상
2020-04-03_589,2020-04-03,589,5.01,14.73,2.757,71.0,0.18717,2883.35,drift_segment,0,정상
2020-04-03_590,2020-04-03,590,4.96,14.750000000000002,2.763,72.0,0.18732,2934.31,drift_segment,0,정상
2020-04-03_591,2020-04-03,591,5.029999999999999,14.750000000000002,2.76,71.0,0.18712,2890.41,drift_segment,0,정상
2020-04-03_592,2020-04-03,592,7.24,14.76,2.755,72.0,0.18665,2927.79,drift_segment,0,정상
2020-04-03_593,2020-04-03,593,7.17,14.76,2.75,73.0,0.18631,2963.07,drift_segment,0,정상
2020-04-03_594,2020-04-03,594,6.94,14.78,2.75,71.0,0.18606,2885.79,drift_segment,0,정상
2020-04-03_595,2020-04-03,595,7.92,14.78,2.749,72.0,0.18599,2925.38,drift_segment,0,정상
2020-04-03_596,2020-04-03,596,8.92,14.750000000000002,2.7510000000000003,72.0,0.18651,2921.56,drift_segment,1,파임불량
2020-04-03_597,2020-04-03,597,8.379999999999999,14.750000000000002,2.756,72.0,0.18685,2926.87,drift_segment,0,정상
2020-04-03_598,2020-04-03,598,8.32,14.83,2.758,71.0,0.18597,2903.98,drift_segment,0,정상
2020-04-03_599,2020-04-03,599,8.1,14.83,2.757,72.0,0.18591,2943.81,drift_segment,0,정상
2020-04-03_600,2020-04-03,600,8.120000000000001,14.8,2.753,72.0,0.18601,2933.6,drift_segment,0,정상
2020-04-03_601,2020-04-03,601,7.9,14.8,2.75,71.0,0.18581,2889.7,drift_segment,0,정상
2020-04-03_602,2020-04-03,602,7.909999999999999,14.8,2.7460000000000004,72.0,0.18554,2926.14,drift_segment,0,정상
2020-04-03_603,2020-04-03,603,7.92,14.8,2.747,70.0,0.18561,2845.89,drift_segment,0,정상
2020-04-03_604,2020-04-03,604,7.909999999999999,14.8,2.755,71.0,0.18615,2894.95,drift_segment,0,정상
2020-04-03_605,2020-04-03,605,7.909999999999999,14.8,2.762,72.0,0.18662,2943.19,drift_segment,0,정상
2020-04-03_606,2020-04-03,606,7.93,14.81,2.763,72.0,0.18656,2946.24,drift_segment,0,정상
2020-04-03_607,2020-04-03,607,7.95,14.81,2.762,72.0,0.1865,2945.18,drift_segment,0,정상
2020-04-03_608,2020-04-03,608,7.93,14.8,2.755,73.0,0.18615,2976.5,drift_segment,0,정상
2020-04-03_609,2020-04-03,609,7.92,14.8,2.753,71.0,0.18601,2892.85,drift_segment,0,정상
2020-04-03_610,2020-04-03,610,7.909999999999999,14.78,2.749,71.0,0.18599,2884.75,drift_segment,0,정상
2020-04-03_611,2020-04-03,611,7.890000000000001,14.78,2.747,72.0,0.18586,2923.25,drift_segment,0,정상
2020-04-03_612,2020-04-03,612,7.909999999999999,14.81,2.749,72.0,0.18562,2931.31,drift_segment,0,정상
2020-04-03_613,2020-04-03,613,7.9,14.81,2.753,72.0,0.18589,2935.58,drift_segment,0,정상
2020-04-03_614,2020-04-03,614,7.9,14.840000000000002,2.76,72.0,0.18598,2949.0,drift_segment,0,정상
2020-04-03_615,2020-04-03,615,7.93,14.840000000000002,2.759,72.0,0.18592,2947.94,drift_segment,0,정상
2020-04-03_616,2020-04-03,616,7.94,14.83,2.758,72.0,0.18597,2944.88,drift_segment,0,정상
2020-04-03_617,2020-04-03,617,7.909999999999999,14.83,2.754,72.0,0.1857,2940.61,drift_segment,0,정상
2020-04-03_618,2020-04-03,618,7.92,14.81,2.753,71.0,0.18589,2894.81,drift_segment,0,정상
2020-04-03_619,2020-04-03,619,7.9,14.81,2.747,71.0,0.18548,2888.5,drift_segment,0,정상
2020-04-03_620,2020-04-03,620,7.890000000000001,14.81,2.747,71.0,0.18548,2888.5,drift_segment,0,정상
2020-04-03_621,2020-04-03,621,7.909999999999999,14.81,2.753,71.0,0.18589,2894.81,drift_segment,0,정상
2020-04-03_622,2020-04-03,622,7.909999999999999,14.85,2.759,71.0,0.18579,2908.95,drift_segment,0,정상
2020-04-03_623,2020-04-03,623,7.92,14.85,2.762,72.0,0.18599,2953.13,drift_segment,0,정상
2020-04-03_624,2020-04-03,624,7.92,14.840000000000002,2.758,73.0,0.18585,2987.8,drift_segment,0,정상
2020-04-03_625,2020-04-03,625,7.93,14.840000000000002,2.753,71.0,0.18551,2900.67,drift_segment,0,정상
2020-04-03_626,2020-04-03,626,7.909999999999999,14.820000000000002,2.747,72.0,0.18536,2931.16,drift_segment,0,정상
2020-04-03_627,2020-04-03,627,7.909999999999999,14.820000000000002,2.747,71.0,0.18536,2890.45,drift_segment,0,정상
2020-04-03_628,2020-04-03,628,7.909999999999999,14.83,2.748,72.0,0.1853,2934.2,drift_segment,0,정상
2020-04-03_629,2020-04-03,629,7.9,14.83,2.757,73.0,0.18591,2984.7,drift_segment,0,정상
2020-04-03_630,2020-04-03,630,7.93,14.85,2.76,71.0,0.18586,2910.01,drift_segment,0,정상
2020-04-03_631,2020-04-03,631,7.909999999999999,14.85,2.763,72.0,0.18606,2954.2,drift_segment,0,정상
2020-04-03_632,2020-04-03,632,7.93,14.83,2.76,72.0,0.18611,2947.02,drift_segment,0,정상
2020-04-03_633,2020-04-03,633,7.94,14.83,2.752,72.0,0.18557,2938.48,drift_segment,0,정상
2020-04-03_634,2020-04-03,634,7.9,14.820000000000002,2.75,72.0,0.18556,2934.36,drift_segment,0,정상
2020-04-03_635,2020-04-03,635,7.9,14.820000000000002,2.745,72.0,0.18522,2929.02,drift_segment,0,정상
2020-04-03_636,2020-04-03,636,7.890000000000001,14.85,2.7460000000000004,72.0,0.18492,2936.02,drift_segment,0,정상
2020-04-03_637,2020-04-03,637,7.890000000000001,14.85,2.752,72.0,0.18532,2942.44,drift_segment,0,정상
2020-04-03_638,2020-04-03,638,7.909999999999999,14.88,2.757,71.0,0.18528,2912.72,drift_segment,0,정상
2020-04-03_639,2020-04-03,639,7.93,14.88,2.762,71.0,0.18562,2918.0,drift_segment,0,정상
2020-04-03_640,2020-04-03,640,7.909999999999999,14.97,2.76,72.0,0.18437,2974.84,drift_segment,0,정상
2020-04-03_641,2020-04-03,641,7.92,14.97,2.757,71.0,0.18417,2930.33,drift_segment,0,정상
2020-04-03_642,2020-04-03,642,7.9,14.94,2.752,73.0,0.1842,3001.39,drift_segment,0,정상
2020-04-03_643,2020-04-03,643,7.9,14.94,2.744,72.0,0.18367,2951.67,drift_segment,0,정상
2020-04-03_644,2020-04-03,644,7.890000000000001,14.910000000000002,2.739,72.0,0.1837,2940.37,drift_segment,0,정상
2020-04-03_645,2020-04-03,645,7.890000000000001,14.910000000000002,2.749,72.0,0.18437,2951.11,drift_segment,0,정상
2020-04-03_646,2020-04-03,646,7.890000000000001,14.93,2.754,72.0,0.18446,2960.44,drift_segment,0,정상
2020-04-03_647,2020-04-03,647,7.9,14.93,2.757,72.0,0.18466,2963.66,drift_segment,0,정상
2020-04-03_648,2020-04-03,648,7.909999999999999,14.99,2.759,72.0,0.18406,2977.73,drift_segment,0,정상
2020-04-03_649,2020-04-03,649,7.92,14.99,2.756,72.0,0.18386,2974.5,drift_segment,0,정상
2020-04-03_650,2020-04-03,650,7.909999999999999,15.070000000000002,2.753,72.0,0.18268,2987.12,drift_segment,0,정상
2020-04-03_651,2020-04-03,651,7.9,15.070000000000002,2.748,72.0,0.18235,2981.69,drift_segment,0,정상
2020-04-03_652,2020-04-03,652,7.9,14.93,2.747,71.0,0.18399,2911.9,drift_segment,0,정상
2020-04-03_653,2020-04-03,653,7.88,14.93,2.749,71.0,0.18413,2914.02,drift_segment,0,정상
2020-04-03_654,2020-04-03,654,7.88,14.94,2.754,72.0,0.18434,2962.42,drift_segment,0,정상
2020-04-03_655,2020-04-03,655,7.909999999999999,14.94,2.757,71.0,0.18454,2924.46,drift_segment,0,정상
2020-04-03_656,2020-04-03,656,7.909999999999999,14.89,2.757,73.0,0.18516,2996.78,drift_segment,0,정상
2020-04-03_657,2020-04-03,657,7.92,14.89,2.755,72.0,0.18502,2953.58,drift_segment,0,정상
2020-04-03_658,2020-04-03,658,7.890000000000001,14.95,2.75,72.0,0.18395,2960.1,drift_segment,0,정상
2020-04-03_659,2020-04-03,659,7.890000000000001,14.95,2.748,72.0,0.18381,2957.95,drift_segment,0,정상
2020-04-03_660,2020-04-03,660,7.9,14.93,2.749,72.0,0.18413,2955.07,drift_segment,0,정상
2020-04-03_661,2020-04-03,661,7.890000000000001,14.99,2.745,72.0,0.18312,2962.62,drift_segment,0,정상
2020-04-03_662,2020-04-03,662,7.909999999999999,14.99,2.755,71.0,0.18379,2932.12,drift_segment,0,정상
2020-04-03_663,2020-04-03,663,7.9,15.070000000000002,2.756,72.0,0.18288,2990.37,drift_segment,0,정상
2020-04-03_664,2020-04-03,664,7.9,15.070000000000002,2.756,72.0,0.18288,2990.37,drift_segment,0,정상
2020-04-03_665,2020-04-03,665,7.909999999999999,14.93,2.752,71.0,0.18433,2917.2,drift_segment,0,정상
2020-04-03_666,2020-04-03,666,7.9,14.93,2.747,72.0,0.18399,2952.92,drift_segment,0,정상
2020-04-03_667,2020-04-03,667,7.890000000000001,14.94,2.748,70.0,0.18394,2873.86,drift_segment,0,정상
2020-04-03_668,2020-04-03,668,7.9,14.94,2.744,71.0,0.18367,2910.67,drift_segment,0,정상
2020-04-03_669,2020-04-03,669,7.890000000000001,14.89,2.753,72.0,0.18489,2951.44,drift_segment,0,정상
2020-04-03_670,2020-04-03,670,7.88,14.89,2.757,72.0,0.18516,2955.72,drift_segment,0,정상
2020-04-03_671,2020-04-03,671,7.909999999999999,14.95,2.757,72.0,0.18441,2967.63,drift_segment,0,정상
2020-04-03_672,2020-04-03,672,7.9,14.95,2.753,73.0,0.18415,3004.49,drift_segment,0,정상
2020-04-03_673,2020-04-03,673,7.9,14.74,2.75,71.0,0.18657,2877.98,drift_segment,0,정상
2020-04-03_674,2020-04-03,674,7.890000000000001,14.74,2.748,71.0,0.18643,2875.89,drift_segment,0,정상
2020-04-03_675,2020-04-03,675,7.890000000000001,14.73,2.748,72.0,0.18656,2914.42,drift_segment,0,정상
2020-04-03_676,2020-04-03,676,7.890000000000001,14.73,2.752,72.0,0.18683,2918.66,drift_segment,0,정상
2020-04-03_677,2020-04-03,677,7.9,14.750000000000002,2.752,72.0,0.18658,2922.62,drift_segment,0,정상
2020-04-03_678,2020-04-03,678,7.9,14.750000000000002,2.754,72.0,0.18671,2924.75,drift_segment,0,정상
2020-04-03_679,2020-04-03,679,7.890000000000001,15.070000000000002,2.754,72.0,0.18275,2988.2,drift_segment,0,정상
2020-04-03_680,2020-04-03,680,7.909999999999999,15.070000000000002,2.749,72.0,0.18242,2982.77,drift_segment,0,정상
2020-04-03_681,2020-04-03,681,7.909999999999999,14.93,2.748,72.0,0.18406,2953.99,drift_segment,0,정상
2020-04-03_682,2020-04-03,682,7.890000000000001,14.93,2.748,71.0,0.18406,2912.96,drift_segment,0,정상
2020-04-03_683,2020-04-03,683,7.9,14.94,2.749,71.0,0.184,2915.97,drift_segment,0,정상
2020-04-03_684,2020-04-03,684,7.909999999999999,14.94,2.756,71.0,0.18447,2923.4,drift_segment,0,정상
2020-04-03_685,2020-04-03,685,7.9,14.89,2.759,71.0,0.18529,2916.79,drift_segment,0,정상
2020-04-03_686,2020-04-03,686,7.9,14.89,2.754,71.0,0.18496,2911.5,drift_segment,0,정상
2020-04-03_687,2020-04-03,687,7.9,14.95,2.752,72.0,0.18408,2962.25,drift_segment,0,정상
2020-04-03_688,2020-04-03,688,7.890000000000001,14.95,2.744,73.0,0.18355,2994.66,drift_segment,0,정상
2020-04-03_689,2020-04-03,689,7.890000000000001,14.93,2.741,71.0,0.18359,2905.54,drift_segment,0,정상
2020-04-03_690,2020-04-03,690,7.87,14.99,2.748,72.0,0.18332,2965.86,drift_segment,0,정상
2020-04-03_691,2020-04-03,691,7.88,14.99,2.753,71.0,0.18366,2929.99,drift_segment,0,정상
2020-04-03_692,2020-04-03,692,7.890000000000001,15.070000000000002,2.759,72.0,0.18308,2993.63,drift_segment,0,정상
2020-04-03_693,2020-04-03,693,7.909999999999999,15.070000000000002,2.759,73.0,0.18308,3035.2,drift_segment,0,정상
2020-04-03_694,2020-04-03,694,7.9,14.93,2.757,71.0,0.18466,2922.5,drift_segment,0,정상
2020-04-03_695,2020-04-03,695,7.9,14.93,2.754,72.0,0.18446,2960.44,drift_segment,0,정상
2020-04-03_696,2020-04-03,696,7.890000000000001,14.94,2.752,72.0,0.1842,2960.27,drift_segment,0,정상
2020-04-03_697,2020-04-03,697,7.88,14.94,2.747,72.0,0.18387,2954.89,drift_segment,0,정상
2020-04-03_698,2020-04-03,698,7.909999999999999,14.89,2.747,72.0,0.18449,2945.0,drift_segment,0,정상
2020-04-03_699,2020-04-03,699,7.92,14.89,2.75,72.0,0.18469,2948.22,drift_segment,0,정상
2020-04-03_700,2020-04-03,700,7.909999999999999,14.95,2.756,72.0,0.18435,2966.56,drift_segment,0,정상
2020-04-03_701,2020-04-03,701,7.92,14.95,2.759,72.0,0.18455,2969.79,drift_segment,0,정상
2020-04-03_702,2020-04-03,702,7.93,14.74,2.765,71.0,0.18758,2893.68,drift_segment,0,정상
2020-04-03_703,2020-04-03,703,7.93,14.74,2.76,71.0,0.18725,2888.45,drift_segment,0,정상
2020-04-03_704,2020-04-03,704,7.95,14.73,2.757,72.0,0.18717,2923.96,drift_segment,0,정상
2020-04-03_705,2020-04-03,705,7.94,14.73,2.752,71.0,0.18683,2878.12,drift_segment,0,정상
2020-04-07_2,2020-04-07,2,2.38,14.53,2.7110000000000003,71.0,0.18658,2796.75,day_relative,0,정상
2020-04-07_76,2020-04-07,76,2.35,14.53,2.712,71.0,0.18665,2797.78,day_relative,3,크랙발생
2020-04-07_96,2020-04-07,96,2.34,14.58,2.708,70.0,0.18573,2763.78,day_relative,0,정상
2020-04-07_160,2020-04-07,160,2.33,14.55,2.701,70.0,0.18564,2750.97,day_relative,2,용접부족
2020-04-07_286,2020-04-07,286,2.35,14.53,2.712,71.0,0.18665,2797.78,day_relative,3,크랙발생
2020-04-07_306,2020-04-07,306,2.34,14.58,2.708,70.0,0.18573,2763.78,day_relative,0,정상
2020-04-07_366,2020-04-07,366,2.35,14.53,2.712,71.0,0.18665,2797.78,day_relative,0,정상
2020-04-07_386,2020-04-07,386,2.34,14.58,2.708,70.0,0.18573,2763.78,day_relative,0,정상
2020-04-07_510,2020-04-07,510,2.35,14.53,2.712,71.0,0.18665,2797.78,day_relative,0,정상
2020-04-07_530,2020-04-07,530,2.34,14.58,2.708,70.0,0.18573,2763.78,day_relative,0,정상
2020-04-07_590,2020-04-07,590,2.35,14.53,2.712,71.0,0.18665,2797.78,day_relative,0,정상
2020-04-07_610,2020-04-07,610,2.34,14.58,2.708,70.0,0.18573,2763.78,day_relative,0,정상
2020-04-07_668,2020-04-07,668,2.35,14.53,2.712,71.0,0.18665,2797.78,day_relative,0,정상
