date,idx,용접 가압력(bar),전류(kA),전압(V),통전시간(ms)
20200324,1,-0.31453,-1.426396,-0.130512,0.436499
20200324,2,-0.293924,-1.426396,-0.130512,0.436499
20200324,3,-0.287055,-1.729438,-0.049536,-1.145722
20200324,4,-0.287055,-1.729438,-0.049536,0.436499
20200324,5,-0.293924,-1.52741,-0.009048,0.436499
20200324,6,-0.307661,-1.52741,-0.009048,-1.145722
20200324,7,-0.300792,-1.830452,-0.171,0.436499
20200324,8,-0.31453,-1.830452,-0.171,-2.727943
20200324,9,-0.321398,-1.426396,-0.130512,-1.145722
20200324,10,-0.321398,-1.426396,-0.130512,0.436499
20200324,11,-0.31453,-1.224368,-0.251976,0.436499
20200324,12,-0.293924,-1.224368,-0.251976,0.436499
20200324,13,-0.287055,-1.224368,-0.211488,2.01872
20200324,14,-0.287055,-1.224368,-0.211488,-1.145722
20200324,15,-0.293924,-1.224368,-0.171,-1.145722
20200324,16,-0.293924,-1.224368,-0.171,0.436499
20200324,17,-0.307661,-1.325382,0.03144,0.436499
20200324,18,-0.300792,-1.325382,0.03144,0.436499
20200324,19,-0.293924,-1.628424,-0.009048,0.436499
20200324,20,-0.293924,-1.628424,-0.009048,0.436499
20200324,21,-0.307661,-1.628424,-0.049536,0.436499
20200324,22,-0.307661,-1.628424,-0.049536,0.436499
20200324,23,-0.293924,-1.426396,-0.130512,-1.145722
20200324,24,-0.293924,-1.426396,-0.130512,-1.145722
20200324,25,-0.280187,-1.325382,-0.211488,-1.145722
20200324,26,-0.280187,-1.325382,-0.211488,-1.145722
20200324,27,-0.335135,-1.02234,-0.171,-1.145722
20200324,28,-0.335135,-1.02234,-0.171,0.436499
20200324,29,-0.293924,-1.52741,-0.009048,2.01872
20200324,30,-0.293924,-1.52741,-0.009048,-1.145722
20200324,31,-0.280187,-1.224368,0.233881,0.436499
20200324,32,-0.280187,-1.224368,0.233881,-1.145722
20200324,33,-0.293924,-1.224368,0.112416,0.436499
20200324,34,-0.293924,-1.224368,0.112416,2.01872
20200324,35,-0.31453,-1.426396,-0.009048,-1.145722
20200324,36,-0.293924,-1.426396,-0.009048,0.436499
20200324,37,-0.280187,-0.921326,-0.171,0.436499
20200324,38,-0.328267,-0.921326,-0.171,0.436499
20200324,39,-0.335135,-1.02234,-0.251976,-1.145722
20200324,40,-0.335135,-1.02234,-0.251976,0.436499
20200324,41,-0.307661,-1.02234,-0.535393,0.436499
20200324,42,-0.307661,-1.02234,-0.535393,-1.145722
20200324,43,-0.31453,-1.02234,-0.211488,0.436499
20200324,44,-0.31453,-1.02234,-0.211488,-2.727943
20200324,45,-0.287055,-1.123354,-0.009048,-1.145722
20200324,46,-0.287055,-1.123354,-0.009048,0.436499
20200324,47,-0.328267,-1.123354,0.233881,0.436499
20200324,48,-0.328267,-1.123354,0.233881,0.436499
20200324,49,-0.293924,-1.426396,0.274369,2.01872
20200324,50,-0.293924,-1.426396,0.274369,-1.145722
20200324,51,-0.300792,-1.224368,0.193393,-1.145722
20200324,52,-0.300792,-1.224368,0.193393,0.436499
20200324,53,-0.280187,-1.224368,-0.049536,0.436499
20200324,54,-0.280187,-1.224368,-0.049536,0.436499
20200324,55,-0.307661,-1.224368,-0.292465,0.436499
20200324,56,-0.307661,-1.224368,-0.292465,0.436499
20200324,57,-0.300792,-1.123354,-0.616369,0.436499
20200324,58,-0.300792,-1.123354,-0.616369,0.436499
20200324,59,-0.287055,-1.224368,-0.494905,-1.145722
20200324,60,-0.287055,-1.224368,-0.494905,-1.145722
20200324,61,-0.307661,-0.820312,-0.130512,-1.145722
20200324,62,-0.307661,-0.820312,-0.130512,-1.145722
20200324,63,-0.335135,-1.325382,0.152905,-1.145722
20200324,64,-0.335135,-1.325382,0.152905,0.436499
20200324,65,-0.328267,-1.123354,0.233881,2.01872
20200324,66,-0.328267,-1.123354,0.233881,-1.145722
20200324,67,-0.369478,-0.921326,0.274369,0.436499
20200324,68,-0.369478,-0.921326,0.274369,-1.145722
20200324,69,-0.41069,-1.02234,0.03144,0.436499
20200324,70,-0.41069,-1.02234,0.03144,2.01872
20200324,71,-0.424427,-0.719298,-0.130512,-1.145722
20200324,72,-0.424427,-0.719298,-0.130512,0.436499
20200324,73,-0.431295,-0.719298,-0.251976,0.436499
20200324,74,-0.431295,-0.719298,-0.251976,0.436499
20200324,75,-0.417558,-0.618284,-0.211488,0.436499
20200324,76,-0.417558,-0.618284,-0.211488,0.436499
20200324,77,-0.36261,-1.123354,-0.090024,0.436499
20200324,78,-0.36261,-1.123354,-0.090024,0.436499
20200324,79,-0.293924,-1.426396,-0.130512,-1.145722
20200324,80,-0.293924,-1.426396,-0.130512,-1.145722
20200324,81,-0.287055,-1.123354,0.112416,0.436499
20200324,82,-0.287055,-1.123354,0.112416,-1.145722
20200324,83,-0.280187,-1.224368,-0.049536,2.01872
20200324,84,-0.280187,-1.224368,-0.049536,0.436499
20200324,85,-0.300792,-1.628424,-0.090024,0.436499
20200324,86,-0.300792,-1.628424,-0.090024,0.436499
20200324,87,-0.280187,-1.325382,-0.251976,0.436499
20200324,88,-0.280187,-1.325382,-0.251976,0.436499
20200324,89,-0.300792,-1.325382,-0.292465,0.436499
20200324,90,-0.300792,-1.325382,-0.292465,0.436499
20200324,91,-0.287055,-1.628424,-0.130512,0.436499
20200324,92,-0.287055,-1.628424,-0.130512,0.436499
20200324,93,-0.273318,-1.426396,0.071928,-1.145722
20200324,94,-0.273318,-1.426396,0.071928,-1.145722
20200324,95,-0.300792,-1.325382,0.193393,0.436499
20200324,96,-0.300792,-1.325382,0.193393,-1.145722
20200324,97,-0.280187,-1.628424,0.071928,2.01872
20200324,98,-0.31453,-1.628424,0.071928,0.436499
20200324,99,-0.280187,-1.224368,-0.009048,0.436499
20200324,100,-0.31453,-1.224368,-0.009048,0.436499
20200324,101,-0.280187,-1.325382,-0.049536,0.436499
20200324,102,-0.31453,-1.325382,-0.049536,0.436499
20200324,103,-0.287055,-1.325382,-0.373441,-1.145722
20200324,104,-0.287055,-1.325382,-0.373441,0.436499
20200324,105,-0.307661,-1.123354,-0.413929,0.436499
20200324,106,-0.293924,-1.123354,-0.413929,-1.145722
20200324,107,-0.287055,-1.52741,-0.251976,0.436499
20200324,108,-0.300792,-1.52741,-0.251976,-2.727943
20200324,109,-0.273318,-1.426396,-0.009048,-1.145722
20200324,110,-0.273318,-1.426396,-0.009048,0.436499
20200324,111,-0.280187,-1.426396,0.152905,0.436499
20200324,112,-0.280187,-1.426396,0.152905,0.436499
20200324,113,-0.280187,-1.729438,0.193393,2.01872
20200324,114,-0.280187,-1.729438,0.193393,-1.145722
20200324,115,-0.280187,-1.628424,-0.090024,-1.145722
20200324,116,-0.280187,-1.628424,-0.090024,0.436499
20200324,117,-0.287055,-1.325382,-0.049536,0.436499
20200324,118,-0.287055,-1.325382,-0.049536,0.436499
20200324,119,-0.293924,-1.325382,-0.130512,0.436499
20200324,120,-0.293924,-1.325382,-0.130512,0.436499
20200324,121,-0.287055,-1.02234,-0.251976,0.436499
20200324,122,-0.287055,-1.02234,-0.251976,0.436499
20200324,123,-0.293924,-1.224368,-0.251976,-1.145722
20200324,124,-0.293924,-1.224368,-0.251976,-1.145722
20200324,125,-0.287055,-1.325382,-0.130512,-1.145722
20200324,126,-0.287055,-1.325382,-0.130512,-1.145722
20200324,127,-0.280187,-1.224368,-0.130512,-1.145722
20200324,128,-0.280187,-1.224368,-0.130512,0.436499
20200324,129,-0.280187,-1.830452,0.03144,2.01872
20200324,130,-0.280187,-1.830452,0.03144,-1.145722
20200324,131,-0.273318,-1.426396,-0.009048,0.436499
20200324,132,-0.273318,-1.426396,-0.009048,-1.145722
20200324,133,-0.280187,-1.426396,-0.049536,0.436499
20200324,134,-0.280187,-1.426396,-0.049536,2.01872
20200324,135,-0.280187,-1.52741,-0.332953,-1.145722
20200324,136,-0.280187,-1.52741,-0.332953,0.436499
20200324,137,-0.273318,-1.224368,-0.251976,0.436499
20200324,138,-0.273318,-1.224368,-0.251976,0.436499
20200324,139,-0.287055,-1.325382,-0.171,0.436499
20200324,140,-0.287055,-1.325382,-0.171,0.436499
20200324,141,-0.280187,-1.729438,0.03144,0.436499
20200324,142,-0.280187,-1.729438,0.03144,0.436499
20200324,143,-0.280187,-1.729438,-0.009048,-1.145722
20200324,144,-0.280187,-1.729438,-0.009048,-1.145722
20200324,145,-0.273318,-1.52741,0.193393,0.436499
20200324,146,-0.273318,-1.52741,0.193393,-1.145722
20200324,147,-0.280187,-1.931466,0.112416,2.01872
20200324,148,-0.280187,-1.931466,0.112416,0.436499
20200324,149,-0.287055,-1.224368,-0.049536,0.436499
20200324,150,-0.287055,-1.224368,-0.049536,0.436499
20200324,151,-0.280187,-1.426396,-0.211488,0.752943
20200324,152,-0.280187,-1.426396,-0.211488,0.752943
20200324,153,-0.287055,-1.224368,-0.332953,0.721299
20200324,154,-0.287055,-1.224368,-0.332953,0.721299
20200324,155,-0.287055,-1.426396,-0.292465,0.689654
20200324,156,-0.287055,-1.426396,-0.292465,0.689654
20200324,157,-0.287055,-1.325382,-0.251976,0.816232
20200324,158,-0.287055,-1.325382,-0.251976,0.816232
20200324,159,-0.273318,-1.325382,0.193393,0.816232
20200324,160,-0.273318,-1.325382,0.193393,0.816232
20200324,161,-0.280187,-1.628424,0.274369,0.816232
20200324,162,-0.280187,-1.628424,0.274369,0.816232
20200324,163,-0.280187,-1.52741,0.152905,0.816232
20200324,164,-0.280187,-1.52741,0.152905,0.816232
20200324,165,-0.280187,-1.224368,-0.049536,0.721299
20200324,166,-0.280187,-1.224368,-0.049536,0.721299
20200324,167,-0.293924,-1.325382,-0.130512,0.689654
20200324,168,-0.293924,-1.325382,-0.130512,0.689654
20200324,169,-0.280187,-1.426396,-0.292465,0.721299
20200324,170,-0.280187,-1.426396,-0.292465,0.721299
20200324,171,-0.293924,-1.123354,-0.413929,0.689654
20200324,172,-0.293924,-1.123354,-0.413929,0.689654
20200324,173,-0.273318,-1.325382,-0.130512,0.721299
20200324,174,-0.273318,-1.325382,-0.130512,0.721299
20200324,175,-0.280187,-1.426396,-0.009048,0.752943
20200324,176,-0.280187,-1.426396,-0.009048,0.752943
20200324,177,-0.273318,-1.729438,0.152905,0.721299
20200324,178,-0.273318,-1.729438,0.152905,0.436499
20200324,179,-0.280187,-1.123354,0.112416,0.436499
20200324,180,-0.280187,-1.123354,0.112416,-1.145722
20200324,181,-0.293924,-1.224368,-0.049536,0.436499
20200324,182,-0.293924,-1.224368,-0.049536,0.436499
20200324,183,-0.293924,-1.426396,-0.171,-1.145722
20200324,184,-0.293924,-1.426396,-0.171,0.436499
20200324,185,-0.287055,-1.224368,-0.171,-2.727943
20200324,186,-0.287055,-1.224368,-0.171,-1.145722
20200324,187,-0.293924,-0.719298,-0.211488,0.436499
20200324,188,-0.293924,-0.719298,-0.211488,0.436499
20200324,189,-0.280187,-1.224368,-0.130512,0.436499
20200324,190,-0.280187,-1.224368,-0.130512,2.01872
20200324,191,-0.280187,-1.426396,-0.171,-1.145722
20200324,192,-0.280187,-1.426396,-0.171,-1.145722
20200324,193,-0.287055,-1.52741,-0.009048,0.436499
20200324,194,-0.287055,-1.52741,-0.009048,0.436499
20200324,195,-0.287055,-1.325382,-0.049536,0.436499
20200324,196,-0.287055,-1.325382,-0.049536,0.436499
20200324,197,-0.280187,-1.426396,-0.090024,0.436499
20200324,198,-0.280187,-1.426396,-0.090024,0.436499
20200324,199,-0.287055,-1.123354,-0.211488,0.436499
20200324,200,-0.287055,-1.123354,-0.211488,-1.145722
20200324,201,-0.293924,-1.426396,-0.292465,-1.145722
20200324,202,-0.293924,-1.426396,-0.292465,-1.145722
20200324,203,-0.273318,-1.224368,-0.292465,-1.145722
20200324,204,-0.273318,-1.224368,-0.292465,-1.145722
20200324,205,-0.280187,-1.224368,-0.049536,0.436499
20200324,206,-0.280187,-1.224368,-0.049536,2.01872
20200324,207,-0.293924,-1.224368,0.233881,-1.145722
20200324,208,-0.293924,-1.224368,0.233881,0.436499
20200324,209,-0.280187,-1.224368,0.193393,-1.145722
20200324,210,-0.280187,-1.224368,0.193393,0.436499
20200324,211,-0.280187,-1.628424,0.03144,2.01872
20200324,212,-0.280187,-1.628424,0.03144,-1.145722
20200324,213,-0.280187,-1.123354,-0.049536,0.436499
20200324,214,-0.280187,-1.123354,-0.049536,0.436499
20200324,215,-0.293924,-1.224368,-0.130512,0.436499
20200324,216,-0.293924,-1.224368,-0.130512,-1.145722
20200324,217,-0.293924,-1.325382,-0.454417,0.436499
20200324,218,-0.293924,-1.325382,-0.454417,0.436499
20200324,219,-0.280187,-1.426396,-0.292465,-1.145722
20200324,220,-0.280187,-1.426396,-0.292465,0.436499
20200324,221,-0.287055,-1.52741,-0.171,-2.727943
20200324,222,-0.287055,-1.52741,-0.171,-1.145722
20200324,223,-0.287055,-1.628424,-0.130512,0.436499
20200324,224,-0.287055,-1.628424,-0.130512,0.436499
20200324,225,-0.273318,-1.52741,0.314857,0.436499
20200324,226,-0.273318,-1.52741,0.314857,2.01872
20200324,227,-0.280187,-1.830452,0.274369,-1.145722
20200324,228,-0.280187,-1.830452,0.274369,-1.145722
20200324,229,-0.287055,-1.325382,0.152905,0.436499
20200324,230,-0.287055,-1.325382,0.152905,0.436499
20200324,231,-0.307661,-1.325382,-0.090024,0.436499
20200324,232,-0.307661,-1.325382,-0.090024,0.436499
20200324,233,-0.300792,-1.123354,-0.251976,0.436499
20200324,234,-0.300792,-1.123354,-0.251976,0.436499
20200324,235,-0.293924,-0.921326,-0.292465,0.436499
20200324,236,-0.293924,-0.921326,-0.292465,-1.145722
20200324,237,-0.307661,-1.325382,-0.171,-1.145722
20200324,238,-0.307661,-1.325382,-0.171,-1.145722
20200324,239,-0.287055,-1.224368,-0.090024,-1.145722
20200324,240,-0.287055,-1.224368,-0.090024,-1.145722
20200324,241,-0.280187,-1.52741,0.193393,0.436499
20200324,242,-0.280187,-1.52741,0.193393,2.01872
20200324,243,-0.287055,-1.325382,0.233881,-1.145722
20200324,244,-0.287055,-1.325382,0.233881,0.436499
20200324,245,-0.287055,-1.52741,0.071928,-1.145722
20200324,246,-0.287055,-1.52741,0.071928,0.436499
20200324,247,-0.293924,-1.628424,-0.130512,2.01872
20200324,248,-0.293924,-1.628424,-0.130512,-1.145722
20200324,249,-0.293924,-1.325382,-0.251976,0.436499
20200324,250,-0.293924,-1.325382,-0.251976,0.436499
20200324,251,-0.287055,-1.325382,-0.130512,0.436499
20200324,252,-0.287055,-1.325382,-0.130512,0.436499
20200324,253,-0.293924,-1.02234,-0.332953,0.436499
20200324,254,-0.293924,-1.02234,-0.332953,0.436499
20200324,255,-0.280187,-1.02234,0.03144,0.436499
20200324,256,-0.280187,-1.02234,0.03144,-1.145722
20200324,257,-0.280187,-1.325382,0.152905,-1.145722
20200324,258,-0.280187,-1.325382,0.152905,0.436499
20200324,259,-0.280187,-1.123354,0.193393,-1.145722
20200324,260,-0.280187,-1.123354,0.193393,2.01872
20200324,261,-0.293924,-1.426396,-0.009048,0.436499
20200324,262,-0.293924,-1.426396,-0.009048,0.436499
20200324,263,-0.280187,-1.325382,-0.171,0.436499
20200324,264,-0.280187,-1.325382,-0.171,0.436499
20200324,265,-0.287055,-0.921326,-0.171,0.436499
20200324,266,-0.287055,-0.921326,-0.171,0.436499
20200324,267,-0.300792,-1.325382,-0.251976,0.436499
20200324,268,-0.300792,-1.325382,-0.251976,0.436499
20200324,269,-0.280187,-1.02234,-0.130512,0.436499
20200324,270,-0.280187,-1.02234,-0.130512,-1.145722
20200324,271,-0.287055,-1.123354,-0.130512,-1.145722
20200324,272,-0.287055,-1.123354,-0.130512,0.436499
20200324,273,-0.287055,-1.224368,-0.171,-1.145722
20200324,274,-0.287055,-1.224368,-0.171,2.01872
20200324,275,-0.287055,-1.325382,-0.049536,0.436499
20200324,276,-0.287055,-1.325382,-0.049536,0.436499
20200324,277,-0.293924,-1.123354,-0.454417,0.436499
20200324,278,-0.293924,-1.123354,-0.454417,0.436499
20200324,279,-0.293924,-1.02234,-0.251976,0.436499
20200324,280,-0.293924,-1.02234,-0.251976,-1.145722
20200324,281,-0.287055,-0.921326,-0.171,0.436499
20200324,282,-0.287055,-0.921326,-0.171,0.436499
20200324,283,-0.293924,-1.123354,0.071928,-1.145722
20200324,284,-0.293924,-1.123354,0.071928,0.436499
20200324,285,-0.287055,-1.02234,0.112416,-2.727943
20200324,286,-0.287055,-1.02234,0.112416,-1.145722
20200324,287,-0.293924,-0.618284,0.071928,0.436499
20200324,288,-0.293924,-0.618284,0.071928,0.436499
20200324,289,-0.300792,-1.123354,-0.090024,0.436499
20200324,290,-0.300792,-1.123354,-0.090024,2.01872
20200324,291,-0.300792,-0.921326,-0.454417,-1.145722
20200324,292,-0.300792,-0.921326,-0.454417,-1.145722
20200324,293,-0.300792,-1.52741,-0.292465,0.436499
20200324,294,-0.300792,-1.52741,-0.292465,0.436499
20200324,295,-0.307661,-1.224368,-0.211488,0.436499
20200324,296,-0.307661,-1.224368,-0.211488,0.436499
20200324,297,-0.287055,-1.628424,-0.090024,0.436499
20200324,298,-0.287055,-1.628424,-0.090024,0.436499
20200324,299,-0.287055,-1.123354,0.314857,0.436499
20200324,300,-0.287055,-1.123354,0.314857,-1.145722
20200324,301,-0.300792,-1.830452,0.314857,-1.145722
20200324,302,-0.300792,-1.830452,0.314857,-1.145722
20200324,303,-0.280187,-1.628424,0.274369,-1.145722
20200324,304,-0.280187,-1.628424,0.274369,-1.145722
20200324,305,-0.300792,-1.52741,-0.090024,0.436499
20200324,306,-0.300792,-1.52741,-0.090024,2.01872
20200324,307,-0.31453,-1.325382,-0.130512,-1.145722
20200324,308,-0.31453,-1.325382,-0.130512,0.436499
20200324,309,-0.293924,-1.426396,-0.251976,-1.145722
20200324,310,-0.293924,-1.426396,-0.251976,0.436499
20200324,311,-0.300792,-1.729438,-0.332953,2.01872
20200324,312,-0.300792,-1.729438,-0.332953,-1.145722
20200324,313,-0.293924,-1.52741,-0.171,0.436499
20200324,314,-0.293924,-1.52741,-0.171,0.436499
20200324,315,-0.293924,-1.628424,0.112416,0.436499
20200324,316,-0.293924,-1.628424,0.112416,-1.145722
20200324,317,-0.280187,-1.729438,0.274369,0.436499
20200324,318,-0.280187,-1.729438,0.274369,0.436499
20200324,319,-0.280187,-1.224368,0.233881,-1.145722
20200324,320,-0.280187,-1.224368,0.233881,0.436499
20200324,321,-0.307661,-1.325382,0.152905,-2.727943
20200324,322,-0.307661,-1.325382,0.152905,-1.145722
20200324,323,-0.300792,-1.02234,-0.090024,0.436499
20200324,324,-0.300792,-1.02234,-0.090024,0.436499
20200324,325,-0.31453,-1.123354,-0.535393,0.436499
20200324,326,-0.31453,-1.123354,-0.535393,2.01872
20200324,327,-0.293924,-1.224368,-0.373441,-1.145722
20200324,328,-0.293924,-1.224368,-0.373441,-1.145722
20200324,329,-0.293924,-0.719298,-0.171,0.436499
20200324,330,-0.293924,-0.719298,-0.171,0.436499
20200324,331,-0.300792,-0.921326,0.152905,0.436499
20200324,332,-0.300792,-0.921326,0.152905,0.436499
20200324,333,-0.280187,-1.52741,0.314857,0.436499
20200324,334,-0.280187,-1.52741,0.314857,0.436499
20200324,335,-0.287055,-1.224368,0.355345,0.436499
20200324,336,-0.287055,-1.224368,0.355345,-1.145722
20200324,337,-0.287055,-1.426396,0.152905,-1.145722
20200324,338,-0.287055,-1.426396,0.152905,-1.145722
20200324,339,-0.328267,-1.123354,-0.049536,-1.145722
20200324,340,-0.328267,-1.123354,-0.049536,-1.145722
20200324,341,-0.300792,-1.224368,-0.049536,0.436499
20200324,342,-0.300792,-1.224368,-0.049536,2.01872
20200324,343,-0.307661,-1.325382,-0.251976,-1.145722
20200324,344,-0.307661,-1.325382,-0.251976,0.436499
20200324,345,-0.300792,-1.224368,-0.130512,-1.145722
20200324,346,-0.300792,-1.224368,-0.130512,0.436499
20200324,347,-0.280187,-1.325382,-0.049536,2.01872
20200324,348,-0.280187,-1.325382,-0.049536,-1.145722
20200324,349,-0.293924,-1.325382,0.03144,0.436499
20200324,350,-0.293924,-1.325382,0.03144,0.436499
20200324,351,-0.293924,-0.921326,-0.049536,0.436499
20200324,352,-0.293924,-0.921326,-0.049536,0.436499
20200324,353,-0.287055,-1.426396,-0.049536,0.436499
20200324,354,-0.287055,-1.426396,-0.049536,0.436499
20200324,355,-0.293924,-1.224368,-0.171,0.436499
20200324,356,-0.293924,-1.224368,-0.171,-1.145722
20200324,357,-0.307661,-1.224368,-0.211488,-1.145722
20200324,358,-0.307661,-1.224368,-0.211488,0.436499
20200324,359,-0.307661,-1.123354,-0.211488,-1.145722
20200324,360,-0.307661,-1.123354,-0.211488,2.01872
20200324,361,-0.300792,-0.820312,-0.009048,0.436499
20200324,362,-0.300792,-0.820312,-0.009048,0.436499
20200324,363,-0.300792,-1.02234,-0.049536,0.436499
20200324,364,-0.300792,-1.02234,-0.049536,0.436499
20200324,365,-0.293924,-1.224368,0.152905,0.436499
20200324,366,-0.293924,-1.224368,0.152905,0.436499
20200324,367,-0.287055,-1.628424,0.071928,0.436499
20200324,368,-0.287055,-1.628424,0.071928,0.436499
20200324,369,-0.307661,-1.628424,-0.090024,0.436499
20200324,370,-0.307661,-1.628424,-0.090024,-1.145722
20200324,371,-0.293924,-1.02234,-0.292465,-1.145722
20200324,372,-0.293924,-1.02234,-0.292465,0.436499
20200324,373,-0.300792,-1.02234,-0.171,-1.145722
20200324,374,-0.300792,-1.02234,-0.171,2.01872
20200324,375,-0.293924,-1.628424,-0.090024,0.436499
20200324,376,-0.293924,-1.628424,-0.090024,0.436499
20200324,377,-0.287055,-1.123354,-0.130512,0.436499
20200324,378,-0.287055,-1.123354,-0.130512,0.436499
20200324,379,-0.293924,-1.426396,-0.130512,0.436499
20200324,380,-0.293924,-1.426396,-0.130512,-1.145722
20200324,381,-0.287055,-1.325382,-0.130512,0.436499
20200324,382,-0.287055,-1.325382,-0.130512,0.436499
20200324,383,-0.287055,-1.224368,-0.171,-1.145722
20200324,384,-0.287055,-1.224368,-0.171,0.436499
20200324,385,-0.31453,-1.628424,-0.130512,-2.727943
20200324,386,-0.31453,-1.628424,-0.130512,-1.145722
20200324,387,-0.293924,-1.123354,-0.090024,0.436499
20200324,388,-0.293924,-1.123354,-0.090024,0.436499
20200324,389,-0.287055,-1.123354,-0.332953,0.436499
20200324,390,-0.287055,-1.123354,-0.332953,2.01872
20200324,391,-0.287055,-1.224368,-0.090024,-1.145722
20200324,392,-0.287055,-1.224368,-0.090024,-1.145722
20200324,393,-0.300792,-1.02234,-0.090024,0.436499
20200324,394,-0.300792,-1.02234,-0.090024,0.436499
20200324,395,-0.307661,-1.224368,-0.090024,0.436499
20200324,396,-0.307661,-1.224368,-0.090024,0.436499
20200324,397,-0.293924,-0.719298,-0.211488,0.436499
20200324,398,-0.293924,-0.719298,-0.211488,0.436499
20200324,399,-0.307661,-0.315242,-0.171,0.436499
20200324,400,-0.307661,-0.315242,-0.171,-1.145722
20200324,401,-0.300792,-0.618284,-0.130512,-1.145722
20200324,402,-0.300792,-0.618284,-0.130512,-1.145722
20200324,403,-0.287055,-0.719298,-0.130512,-1.145722
20200324,404,-0.287055,-0.719298,-0.130512,-1.145722
20200324,405,-0.287055,-0.719298,-0.130512,0.436499
20200324,406,-0.287055,-0.719298,-0.130512,2.01872
20200324,407,-0.300792,-0.113214,-0.009048,-1.145722
20200324,408,-0.300792,-0.113214,-0.009048,0.436499
20200324,409,-0.287055,-0.416256,-0.090024,-1.145722
20200324,410,-0.287055,-0.416256,-0.090024,0.436499
20200324,411,-0.300792,-0.51727,-0.171,2.01872
20200324,412,-0.300792,-0.51727,-0.171,-1.145722
20200324,413,-0.293924,-0.416256,-0.373441,0.436499
20200324,414,-0.293924,-0.416256,-0.373441,0.436499
20200324,415,-0.293924,-0.51727,-0.171,0.436499
20200324,416,-0.293924,-0.51727,-0.171,0.436499
20200324,417,-0.293924,-0.315242,-0.009048,0.436499
20200324,418,-0.293924,-0.315242,-0.009048,0.436499
20200324,419,-0.300792,-0.51727,0.03144,0.436499
20200324,420,-0.300792,-0.51727,0.03144,-1.145722
20200324,421,-0.293924,-0.012201,-0.211488,-1.145722
20200324,422,-0.293924,-0.012201,-0.211488,0.436499
20200324,423,-0.307661,-0.113214,-0.049536,-1.145722
20200324,424,-0.307661,-0.113214,-0.049536,2.01872
20200324,425,-0.300792,-0.113214,-0.251976,0.436499
20200324,426,-0.300792,-0.113214,-0.251976,0.436499
20200324,427,-0.300792,0.088813,-0.009048,0.436499
20200324,428,-0.300792,0.088813,-0.009048,0.436499
20200324,429,-0.300792,-0.416256,-0.130512,0.436499
20200324,430,-0.300792,-0.416256,-0.130512,0.436499
20200324,431,-0.293924,-0.012201,-0.130512,0.436499
20200324,432,-0.293924,-0.012201,-0.130512,0.436499
20200324,433,-0.300792,-0.113214,-0.090024,0.436499
20200324,434,-0.300792,-0.113214,-0.090024,-1.145722
20200324,435,-0.293924,-0.012201,-0.171,-1.145722
20200324,436,-0.293924,-0.012201,-0.171,0.436499
20200324,437,-0.321398,-0.113214,-0.211488,-1.145722
20200324,438,-0.321398,-0.113214,-0.211488,2.01872
20200324,439,-0.31453,0.290841,-0.211488,0.436499
20200324,440,-0.31453,0.290841,-0.211488,0.436499
20200324,441,-0.307661,0.088813,-0.130512,0.436499
20200324,442,-0.307661,0.088813,-0.130512,0.436499
20200324,443,-0.31453,-0.012201,-0.090024,0.436499
20200324,444,-0.31453,-0.012201,-0.090024,-1.145722
20200324,445,-0.31453,0.189827,-0.009048,0.436499
20200324,446,-0.31453,0.189827,-0.009048,0.436499
20200324,447,-0.307661,-0.315242,-0.171,-1.145722
20200324,448,-0.307661,-0.315242,-0.171,0.436499
20200324,449,-0.31453,-0.113214,-0.211488,-2.727943
20200324,450,-0.31453,-0.113214,-0.211488,-1.145722
20200324,451,-0.321398,-0.012201,-0.211488,0.436499
20200324,452,-0.321398,-0.012201,-0.211488,0.436499
20200324,453,-0.321398,-0.416256,-0.332953,0.436499
20200324,454,-0.321398,-0.416256,-0.332953,0.436499
20200324,455,-0.31453,-0.416256,0.03144,-1.145722
20200324,456,-0.31453,-0.416256,0.03144,0.436499
20200324,457,-0.31453,0.189827,-0.009048,0.436499
20200324,458,-0.31453,0.189827,-0.009048,-1.145722
20200324,459,-0.31453,-0.113214,-0.090024,0.436499
20200324,460,-0.31453,-0.113214,-0.090024,-2.727943
20200324,461,-0.321398,0.290841,-0.090024,-1.145722
20200324,462,-0.321398,0.290841,-0.090024,0.436499
20200324,463,-0.321398,0.189827,-0.130512,0.436499
20200324,464,-0.321398,0.189827,-0.130512,0.436499
20200324,465,-0.321398,0.290841,-0.373441,2.01872
20200324,466,-0.321398,0.290841,-0.373441,-1.145722
20200324,467,-0.321398,-0.012201,-0.211488,-1.145722
20200324,468,-0.321398,-0.012201,-0.211488,0.436499
20200324,469,-0.31453,0.189827,-0.130512,0.436499
20200324,470,-0.31453,0.189827,-0.130512,0.436499
20200324,471,-0.321398,0.088813,0.03144,0.436499
20200324,472,-0.321398,0.088813,0.03144,0.436499
20200324,473,-0.328267,-0.012201,-0.049536,0.436499
20200324,474,-0.328267,-0.012201,-0.049536,0.436499
20200324,475,-0.328267,0.088813,0.03144,-1.145722
20200324,476,-0.328267,0.088813,0.03144,-1.145722
20200324,477,-0.328267,0.189827,-0.130512,-1.145722
20200324,478,-0.328267,0.189827,-0.130512,-1.145722
20200324,479,-0.335135,0.290841,-0.130512,-1.145722
20200324,480,-0.335135,0.290841,-0.130512,0.436499
20200324,481,-0.300792,0.593883,-0.171,2.01872
20200324,482,-0.300792,0.593883,-0.171,-1.145722
20200324,483,-0.293924,0.290841,-0.171,0.436499
20200324,484,-0.293924,0.290841,-0.171,-1.145722
20200324,485,-0.300792,0.290841,-0.130512,0.436499
20200324,486,-0.300792,0.290841,-0.130512,2.01872
20200324,487,-0.307661,-0.012201,-0.090024,-1.145722
20200324,488,-0.307661,-0.012201,-0.090024,0.436499
20200324,489,-0.287055,0.189827,0.03144,0.436499
20200324,490,-0.287055,0.189827,0.03144,0.436499
20200324,491,-0.300792,0.290841,-0.090024,-1.145722
20200324,492,-0.300792,0.290841,-0.090024,0.436499
20200324,493,-0.300792,0.391855,-0.130512,0.436499
20200324,494,-0.300792,0.391855,-0.130512,-1.145722
20200324,495,-0.307661,0.492869,-0.171,0.436499
20200324,496,-0.307661,0.492869,-0.171,-2.727943
20200324,497,-0.300792,0.391855,-0.171,-1.145722
20200324,498,-0.300792,0.391855,-0.171,0.436499
20200324,499,-0.300792,0.088813,-0.251976,0.436499
20200324,500,-0.300792,0.088813,-0.251976,0.436499
20200324,501,-0.293924,0.290841,-0.090024,2.01872
20200324,502,-0.293924,0.290841,-0.090024,-1.145722
20200324,503,-0.300792,0.189827,0.152905,-1.145722
20200324,504,-0.300792,0.189827,0.152905,0.436499
20200324,505,-0.300792,0.189827,0.03144,0.436499
20200324,506,-0.300792,0.189827,0.03144,0.436499
20200324,507,-0.31453,0.391855,-0.130512,0.436499
20200324,508,-0.31453,0.391855,-0.130512,0.436499
20200324,509,-0.31453,0.492869,-0.211488,0.436499
20200324,510,-0.31453,0.492869,-0.211488,0.436499
20200324,511,-0.31453,0.088813,-0.251976,-1.145722
20200324,512,-0.31453,0.088813,-0.251976,-1.145722
20200324,513,-0.31453,0.189827,-0.171,-1.145722
20200324,514,-0.31453,0.189827,-0.171,-1.145722
20200324,515,-0.300792,0.694897,-0.009048,-1.145722
20200324,516,-0.300792,0.694897,-0.009048,0.436499
20200324,517,-0.307661,0.088813,0.233881,2.01872
20200324,518,-0.307661,0.088813,0.233881,-1.145722
20200324,519,-0.300792,0.391855,0.03144,0.436499
20200324,520,-0.300792,0.391855,0.03144,-1.145722
20200324,521,-0.307661,0.492869,0.03144,0.436499
20200324,522,-0.307661,0.492869,0.03144,2.01872
20200324,523,-0.328267,0.189827,-0.130512,-1.145722
20200324,524,-0.328267,0.189827,-0.130512,0.436499
20200324,525,-0.31453,0.290841,-0.251976,0.436499
20200324,526,-0.31453,0.290841,-0.251976,0.436499
20200324,527,-0.321398,0.189827,-0.251976,0.436499
20200324,528,-0.321398,0.189827,-0.251976,0.436499
20200324,529,-0.31453,0.088813,-0.049536,0.436499
20200324,530,-0.31453,0.088813,-0.049536,0.436499
20200324,531,-0.31453,0.189827,0.03144,-1.145722
20200324,532,-0.31453,0.189827,0.03144,-1.145722
20200324,533,-0.300792,-0.012201,0.112416,0.436499
20200324,534,-0.300792,-0.012201,0.112416,-1.145722
20200324,535,-0.31453,0.290841,0.03144,2.01872
20200324,536,-0.31453,0.290841,0.03144,0.436499
20200324,537,-0.300792,0.290841,-0.090024,0.436499
20200324,538,-0.300792,0.290841,-0.090024,0.436499
20200324,539,-0.321398,0.391855,-0.292465,0.436499
20200324,540,-0.321398,0.391855,-0.292465,0.436499
20200324,541,-0.321398,0.290841,-0.251976,0.436499
20200324,542,-0.321398,0.290841,-0.251976,0.436499
20200324,543,-0.31453,0.492869,-0.454417,0.436499
20200324,544,-0.31453,0.492869,-0.454417,0.436499
20200324,545,-0.31453,0.290841,-0.049536,-1.145722
20200324,546,-0.31453,0.290841,-0.049536,-1.145722
20200324,547,-0.307661,0.391855,0.071928,0.436499
20200324,548,-0.307661,0.391855,0.071928,-1.145722
20200324,549,-0.307661,0.290841,0.071928,2.01872
20200324,550,-0.307661,0.290841,0.071928,0.436499
20200324,551,-0.328267,0.391855,0.071928,0.436499
20200324,552,-0.328267,0.391855,0.071928,0.436499
20200324,553,-0.321398,0.088813,-0.049536,0.436499
20200324,554,-0.321398,0.088813,-0.049536,0.436499
20200324,555,-0.31453,-0.012201,-0.332953,-1.145722
20200324,556,-0.31453,-0.012201,-0.332953,0.436499
20200324,557,-0.321398,0.492869,-0.211488,0.436499
20200324,558,-0.321398,0.492869,-0.211488,-1.145722
20200324,559,-0.321398,0.391855,-0.251976,0.436499
20200324,560,-0.321398,0.391855,-0.251976,-2.727943
20200324,561,-0.31453,0.189827,-0.171,-1.145722
20200324,562,-0.31453,0.189827,-0.171,0.436499
20200324,563,-0.328267,0.290841,0.03144,0.436499
20200324,564,-0.328267,0.290841,0.03144,0.436499
20200324,565,-0.31453,0.189827,0.03144,2.01872
20200324,566,-0.31453,0.189827,0.03144,-1.145722
20200324,567,-0.307661,0.189827,-0.009048,-1.145722
20200324,568,-0.307661,0.189827,-0.009048,0.436499
20200324,569,-0.31453,0.391855,-0.049536,0.436499
20200324,570,-0.31453,0.391855,-0.049536,0.436499
20200324,571,-0.328267,0.391855,-0.171,0.436499
20200324,572,-0.328267,0.391855,-0.171,0.436499
20200324,573,-0.321398,0.088813,-0.211488,0.436499
20200324,574,-0.321398,0.088813,-0.211488,0.436499
20200324,575,-0.31453,0.189827,-0.211488,-1.145722
20200324,576,-0.31453,0.189827,-0.211488,-1.145722
20200324,577,-0.321398,0.189827,-0.090024,-1.145722
20200324,578,-0.321398,0.189827,-0.090024,-1.145722
20200324,579,-0.31453,-0.012201,0.152905,-1.145722
20200324,580,-0.31453,-0.012201,0.152905,0.436499
20200324,581,-0.31453,0.290841,0.274369,2.01872
20200324,582,-0.31453,0.290841,0.274369,-1.145722
20200324,583,-0.307661,-0.113214,0.03144,0.436499
20200324,584,-0.307661,-0.113214,0.03144,-1.145722
20200324,585,-0.31453,0.189827,-0.049536,0.436499
20200324,586,-0.31453,0.189827,-0.049536,2.01872
20200324,587,-0.328267,-0.113214,-0.130512,-1.145722
20200324,588,-0.328267,-0.113214,-0.130512,0.436499
20200324,589,-0.321398,0.290841,-0.171,0.436499
20200324,590,-0.321398,0.290841,-0.171,0.436499
20200324,591,-0.31453,0.391855,-0.171,0.436499
20200324,592,-0.31453,0.391855,-0.171,0.436499
20200324,593,-0.307661,0.593883,-0.211488,0.436499
20200324,594,-0.307661,0.593883,-0.211488,0.436499
20200324,595,-0.31453,0.290841,-0.130512,-1.145722
20200324,596,-0.31453,0.290841,-0.130512,-1.145722
20200324,597,-0.300792,0.290841,-0.009048,0.436499
20200324,598,-0.300792,0.290841,-0.009048,-1.145722
20200324,599,-0.307661,0.189827,-0.090024,2.01872
20200324,600,-0.307661,0.189827,-0.090024,0.436499
20200324,601,-0.31453,0.088813,-0.130512,0.436499
20200324,602,-0.31453,0.088813,-0.130512,0.436499
20200324,603,-0.307661,0.290841,-0.171,0.436499
20200324,604,-0.307661,0.290841,-0.171,0.436499
20200324,605,-0.321398,0.290841,-0.211488,-1.145722
20200324,606,-0.321398,0.290841,-0.211488,0.436499
20200324,607,-0.307661,-0.012201,-0.211488,0.436499
20200324,608,-0.307661,-0.012201,-0.211488,-1.145722
20200324,609,-0.31453,0.088813,-0.130512,0.436499
20200324,610,-0.31453,0.088813,-0.130512,-2.727943
20200324,611,-0.31453,0.189827,0.152905,-1.145722
20200324,612,-0.31453,0.189827,0.152905,0.436499
20200324,613,-0.31453,0.593883,0.193393,0.436499
20200324,614,-0.31453,0.593883,0.193393,0.436499
20200324,615,-0.31453,0.088813,-0.090024,2.01872
20200324,616,-0.31453,0.088813,-0.090024,-1.145722
20200324,617,-0.321398,0.290841,-0.373441,-1.145722
20200324,618,-0.321398,0.290841,-0.373441,0.436499
20200324,619,-0.328267,0.391855,-0.171,0.436499
20200324,620,-0.328267,0.391855,-0.171,0.436499
20200324,621,-0.321398,0.189827,-0.090024,0.436499
20200324,622,-0.321398,0.189827,-0.090024,0.436499
20200324,623,-0.328267,0.189827,-0.211488,0.436499
20200324,624,-0.328267,0.189827,-0.211488,0.436499
20200324,625,-0.307661,0.391855,-0.130512,-1.145722
20200324,626,-0.307661,0.391855,-0.130512,-1.145722
20200324,627,-0.321398,0.189827,-0.332953,-1.145722
20200324,628,-0.321398,0.189827,-0.332953,-1.145722
20200324,629,-0.321398,0.189827,-0.373441,-1.145722
20200324,630,-0.321398,0.189827,-0.373441,0.436499
20200324,631,-0.307661,0.088813,-0.130512,2.01872
20200324,632,-0.307661,0.088813,-0.130512,-1.145722
20200324,633,-0.321398,0.391855,-0.130512,0.436499
20200324,634,-0.321398,0.391855,-0.130512,-1.145722
20200324,635,-0.328267,-0.012201,-0.130512,0.436499
20200324,636,-0.328267,-0.012201,-0.130512,2.01872
20200324,637,-0.328267,0.290841,-0.292465,-1.145722
20200324,638,-0.328267,0.290841,-0.292465,0.436499
20200324,639,-0.321398,0.088813,-0.211488,0.436499
20200324,640,-0.321398,0.088813,-0.211488,0.436499
20200324,641,-0.321398,0.391855,-0.171,0.436499
20200324,642,-0.321398,0.391855,-0.171,0.436499
20200324,643,-0.31453,0.189827,-0.090024,0.436499
20200324,644,-0.31453,0.189827,-0.090024,0.436499
20200324,645,-0.31453,0.088813,-0.009048,-1.145722
20200324,646,-0.31453,0.088813,-0.009048,-1.145722
20200324,647,-0.328267,0.593883,0.071928,0.436499
20200324,648,-0.328267,0.593883,0.071928,-1.145722
20200324,649,-0.321398,-0.012201,0.03144,2.01872
20200324,650,-0.321398,-0.012201,0.03144,0.436499
20200324,651,-0.328267,0.290841,-0.009048,0.436499
20200324,652,-0.328267,0.290841,-0.009048,0.436499
20200324,653,-0.328267,0.391855,-0.090024,-1.145722
20200324,654,-0.328267,0.391855,-0.090024,0.436499
20200324,655,-0.321398,0.391855,-0.130512,0.436499
20200324,656,-0.321398,0.391855,-0.130512,-1.145722
20200324,657,-0.328267,0.391855,-0.090024,0.436499
20200324,658,-0.328267,0.391855,-0.090024,-2.727943
20200324,659,-0.321398,0.189827,-0.211488,-1.145722
20200324,660,-0.321398,0.189827,-0.211488,0.436499
20200324,661,-0.328267,0.694897,-0.211488,0.436499
20200324,662,-0.328267,0.694897,-0.211488,0.436499
20200324,663,-0.321398,0.189827,-0.049536,2.01872
20200324,664,-0.321398,0.189827,-0.049536,-1.145722
20200324,665,-0.321398,0.290841,0.193393,-1.145722
20200324,666,-0.321398,0.290841,0.193393,0.436499
20200324,667,-0.321398,0.088813,0.112416,0.436499
20200324,668,-0.321398,0.088813,0.112416,0.436499
20200324,669,-0.31453,0.088813,-0.049536,0.436499
20200324,670,-0.31453,0.088813,-0.049536,0.436499
20200324,671,-0.321398,0.189827,-0.090024,0.436499
20200324,672,-0.321398,0.189827,-0.090024,0.436499
20200324,673,-0.321398,0.290841,0.03144,-1.145722
20200324,674,-0.321398,0.290841,0.03144,-1.145722
20200324,675,-0.328267,0.391855,-0.130512,-1.145722
20200324,676,-0.328267,0.391855,-0.130512,-1.145722
20200324,677,-0.328267,0.593883,-0.130512,-1.145722
20200324,678,-0.328267,0.593883,-0.130512,0.436499
20200324,679,-0.328267,0.694897,-0.373441,2.01872
20200324,680,-0.328267,0.694897,-0.373441,-1.145722
20200324,681,-0.31453,0.492869,-0.090024,0.436499
20200324,682,-0.31453,0.492869,-0.090024,-1.145722
20200324,683,-0.328267,0.391855,-0.009048,0.436499
20200324,684,-0.328267,0.391855,-0.009048,2.01872
20200324,685,-0.31453,0.593883,-0.090024,-1.145722
20200324,686,-0.31453,0.593883,-0.090024,0.436499
20200324,687,-0.328267,0.593883,-0.211488,0.436499
20200324,688,-0.328267,0.593883,-0.211488,0.436499
20200324,689,-0.335135,0.492869,-0.211488,-1.145722
20200324,690,-0.335135,0.492869,-0.211488,0.436499
20200324,691,-0.328267,0.391855,-0.292465,0.436499
20200324,692,-0.328267,0.391855,-0.292465,-1.145722
20200324,693,-0.328267,0.593883,-0.009048,0.436499
20200324,694,-0.328267,0.593883,-0.009048,-2.727943
20200324,695,-0.31453,-0.012201,0.071928,-1.145722
20200324,696,-0.31453,-0.012201,0.071928,0.436499
20200324,697,-0.328267,0.290841,0.152905,0.436499
20200324,698,-0.328267,0.290841,0.152905,0.436499
20200324,699,-0.328267,0.189827,-0.009048,2.01872
20200324,700,-0.328267,0.189827,-0.009048,-1.145722
20200324,701,-0.321398,0.391855,-0.049536,-1.145722
20200324,702,-0.321398,0.391855,-0.049536,0.436499
20200324,703,-0.328267,0.391855,-0.130512,0.436499
20200324,704,-0.328267,0.391855,-0.130512,0.436499
20200324,705,-0.328267,-0.214228,-0.090024,0.436499
20200324,706,-0.328267,-0.214228,-0.090024,0.436499
20200324,707,-0.321398,0.290841,-0.090024,0.436499
20200324,708,-0.321398,0.290841,-0.090024,0.436499
20200324,709,-0.321398,0.391855,0.071928,-1.145722
20200324,710,-0.321398,0.391855,0.071928,-1.145722
20200324,711,-0.328267,0.189827,0.112416,-1.145722
20200324,712,-0.328267,0.189827,0.112416,-1.145722
20200324,713,-0.328267,0.391855,0.112416,-1.145722
20200324,714,-0.328267,0.391855,0.112416,0.436499
20200324,715,-0.328267,0.088813,0.03144,2.01872
20200324,716,-0.328267,0.088813,0.03144,-1.145722
20200324,717,-0.328267,0.391855,-0.130512,0.436499
20200324,718,-0.328267,0.391855,-0.130512,-1.145722
20200324,719,-0.335135,0.290841,-0.251976,0.436499
20200324,720,-0.335135,0.290841,-0.251976,2.01872
20200324,721,-0.335135,0.391855,-0.454417,-1.145722
20200324,722,-0.335135,0.391855,-0.454417,0.436499
20200324,723,-0.328267,0.290841,-0.090024,0.436499
20200324,724,-0.328267,0.290841,-0.090024,0.436499
20200324,725,-0.321398,0.391855,0.112416,0.436499
20200324,726,-0.321398,0.391855,0.112416,0.436499
20200324,727,-0.328267,0.290841,0.03144,0.436499
20200324,728,-0.328267,0.290841,0.03144,0.436499
20200324,729,-0.342004,0.290841,-0.130512,-1.145722
20200324,730,-0.342004,0.290841,-0.130512,-1.145722
20200324,731,-0.342004,0.290841,-0.171,0.436499
20200324,732,-0.342004,0.290841,-0.171,-1.145722
20200324,733,-0.369478,0.492869,-0.211488,2.01872
20200324,734,-0.369478,0.492869,-0.211488,0.436499
20200324,735,-0.348872,0.795911,-0.171,0.436499
20200324,736,-0.348872,0.795911,-0.171,0.436499
20200324,737,-0.383215,0.492869,-0.090024,0.436499
20200324,738,-0.383215,0.492869,-0.090024,0.436499
20200324,739,-0.396953,0.593883,0.03144,0.436499
20200324,740,-0.396953,0.593883,0.03144,0.436499
20200324,741,-0.424427,0.997939,-0.251976,0.436499
20200324,742,-0.424427,0.997939,-0.251976,0.436499
20200324,743,-0.417558,0.997939,-0.090024,-1.145722
20200324,744,-0.417558,0.997939,-0.090024,-1.145722
20200324,745,-0.431295,0.795911,-0.171,0.436499
20200324,746,-0.431295,0.795911,-0.171,-1.145722
20200324,747,-0.424427,0.593883,-0.251976,2.01872
20200324,748,-0.424427,0.593883,-0.251976,0.436499
20200324,749,-0.417558,0.795911,-0.130512,0.436499
20200324,750,-0.417558,0.795911,-0.130512,0.436499
20200324,751,-0.431295,0.593883,0.03144,0.436499
20200324,752,-0.431295,0.593883,0.03144,0.436499
20200324,753,-0.417558,0.189827,-0.090024,-1.145722
20200324,754,-0.417558,0.189827,-0.090024,0.436499
20200324,755,-0.321398,0.189827,-0.130512,0.436499
20200324,756,-0.321398,0.189827,-0.130512,-1.145722
20200324,757,-0.321398,0.391855,-0.292465,0.436499
20200324,758,-0.321398,0.391855,-0.292465,-2.727943
20200324,759,-0.321398,2.614163,-0.171,-1.145722
20200324,760,-0.321398,2.614163,-0.171,0.436499
20200324,761,-0.26645,-0.214228,-0.049536,0.436499
20200324,762,-0.26645,-0.214228,-0.049536,0.436499
20200324,763,-0.321398,-0.416256,0.193393,2.01872
20200324,764,-0.321398,-0.416256,0.193393,-1.145722
20200324,765,-0.321398,-0.51727,0.112416,-1.145722
20200324,766,-0.321398,-0.51727,0.112416,0.436499
20200324,767,-0.321398,-0.315242,0.03144,0.436499
20200324,768,-0.321398,-0.315242,0.03144,0.436499
20200324,769,-0.321398,0.088813,-0.171,0.436499
20200324,770,-0.321398,0.088813,-0.171,0.436499
20200324,771,-0.321398,0.088813,-0.251976,0.436499
20200324,772,-0.321398,0.088813,-0.251976,0.436499
20200324,773,-0.321398,0.391855,-0.171,-1.145722
20200324,774,-0.321398,0.391855,-0.171,-1.145722
20200324,775,-0.31453,0.189827,-0.130512,-1.145722
20200324,776,-0.31453,0.189827,-0.130512,-1.145722
20200324,777,-0.307661,-0.012201,0.03144,-1.145722
20200324,778,-0.307661,-0.012201,0.03144,0.436499
20200324,779,-0.321398,0.391855,0.03144,2.01872
20200324,780,-0.321398,0.391855,0.03144,-1.145722
20200324,781,-0.31453,0.290841,0.03144,0.436499
20200324,782,-0.31453,0.290841,0.03144,-1.145722
20200324,783,-0.321398,-0.113214,-0.130512,0.436499
20200324,784,-0.321398,-0.113214,-0.130512,2.01872
20200324,785,-0.328267,0.290841,-0.211488,-1.145722
20200324,786,-0.328267,0.290841,-0.211488,0.436499
20200324,787,-0.31453,2.412135,-0.171,0.436499
20200324,788,-0.31453,2.412135,-0.171,0.436499
20200324,789,-0.273318,-0.214228,-0.009048,0.436499
20200324,790,-0.273318,-0.214228,-0.009048,0.436499
20200324,791,-0.307661,-0.214228,0.03144,0.436499
20200324,792,-0.307661,-0.214228,0.03144,0.436499
20200324,793,-0.328267,-0.51727,0.03144,-1.145722
20200324,794,-0.328267,-0.51727,0.03144,-1.145722
20200324,795,-0.321398,-0.315242,-0.090024,0.436499
20200324,796,-0.321398,-0.315242,-0.090024,-1.145722
20200324,797,-0.31453,-0.214228,-0.211488,2.01872
20200324,798,-0.31453,-0.214228,-0.211488,0.436499
20200324,799,-0.328267,0.391855,-0.494905,0.436499
20200324,800,-0.328267,0.391855,-0.494905,0.436499
20200324,801,-0.321398,-0.012201,-0.413929,0.436499
20200324,802,-0.321398,-0.012201,-0.413929,0.436499
20200324,803,-0.300792,0.290841,-0.251976,0.436499
20200324,804,-0.300792,0.290841,-0.251976,-1.145722
20200324,805,-0.321398,0.290841,0.112416,-1.145722
20200324,806,-0.321398,0.290841,0.112416,0.436499
20200324,807,-0.307661,-0.012201,0.193393,-1.145722
20200324,808,-0.307661,-0.012201,0.193393,2.01872
20200324,809,-0.321398,0.492869,0.071928,0.436499
20200324,810,-0.321398,0.492869,0.071928,0.436499
20200324,811,-0.328267,0.290841,-0.090024,0.436499
20200324,812,-0.328267,0.290841,-0.090024,0.436499
20200324,813,-0.328267,0.492869,-0.494905,-1.145722
20200324,814,-0.328267,0.492869,-0.494905,0.436499
20200324,815,-0.321398,0.694897,-0.494905,0.436499
20200324,816,-0.321398,0.694897,-0.494905,-1.145722
20200324,817,-0.321398,0.088813,-0.130512,0.436499
20200324,818,-0.321398,0.088813,-0.130512,-2.727943
20200324,819,-0.307661,0.391855,0.193393,-1.145722
20200324,820,-0.307661,0.391855,0.193393,0.436499
20200324,821,-0.31453,-0.012201,0.517297,0.436499
20200324,822,-0.31453,-0.012201,0.517297,0.436499
20200324,823,-0.307661,0.290841,0.395833,2.01872
20200324,824,-0.307661,0.290841,0.395833,-1.145722
20200324,825,-0.31453,-0.214228,0.112416,-1.145722
20200324,826,-0.31453,-0.214228,0.112416,0.436499
20200324,827,-0.328267,0.088813,-0.130512,0.436499
20200324,828,-0.328267,0.088813,-0.130512,0.436499
20200324,829,-0.328267,0.290841,-0.292465,0.436499
20200324,830,-0.328267,0.290841,-0.292465,0.436499
20200324,831,-0.321398,-0.113214,-0.535393,0.436499
20200324,832,-0.321398,-0.113214,-0.535393,0.436499
20200324,833,-0.335135,0.290841,-0.332953,-1.145722
20200324,834,-0.335135,0.290841,-0.332953,-1.145722
20200324,835,-0.328267,-0.113214,0.152905,-1.145722
20200324,836,-0.328267,-0.113214,0.152905,-1.145722
20200324,837,-0.321398,-0.113214,0.314857,-1.145722
20200324,838,-0.321398,-0.113214,0.314857,0.436499
20200324,839,-0.328267,0.088813,0.274369,2.01872
20200324,840,-0.328267,0.088813,0.274369,-1.145722
20200324,841,-0.328267,0.088813,0.152905,0.436499
20200324,842,-0.328267,0.088813,0.152905,0.436499
20200324,843,-0.342004,0.290841,-0.049536,-1.145722
20200324,844,-0.342004,0.290841,-0.049536,0.436499
20200324,845,-0.321398,0.290841,-0.332953,0.436499
20200324,846,-0.321398,0.290841,-0.332953,-1.145722
20200324,847,-0.328267,0.593883,-0.292465,0.436499
20200324,848,-0.328267,0.593883,-0.292465,-2.727943
20200324,849,-0.328267,-0.113214,-0.251976,-1.145722
20200324,850,-0.328267,-0.113214,-0.251976,0.436499
20200324,851,-0.328267,0.088813,0.03144,0.436499
20200324,852,-0.328267,0.088813,0.03144,0.436499
20200324,853,-0.31453,-0.113214,0.152905,2.01872
20200324,854,-0.31453,-0.113214,0.152905,-1.145722
20200324,855,-0.31453,-0.012201,0.314857,-1.145722
20200324,856,-0.31453,-0.012201,0.314857,0.436499
20200324,857,-0.307661,-0.113214,0.152905,0.436499
20200324,858,-0.307661,-0.113214,0.152905,0.436499
20200324,859,-0.31453,0.088813,0.03144,0.436499
20200324,860,-0.31453,0.088813,0.03144,0.436499
20200324,861,-0.328267,0.290841,-0.171,0.436499
20200324,862,-0.328267,0.290841,-0.171,0.436499
20200324,863,-0.328267,0.391855,-0.251976,-1.145722
20200324,864,-0.328267,0.391855,-0.251976,-1.145722
20200324,865,-0.328267,0.694897,-0.292465,-1.145722
20200324,866,-0.328267,0.694897,-0.292465,-1.145722
20200324,867,-0.31453,0.088813,-0.090024,-1.145722
20200324,868,-0.31453,0.088813,-0.090024,0.436499
20200324,869,-0.300792,-0.214228,0.112416,2.01872
20200324,870,-0.300792,-0.214228,0.112416,-1.145722
20200324,871,-0.307661,-0.012201,0.233881,0.436499
20200324,872,-0.307661,-0.012201,0.233881,-1.145722
20200324,873,-0.31453,-0.113214,0.233881,0.436499
20200324,874,-0.31453,-0.113214,0.233881,2.01872
20200324,875,-0.307661,0.189827,-0.009048,-1.145722
20200324,876,-0.307661,0.189827,-0.009048,0.436499
20200324,877,-0.328267,0.088813,-0.009048,0.436499
20200324,878,-0.328267,0.088813,-0.009048,0.436499
20200324,879,-0.31453,0.189827,-0.494905,-1.145722
20200324,880,-0.31453,0.189827,-0.494905,0.436499
20200324,881,-0.328267,0.088813,-0.292465,0.436499
20200324,882,-0.328267,0.088813,-0.292465,-1.145722
20200324,883,-0.328267,0.694897,-0.130512,0.436499
20200324,884,-0.328267,0.694897,-0.130512,-2.727943
20200324,885,-0.321398,0.088813,0.071928,-1.145722
20200324,886,-0.321398,0.088813,0.071928,0.436499
20200324,887,-0.31453,0.492869,0.112416,0.436499
20200324,888,-0.31453,0.492869,0.112416,0.436499
20200324,889,-0.321398,-0.012201,0.071928,2.01872
20200324,890,-0.321398,-0.012201,0.071928,-1.145722
20200324,891,-0.321398,-0.113214,-0.049536,-1.145722
20200324,892,-0.321398,-0.113214,-0.049536,0.436499
20200324,893,-0.321398,0.189827,-0.171,0.436499
20200324,894,-0.321398,0.189827,-0.171,0.436499
20200324,895,-0.328267,0.290841,-0.373441,0.436499
20200324,896,-0.328267,0.290841,-0.373441,0.436499
20200324,897,-0.321398,0.391855,-0.494905,0.436499
20200324,898,-0.321398,0.391855,-0.494905,0.436499
20200324,899,-0.31453,0.290841,-0.049536,-1.145722
20200324,900,-0.31453,0.290841,-0.049536,-1.145722
20200324,901,-0.31453,0.593883,0.03144,-1.145722
20200324,902,-0.31453,0.593883,0.03144,-1.145722
20200324,903,-0.300792,0.492869,0.112416,-1.145722
20200324,904,-0.300792,0.492869,0.112416,0.436499
20200324,905,-0.335135,0.189827,0.03144,2.01872
20200324,906,-0.335135,0.189827,0.03144,-1.145722
20200324,907,-0.293924,0.088813,-0.009048,0.436499
20200324,908,-0.293924,0.088813,-0.009048,-1.145722
20200324,909,-0.328267,0.189827,-0.373441,0.436499
20200324,910,-0.328267,0.189827,-0.373441,2.01872
20200324,911,-0.328267,0.189827,-0.332953,-1.145722
20200324,912,-0.328267,0.189827,-0.332953,0.436499
20200324,913,-0.321398,0.492869,-0.251976,0.436499
20200324,914,-0.321398,0.492869,-0.251976,0.436499
20200324,915,-0.321398,0.189827,0.152905,0.436499
20200324,916,-0.321398,0.189827,0.152905,0.436499
20200324,917,-0.328267,0.290841,0.395833,0.436499
20200324,918,-0.328267,0.290841,0.395833,0.436499
20200324,919,-0.307661,0.290841,0.314857,-1.145722
20200324,920,-0.307661,0.290841,0.314857,-1.145722
20200324,921,-0.321398,0.189827,0.233881,0.436499
20200324,922,-0.321398,0.189827,0.233881,-1.145722
20200324,923,-0.342004,0.492869,-0.049536,2.01872
20200324,924,-0.342004,0.492869,-0.049536,0.436499
20200324,925,-0.328267,0.290841,-0.332953,0.436499
20200324,926,-0.328267,0.290841,-0.332953,0.436499
20200324,927,-0.342004,0.391855,-0.292465,0.436499
20200324,928,-0.342004,0.391855,-0.292465,0.436499
20200324,929,-0.328267,0.088813,-0.454417,0.436499
20200324,930,-0.328267,0.088813,-0.454417,0.436499
20200324,931,-0.321398,0.391855,0.03144,0.436499
20200324,932,-0.321398,0.391855,0.03144,0.436499
20200324,933,-0.328267,0.088813,0.112416,-1.145722
20200324,934,-0.328267,0.088813,0.112416,-1.145722
20200324,935,-0.307661,0.290841,0.152905,0.436499
20200324,936,-0.307661,0.290841,0.152905,-1.145722
20200324,937,-0.321398,0.593883,0.071928,2.01872
20200324,938,-0.321398,0.593883,0.071928,0.436499
20200324,939,-0.335135,0.492869,-0.049536,0.436499
20200324,940,-0.335135,0.492869,-0.049536,0.436499
20200324,941,-0.328267,0.492869,-0.171,0.436499
20200324,942,-0.328267,0.492869,-0.171,0.436499
20200324,943,-0.321398,0.492869,-0.251976,-1.145722
20200324,944,-0.321398,0.492869,-0.251976,0.436499
20200324,945,-0.335135,0.795911,-0.211488,0.436499
20200324,946,-0.335135,0.795911,-0.211488,-1.145722
20200324,947,-0.321398,0.391855,-0.211488,0.436499
20200324,948,-0.321398,0.391855,-0.211488,-2.727943
20200324,949,-0.328267,0.391855,0.193393,-1.145722
20200324,950,-0.328267,0.391855,0.193393,0.436499
20200324,951,-0.321398,0.088813,0.152905,0.436499
20200324,952,-0.321398,0.088813,0.152905,0.436499
20200324,953,-0.31453,0.492869,-0.009048,2.01872
20200324,954,-0.31453,0.492869,-0.009048,-1.145722
20200324,955,-0.328267,0.189827,-0.171,-1.145722
20200324,956,-0.328267,0.189827,-0.171,0.436499
20200324,957,-0.321398,0.694897,-0.211488,0.436499
20200324,958,-0.321398,0.694897,-0.211488,0.436499
20200324,959,-0.328267,0.593883,-0.211488,0.436499
20200324,960,-0.328267,0.593883,-0.211488,0.436499
20200324,961,-0.335135,0.391855,-0.130512,0.436499
20200324,962,-0.335135,0.391855,-0.130512,0.436499
20200324,963,-0.321398,0.391855,-0.049536,-1.145722
20200324,964,-0.321398,0.391855,-0.049536,-1.145722
20200324,965,-0.321398,0.189827,0.112416,-1.145722
20200324,966,-0.321398,0.189827,0.112416,-1.145722
20200324,967,-0.328267,0.391855,0.03144,-1.145722
20200324,968,-0.328267,0.391855,0.03144,0.436499
20200324,969,-0.321398,0.088813,-0.090024,2.01872
20200324,970,-0.321398,0.088813,-0.090024,-1.145722
20200324,971,-0.335135,0.088813,-0.171,0.436499
20200324,972,-0.335135,0.088813,-0.171,-1.145722
20200324,973,-0.335135,0.492869,-0.211488,0.436499
20200324,974,-0.335135,0.492869,-0.211488,2.01872
20200324,975,-0.321398,0.492869,-0.090024,-1.145722
20200324,976,-0.321398,0.492869,-0.090024,0.436499
20200324,977,-0.328267,0.189827,-0.171,0.436499
20200324,978,-0.328267,0.189827,-0.171,0.436499
20200324,979,-0.321398,0.290841,-0.251976,0.436499
20200324,980,-0.321398,0.290841,-0.251976,0.436499
20200324,981,-0.321398,0.694897,-0.413929,0.436499
20200324,982,-0.321398,0.694897,-0.413929,0.436499
20200324,983,-0.328267,0.492869,-0.171,-1.145722
20200324,984,-0.328267,0.492869,-0.171,-1.145722
20200324,985,-0.328267,0.391855,-0.009048,0.436499
20200324,986,-0.328267,0.391855,-0.009048,-1.145722
20200324,987,-0.321398,0.391855,0.071928,2.01872
20200324,988,-0.321398,0.391855,0.071928,0.436499
20200324,989,-0.328267,0.492869,0.03144,0.436499
20200324,990,-0.328267,0.492869,0.03144,-1.145722
20200324,991,-0.328267,0.088813,-0.049536,0.436499
20200324,992,-0.328267,0.088813,-0.049536,-1.145722
20200324,993,-0.328267,0.492869,-0.211488,0.436499
20200324,994,-0.328267,0.492869,-0.211488,2.01872
20200324,995,-0.328267,0.391855,-0.211488,-1.145722
20200324,996,-0.328267,0.391855,-0.211488,0.436499
20200324,997,-0.328267,0.694897,-0.211488,0.436499
20200324,998,-0.328267,0.694897,-0.211488,0.436499
20200324,999,-0.335135,0.492869,-0.009048,-1.145722
20200324,1000,-0.335135,0.492869,-0.009048,0.436499
20200324,1001,-0.31453,0.189827,0.152905,0.436499
20200324,1002,-0.31453,0.189827,0.152905,-1.145722
20200324,1003,-0.328267,0.391855,0.152905,0.436499
20200324,1004,-0.328267,0.391855,0.152905,-2.727943
20200324,1005,-0.328267,0.391855,-0.009048,-1.145722
20200324,1006,-0.328267,0.391855,-0.009048,0.436499
20200324,1007,-0.328267,0.290841,-0.373441,0.436499
20200324,1008,-0.328267,0.290841,-0.373441,0.436499
20200324,1009,-0.335135,0.290841,-0.211488,2.01872
20200324,1010,-0.335135,0.290841,-0.211488,-1.145722
20200324,1011,-0.328267,0.290841,-0.332953,-1.145722
20200324,1012,-0.328267,0.290841,-0.332953,0.436499
20200324,1013,-0.321398,0.189827,-0.090024,0.436499
20200324,1014,-0.321398,0.189827,-0.090024,0.436499
20200324,1015,-0.31453,0.290841,0.193393,0.436499
20200324,1016,-0.31453,0.290841,0.193393,0.436499
20200324,1017,-0.321398,0.290841,0.436321,0.436499
20200324,1018,-0.321398,0.290841,0.436321,0.436499
20200324,1019,-0.321398,0.189827,0.274369,-1.145722
20200324,1020,-0.321398,0.189827,0.274369,-1.145722
20200324,1021,-0.328267,0.492869,0.112416,-1.145722
20200324,1022,-0.328267,0.492869,0.112416,-1.145722
20200324,1023,-0.328267,-0.012201,-0.090024,-1.145722
20200324,1024,-0.328267,-0.012201,-0.090024,0.436499
20200324,1025,-0.342004,0.391855,-0.211488,2.01872
20200324,1026,-0.342004,0.391855,-0.211488,-1.145722
20200324,1027,-0.342004,0.694897,-0.292465,0.436499
20200324,1028,-0.342004,0.694897,-0.292465,-1.145722
20200324,1029,-0.321398,0.492869,-0.292465,0.436499
20200324,1030,-0.321398,0.492869,-0.292465,2.01872
20200324,1031,-0.335135,0.290841,0.071928,-1.145722
20200324,1032,-0.335135,0.290841,0.071928,0.436499
20200324,1033,-0.328267,0.290841,0.233881,0.436499
20200324,1034,-0.328267,0.290841,0.233881,0.436499
20200324,1035,-0.328267,-0.113214,0.112416,0.436499
20200324,1036,-0.328267,-0.113214,0.112416,0.436499
20200324,1037,-0.328267,0.189827,-0.171,0.436499
20200324,1038,-0.328267,0.189827,-0.171,0.436499
20200324,1039,-0.342004,0.088813,-0.332953,-1.145722
20200324,1040,-0.342004,0.088813,-0.332953,-1.145722
20200324,1041,-0.335135,0.391855,-0.251976,0.436499
20200324,1042,-0.335135,0.391855,-0.251976,-1.145722
20200324,1043,-0.335135,0.088813,-0.171,2.01872
20200324,1044,-0.335135,0.088813,-0.171,0.436499
20200324,1045,-0.328267,0.492869,-0.049536,0.436499
20200324,1046,-0.328267,0.492869,-0.049536,0.436499
20200324,1047,-0.335135,0.189827,0.071928,0.436499
20200324,1048,-0.335135,0.189827,0.071928,0.436499
20200324,1049,-0.328267,0.391855,0.071928,0.436499
20200324,1050,-0.328267,0.391855,0.071928,0.436499
20200324,1051,-0.328267,0.088813,0.152905,0.436499
20200324,1052,-0.328267,0.088813,0.152905,0.436499
20200324,1053,-0.335135,0.189827,-0.049536,-1.145722
20200324,1054,-0.335135,0.189827,-0.049536,-1.145722
20200324,1055,-0.342004,0.290841,-0.211488,0.436499
20200324,1056,-0.342004,0.290841,-0.211488,-1.145722
20200324,1057,-0.328267,0.492869,-0.171,2.01872
20200324,1058,-0.328267,0.492869,-0.171,0.436499
20200324,1059,-0.342004,0.189827,-0.171,0.436499
20200324,1060,-0.342004,0.189827,-0.171,0.436499
20200324,1061,-0.335135,0.391855,-0.171,0.436499
20200324,1062,-0.335135,0.391855,-0.171,0.436499
20200324,1063,-0.328267,0.492869,-0.049536,-1.145722
20200324,1064,-0.328267,0.492869,-0.049536,0.436499
20200324,1065,-0.321398,0.391855,0.03144,0.436499
20200324,1066,-0.321398,0.391855,0.03144,-1.145722
20200324,1067,-0.328267,0.290841,-0.009048,0.436499
20200324,1068,-0.328267,0.290841,-0.009048,-2.727943
20200324,1069,-0.328267,0.290841,-0.009048,-1.145722
20200324,1070,-0.328267,0.290841,-0.009048,0.436499
20200324,1071,-0.335135,0.593883,-0.130512,0.436499
20200324,1072,-0.335135,0.593883,-0.130512,0.436499
20200324,1073,-0.342004,0.391855,-0.251976,2.01872
20200324,1074,-0.342004,0.391855,-0.251976,-1.145722
20200324,1075,-0.335135,0.593883,-0.171,-1.145722
20200324,1076,-0.335135,0.593883,-0.171,0.436499
20200324,1077,-0.335135,0.795911,-0.292465,0.436499
20200324,1078,-0.335135,0.795911,-0.292465,0.436499
20200324,1079,-0.321398,0.189827,-0.009048,0.436499
20200324,1080,-0.321398,0.189827,-0.009048,0.436499
20200324,1081,-0.335135,0.492869,0.03144,0.436499
20200324,1082,-0.335135,0.492869,0.03144,0.436499
20200324,1083,-0.335135,-0.012201,-0.130512,-1.145722
20200324,1084,-0.335135,-0.012201,-0.130512,-1.145722
20200324,1085,-0.328267,0.492869,-0.373441,-1.145722
20200324,1086,-0.328267,0.492869,-0.373441,-1.145722
20200324,1087,-0.342004,0.290841,-0.211488,-1.145722
20200324,1088,-0.342004,0.290841,-0.211488,0.436499
20200324,1089,-0.335135,0.290841,-0.211488,2.01872
20200324,1090,-0.335135,0.290841,-0.211488,-1.145722
20200324,1091,-0.328267,0.088813,-0.332953,0.436499
20200324,1092,-0.328267,0.088813,-0.332953,-1.145722
20200324,1093,-0.335135,0.492869,-0.049536,0.436499
20200324,1094,-0.335135,0.492869,-0.049536,2.01872
20200324,1095,-0.328267,0.492869,-0.009048,-1.145722
20200324,1096,-0.328267,0.492869,-0.009048,0.436499
20200324,1097,-0.328267,0.290841,0.03144,0.436499
20200324,1098,-0.328267,0.290841,0.03144,0.436499
20200324,1099,-0.342004,0.492869,-0.090024,0.436499
20200324,1100,-0.342004,0.492869,-0.090024,0.436499
20200324,1101,-0.335135,0.088813,-0.171,0.436499
20200324,1102,-0.335135,0.088813,-0.171,0.436499
20200324,1103,-0.335135,0.694897,-0.211488,-1.145722
20200324,1104,-0.335135,0.694897,-0.211488,0.436499
20200324,1105,-0.342004,-0.012201,-0.211488,0.436499
20200324,1106,-0.342004,-0.012201,-0.211488,-1.145722
20200324,1107,-0.342004,0.290841,-0.049536,0.436499
20200324,1108,-0.342004,0.290841,-0.049536,0.436499
20200324,1109,-0.328267,0.492869,0.03144,-1.145722
20200324,1110,-0.328267,0.492869,0.03144,0.436499
20200324,1111,-0.335135,0.593883,0.071928,-2.727943
20200324,1112,-0.335135,0.593883,0.071928,-1.145722
20200324,1113,-0.328267,0.088813,-0.009048,0.436499
20200324,1114,-0.328267,0.088813,-0.009048,0.436499
20200324,1115,-0.335135,0.189827,-0.049536,0.436499
20200324,1116,-0.335135,0.189827,-0.049536,2.01872
20200324,1117,-0.335135,0.391855,-0.373441,-1.145722
20200324,1118,-0.335135,0.391855,-0.373441,-1.145722
20200324,1119,-0.335135,0.391855,-0.211488,0.436499
20200324,1120,-0.335135,0.391855,-0.211488,0.436499
20200324,1121,-0.335135,0.694897,-0.130512,0.436499
20200324,1122,-0.335135,0.694897,-0.130512,0.436499
20200324,1123,-0.328267,0.391855,-0.009048,0.436499
20200324,1124,-0.328267,0.391855,-0.009048,0.436499
20200324,1125,-0.335135,0.593883,-0.009048,0.436499
20200324,1126,-0.335135,0.593883,-0.009048,-1.145722
20200324,1127,-0.328267,0.593883,-0.009048,-1.145722
20200324,1128,-0.328267,0.593883,-0.009048,-1.145722
20200324,1129,-0.328267,0.088813,-0.130512,-1.145722
20200324,1130,-0.328267,0.088813,-0.130512,-1.145722
20200324,1131,-0.335135,0.391855,-0.332953,0.436499
20200324,1132,-0.335135,0.391855,-0.332953,2.01872
20200324,1133,-0.335135,0.088813,-0.373441,-1.145722
20200324,1134,-0.335135,0.088813,-0.373441,0.436499
20200324,1135,-0.321398,0.189827,-0.049536,-1.145722
20200324,1136,-0.321398,0.189827,-0.049536,0.436499
20200324,1137,-0.321398,0.391855,0.152905,2.01872
20200324,1138,-0.321398,0.391855,0.152905,-1.145722
20200324,1139,-0.328267,0.290841,0.112416,0.436499
20200324,1140,-0.328267,0.290841,0.112416,0.436499
20200324,1141,-0.328267,0.593883,-0.049536,0.436499
20200324,1142,-0.328267,0.593883,-0.049536,-1.145722
20200324,1143,-0.342004,0.391855,-0.171,0.436499
20200324,1144,-0.342004,0.391855,-0.171,0.436499
20200324,1145,-0.348872,0.088813,-0.171,-1.145722
20200324,1146,-0.348872,0.088813,-0.171,0.436499
20200324,1147,-0.342004,0.391855,-0.130512,-2.727943
20200324,1148,-0.342004,0.391855,-0.130512,-1.145722
20200324,1149,-0.342004,0.492869,-0.130512,0.436499
20200324,1150,-0.342004,0.492869,-0.130512,0.436499
20200324,1151,-0.321398,0.694897,-0.049536,0.436499
20200324,1152,-0.321398,0.694897,-0.049536,2.01872
20200324,1153,-0.342004,0.391855,-0.090024,-1.145722
20200324,1154,-0.342004,0.391855,-0.090024,-1.145722
20200324,1155,-0.342004,0.290841,-0.171,0.436499
20200324,1156,-0.342004,0.290841,-0.171,0.436499
20200324,1157,-0.335135,0.694897,-0.171,0.436499
20200324,1158,-0.335135,0.694897,-0.171,0.436499
20200324,1159,-0.335135,0.189827,-0.211488,0.436499
20200324,1160,-0.335135,0.189827,-0.211488,0.436499
20200324,1161,-0.335135,0.391855,-0.049536,0.436499
20200324,1162,-0.335135,0.391855,-0.049536,-1.145722
20200324,1163,-0.335135,-0.012201,-0.130512,-1.145722
20200324,1164,-0.335135,-0.012201,-0.130512,-1.145722
20200324,1165,-0.335135,0.391855,-0.090024,-1.145722
20200324,1166,-0.335135,0.391855,-0.090024,-1.145722
20200324,1167,-0.328267,0.189827,-0.090024,0.436499
20200324,1168,-0.328267,0.189827,-0.090024,2.01872
20200324,1169,-0.335135,0.492869,-0.171,-1.145722
20200324,1170,-0.335135,0.492869,-0.171,0.436499
20200324,1171,-0.328267,0.391855,-0.211488,-1.145722
20200324,1172,-0.328267,0.391855,-0.211488,0.436499
20200324,1173,-0.321398,0.189827,-0.211488,2.01872
20200324,1174,-0.321398,0.189827,-0.211488,-1.145722
20200324,1175,-0.328267,0.593883,-0.090024,0.436499
20200324,1176,-0.328267,0.593883,-0.090024,0.436499
20200324,1177,-0.342004,0.492869,-0.130512,0.436499
20200324,1178,-0.342004,0.492869,-0.130512,0.436499
20200324,1179,-0.328267,0.391855,0.071928,0.436499
20200324,1180,-0.328267,0.391855,0.071928,0.436499
20200324,1181,-0.335135,-0.012201,0.112416,0.436499
20200324,1182,-0.335135,-0.012201,0.112416,-1.145722
20200324,1183,-0.348872,0.189827,-0.049536,-1.145722
20200324,1184,-0.348872,0.189827,-0.049536,0.436499
20200324,1185,-0.342004,0.391855,-0.130512,-1.145722
20200324,1186,-0.342004,0.391855,-0.130512,2.01872
20200324,1187,-0.335135,0.391855,-0.413929,0.436499
20200324,1188,-0.335135,0.391855,-0.413929,0.436499
20200324,1189,-0.342004,0.492869,-0.211488,0.436499
20200324,1190,-0.342004,0.492869,-0.211488,0.436499
20200324,1191,-0.335135,0.492869,-0.049536,0.436499
20200324,1192,-0.335135,0.492869,-0.049536,0.436499
20200324,1193,-0.328267,0.391855,0.112416,0.436499
20200324,1194,-0.328267,0.391855,0.112416,0.436499
20200324,1195,-0.335135,0.391855,0.193393,0.436499
20200324,1196,-0.335135,0.391855,0.193393,-1.145722
20200324,1197,-0.335135,0.492869,0.152905,-1.145722
20200324,1198,-0.335135,0.492869,0.152905,0.436499
20200324,1199,-0.36261,0.189827,-0.090024,-1.145722
20200324,1200,-0.36261,0.189827,-0.090024,2.01872
20200325,1,-0.342004,0.290841,-0.251976,0.436499
20200325,2,-0.342004,0.290841,-0.251976,0.436499
20200325,3,-0.342004,0.795911,-0.292465,0.436499
20200325,4,-0.342004,0.795911,-0.292465,0.436499
20200325,5,-0.355741,0.391855,-0.171,0.436499
20200325,6,-0.355741,0.391855,-0.171,-1.145722
20200325,7,-0.335135,0.290841,0.071928,0.436499
20200325,8,-0.335135,0.290841,0.071928,0.436499
20200325,9,-0.328267,0.189827,0.274369,-1.145722
20200325,10,-0.328267,0.189827,0.274369,0.436499
20200325,11,-0.342004,0.492869,0.233881,-2.727943
20200325,12,-0.342004,0.492869,0.233881,-1.145722
20200325,13,-0.335135,0.290841,0.071928,0.436499
20200325,14,-0.335135,0.290841,0.071928,0.436499
20200325,15,-0.348872,0.694897,-0.130512,0.436499
20200325,16,-0.348872,0.694897,-0.130512,2.01872
20200325,17,-0.355741,0.694897,-0.332953,-1.145722
20200325,18,-0.355741,0.694897,-0.332953,-1.145722
20200325,19,-0.342004,0.896925,-0.332953,0.436499
20200325,20,-0.342004,0.896925,-0.332953,0.436499
20200325,21,-0.348872,0.593883,-0.049536,0.436499
20200325,22,-0.348872,0.593883,-0.049536,0.436499
20200325,23,-0.321398,0.492869,0.274369,0.436499
20200325,24,-0.321398,0.492869,0.274369,0.436499
20200325,25,-0.342004,0.088813,0.395833,0.436499
20200325,26,-0.342004,0.088813,0.395833,-1.145722
20200325,27,-0.342004,0.189827,0.314857,-1.145722
20200325,28,-0.342004,0.189827,0.314857,-1.145722
20200325,29,-0.355741,0.189827,0.193393,-1.145722
20200325,30,-0.355741,0.189827,0.193393,-1.145722
20200325,31,-0.355741,0.492869,-0.090024,0.436499
20200325,32,-0.355741,0.492869,-0.090024,2.01872
20200325,33,-0.36261,0.492869,-0.251976,-1.145722
20200325,34,-0.36261,0.492869,-0.251976,0.436499
20200325,35,-0.355741,0.795911,-0.292465,-1.145722
20200325,36,-0.355741,0.795911,-0.292465,0.436499
20200325,37,-0.355741,0.492869,-0.130512,2.01872
20200325,38,-0.355741,0.492869,-0.130512,-1.145722
20200325,39,-0.335135,0.391855,0.193393,0.436499
20200325,40,-0.335135,0.391855,0.193393,0.436499
20200325,41,-0.342004,0.189827,0.314857,0.436499
20200325,42,-0.342004,0.189827,0.314857,0.436499
20200325,43,-0.348872,0.088813,0.193393,0.436499
20200325,44,-0.348872,0.088813,0.193393,0.436499
20200325,45,-0.335135,0.290841,-0.090024,0.436499
20200325,46,-0.335135,0.290841,-0.090024,-1.145722
20200325,47,-0.36261,0.189827,-0.292465,-1.145722
20200325,48,-0.36261,0.189827,-0.292465,0.436499
20200325,49,-0.348872,0.088813,-0.535393,-1.145722
20200325,50,-0.348872,0.088813,-0.535393,2.01872
20200325,51,-0.342004,0.492869,-0.211488,0.436499
20200325,52,-0.342004,0.492869,-0.211488,0.436499
20200325,53,-0.348872,0.088813,0.03144,-1.145722
20200325,54,-0.348872,0.088813,0.03144,0.436499
20200325,55,-0.335135,0.290841,0.395833,0.436499
20200325,56,-0.335135,0.290841,0.395833,0.436499
20200325,57,-0.342004,0.088813,0.476809,0.436499
20200325,58,-0.342004,0.088813,0.476809,0.436499
20200325,59,-0.348872,-0.012201,0.274369,0.436499
20200325,60,-0.348872,-0.012201,0.274369,0.436499
20200325,61,-0.342004,0.189827,-0.009048,-1.145722
20200325,62,-0.342004,0.189827,-0.009048,-1.145722
20200325,63,-0.36261,0.189827,-0.171,-1.145722
20200325,64,-0.36261,0.189827,-0.171,-1.145722
20200325,65,-0.348872,0.391855,-0.332953,-1.145722
20200325,66,-0.348872,0.391855,-0.332953,0.436499
20200325,67,-0.335135,0.189827,-0.130512,2.01872
20200325,68,-0.335135,0.189827,-0.130512,-1.145722
20200325,69,-0.342004,0.290841,-0.049536,0.436499
20200325,70,-0.342004,0.290841,-0.049536,-1.145722
20200325,71,-0.335135,0.290841,0.152905,0.436499
20200325,72,-0.335135,0.290841,0.152905,2.01872
20200325,73,-0.328267,-0.012201,0.152905,-1.145722
20200325,74,-0.328267,-0.012201,0.152905,0.436499
20200325,75,-0.342004,0.088813,-0.009048,0.436499
20200325,76,-0.342004,0.088813,-0.130512,0.436499
20200325,77,-0.342004,0.088813,-0.130512,-1.145722
20200325,78,-0.348872,0.088813,-0.251976,0.436499
20200325,79,-0.348872,0.088813,-0.251976,0.436499
20200325,80,-0.342004,0.593883,-0.211488,-1.145722
20200325,81,-0.342004,0.593883,-0.211488,0.436499
20200325,82,-0.342004,0.391855,-0.009048,-2.727943
20200325,83,-0.342004,0.391855,-0.009048,-1.145722
20200325,84,-0.335135,0.492869,0.193393,0.436499
20200325,85,-0.335135,0.492869,0.193393,0.436499
20200325,86,-0.335135,0.189827,0.233881,0.436499
20200325,87,-0.335135,0.189827,0.233881,2.01872
20200325,88,-0.328267,0.189827,0.112416,-1.145722
20200325,89,-0.328267,0.189827,0.112416,-1.145722
20200325,90,-0.348872,0.189827,-0.090024,0.436499
20200325,91,-0.348872,0.189827,-0.090024,0.436499
20200325,92,-0.348872,0.290841,-0.171,0.436499
20200325,93,-0.348872,0.290841,-0.171,0.436499
20200325,94,-0.328267,0.492869,-0.171,0.436499
20200325,95,-0.328267,0.492869,-0.171,0.436499
20200325,96,-0.348872,0.593883,-0.211488,0.436499
20200325,97,-0.348872,0.593883,-0.211488,-1.145722
20200325,98,-0.335135,0.290841,-0.009048,-1.145722
20200325,99,-0.335135,0.290841,-0.009048,-1.145722
20200325,100,-0.335135,0.391855,0.112416,-1.145722
20200325,101,-0.335135,0.391855,0.112416,-1.145722
20200325,102,-0.342004,0.290841,0.152905,0.436499
20200325,103,-0.342004,0.290841,0.152905,2.01872
20200325,104,-0.342004,0.593883,0.03144,-1.145722
20200325,105,-0.342004,0.593883,0.03144,0.436499
20200325,106,-0.348872,0.391855,-0.090024,-1.145722
20200325,107,-0.348872,0.391855,-0.090024,0.436499
20200325,108,-0.348872,0.189827,-0.454417,2.01872
20200325,109,-0.348872,0.189827,-0.454417,-1.145722
20200325,110,-0.348872,0.694897,-0.171,0.436499
20200325,111,-0.348872,0.694897,-0.171,0.436499
20200325,112,-0.342004,0.088813,-0.171,0.436499
20200325,113,-0.342004,0.088813,-0.171,0.436499
20200325,114,-0.342004,0.593883,0.112416,0.436499
20200325,115,-0.342004,0.593883,0.112416,0.436499
20200325,116,-0.321398,0.492869,0.395833,0.436499
20200325,117,-0.321398,0.492869,0.395833,-1.145722
20200325,118,-0.342004,0.189827,0.314857,-1.145722
20200325,119,-0.342004,0.189827,0.314857,0.436499
20200325,120,-0.348872,0.290841,-0.049536,-1.145722
20200325,121,-0.348872,0.290841,-0.049536,2.01872
20200325,122,-0.328267,0.290841,-0.049536,0.436499
20200325,123,-0.328267,0.290841,-0.049536,0.436499
20200325,124,-0.355741,0.290841,-0.171,0.436499
20200325,125,-0.355741,0.290841,-0.171,0.436499
20200325,126,-0.335135,0.593883,-0.251976,0.436499
20200325,127,-0.335135,0.593883,-0.251976,0.436499
20200325,128,-0.335135,0.492869,-0.292465,0.436499
20200325,129,-0.335135,0.492869,-0.292465,0.436499
20200325,130,-0.328267,0.694897,-0.049536,0.436499
20200325,131,-0.328267,0.694897,-0.049536,-1.145722
20200325,132,-0.335135,0.593883,0.193393,-1.145722
20200325,133,-0.335135,0.593883,0.193393,0.436499
20200325,134,-0.328267,0.593883,0.193393,-1.145722
20200325,135,-0.328267,0.593883,0.193393,2.01872
20200325,136,-0.342004,-0.214228,0.314857,0.436499
20200325,137,-0.342004,-0.214228,0.314857,0.436499
20200325,138,-0.342004,0.088813,0.152905,0.436499
20200325,139,-0.342004,0.088813,0.152905,0.436499
20200325,140,-0.36261,0.290841,-0.090024,0.436499
20200325,141,-0.36261,0.290841,-0.090024,-1.145722
20200325,142,-0.355741,0.391855,-0.251976,0.436499
20200325,143,-0.355741,0.391855,-0.251976,0.436499
20200325,144,-0.335135,0.391855,-0.049536,-1.145722
20200325,145,-0.335135,0.391855,-0.049536,0.436499
20200325,146,-0.355741,0.088813,-0.090024,-2.727943
20200325,147,-0.355741,0.088813,-0.090024,-1.145722
20200325,148,-0.335135,0.492869,-0.049536,0.436499
20200325,149,-0.335135,0.492869,-0.049536,0.436499
20200325,150,-0.335135,0.391855,-0.090024,0.436499
20200325,151,-0.335135,0.391855,-0.090024,2.01872
20200325,152,-0.348872,0.088813,-0.049536,-1.145722
20200325,153,-0.348872,0.088813,-0.049536,-1.145722
20200325,154,-0.335135,0.492869,-0.171,0.436499
20200325,155,-0.335135,0.492869,-0.171,0.436499
20200325,156,-0.328267,0.290841,-0.211488,0.436499
20200325,157,-0.328267,0.290841,-0.211488,0.436499
20200325,158,-0.342004,0.391855,-0.171,0.436499
20200325,159,-0.342004,0.391855,-0.171,0.436499
20200325,160,-0.335135,0.189827,-0.009048,0.436499
20200325,161,-0.335135,0.189827,-0.009048,-1.145722
20200325,162,-0.328267,0.189827,0.03144,-1.145722
20200325,163,-0.328267,0.189827,0.03144,0.436499
20200325,164,-0.342004,0.593883,-0.009048,0.436499
20200325,165,-0.342004,0.593883,-0.009048,-1.145722
20200325,166,-0.328267,0.290841,-0.130512,0.436499
20200325,167,-0.328267,0.290841,-0.130512,0.436499
20200325,168,-0.342004,0.593883,-0.251976,-1.145722
20200325,169,-0.342004,0.593883,-0.251976,0.436499
20200325,170,-0.342004,0.189827,-0.292465,-2.727943
20200325,171,-0.342004,0.189827,-0.292465,-1.145722
20200325,172,-0.328267,0.694897,-0.130512,0.436499
20200325,173,-0.328267,0.694897,-0.130512,0.436499
20200325,174,-0.348872,0.391855,0.112416,0.436499
20200325,175,-0.348872,0.391855,0.112416,2.01872
20200325,176,-0.335135,0.189827,0.112416,-1.145722
20200325,177,-0.335135,0.189827,0.112416,-1.145722
20200325,178,-0.335135,0.189827,0.152905,0.436499
20200325,179,-0.335135,0.189827,0.152905,0.436499
20200325,180,-0.335135,0.290841,-0.009048,0.436499
20200325,181,-0.335135,0.290841,-0.009048,0.436499
20200325,182,-0.348872,0.391855,-0.090024,0.436499
20200325,183,-0.348872,0.391855,-0.090024,0.436499
20200325,184,-0.348872,0.391855,-0.413929,0.436499
20200325,185,-0.348872,0.391855,-0.413929,-1.145722
20200325,186,-0.36261,0.593883,-0.211488,-1.145722
20200325,187,-0.36261,0.593883,-0.211488,-1.145722
20200325,188,-0.328267,0.391855,-0.211488,-1.145722
20200325,189,-0.328267,0.391855,-0.211488,-1.145722
20200325,190,-0.335135,0.593883,-0.049536,0.436499
20200325,191,-0.335135,0.593883,-0.049536,2.01872
20200325,192,-0.342004,0.290841,0.274369,-1.145722
20200325,193,-0.342004,0.290841,0.274369,0.436499
20200325,194,-0.328267,0.189827,0.274369,-1.145722
20200325,195,-0.328267,0.189827,0.274369,0.436499
20200325,196,-0.355741,0.189827,0.193393,2.01872
20200325,197,-0.355741,0.189827,0.193393,-1.145722
20200325,198,-0.342004,-0.012201,-0.090024,0.436499
20200325,199,-0.342004,-0.012201,-0.090024,0.436499
20200325,200,-0.348872,0.189827,-0.251976,0.436499
20200325,201,-0.348872,0.189827,-0.251976,-1.145722
20200325,202,-0.342004,0.795911,-0.332953,0.436499
20200325,203,-0.342004,0.795911,-0.332953,0.436499
20200325,204,-0.342004,0.997939,-0.171,-1.145722
20200325,205,-0.342004,0.997939,-0.171,0.436499
20200325,206,-0.348872,0.290841,-0.049536,-2.727943
20200325,207,-0.348872,0.290841,-0.049536,-1.145722
20200325,208,-0.335135,0.189827,0.395833,0.436499
20200325,209,-0.335135,0.189827,0.395833,0.436499
20200325,210,-0.328267,-0.012201,0.436321,0.436499
20200325,211,-0.328267,-0.012201,0.436321,2.01872
20200325,212,-0.348872,0.391855,0.314857,-1.145722
20200325,213,-0.348872,0.391855,0.314857,-1.145722
20200325,214,-0.355741,0.694897,0.03144,0.436499
20200325,215,-0.355741,0.694897,0.03144,0.436499
20200325,216,-0.355741,0.593883,-0.171,0.436499
20200325,217,-0.355741,0.593883,-0.171,0.436499
20200325,218,-0.369478,0.492869,-0.292465,0.436499
20200325,219,-0.369478,0.492869,-0.292465,0.436499
20200325,220,-0.355741,0.391855,-0.373441,0.436499
20200325,221,-0.355741,0.391855,-0.373441,-1.145722
20200325,222,-0.335135,0.189827,-0.090024,-1.145722
20200325,223,-0.335135,0.189827,-0.090024,-1.145722
20200325,224,-0.335135,0.391855,0.112416,-1.145722
20200325,225,-0.335135,0.391855,0.112416,-1.145722
20200325,226,-0.335135,-0.012201,0.314857,0.436499
20200325,227,-0.335135,-0.012201,0.314857,2.01872
20200325,228,-0.348872,0.391855,0.314857,-1.145722
20200325,229,-0.348872,0.391855,0.314857,0.436499
20200325,230,-0.328267,0.391855,0.071928,-1.145722
20200325,231,-0.328267,0.391855,0.071928,0.436499
20200325,232,-0.36261,0.492869,-0.049536,2.01872
20200325,233,-0.36261,0.492869,-0.049536,-1.145722
20200325,234,-0.348872,0.391855,-0.130512,0.436499
20200325,235,-0.348872,0.391855,-0.130512,0.436499
20200325,236,-0.348872,0.694897,-0.292465,0.436499
20200325,237,-0.348872,0.694897,-0.292465,0.436499
20200325,238,-0.355741,0.391855,-0.049536,0.436499
20200325,239,-0.355741,0.391855,-0.049536,0.436499
20200325,240,-0.342004,0.290841,-0.049536,0.436499
20200325,241,-0.342004,0.290841,-0.049536,-1.145722
20200325,242,-0.348872,0.492869,0.112416,-1.145722
20200325,243,-0.348872,0.492869,0.112416,0.436499
20200325,244,-0.348872,0.088813,0.233881,-1.145722
20200325,245,-0.348872,0.088813,0.233881,2.01872
20200325,246,-0.342004,0.391855,-0.009048,0.436499
20200325,247,-0.342004,0.391855,-0.009048,0.436499
20200325,248,-0.335135,0.896925,-0.090024,0.436499
20200325,249,-0.335135,0.896925,-0.090024,0.436499
20200325,250,-0.36261,0.391855,-0.251976,0.436499
20200325,251,-0.36261,0.391855,-0.251976,0.436499
20200325,252,-0.335135,0.795911,-0.292465,0.436499
20200325,253,-0.335135,0.795911,-0.292465,0.436499
20200325,254,-0.36261,0.290841,-0.171,0.436499
20200325,255,-0.36261,0.290841,-0.171,-1.145722
20200325,256,-0.355741,0.290841,-0.009048,-1.145722
20200325,257,-0.355741,0.290841,-0.009048,0.436499
20200325,258,-0.348872,0.694897,-0.009048,-1.145722
20200325,259,-0.348872,0.694897,-0.009048,2.01872
20200325,260,-0.342004,0.694897,-0.090024,0.436499
20200325,261,-0.342004,0.694897,-0.090024,0.436499
20200325,262,-0.348872,0.896925,-0.130512,0.436499
20200325,263,-0.348872,0.896925,-0.130512,0.436499
20200325,264,-0.335135,0.694897,-0.171,0.436499
20200325,265,-0.335135,0.694897,-0.171,-1.145722
20200325,266,-0.355741,0.593883,-0.211488,0.436499
20200325,267,-0.355741,0.593883,-0.211488,0.436499
20200325,268,-0.348872,0.088813,-0.090024,-1.145722
20200325,269,-0.348872,0.088813,-0.090024,0.436499
20200325,270,-0.342004,0.694897,-0.090024,-2.727943
20200325,271,-0.342004,0.694897,-0.090024,-1.145722
20200325,272,-0.355741,0.391855,-0.090024,0.436499
20200325,273,-0.355741,0.391855,-0.090024,0.436499
20200325,274,-0.335135,0.492869,-0.049536,0.436499
20200325,275,-0.335135,0.492869,-0.049536,2.01872
20200325,276,-0.348872,0.290841,-0.211488,-1.145722
20200325,277,-0.348872,0.290841,-0.211488,-1.145722
20200325,278,-0.342004,0.189827,-0.251976,0.436499
20200325,279,-0.342004,0.189827,-0.251976,0.436499
20200325,280,-0.355741,0.492869,-0.211488,-1.145722
20200325,281,-0.355741,0.492869,-0.211488,0.436499
20200325,282,-0.355741,0.391855,-0.251976,0.436499
20200325,283,-0.355741,0.391855,-0.251976,-1.145722
20200325,284,-0.342004,0.189827,0.03144,0.436499
20200325,285,-0.342004,0.189827,0.03144,-2.727943
20200325,286,-0.335135,0.088813,0.112416,-1.145722
20200325,287,-0.335135,0.088813,0.112416,0.436499
20200325,288,-0.328267,0.492869,0.193393,0.436499
20200325,289,-0.328267,0.492869,0.193393,0.436499
20200325,290,-0.335135,0.391855,0.112416,2.01872
20200325,291,-0.335135,0.391855,0.112416,-1.145722
20200325,292,-0.36261,0.795911,-0.049536,-1.145722
20200325,293,-0.36261,0.795911,-0.049536,0.436499
20200325,294,-0.36261,0.593883,-0.211488,0.436499
20200325,295,-0.36261,0.593883,-0.211488,0.436499
20200325,296,-0.342004,0.189827,-0.251976,0.436499
20200325,297,-0.342004,0.189827,-0.251976,0.436499
20200325,298,-0.355741,0.391855,-0.292465,0.436499
20200325,299,-0.355741,0.391855,-0.292465,0.436499
20200325,300,-0.355741,0.088813,-0.171,-1.145722
20200325,301,-0.355741,0.088813,-0.171,-1.145722
20200325,302,-0.355741,0.492869,-0.049536,-1.145722
20200325,303,-0.355741,0.492869,-0.049536,-1.145722
20200325,304,-0.328267,-0.012201,-0.130512,-1.145722
20200325,305,-0.328267,-0.012201,-0.130512,0.436499
20200325,306,-0.348872,0.290841,-0.373441,2.01872
20200325,307,-0.348872,0.290841,-0.373441,-1.145722
20200325,308,-0.348872,0.290841,-0.171,0.436499
20200325,309,-0.348872,0.290841,-0.171,-1.145722
20200325,310,-0.335135,0.391855,-0.130512,0.436499
20200325,311,-0.335135,0.391855,-0.130512,2.01872
20200325,312,-0.335135,0.088813,-0.130512,-1.145722
20200325,313,-0.335135,0.088813,-0.130512,0.436499
20200325,314,-0.348872,0.290841,-0.090024,0.436499
20200325,315,-0.348872,0.290841,-0.090024,0.436499
20200325,316,-0.335135,0.189827,-0.049536,-1.145722
20200325,317,-0.335135,0.189827,-0.049536,0.436499
20200325,318,-0.342004,0.189827,-0.090024,0.436499
20200325,319,-0.342004,0.189827,-0.090024,-1.145722
20200325,320,-0.348872,0.189827,-0.130512,0.436499
20200325,321,-0.348872,0.189827,-0.130512,-2.727943
20200325,322,-0.348872,0.492869,-0.373441,-1.145722
20200325,323,-0.348872,0.492869,-0.373441,0.436499
20200325,324,-0.328267,0.391855,-0.211488,0.436499
20200325,325,-0.328267,0.391855,-0.211488,0.436499
20200325,326,-0.342004,0.290841,-0.211488,2.01872
20200325,327,-0.342004,0.290841,-0.211488,-1.145722
20200325,328,-0.335135,0.290841,-0.130512,-1.145722
20200325,329,-0.335135,0.290841,-0.130512,0.436499
20200325,330,-0.348872,0.189827,-0.090024,0.436499
20200325,331,-0.348872,0.189827,-0.090024,0.436499
20200325,332,-0.335135,0.391855,-0.171,0.436499
20200325,333,-0.335135,0.391855,-0.171,0.436499
20200325,334,-0.342004,0.492869,-0.130512,0.436499
20200325,335,-0.342004,0.492869,-0.130512,0.436499
20200325,336,-0.335135,0.088813,-0.090024,-1.145722
20200325,337,-0.335135,0.088813,-0.090024,-1.145722
20200325,338,-0.335135,0.290841,-0.130512,-1.145722
20200325,339,-0.335135,0.290841,-0.130512,-1.145722
20200325,340,-0.348872,0.492869,-0.171,-1.145722
20200325,341,-0.348872,0.492869,-0.171,0.436499
20200325,342,-0.36261,0.593883,-0.413929,2.01872
20200325,343,-0.36261,0.593883,-0.413929,-1.145722
20200325,344,-0.348872,0.290841,-0.332953,0.436499
20200325,345,-0.348872,0.290841,-0.332953,-1.145722
20200325,346,-0.335135,0.189827,-0.090024,0.436499
20200325,347,-0.335135,0.189827,-0.090024,2.01872
20200325,348,-0.335135,0.391855,0.03144,-1.145722
20200325,349,-0.335135,0.391855,0.03144,0.436499
20200325,350,-0.342004,0.391855,0.112416,0.436499
20200325,351,-0.342004,0.391855,0.112416,0.436499
20200325,352,-0.348872,0.795911,0.071928,0.436499
20200325,353,-0.348872,0.795911,0.071928,0.436499
20200325,354,-0.342004,0.290841,-0.090024,0.436499
20200325,355,-0.342004,0.290841,-0.090024,0.436499
20200325,356,-0.36261,0.694897,-0.211488,-1.145722
20200325,357,-0.36261,0.694897,-0.211488,-1.145722
20200325,358,-0.36261,0.492869,-0.251976,0.436499
20200325,359,-0.36261,0.492869,-0.251976,-1.145722
20200325,360,-0.335135,0.290841,-0.171,2.01872
20200325,361,-0.335135,0.290841,-0.171,0.436499
20200325,362,-0.355741,0.189827,-0.090024,0.436499
20200325,363,-0.355741,0.189827,-0.090024,0.436499
20200325,364,-0.342004,0.189827,0.233881,0.436499
20200325,365,-0.342004,0.189827,0.233881,0.436499
20200325,366,-0.335135,0.088813,0.193393,0.436499
20200325,367,-0.335135,0.088813,0.193393,0.436499
20200325,368,-0.355741,-0.012201,0.112416,0.436499
20200325,369,-0.355741,-0.012201,0.112416,0.436499
20200325,370,-0.342004,0.189827,-0.130512,-1.145722
20200325,371,-0.342004,0.189827,-0.130512,-1.145722
20200325,372,-0.36261,0.189827,-0.251976,0.436499
20200325,373,-0.36261,0.189827,-0.251976,-1.145722
20200325,374,-0.348872,0.290841,-0.171,0.436499
20200325,375,-0.348872,0.290841,-0.171,0.436499
20200325,376,-0.342004,-0.012201,-0.171,-1.145722
20200325,377,-0.342004,-0.012201,-0.171,0.436499
20200325,378,-0.342004,0.189827,-0.251976,0.436499
20200325,379,-0.342004,0.189827,-0.251976,-1.145722
20200325,380,-0.335135,0.088813,0.071928,0.436499
20200325,381,-0.335135,0.088813,0.071928,-2.727943
20200325,382,-0.328267,-0.012201,0.112416,-1.145722
20200325,383,-0.328267,-0.012201,0.112416,0.436499
20200325,384,-0.355741,0.189827,0.03144,0.436499
20200325,385,-0.355741,0.189827,0.03144,0.436499
20200325,386,-0.348872,0.290841,-0.130512,2.01872
20200325,387,-0.348872,0.290841,-0.130512,-1.145722
20200325,388,-0.342004,0.290841,-0.171,-1.145722
20200325,389,-0.342004,0.290841,-0.171,0.436499
20200325,390,-0.348872,0.189827,-0.373441,0.436499
20200325,391,-0.348872,0.189827,-0.373441,0.436499
20200325,392,-0.342004,0.290841,-0.332953,0.436499
20200325,393,-0.342004,0.290841,-0.332953,0.436499
20200325,394,-0.335135,0.593883,0.03144,0.436499
20200325,395,-0.335135,0.593883,0.03144,0.436499
20200325,396,-0.348872,0.290841,0.071928,-1.145722
20200325,397,-0.348872,0.290841,0.071928,-1.145722
20200325,398,-0.348872,0.189827,-0.049536,-1.145722
20200325,399,-0.348872,0.189827,-0.049536,-1.145722
20200325,400,-0.348872,0.391855,-0.211488,-1.145722
20200325,401,-0.348872,0.391855,-0.211488,0.436499
20200325,402,-0.348872,0.492869,-0.211488,2.01872
20200325,403,-0.348872,0.492869,-0.211488,-1.145722
20200325,404,-0.342004,0.694897,-0.494905,0.436499
20200325,405,-0.342004,0.694897,-0.494905,-1.145722
20200325,406,-0.342004,0.391855,-0.211488,0.436499
20200325,407,-0.342004,0.391855,-0.211488,2.01872
20200325,408,-0.342004,1.199967,-0.049536,-1.145722
20200325,409,-0.342004,1.199967,-0.049536,0.436499
20200325,410,-0.335135,0.896925,0.152905,0.436499
20200325,411,-0.335135,0.896925,0.152905,0.436499
20200325,412,-0.328267,0.896925,0.112416,-1.145722
20200325,413,-0.328267,0.896925,0.112416,0.436499
20200325,414,-0.328267,0.896925,0.071928,0.436499
20200325,415,-0.328267,0.896925,0.071928,-1.145722
20200325,416,-0.328267,0.997939,-0.090024,0.436499
20200325,417,-0.328267,0.997939,-0.090024,-2.727943
20200325,418,-0.335135,0.896925,-0.171,-1.145722
20200325,419,-0.335135,0.896925,-0.171,0.436499
20200325,420,-0.328267,0.694897,-0.535393,0.436499
20200325,421,-0.328267,0.694897,-0.535393,0.436499
20200325,422,-0.335135,0.997939,-0.171,2.01872
20200325,423,-0.335135,0.997939,-0.171,-1.145722
20200325,424,-0.328267,1.300981,0.112416,-1.145722
20200325,425,-0.328267,1.300981,0.112416,0.436499
20200325,426,-0.328267,1.199967,0.193393,0.436499
20200325,427,-0.328267,1.199967,0.193393,0.436499
20200325,428,-0.335135,0.997939,0.193393,0.436499
20200325,429,-0.335135,0.997939,0.193393,0.436499
20200325,430,-0.335135,0.997939,0.03144,0.436499
20200325,431,-0.335135,0.997939,0.03144,0.436499
20200325,432,-0.328267,1.401995,-0.332953,-1.145722
20200325,433,-0.328267,1.401995,-0.332953,-1.145722
20200325,434,-0.335135,1.300981,-0.332953,-1.145722
20200325,435,-0.335135,1.300981,-0.332953,-1.145722
20200325,436,-0.342004,1.098953,-0.251976,-1.145722
20200325,437,-0.342004,1.098953,-0.251976,0.436499
20200325,438,-0.342004,1.199967,-0.130512,2.01872
20200325,439,-0.342004,1.199967,-0.130512,-1.145722
20200325,440,-0.328267,1.401995,-0.009048,0.436499
20200325,441,-0.328267,1.401995,-0.009048,-1.145722
20200325,442,-0.31453,1.199967,-0.049536,0.436499
20200325,443,-0.31453,1.199967,-0.049536,2.01872
20200325,444,-0.321398,1.098953,-0.090024,-1.145722
20200325,445,-0.321398,1.098953,-0.090024,0.436499
20200325,446,-0.335135,1.401995,-0.251976,0.436499
20200325,447,-0.335135,1.401995,-0.251976,0.436499
20200325,448,-0.328267,1.705037,-0.211488,0.436499
20200325,449,-0.328267,1.705037,-0.211488,0.436499
20200325,450,-0.335135,2.614163,-0.171,0.436499
20200325,451,-0.335135,2.614163,-0.171,0.436499
20200325,452,-0.321398,2.311121,0.03144,-1.145722
20200325,453,-0.321398,2.311121,0.03144,-1.145722
20200325,454,-0.307661,2.008079,0.355345,0.436499
20200325,455,-0.307661,2.008079,0.355345,-1.145722
20200325,456,-0.307661,2.210107,0.233881,2.01872
20200325,457,-0.307661,2.210107,0.233881,0.436499
20200325,458,-0.300792,2.816191,0.112416,0.436499
20200325,459,-0.300792,2.816191,0.112416,0.436499
20200325,460,-0.328267,3.624302,-0.211488,0.436499
20200325,461,-0.328267,3.624302,-0.211488,0.436499
20200325,462,-0.31453,2.210107,-0.292465,0.436499
20200325,463,-0.31453,2.210107,-0.292465,0.436499
20200325,464,-0.293924,2.311121,-0.171,0.436499
20200325,465,-0.293924,2.311121,-0.171,0.436499
20200325,466,-0.31453,1.806051,-0.090024,-1.145722
20200325,467,-0.31453,1.806051,-0.090024,-1.145722
20200325,468,-0.300792,2.412135,0.071928,0.436499
20200325,469,-0.300792,2.412135,0.071928,-1.145722
20200325,470,-0.307661,0.290841,-0.009048,2.01872
20200325,471,-0.307661,0.290841,-0.009048,0.436499
20200325,472,-0.31453,0.189827,-0.130512,0.436499
20200325,473,-0.31453,0.189827,-0.130512,0.436499
20200325,474,-0.307661,0.391855,-0.251976,0.436499
20200325,475,-0.307661,0.391855,-0.251976,0.436499
20200325,476,-0.328267,0.492869,-0.211488,-1.145722
20200325,477,-0.328267,0.492869,-0.211488,0.436499
20200325,478,-0.328267,0.694897,-0.049536,0.436499
20200325,479,-0.328267,0.694897,-0.049536,-1.145722
20200325,480,-0.321398,0.391855,0.112416,0.436499
20200325,481,-0.321398,0.391855,0.112416,-2.727943
20200325,482,-0.300792,1.199967,0.112416,-1.145722
20200325,483,-0.300792,1.199967,0.112416,0.436499
20200325,484,-0.307661,0.896925,-0.171,0.436499
20200325,485,-0.307661,0.896925,-0.171,0.436499
20200325,486,-0.26645,0.896925,-0.292465,2.01872
20200325,487,-0.26645,0.896925,-0.292465,-1.145722
20200325,488,-0.31453,0.896925,-0.211488,-1.145722
20200325,489,-0.31453,0.896925,-0.211488,0.436499
20200325,490,-0.328267,0.997939,-0.090024,0.436499
20200325,491,-0.328267,0.997939,-0.090024,0.436499
20200325,492,-0.321398,0.896925,0.152905,0.436499
20200325,493,-0.321398,0.896925,0.152905,0.436499
20200325,494,-0.31453,0.694897,0.314857,0.436499
20200325,495,-0.31453,0.694897,0.314857,0.436499
20200325,496,-0.321398,0.997939,0.193393,-1.145722
20200325,497,-0.321398,0.997939,0.193393,-1.145722
20200325,498,-0.31453,1.300981,0.112416,-1.145722
20200325,499,-0.31453,1.300981,0.112416,-1.145722
20200325,500,-0.335135,1.199967,-0.130512,-1.145722
20200325,501,-0.335135,1.199967,-0.130512,0.436499
20200325,502,-0.31453,0.997939,-0.292465,2.01872
20200325,503,-0.31453,0.997939,-0.292465,-1.145722
20200325,504,-0.328267,0.997939,-0.211488,0.436499
20200325,505,-0.328267,0.997939,-0.211488,-1.145722
20200325,506,-0.328267,1.401995,-0.090024,0.436499
20200325,507,-0.328267,1.401995,-0.090024,2.01872
20200325,508,-0.31453,1.300981,0.112416,-1.145722
20200325,509,-0.31453,1.300981,0.112416,0.436499
20200325,510,-0.31453,1.098953,0.233881,0.436499
20200325,511,-0.31453,1.098953,0.233881,-1.145722
20200325,512,-0.31453,1.199967,0.193393,0.436499
20200325,513,-0.31453,1.199967,0.193393,0.436499
20200325,514,-0.328267,1.401995,0.112416,-1.145722
20200325,515,-0.328267,1.401995,0.112416,0.436499
20200325,516,-0.321398,1.199967,-0.211488,-2.727943
20200325,517,-0.321398,1.199967,-0.211488,-1.145722
20200325,518,-0.280187,1.098953,-0.251976,0.436499
20200325,519,-0.280187,1.098953,-0.251976,0.436499
20200325,520,-0.328267,1.401995,-0.009048,0.436499
20200325,521,-0.328267,1.401995,-0.009048,2.01872
20200325,522,-0.300792,1.705037,0.112416,-1.145722
20200325,523,-0.300792,1.705037,0.112416,-1.145722
20200325,524,-0.287055,2.614163,0.071928,0.436499
20200325,525,-0.287055,2.614163,0.071928,0.436499
20200325,526,-0.307661,2.311121,-0.211488,0.436499
20200325,527,-0.307661,2.311121,-0.211488,0.436499
20200325,528,-0.287055,2.008079,-0.251976,0.436499
20200325,529,-0.287055,2.008079,-0.251976,0.436499
20200325,530,-0.348872,2.210107,-0.454417,0.436499
20200325,531,-0.348872,2.210107,-0.454417,-1.145722
20200325,532,-0.348872,2.816191,-0.171,-1.145722
20200325,533,-0.348872,2.816191,-0.171,-1.145722
20200325,534,-0.342004,3.624302,-0.130512,-1.145722
20200325,535,-0.342004,3.624302,-0.130512,-1.145722
20200325,536,-0.335135,2.210107,-0.009048,0.436499
20200325,537,-0.335135,2.210107,-0.009048,2.01872
20200325,538,-0.335135,2.311121,0.071928,-1.145722
20200325,539,-0.335135,2.311121,0.071928,0.436499
20200325,540,-0.355741,1.806051,-0.009048,-1.145722
20200325,541,-0.355741,1.806051,-0.009048,0.436499
20200325,542,-0.328267,2.412135,-0.049536,2.01872
20200325,543,-0.328267,2.412135,-0.049536,-1.145722
20200325,544,-0.335135,0.290841,-0.171,0.436499
20200325,545,-0.335135,0.189827,-0.171,0.436499
20200325,546,-0.300792,0.189827,-0.211488,0.436499
20200325,547,-0.300792,0.189827,-0.211488,-1.145722
20200325,548,-0.300792,0.189827,-0.049536,0.436499
20200325,549,-0.300792,0.088813,-0.049536,0.436499
20200325,550,-0.719776,0.088813,-0.090024,-1.145722
20200325,551,-0.719776,-0.012201,-0.090024,0.436499
20200325,552,-0.396953,-0.012201,-0.575881,-2.727943
20200325,553,-0.396953,0.189827,-0.575881,-1.145722
20200325,554,-0.300792,0.189827,-0.130512,0.436499
20200325,555,-0.300792,0.189827,-0.130512,0.436499
20200325,556,-0.211501,0.189827,0.152905,0.436499
20200325,557,-0.211501,0.290841,0.152905,2.01872
20200325,558,-0.26645,0.290841,0.314857,-1.145722
20200325,559,-0.26645,-0.012201,0.314857,-1.145722
20200325,560,-0.245844,-0.012201,0.395833,0.436499
20200325,561,-0.245844,0.189827,0.395833,0.436499
20200325,562,-0.225238,0.189827,0.112416,0.436499
20200325,563,-0.225238,0.088813,0.112416,0.436499
20200325,564,-0.232107,0.088813,-0.049536,0.436499
20200325,565,-0.232107,-0.012201,-0.049536,0.436499
20200325,566,-0.225238,-0.012201,-0.251976,0.436499
20200325,567,-0.225238,0.189827,-0.251976,-1.145722
20200325,568,-0.232107,0.189827,-0.292465,-1.145722
20200325,569,-0.232107,0.290841,-0.292465,-1.145722
20200325,570,-0.225238,0.290841,-0.090024,-1.145722
20200325,571,-0.225238,0.290841,-0.090024,-1.145722
20200325,572,-0.149684,0.290841,0.152905,0.436499
20200325,573,-0.149684,0.189827,0.152905,2.01872
20200325,574,-0.211501,0.189827,0.152905,-1.145722
20200325,575,-0.211501,0.290841,0.152905,0.436499
20200325,576,-0.211501,0.290841,-0.090024,-1.145722
20200325,577,-0.211501,0.593883,-0.090024,0.436499
20200325,578,-0.163421,0.593883,-0.251976,2.01872
20200325,579,-0.163421,0.290841,-0.251976,-1.145722
20200325,580,-0.238975,0.290841,-0.211488,0.436499
20200325,581,-0.238975,0.189827,-0.211488,0.436499
20200325,582,-0.225238,0.189827,-0.090024,0.436499
20200325,583,-0.225238,0.391855,-0.090024,0.436499
20200325,584,-0.225238,0.391855,-0.130512,0.436499
20200325,585,-0.225238,0.492869,-0.130512,0.436499
20200325,586,-0.204632,0.492869,-0.090024,0.436499
20200325,587,-0.204632,0.694897,-0.090024,-1.145722
20200325,588,-0.218369,0.694897,-0.130512,-1.145722
20200325,589,-0.218369,0.391855,-0.130512,0.436499
20200325,590,-0.218369,0.391855,-0.251976,-1.145722
20200325,591,-0.218369,1.199967,-0.251976,2.01872
20200325,592,-0.225238,1.199967,-0.292465,0.436499
20200325,593,-0.225238,0.896925,-0.292465,0.436499
20200325,594,-0.232107,0.896925,-0.211488,0.436499
20200325,595,-0.232107,0.896925,-0.211488,0.436499
20200325,596,-0.238975,0.896925,0.03144,0.436499
20200325,597,-0.238975,0.896925,0.03144,0.436499
20200325,598,-0.252712,0.896925,0.193393,0.436499
20200325,599,-0.252712,0.997939,0.193393,0.436499
20200325,600,-0.245844,0.997939,0.193393,0.436499
20200325,601,-0.245844,0.896925,0.193393,-1.145722
20200325,602,-0.26645,0.896925,0.03144,-1.145722
20200325,603,-0.26645,0.694897,0.03144,0.436499
20200325,604,-0.273318,0.694897,0.03144,-1.145722
20200325,605,-0.273318,0.997939,0.03144,2.01872
20200325,606,-0.26645,0.997939,-0.171,0.436499
20200325,607,-0.26645,1.300981,-0.171,0.436499
20200325,608,-0.273318,1.300981,-0.292465,0.436499
20200325,609,-0.273318,1.199967,-0.292465,0.436499
20200325,610,-0.280187,1.199967,-0.332953,0.436499
20200325,611,-0.280187,0.997939,-0.332953,-1.145722
20200325,612,-0.259581,0.997939,-0.171,0.436499
20200325,613,-0.259581,0.997939,-0.171,0.436499
20200325,614,-0.26645,0.997939,0.152905,-1.145722
20200325,615,-0.26645,1.401995,0.152905,0.436499
20200325,616,-0.26645,1.401995,0.355345,-2.727943
20200325,617,-0.26645,1.300981,0.355345,-1.145722
20200325,618,-0.211501,1.300981,-0.009048,0.436499
20200325,619,-0.211501,1.098953,-0.009048,0.436499
20200325,620,-0.218369,1.098953,-0.211488,0.436499
20200325,621,-0.218369,1.199967,-0.211488,2.01872
20200325,622,-0.211501,1.199967,-0.211488,-1.145722
20200325,623,-0.211501,1.401995,-0.211488,-1.145722
20200325,624,-0.197764,1.401995,-0.211488,0.436499
20200325,625,-0.197764,1.199967,-0.211488,0.436499
20200325,626,-0.218369,1.199967,-0.130512,0.436499
20200325,627,-0.218369,1.098953,-0.130512,0.436499
20200325,628,-0.204632,1.098953,-0.009048,-1.145722
20200325,629,-0.204632,1.401995,-0.009048,0.436499
20200325,630,-0.218369,1.401995,0.193393,0.436499
20200325,631,-0.218369,1.705037,0.193393,-1.145722
20200325,632,-0.190895,1.705037,0.152905,0.436499
20200325,633,-0.190895,2.614163,0.152905,-2.727943
20200325,634,-0.197764,2.614163,0.03144,-1.145722
20200325,635,-0.197764,2.311121,0.03144,0.436499
20200325,636,-0.225238,2.311121,-0.049536,0.436499
20200325,637,-0.225238,2.008079,-0.049536,0.436499
20200325,638,-0.225238,2.008079,-0.171,2.01872
20200325,639,-0.225238,2.210107,-0.171,-1.145722
20200325,640,-0.225238,2.210107,-0.251976,-1.145722
20200325,641,-0.225238,2.816191,-0.251976,0.436499
20200325,642,-0.197764,2.816191,-0.292465,0.436499
20200325,643,-0.197764,3.624302,-0.292465,0.436499
20200325,644,-0.204632,3.624302,-0.049536,0.436499
20200325,645,-0.204632,2.210107,-0.049536,0.436499
20200325,646,-0.204632,2.210107,0.071928,0.436499
20200325,647,-0.204632,2.311121,0.071928,0.436499
20200325,648,-0.211501,2.311121,0.193393,-1.145722
20200325,649,-0.211501,1.806051,0.193393,-1.145722
20200325,650,-0.190895,1.806051,-0.049536,-1.145722
20200325,651,-0.190895,2.412135,-0.049536,-1.145722
20200325,652,-0.238975,2.412135,-0.332953,-1.145722
20200325,653,-0.238975,0.290841,-0.332953,0.436499
20200325,654,-0.204632,0.290841,-0.090024,2.01872
20200325,655,-0.204632,0.189827,-0.090024,-1.145722
20200325,656,-0.211501,0.189827,-0.251976,0.436499
20200325,657,-0.211501,0.088813,-0.251976,-1.145722
20200325,658,-0.211501,0.088813,-0.332953,0.436499
20200325,659,-0.211501,-0.012201,-0.332953,2.01872
20200325,660,-0.225238,-0.012201,-0.009048,-1.145722
20200325,661,-0.225238,0.189827,-0.009048,0.436499
20200325,662,-0.184027,0.189827,0.03144,0.436499
20200325,663,-0.184027,0.290841,0.03144,0.436499
20200325,664,-0.204632,0.290841,0.071928,-1.145722
20200325,665,-0.204632,0.290841,0.071928,0.436499
20200325,666,-0.204632,0.290841,-0.211488,0.436499
20200325,667,-0.204632,0.189827,-0.211488,-1.145722
20200325,668,-0.197764,0.189827,-0.251976,0.436499
20200325,669,-0.197764,0.290841,-0.251976,-2.727943
20200325,670,-0.211501,0.290841,-0.413929,-1.145722
20200325,671,-0.211501,0.593883,-0.413929,0.436499
20200325,672,-0.211501,0.593883,-0.130512,0.436499
20200325,673,-0.211501,0.290841,-0.130512,0.436499
20200325,674,-0.204632,0.290841,-6.568119,2.01872
20200325,675,-0.204632,0.189827,-6.568119,-1.145722
20200325,676,-0.204632,0.189827,-9.037893,-1.145722
20200325,677,-0.204632,0.391855,-9.037893,0.436499
20200325,678,5.324574,0.391855,-9.240333,0.436499
20200325,679,5.324574,0.492869,-9.240333,0.436499
20200325,680,4.452264,0.492869,-9.32131,0.436499
20200325,681,4.452264,0.694897,-9.32131,0.436499
20200325,682,4.314893,0.694897,-9.564238,0.436499
20200325,683,4.314893,0.391855,-9.564238,0.436499
20200325,684,4.273681,0.391855,-9.726191,-1.145722
20200325,685,4.273681,1.199967,-9.726191,-1.145722
20200325,686,4.301155,1.199967,-9.604726,-1.145722
20200325,687,4.301155,0.896925,-9.604726,-1.145722
20200325,688,4.294287,0.896925,-8.430571,-1.145722
20200325,689,4.294287,0.896925,-8.430571,0.436499
20200325,690,4.253075,0.896925,-6.649095,2.01872
20200325,691,4.253075,0.896925,-6.649095,-1.145722
20200325,692,4.23247,0.896925,-4.017369,0.436499
20200325,693,4.23247,0.997939,-4.017369,-1.145722
20200325,694,4.122572,0.997939,-1.264179,0.436499
20200325,695,4.122572,0.896925,-1.264179,2.01872
20200325,696,3.978332,0.896925,0.638762,-1.145722
20200325,697,3.978332,0.694897,0.638762,0.436499
20200325,698,3.751669,0.694897,1.650964,0.436499
20200325,699,3.751669,0.997939,1.650964,0.436499
20200325,700,3.525006,0.997939,1.893893,0.436499
20200325,701,3.525006,1.300981,1.893893,0.436499
20200325,702,3.31208,1.300981,2.096333,0.436499
20200325,703,3.31208,1.199967,2.096333,0.436499
20200325,704,3.11976,1.199967,1.772428,-1.145722
20200325,705,3.11976,0.997939,1.772428,-1.145722
20200325,706,3.016731,0.997939,1.489012,0.436499
20200325,707,3.016731,0.997939,1.489012,-1.145722
20200325,708,2.92744,0.997939,1.246083,2.01872
20200325,709,2.92744,1.401995,1.246083,0.436499
20200325,710,2.893097,1.401995,0.962666,0.436499
20200325,711,2.893097,1.300981,0.962666,0.436499
20200325,712,2.845017,1.300981,0.638762,0.436499
20200325,713,2.845017,1.098953,0.638762,0.436499
20200325,714,2.817542,1.098953,0.112416,0.436499
20200325,715,2.817542,1.199967,0.112416,0.436499
20200325,716,2.817542,1.199967,-0.211488,0.436499
20200325,717,2.652696,1.401995,-0.413929,0.436499
20200325,718,2.673302,1.401995,-0.778322,-1.145722
20200325,719,2.687039,1.199967,-1.102226,-1.145722
20200325,720,2.714514,1.199967,-1.385643,0.436499
20200325,721,2.700777,1.098953,-1.66906,-1.145722
20200325,722,2.741988,1.098953,-1.8715,2.01872
20200325,723,2.604616,1.401995,-2.195405,0.436499
20200325,724,2.625222,1.401995,-2.276381,0.436499
20200325,725,2.590879,1.705037,-2.195405,0.436499
20200325,726,2.597748,1.705037,-2.154917,0.436499
20200325,727,2.645828,2.614163,-2.033453,0.436499
20200325,728,2.638959,2.614163,-1.911988,-1.145722
20200325,729,2.666434,2.311121,-1.992964,0.436499
20200325,730,2.707645,2.311121,-1.952476,0.436499
20200325,731,2.687039,2.008079,-2.114429,-1.145722
20200325,732,2.638959,2.008079,-2.073941,0.436499
20200325,733,2.645828,2.210107,-2.478822,-2.727943
20200325,734,2.666434,2.210107,-2.033453,-1.145722
20200325,735,2.687039,2.816191,-2.033453,0.436499
20200325,736,2.714514,2.816191,-1.992964,0.436499
20200325,737,2.769462,3.624302,-1.952476,0.436499
20200325,738,2.714514,3.624302,-2.073941,-1.145722
20200325,739,2.741988,2.210107,-2.033453,0.436499
20200325,740,2.83128,2.210107,-2.235893,0.436499
20200325,741,2.824411,2.311121,-2.276381,-1.145722
20200325,742,2.851885,2.311121,-2.154917,0.436499
20200325,743,2.838148,1.806051,-2.114429,-2.727943
20200325,744,2.810674,1.806051,-2.033453,-1.145722
20200325,745,2.790068,2.412135,-2.114429,0.436499
20200325,746,2.790068,2.412135,-2.033453,0.436499
20200325,747,2.776331,0.290841,-1.992964,0.436499
20200325,748,2.783199,0.290841,-2.114429,2.01872
20200325,749,2.776331,0.189827,-2.114429,-1.145722
20200325,750,2.776331,0.189827,-2.195405,-1.145722
20200325,751,2.906834,0.391855,-2.235893,0.436499
20200325,752,2.899965,0.391855,-2.235893,0.436499
20200325,753,2.913702,0.492869,-2.478822,0.436499
20200325,754,2.872491,0.492869,-2.154917,0.436499
20200325,755,2.851885,0.694897,-2.114429,0.436499
20200325,756,2.83128,0.694897,-2.235893,0.436499
20200325,757,2.858754,0.391855,-2.478822,0.436499
20200325,758,3.689852,0.391855,-2.478822,-1.145722
20200325,759,2.996125,1.199967,-1.911988,-1.145722
20200325,760,2.87936,1.199967,-1.952476,-1.145722
20200325,761,2.858754,0.896925,-1.831012,-1.145722
20200325,762,2.796937,0.896925,-1.831012,-1.145722
20200325,763,2.790068,0.896925,-1.8715,0.436499
20200325,764,2.803805,0.896925,-2.154917,2.01872
20200325,765,2.810674,0.896925,-2.276381,-1.145722
20200325,766,2.803805,0.896925,-1.831012,0.436499
20200325,767,2.803805,0.997939,-0.454417,-1.145722
20200325,768,2.755725,0.997939,1.367547,0.436499
20200325,769,1.107266,0.896925,3.068047,2.01872
20200325,770,1.107266,0.896925,3.958785,-1.145722
20200325,771,1.031712,0.694897,4.323178,0.436499
20200325,772,0.908077,0.694897,4.323178,0.436499
20200325,773,0.5097,0.997939,4.161226,0.436499
20200325,774,0.70202,0.997939,3.837321,-1.145722
20200325,775,0.736363,1.300981,3.553904,0.436499
20200325,776,0.640203,1.300981,3.149024,0.436499
20200325,777,0.626466,1.199967,2.865607,-1.145722
20200325,778,0.626466,1.199967,2.58219,0.436499
20200325,779,0.647071,0.997939,2.136821,-2.727943
20200325,780,0.65394,0.997939,1.853404,-1.145722
20200325,781,0.55778,0.997939,1.569988,0.436499
20200325,782,0.585254,0.997939,1.448524,0.436499
20200325,783,0.585254,1.401995,1.812916,0.436499
20200325,784,0.585254,1.401995,2.420238,2.01872
20200325,785,0.647071,1.300981,2.906095,-1.145722
20200325,786,0.633334,1.300981,2.946583,-1.145722
20200325,787,0.592123,1.098953,2.906095,0.436499
20200325,788,0.60586,1.098953,2.663166,0.436499
20200325,789,0.585254,1.199967,2.258285,0.436499
20200325,790,0.550911,1.199967,2.015357,0.436499
20200325,791,0.60586,1.401995,1.772428,0.436499
20200325,792,0.592123,1.401995,1.448524,0.436499
20200325,793,0.592123,1.199967,1.73194,0.436499
20200325,794,0.619597,1.199967,2.055845,-1.145722
20200325,795,0.585254,1.098953,2.37975,-1.145722
20200325,796,0.578386,1.098953,2.501214,-1.145722
20200325,797,0.399803,1.401995,1.772428,-1.145722
20200325,798,2.240582,1.401995,2.015357,-1.145722
20200325,799,0.193745,1.705037,2.420238,0.436499
20200325,800,0.152534,1.705037,2.339262,2.01872
20200325,801,0.083848,2.614163,2.298774,-1.145722
20200325,802,0.063242,2.614163,2.055845,0.436499
20200325,803,0.104454,2.311121,1.812916,-1.145722
20200325,804,0.070111,2.311121,1.691452,0.436499
20200325,805,0.001425,2.008079,1.73194,2.01872
20200325,806,0.070111,2.008079,1.974869,-1.145722
20200325,807,0.049505,2.210107,2.258285,0.436499
20200325,808,0.241825,2.210107,2.258285,0.436499
20200325,809,0.207482,2.816191,2.136821,0.436499
20200325,810,0.331117,2.816191,-0.090024,0.436499
20200325,811,3.703589,3.624302,-0.211488,0.436499
20200325,812,4.204995,3.624302,-0.535393,0.436499
20200325,813,2.34361,2.210107,0.355345,0.436499
20200325,814,2.206239,2.210107,1.003155,-1.145722
20200325,815,2.144422,2.311121,2.906095,-1.145722
20200325,816,1.608672,2.311121,4.606595,0.436499
20200325,817,1.615541,1.806051,5.659285,-1.145722
20200325,818,1.615541,1.806051,6.185631,2.01872
20200325,819,1.581198,2.412135,6.347583,0.436499
20200325,820,0.880603,2.412135,6.064166,0.436499
20200325,821,1.182821,0.290841,5.78075,0.436499
20200325,822,1.237769,0.189827,5.416357,0.436499
20200325,823,1.217163,0.189827,5.092452,0.436499
20200325,824,1.189689,0.189827,4.687571,0.436499
20200325,825,1.175952,0.189827,4.28269,0.436499
20200325,826,1.169083,0.088813,3.958785,0.436499
20200325,827,1.210295,0.088813,3.513416,0.436499
20200325,828,1.615541,-0.012201,3.149024,-1.145722
20200325,829,1.533118,-0.012201,2.825119,-1.145722
20200325,830,1.430089,0.189827,2.460726,0.436499
20200325,831,1.416352,0.189827,2.136821,0.436499
20200325,832,1.62241,0.189827,1.812916,-1.145722
20200325,833,1.773518,0.189827,1.448524,0.436499
20200325,834,1.828467,0.290841,1.812916,0.436499
20200325,835,3.21592,0.290841,2.136821,-1.145722
20200325,836,3.181577,-0.012201,2.298774,0.436499
20200325,837,3.181577,-0.012201,2.339262,-2.727943
20200325,838,3.69672,0.189827,2.37975,-1.145722
20200325,839,2.123816,0.189827,2.055845,0.436499
20200325,840,4.362973,0.088813,1.73194,0.436499
20200325,841,4.452264,0.088813,1.73194,0.436499
20200325,842,3.875304,-0.012201,1.934381,2.01872
20200325,843,3.861566,-0.012201,2.217797,-1.145722
20200325,844,3.854698,0.189827,2.420238,-1.145722
20200325,845,3.840961,0.189827,2.298774,0.436499
20200325,846,3.277737,0.290841,2.136821,0.436499
20200325,847,3.277737,0.290841,1.934381,0.436499
20200325,848,3.264,0.290841,1.73194,0.436499
20200325,849,3.016731,0.290841,1.650964,0.436499
20200325,850,2.755725,0.189827,2.015357,0.436499
20200325,851,2.769462,0.189827,2.298774,0.436499
20200325,852,2.741988,0.290841,2.460726,-1.145722
20200325,853,2.316136,0.290841,2.37975,-1.145722
20200325,854,2.137553,0.593883,2.177309,-1.145722
20200325,855,2.061999,0.593883,1.974869,-1.145722
20200325,856,1.423221,0.290841,1.73194,-1.145722
20200325,857,1.485038,0.290841,1.772428,0.436499
20200325,858,1.491907,0.189827,1.974869,2.01872
20200325,859,1.52625,0.189827,2.136821,-1.145722
20200325,860,1.491907,0.391855,2.37975,0.436499
20200325,861,1.539987,0.391855,2.258285,-1.145722
20200325,862,3.057943,0.492869,2.055845,0.436499
20200325,863,3.009863,0.492869,1.853404,2.01872
20200325,864,2.851885,0.694897,1.853404,-1.145722
20200325,865,3.525006,0.694897,1.812916,0.436499
20200325,866,4.211864,0.391855,1.893893,0.436499
20200325,867,3.840961,0.391855,2.096333,0.436499
20200325,868,3.799749,1.199967,2.177309,-1.145722
20200325,869,3.64864,1.199967,2.136821,0.436499
20200325,870,3.662378,0.896925,1.974869,0.436499
20200325,871,3.511269,0.896925,1.853404,-1.145722
20200325,872,3.518137,0.896925,1.691452,0.436499
20200325,873,3.525006,0.896925,1.73194,-2.727943
20200325,874,3.518137,0.896925,2.055845,-1.145722
20200325,875,3.518137,0.896925,2.339262,0.436499
20200325,876,3.531875,0.997939,2.37975,0.436499
20200325,877,3.545612,0.997939,2.339262,0.436499
20200325,878,3.531875,0.896925,2.055845,2.01872
20200325,879,3.525006,0.896925,1.974869,-1.145722
20200325,880,3.518137,0.694897,1.812916,-1.145722
20200325,881,3.5044,0.694897,1.73194,0.436499
20200325,882,3.518137,0.997939,1.812916,0.436499
20200325,883,3.511269,0.997939,1.974869,0.436499
20200325,884,3.511269,1.300981,2.258285,0.436499
20200325,885,3.531875,1.300981,2.217797,0.436499
20200325,886,3.538743,1.199967,2.177309,0.436499
20200325,887,3.518137,1.199967,2.015357,0.436499
20200325,888,3.525006,0.997939,1.974869,-1.145722
20200325,889,3.511269,0.997939,1.73194,-1.145722
20200325,890,3.5044,0.997939,1.73194,-1.145722
20200325,891,3.518137,0.997939,1.974869,-1.145722
20200325,892,3.518137,1.401995,2.217797,-1.145722
20200325,893,3.525006,1.401995,2.339262,0.436499
20200325,894,3.525006,1.300981,2.177309,2.01872
20200325,895,3.531875,1.300981,1.974869,-1.145722
20200325,896,3.518137,1.098953,1.73194,0.436499
20200325,897,3.518137,1.098953,1.73194,-1.145722
20200325,898,3.518137,1.199967,1.772428,0.436499
20200325,899,3.511269,1.199967,2.136821,2.01872
20200325,900,3.531875,1.401995,2.258285,-1.145722
20200325,901,3.518137,1.401995,2.37975,0.436499
20200325,902,3.531875,1.199967,2.258285,0.436499
20200325,903,3.538743,1.199967,1.934381,0.436499
20200325,904,3.511269,1.098953,1.853404,0.436499
20200325,905,3.511269,1.098953,1.650964,0.436499
20200325,906,3.5044,1.401995,1.691452,0.436499
20200325,907,3.5044,1.401995,1.934381,0.436499
20200325,908,3.518137,1.705037,2.136821,-1.145722
20200325,909,3.531875,1.705037,2.339262,-1.145722
20200325,910,3.518137,2.614163,2.258285,0.436499
20200325,911,3.525006,2.614163,2.136821,-1.145722
20200325,912,3.511269,2.311121,1.934381,2.01872
20200325,913,3.511269,2.311121,1.610476,0.436499
20200325,914,3.5044,2.008079,1.408035,0.436499
20200325,915,3.5044,2.008079,1.812916,0.436499
20200325,916,3.5044,2.210107,2.015357,0.436499
20200325,917,3.511269,2.210107,2.136821,0.436499
20200325,918,3.518137,2.816191,2.217797,0.436499
20200325,919,3.525006,2.816191,2.096333,0.436499
20200325,920,3.518137,3.624302,1.974869,0.436499
20200325,921,3.511269,3.624302,1.772428,0.436499
20200325,922,3.511269,2.210107,1.73194,-1.145722
20200325,923,3.497532,2.210107,1.812916,-1.145722
20200325,924,3.497532,2.311121,2.015357,0.436499
20200325,925,3.518137,2.311121,2.136821,-1.145722
20200325,926,3.518137,1.806051,2.136821,2.01872
20200325,927,3.525006,1.806051,2.055845,0.436499
20200325,928,3.5044,2.412135,1.853404,0.436499
20200325,929,3.5044,2.412135,1.772428,0.436499
20200325,930,3.511269,2.210107,1.812916,0.436499
20200325,931,3.5044,2.816191,1.650964,0.436499
20200325,932,3.518137,2.816191,2.055845,-1.145722
20200325,933,3.511269,3.624302,2.096333,0.436499
20200325,934,3.511269,3.624302,2.096333,0.436499
20200325,935,3.518137,2.210107,1.934381,-1.145722
20200325,936,3.511269,2.210107,1.73194,0.436499
20200325,937,3.5044,2.311121,1.772428,-2.727943
20200325,938,3.511269,2.311121,1.610476,-1.145722
20200325,939,3.5044,1.806051,1.974869,0.436499
20200325,940,3.497532,1.806051,2.136821,0.436499
20200325,941,3.518137,2.412135,2.136821,0.436499
20200325,942,3.511269,2.412135,1.974869,2.01872
20200325,943,3.511269,0.290841,1.853404,-1.145722
20200325,944,3.5044,0.290841,1.772428,-1.145722
20200325,945,3.5044,0.189827,1.772428,0.436499
20200325,946,3.5044,0.189827,1.934381,0.436499
20200325,947,3.511269,0.391855,1.934381,0.436499
20200325,948,3.511269,0.391855,2.015357,0.436499
20200325,949,3.5044,3.624302,2.015357,0.436499
20200325,950,3.518137,3.624302,1.812916,0.436499
20200325,951,3.518137,2.210107,1.772428,0.436499
20200325,952,3.5044,2.210107,1.772428,-1.145722
20200325,953,3.511269,2.311121,1.812916,-1.145722
20200325,954,3.518137,2.311121,2.096333,-1.145722
20200325,955,3.511269,1.806051,2.217797,-1.145722
20200325,956,3.511269,1.806051,2.015357,-1.145722
20200325,957,3.511269,2.412135,1.934381,0.436499
20200325,958,3.5044,2.412135,1.610476,2.01872
20200325,959,3.5044,2.210107,1.489012,-1.145722
20200325,960,3.490663,2.816191,1.772428,0.436499
20200325,961,3.497532,2.816191,1.974869,-1.145722
20200325,962,3.5044,3.624302,2.217797,0.436499
20200325,963,3.518137,3.624302,2.217797,2.01872
20200325,964,3.511269,2.210107,2.136821,-1.145722
20200325,965,3.511269,2.210107,2.015357,0.436499
20200325,966,3.5044,2.311121,1.934381,0.436499
20200325,967,3.497532,2.311121,1.73194,0.436499
20200325,968,3.518137,1.806051,1.73194,0.436499
20200325,969,3.525006,1.806051,1.853404,0.436499
20200325,970,3.518137,2.412135,2.096333,0.436499
20200325,971,3.525006,2.412135,2.217797,0.436499
20200325,972,3.531875,0.290841,2.460726,-1.145722
20200325,973,3.531875,0.290841,2.258285,-1.145722
20200325,974,3.545612,0.189827,2.136821,0.436499
20200325,975,3.538743,0.189827,1.934381,-1.145722
20200325,976,-0.273318,-1.426396,-0.009048,0.436499
20200325,977,-0.273318,-1.426396,-0.009048,-1.145722
20200325,978,-0.280187,-1.426396,-0.049536,0.436499
20200325,979,-0.280187,-1.426396,-0.049536,2.01872
20200325,980,-0.280187,-1.52741,-0.332953,-1.145722
20200325,981,-0.280187,-1.52741,-0.332953,0.436499
20200325,982,-0.273318,-1.224368,-0.251976,0.436499
20200325,983,-0.273318,-1.224368,-0.251976,0.436499
20200325,984,-0.287055,-1.325382,-0.171,0.436499
20200325,985,-0.287055,-1.325382,-0.171,0.436499
20200325,986,-0.280187,-1.729438,0.03144,0.436499
20200325,987,-0.280187,-1.729438,0.03144,0.436499
20200325,988,-0.280187,-1.729438,-0.009048,-1.145722
20200325,989,-0.280187,-1.729438,-0.009048,-1.145722
20200325,990,-0.273318,-1.52741,0.193393,0.436499
20200325,991,-0.273318,-1.52741,0.193393,-1.145722
20200325,992,-0.280187,-1.931466,0.112416,2.01872
20200325,993,-0.280187,-1.931466,0.112416,0.436499
20200325,994,-0.287055,-1.224368,-0.049536,0.436499
20200325,995,-0.287055,-1.224368,-0.049536,0.436499
20200325,996,-0.280187,-1.426396,-0.211488,0.752943
20200325,997,-0.280187,-1.426396,-0.211488,0.752943
20200325,998,-0.287055,-1.224368,-0.332953,0.721299
20200325,999,-0.287055,-1.224368,-0.332953,0.721299
20200325,1000,-0.287055,-1.426396,-0.292465,0.689654
20200325,1001,-0.287055,-1.426396,-0.292465,0.689654
20200325,1002,-0.287055,-1.325382,-0.251976,0.816232
20200325,1003,-0.287055,-1.325382,-0.251976,0.816232
20200325,1004,-0.273318,-1.325382,0.193393,0.816232
20200325,1005,-0.273318,-1.325382,0.193393,0.816232
20200325,1006,-0.280187,-1.628424,0.274369,0.816232
20200325,1007,-0.280187,-1.628424,0.274369,0.816232
20200325,1008,-0.280187,-1.52741,0.152905,0.816232
20200325,1009,-0.280187,-1.52741,0.152905,0.816232
20200325,1010,-0.280187,-1.224368,-0.049536,0.721299
20200325,1011,-0.280187,-1.224368,-0.049536,0.721299
20200325,1012,-0.293924,-1.325382,-0.130512,0.689654
20200325,1013,-0.293924,-1.325382,-0.130512,0.689654
20200325,1014,-0.280187,-1.426396,-0.292465,0.721299
20200325,1015,-0.280187,-1.426396,-0.292465,0.721299
20200325,1016,-0.293924,-1.123354,-0.413929,0.689654
20200325,1017,-0.293924,-1.123354,-0.413929,0.689654
20200325,1018,-0.273318,-1.325382,-0.130512,0.721299
20200325,1019,-0.273318,-1.325382,-0.130512,0.721299
20200325,1020,-0.280187,-1.426396,-0.009048,0.752943
20200325,1021,-0.280187,-1.426396,-0.009048,0.752943
20200325,1022,-0.273318,-1.729438,0.152905,0.721299
20200325,1023,-0.273318,-1.729438,0.152905,0.436499
20200325,1024,-0.280187,-1.123354,0.112416,0.436499
20200325,1025,-0.280187,-1.123354,0.112416,-1.145722
20200325,1026,-0.293924,-1.224368,-0.049536,0.436499
20200325,1027,-0.293924,-1.224368,-0.049536,0.436499
20200325,1028,-0.293924,-1.426396,-0.171,-1.145722
20200325,1029,-0.293924,-1.426396,-0.171,0.436499
20200325,1030,-0.287055,-1.224368,-0.171,-2.727943
20200325,1031,-0.287055,-1.224368,-0.171,-1.145722
20200325,1032,-0.293924,-0.719298,-0.211488,0.436499
20200325,1033,-0.293924,-0.719298,-0.211488,0.436499
20200325,1034,-0.280187,-1.224368,-0.130512,0.436499
20200325,1035,-0.280187,-1.224368,-0.130512,2.01872
20200325,1036,-0.280187,-1.426396,-0.171,-1.145722
20200325,1037,-0.280187,-1.426396,-0.171,-1.145722
20200325,1038,-0.287055,-1.52741,-0.009048,0.436499
20200325,1039,-0.287055,-1.52741,-0.009048,0.436499
20200325,1040,-0.287055,-1.325382,-0.049536,0.436499
20200325,1041,-0.287055,-1.325382,-0.049536,0.436499
20200325,1042,-0.280187,-1.426396,-0.090024,0.436499
20200325,1043,-0.280187,-1.426396,-0.090024,0.436499
20200325,1044,-0.287055,-1.123354,-0.211488,0.436499
20200325,1045,-0.287055,-1.123354,-0.211488,-1.145722
20200325,1046,-0.293924,-1.426396,-0.292465,-1.145722
20200325,1047,-0.293924,-1.426396,-0.292465,-1.145722
20200325,1048,-0.273318,-1.224368,-0.292465,-1.145722
20200325,1049,-0.273318,-1.224368,-0.292465,-1.145722
20200325,1050,-0.280187,-1.224368,-0.049536,0.436499
20200325,1051,-0.280187,-1.224368,-0.049536,2.01872
20200325,1052,-0.293924,-1.224368,0.233881,-1.145722
20200325,1053,-0.293924,-1.224368,0.233881,0.436499
20200325,1054,-0.280187,-1.224368,0.193393,-1.145722
20200325,1055,-0.280187,-1.224368,0.193393,0.436499
20200325,1056,-0.280187,-1.628424,0.03144,2.01872
20200325,1057,-0.280187,-1.628424,0.03144,-1.145722
20200325,1058,-0.280187,-1.123354,-0.049536,0.436499
20200325,1059,-0.280187,-1.123354,-0.049536,0.436499
20200325,1060,-0.293924,-1.224368,-0.130512,0.436499
20200325,1061,-0.293924,-1.224368,-0.130512,-1.145722
20200325,1062,-0.293924,-1.325382,-0.454417,0.436499
20200325,1063,-0.293924,-1.325382,-0.454417,0.436499
20200325,1064,-0.280187,-1.426396,-0.292465,-1.145722
20200325,1065,-0.280187,-1.426396,-0.292465,0.436499
20200325,1066,-0.287055,-1.52741,-0.171,-2.727943
20200325,1067,-0.287055,-1.52741,-0.171,-1.145722
20200325,1068,-0.287055,-1.628424,-0.130512,0.436499
20200325,1069,-0.287055,-1.628424,-0.130512,0.436499
20200325,1070,-0.273318,-1.52741,0.314857,0.436499
20200325,1071,-0.273318,-1.52741,0.314857,2.01872
20200325,1072,-0.280187,-1.830452,0.274369,-1.145722
20200325,1073,-0.280187,-1.830452,0.274369,-1.145722
20200325,1074,-0.287055,-1.325382,0.152905,0.436499
20200325,1075,-0.287055,-1.325382,0.152905,0.436499
20200325,1076,-0.307661,-1.325382,-0.090024,0.436499
20200325,1077,-0.307661,-1.325382,-0.090024,0.436499
20200325,1078,-0.300792,-1.123354,-0.251976,0.436499
20200325,1079,-0.300792,-1.123354,-0.251976,0.436499
20200325,1080,-0.293924,-0.921326,-0.292465,0.436499
20200325,1081,-0.293924,-0.921326,-0.292465,-1.145722
20200325,1082,-0.307661,-1.325382,-0.171,-1.145722
20200325,1083,-0.307661,-1.325382,-0.171,-1.145722
20200325,1084,-0.287055,-1.224368,-0.090024,-1.145722
20200325,1085,-0.287055,-1.224368,-0.090024,-1.145722
20200325,1086,-0.280187,-1.52741,0.193393,0.436499
20200325,1087,-0.280187,-1.52741,0.193393,2.01872
20200325,1088,-0.287055,-1.325382,0.233881,-1.145722
20200325,1089,-0.287055,-1.325382,0.233881,0.436499
20200325,1090,-0.287055,-1.52741,0.071928,-1.145722
20200325,1091,-0.287055,-1.52741,0.071928,0.436499
20200325,1092,-0.293924,-1.628424,-0.130512,2.01872
20200325,1093,-0.293924,-1.628424,-0.130512,-1.145722
20200325,1094,-0.293924,-1.325382,-0.251976,0.436499
20200325,1095,-0.293924,-1.325382,-0.251976,0.436499
20200325,1096,-0.287055,-1.325382,-0.130512,0.436499
20200325,1097,-0.287055,-1.325382,-0.130512,0.436499
20200325,1098,-0.293924,-1.02234,-0.332953,0.436499
20200325,1099,-0.293924,-1.02234,-0.332953,0.436499
20200325,1100,-0.280187,-1.02234,0.03144,0.436499
20200325,1101,-0.280187,-1.02234,0.03144,-1.145722
20200325,1102,-0.280187,-1.325382,0.152905,-1.145722
20200325,1103,-0.280187,-1.325382,0.152905,0.436499
20200325,1104,-0.280187,-1.123354,0.193393,-1.145722
20200325,1105,-0.280187,-1.123354,0.193393,2.01872
20200325,1106,-0.293924,-1.426396,-0.009048,0.436499
20200325,1107,-0.293924,-1.426396,-0.009048,0.436499
20200325,1108,-0.280187,-1.325382,-0.171,0.436499
20200325,1109,-0.280187,-1.325382,-0.171,0.436499
20200325,1110,-0.287055,-0.921326,-0.171,0.436499
20200325,1111,-0.287055,-0.921326,-0.171,0.436499
20200325,1112,-0.300792,-1.325382,-0.251976,0.436499
20200325,1113,-0.300792,-1.325382,-0.251976,0.436499
20200325,1114,-0.280187,-1.02234,-0.130512,0.436499
20200325,1115,-0.280187,-1.02234,-0.130512,-1.145722
20200325,1116,-0.287055,-1.123354,-0.130512,-1.145722
20200325,1117,-0.287055,-1.123354,-0.130512,0.436499
20200325,1118,-0.287055,-1.224368,-0.171,-1.145722
20200325,1119,-0.287055,-1.224368,-0.171,2.01872
20200325,1120,-0.287055,-1.325382,-0.049536,0.436499
20200325,1121,-0.287055,-1.325382,-0.049536,0.436499
20200325,1122,-0.293924,-1.123354,-0.454417,0.436499
20200325,1123,-0.293924,-1.123354,-0.454417,0.436499
20200325,1124,-0.293924,-1.02234,-0.251976,0.436499
20200325,1125,-0.293924,-1.02234,-0.251976,-1.145722
20200325,1126,-0.287055,-0.921326,-0.171,0.436499
20200325,1127,-0.287055,-0.921326,-0.171,0.436499
20200325,1128,-0.293924,-1.123354,0.071928,-1.145722
20200325,1129,-0.293924,-1.123354,0.071928,0.436499
20200325,1130,-0.287055,-1.02234,0.112416,-2.727943
20200325,1131,-0.287055,-1.02234,0.112416,-1.145722
20200325,1132,-0.293924,-0.618284,0.071928,0.436499
20200325,1133,-0.293924,-0.618284,0.071928,0.436499
20200325,1134,-0.300792,-1.123354,-0.090024,0.436499
20200325,1135,-0.300792,-1.123354,-0.090024,2.01872
20200325,1136,-0.300792,-0.921326,-0.454417,-1.145722
20200325,1137,-0.300792,-0.921326,-0.454417,-1.145722
20200325,1138,-0.300792,-1.52741,-0.292465,0.436499
20200325,1139,-0.300792,-1.52741,-0.292465,0.436499
20200325,1140,-0.307661,-1.224368,-0.211488,0.436499
20200325,1141,-0.307661,-1.224368,-0.211488,0.436499
20200325,1142,-0.287055,-1.628424,-0.090024,0.436499
20200325,1143,-0.287055,-1.628424,-0.090024,0.436499
20200325,1144,-0.287055,-1.123354,0.314857,0.436499
20200325,1145,-0.287055,-1.123354,0.314857,-1.145722
20200325,1146,-0.300792,-1.830452,0.314857,-1.145722
20200325,1147,-0.300792,-1.830452,0.314857,-1.145722
20200325,1148,-0.280187,-1.628424,0.274369,-1.145722
20200325,1149,-0.280187,-1.628424,0.274369,-1.145722
20200325,1150,-0.300792,-1.52741,-0.090024,0.436499
20200325,1151,-0.300792,-1.52741,-0.090024,2.01872
20200325,1152,-0.31453,-1.325382,-0.130512,-1.145722
20200325,1153,-0.31453,-1.325382,-0.130512,0.436499
20200325,1154,-0.293924,-1.426396,-0.251976,-1.145722
20200325,1155,-0.293924,-1.426396,-0.251976,0.436499
20200325,1156,-0.300792,-1.729438,-0.332953,2.01872
20200325,1157,-0.300792,-1.729438,-0.332953,-1.145722
20200325,1158,-0.293924,-1.52741,-0.171,0.436499
20200325,1159,-0.293924,-1.52741,-0.171,0.436499
20200325,1160,-0.293924,-1.628424,0.112416,0.436499
20200325,1161,-0.293924,-1.628424,0.112416,-1.145722
20200325,1162,-0.280187,-1.729438,0.274369,0.436499
20200325,1163,-0.280187,-1.729438,0.274369,0.436499
20200325,1164,-0.280187,-1.224368,0.233881,-1.145722
20200325,1165,-0.280187,-1.224368,0.233881,0.436499
20200325,1166,-0.307661,-1.325382,0.152905,-2.727943
20200325,1167,-0.307661,-1.325382,0.152905,-1.145722
20200325,1168,-0.300792,-1.02234,-0.090024,0.436499
20200325,1169,-0.300792,-1.02234,-0.090024,0.436499
20200325,1170,-0.31453,-1.123354,-0.535393,0.436499
20200325,1171,-0.31453,-1.123354,-0.535393,2.01872
20200325,1172,-0.293924,-1.224368,-0.373441,-1.145722
20200325,1173,-0.293924,-1.224368,-0.373441,-1.145722
20200325,1174,-0.293924,-0.719298,-0.171,0.436499
20200325,1175,-0.293924,-0.719298,-0.171,0.436499
20200325,1176,-0.300792,-0.921326,0.152905,0.436499
20200325,1177,-0.300792,-0.921326,0.152905,0.436499
20200325,1178,-0.280187,-1.52741,0.314857,0.436499
20200325,1179,-0.280187,-1.52741,0.314857,0.436499
20200325,1180,-0.287055,-1.224368,0.355345,0.436499
20200325,1181,-0.287055,-1.224368,0.355345,-1.145722
20200325,1182,-0.287055,-1.426396,0.152905,-1.145722
20200325,1183,-0.287055,-1.426396,0.152905,-1.145722
20200325,1184,-0.328267,-1.123354,-0.049536,-1.145722
20200325,1185,-0.328267,-1.123354,-0.049536,-1.145722
20200325,1186,-0.300792,-1.224368,-0.049536,0.436499
20200325,1187,-0.300792,-1.224368,-0.049536,2.01872
20200325,1188,-0.307661,-1.325382,-0.251976,-1.145722
20200325,1189,-0.307661,-1.325382,-0.251976,0.436499
20200325,1190,-0.300792,-1.224368,-0.130512,-1.145722
20200325,1191,-0.300792,-1.224368,-0.130512,0.436499
20200325,1192,-0.280187,-1.325382,-0.049536,2.01872
20200325,1193,-0.280187,-1.325382,-0.049536,-1.145722
20200325,1194,-0.293924,-1.325382,0.03144,0.436499
20200325,1195,-0.293924,-1.325382,0.03144,0.436499
20200325,1196,-0.293924,-0.921326,-0.049536,0.436499
20200325,1197,-0.293924,-0.921326,-0.049536,0.436499
20200325,1198,-0.287055,-1.426396,-0.049536,0.436499
20200325,1199,-0.287055,-1.426396,-0.049536,0.436499
20200325,1200,-0.293924,-1.224368,-0.171,0.436499
20200325,1201,-0.293924,-1.224368,-0.171,-1.145722
20200325,1202,-0.307661,-1.224368,-0.211488,-1.145722
20200325,1203,-0.307661,-1.224368,-0.211488,0.436499
20200325,1204,-0.307661,-1.123354,-0.211488,-1.145722
20200325,1205,-0.307661,-1.123354,-0.211488,2.01872
20200325,1206,-0.300792,-0.820312,-0.009048,0.436499
20200325,1207,-0.300792,-0.820312,-0.009048,0.436499
20200325,1208,-0.300792,-1.02234,-0.049536,0.436499
20200325,1209,-0.300792,-1.02234,-0.049536,0.436499
20200325,1210,-0.293924,-1.224368,0.152905,0.436499
20200325,1211,-0.293924,-1.224368,0.152905,0.436499
20200325,1212,-0.287055,-1.628424,0.071928,0.436499
20200325,1213,-0.287055,-1.628424,0.071928,0.436499
20200325,1214,-0.307661,-1.628424,-0.090024,0.436499
20200325,1215,-0.307661,-1.628424,-0.090024,-1.145722
20200325,1216,-0.293924,-1.02234,-0.292465,-1.145722
20200325,1217,-0.293924,-1.02234,-0.292465,0.436499
20200325,1218,-0.300792,-1.02234,-0.171,-1.145722
20200325,1219,-0.300792,-1.02234,-0.171,2.01872
20200325,1220,-0.293924,-1.628424,-0.090024,0.436499
20200325,1221,-0.293924,-1.628424,-0.090024,0.436499
20200325,1222,-0.287055,-1.123354,-0.130512,0.436499
20200325,1223,-0.287055,-1.123354,-0.130512,0.436499
20200325,1224,-0.293924,-1.426396,-0.130512,0.436499
20200325,1225,-0.293924,-1.426396,-0.130512,-1.145722
20200325,1226,-0.287055,-1.325382,-0.130512,0.436499
20200325,1227,-0.287055,-1.325382,-0.130512,0.436499
20200325,1228,-0.287055,-1.224368,-0.171,-1.145722
20200325,1229,-0.287055,-1.224368,-0.171,0.436499
20200325,1230,-0.31453,-1.628424,-0.130512,-2.727943
20200325,1231,-0.31453,-1.628424,-0.130512,-1.145722
20200325,1232,-0.293924,-1.123354,-0.090024,0.436499
20200325,1233,-0.293924,-1.123354,-0.090024,0.436499
20200325,1234,-0.287055,-1.123354,-0.332953,0.436499
20200325,1235,-0.287055,-1.123354,-0.332953,2.01872
20200325,1236,-0.287055,-1.224368,-0.090024,-1.145722
20200325,1237,-0.287055,-1.224368,-0.090024,-1.145722
20200325,1238,-0.300792,-1.02234,-0.090024,0.436499
20200325,1239,-0.300792,-1.02234,-0.090024,0.436499
20200325,1240,-0.307661,-1.224368,-0.090024,0.436499
20200325,1241,-0.307661,-1.224368,-0.090024,0.436499
20200325,1242,-0.293924,-0.719298,-0.211488,0.436499
20200325,1243,-0.293924,-0.719298,-0.211488,0.436499
20200325,1244,-0.307661,-0.315242,-0.171,0.436499
20200325,1245,-0.307661,-0.315242,-0.171,-1.145722
20200325,1246,-0.300792,-0.618284,-0.130512,-1.145722
20200325,1247,-0.300792,-0.618284,-0.130512,-1.145722
20200325,1248,-0.287055,-0.719298,-0.130512,-1.145722
20200325,1249,-0.287055,-0.719298,-0.130512,-1.145722
20200325,1250,-0.287055,-0.719298,-0.130512,0.436499
20200325,1251,-0.287055,-0.719298,-0.130512,2.01872
20200325,1252,-0.300792,-0.113214,-0.009048,-1.145722
20200325,1253,-0.300792,-0.113214,-0.009048,0.436499
20200325,1254,-0.287055,-0.416256,-0.090024,-1.145722
20200325,1255,-0.287055,-0.416256,-0.090024,0.436499
20200325,1256,-0.300792,-0.51727,-0.171,2.01872
20200325,1257,-0.300792,-0.51727,-0.171,-1.145722
20200325,1258,-0.293924,-0.416256,-0.373441,0.436499
20200325,1259,-0.293924,-0.416256,-0.373441,0.436499
20200325,1260,-0.293924,-0.51727,-0.171,0.436499
20200325,1261,-0.293924,-0.51727,-0.171,0.436499
20200325,1262,-0.293924,-0.315242,-0.009048,0.436499
20200325,1263,-0.293924,-0.315242,-0.009048,0.436499
20200325,1264,-0.300792,-0.51727,0.03144,0.436499
20200325,1265,-0.300792,-0.51727,0.03144,-1.145722
20200325,1266,-0.293924,-0.012201,-0.211488,-1.145722
20200325,1267,-0.293924,-0.012201,-0.211488,0.436499
20200325,1268,-0.307661,-0.113214,-0.049536,-1.145722
20200325,1269,-0.307661,-0.113214,-0.049536,2.01872
20200325,1270,-0.300792,-0.113214,-0.251976,0.436499
20200325,1271,-0.300792,-0.113214,-0.251976,0.436499
20200325,1272,-0.300792,0.088813,-0.009048,0.436499
20200325,1273,-0.300792,0.088813,-0.009048,0.436499
20200325,1274,-0.300792,-0.416256,-0.130512,0.436499
20200325,1275,-0.300792,-0.416256,-0.130512,0.436499
20200325,1276,-0.293924,-0.012201,-0.130512,0.436499
20200325,1277,-0.293924,-0.012201,-0.130512,0.436499
20200325,1278,-0.300792,-0.113214,-0.090024,0.436499
20200325,1279,-0.300792,-0.113214,-0.090024,-1.145722
20200325,1280,-0.293924,-0.012201,-0.171,-1.145722
20200325,1281,-0.293924,-0.012201,-0.171,0.436499
20200325,1282,-0.321398,-0.113214,-0.211488,-1.145722
20200325,1283,-0.321398,-0.113214,-0.211488,2.01872
20200325,1284,-0.31453,0.290841,-0.211488,0.436499
20200325,1285,-0.31453,0.290841,-0.211488,0.436499
20200325,1286,-0.307661,0.088813,-0.130512,0.436499
20200325,1287,-0.307661,0.088813,-0.130512,0.436499
20200325,1288,-0.31453,-0.012201,-0.090024,0.436499
20200325,1289,-0.31453,-0.012201,-0.090024,-1.145722
20200325,1290,-0.31453,0.189827,-0.009048,0.436499
20200325,1291,-0.31453,0.189827,-0.009048,0.436499
20200325,1292,-0.307661,-0.315242,-0.171,-1.145722
20200325,1293,-0.307661,-0.315242,-0.171,0.436499
20200325,1294,-0.31453,-0.113214,-0.211488,-2.727943
20200325,1295,-0.31453,-0.113214,-0.211488,-1.145722
20200325,1296,-0.321398,-0.012201,-0.211488,0.436499
20200325,1297,-0.321398,-0.012201,-0.211488,0.436499
20200325,1298,-0.321398,-0.416256,-0.332953,0.436499
20200325,1299,-0.321398,-0.416256,-0.332953,0.436499
20200325,1300,-0.31453,-0.416256,0.03144,-1.145722
20200325,1301,-0.31453,-0.416256,0.03144,0.436499
20200325,1302,-0.31453,0.189827,-0.009048,0.436499
20200325,1303,-0.31453,0.189827,-0.009048,-1.145722
20200325,1304,-0.31453,-0.113214,-0.090024,0.436499
20200325,1305,-0.31453,-0.113214,-0.090024,-2.727943
20200325,1306,-0.321398,0.290841,-0.090024,-1.145722
20200325,1307,-0.321398,0.290841,-0.090024,0.436499
20200325,1308,-0.321398,0.189827,-0.130512,0.436499
20200325,1309,-0.321398,0.189827,-0.130512,0.436499
20200325,1310,-0.321398,0.290841,-0.373441,2.01872
20200325,1311,-0.321398,0.290841,-0.373441,-1.145722
20200325,1312,-0.321398,-0.012201,-0.211488,-1.145722
20200325,1313,-0.321398,-0.012201,-0.211488,0.436499
20200325,1314,-0.31453,0.189827,-0.130512,0.436499
20200325,1315,-0.31453,0.189827,-0.130512,0.436499
20200325,1316,-0.321398,0.088813,0.03144,0.436499
20200325,1317,-0.321398,0.088813,0.03144,0.436499
20200325,1318,-0.328267,-0.012201,-0.049536,0.436499
20200325,1319,-0.328267,-0.012201,-0.049536,0.436499
20200325,1320,-0.328267,0.088813,0.03144,-1.145722
20200325,1321,-0.328267,0.088813,0.03144,-1.145722
20200325,1322,-0.328267,0.189827,-0.130512,-1.145722
20200325,1323,-0.328267,0.189827,-0.130512,-1.145722
20200325,1324,-0.335135,0.290841,-0.130512,-1.145722
20200325,1325,-0.335135,0.290841,-0.130512,0.436499
20200325,1326,-0.300792,0.593883,-0.171,2.01872
20200325,1327,-0.300792,0.593883,-0.171,-1.145722
20200325,1328,-0.293924,0.290841,-0.171,0.436499
20200325,1329,-0.293924,0.290841,-0.171,-1.145722
20200325,1330,-0.300792,0.290841,-0.130512,0.436499
20200325,1331,-0.300792,0.290841,-0.130512,2.01872
20200325,1332,-0.307661,-0.012201,-0.090024,-1.145722
20200325,1333,-0.307661,-0.012201,-0.090024,0.436499
20200325,1334,-0.287055,0.189827,0.03144,0.436499
20200325,1335,-0.287055,0.189827,0.03144,0.436499
20200325,1336,-0.300792,0.290841,-0.090024,-1.145722
20200325,1337,-0.300792,0.290841,-0.090024,0.436499
20200325,1338,-0.300792,0.391855,-0.130512,0.436499
20200325,1339,-0.300792,0.391855,-0.130512,-1.145722
20200325,1340,-0.307661,0.492869,-0.171,0.436499
20200325,1341,-0.307661,0.492869,-0.171,-2.727943
20200325,1342,-0.300792,0.391855,-0.171,-1.145722
20200325,1343,-0.300792,0.391855,-0.171,0.436499
20200325,1344,-0.300792,0.088813,-0.251976,0.436499
20200325,1345,-0.300792,0.088813,-0.251976,0.436499
20200325,1346,-0.293924,0.290841,-0.090024,2.01872
20200325,1347,-0.293924,0.290841,-0.090024,-1.145722
20200325,1348,-0.300792,0.189827,0.152905,-1.145722
20200325,1349,-0.300792,0.189827,0.152905,0.436499
20200325,1350,-0.300792,0.189827,0.03144,0.436499
20200326,1,-0.300792,0.189827,0.03144,0.436499
20200326,2,-0.31453,0.391855,-0.130512,0.436499
20200326,3,-0.31453,0.391855,-0.130512,0.436499
20200326,4,-0.31453,0.492869,-0.211488,0.436499
20200326,5,-0.31453,0.492869,-0.211488,0.436499
20200326,6,-0.31453,0.088813,-0.251976,-1.145722
20200326,7,-0.31453,0.088813,-0.251976,-1.145722
20200326,8,-0.31453,0.189827,-0.171,-1.145722
20200326,9,-0.31453,0.189827,-0.171,-1.145722
20200326,10,-0.300792,0.694897,-0.009048,-1.145722
20200326,11,-0.300792,0.694897,-0.009048,0.436499
20200326,12,-0.307661,0.088813,0.233881,2.01872
20200326,13,-0.307661,0.088813,0.233881,-1.145722
20200326,14,-0.300792,0.391855,0.03144,0.436499
20200326,15,-0.300792,0.391855,0.03144,-1.145722
20200326,16,-0.307661,0.492869,0.03144,0.436499
20200326,17,-0.307661,0.492869,0.03144,2.01872
20200326,18,-0.328267,0.189827,-0.130512,-1.145722
20200326,19,-0.328267,0.189827,-0.130512,0.436499
20200326,20,-0.31453,0.290841,-0.251976,0.436499
20200326,21,-0.31453,0.290841,-0.251976,0.436499
20200326,22,-0.321398,0.189827,-0.251976,0.436499
20200326,23,-0.321398,0.189827,-0.251976,0.436499
20200326,24,-0.31453,0.088813,-0.049536,0.436499
20200326,25,-0.31453,0.088813,-0.049536,0.436499
20200326,26,-0.31453,0.189827,0.03144,-1.145722
20200326,27,-0.31453,0.189827,0.03144,-1.145722
20200326,28,-0.300792,-0.012201,0.112416,0.436499
20200326,29,-0.300792,-0.012201,0.112416,-1.145722
20200326,30,-0.31453,0.290841,0.03144,2.01872
20200326,31,-0.31453,0.290841,0.03144,0.436499
20200326,32,-0.300792,0.290841,-0.090024,0.436499
20200326,33,-0.300792,0.290841,-0.090024,0.436499
20200326,34,-0.321398,0.391855,-0.292465,0.436499
20200326,35,-0.321398,0.391855,-0.292465,0.436499
20200326,36,-0.321398,0.290841,-0.251976,0.436499
20200326,37,-0.321398,0.290841,-0.251976,0.436499
20200326,38,-0.31453,0.492869,-0.454417,0.436499
20200326,39,-0.31453,0.492869,-0.454417,0.436499
20200326,40,-0.31453,0.290841,-0.049536,-1.145722
20200326,41,-0.31453,0.290841,-0.049536,-1.145722
20200326,42,-0.307661,0.391855,0.071928,0.436499
20200326,43,-0.307661,0.391855,0.071928,-1.145722
20200326,44,-0.307661,0.290841,0.071928,2.01872
20200326,45,-0.307661,0.290841,0.071928,0.436499
20200326,46,-0.328267,0.391855,0.071928,0.436499
20200326,47,-0.328267,0.391855,0.071928,0.436499
20200326,48,-0.321398,0.088813,-0.049536,0.436499
20200326,49,-0.321398,0.088813,-0.049536,0.436499
20200326,50,-0.31453,-0.012201,-0.332953,-1.145722
20200326,51,-0.31453,-0.012201,-0.332953,0.436499
20200326,52,-0.321398,0.492869,-0.211488,0.436499
20200326,53,-0.321398,0.492869,-0.211488,-1.145722
20200326,54,-0.321398,0.391855,-0.251976,0.436499
20200326,55,-0.321398,0.391855,-0.251976,-2.727943
20200326,56,-0.31453,0.189827,-0.171,-1.145722
20200326,57,-0.31453,0.189827,-0.171,0.436499
20200326,58,-0.328267,0.290841,0.03144,0.436499
20200326,59,-0.328267,0.290841,0.03144,0.436499
20200326,60,-0.31453,0.189827,0.03144,2.01872
20200326,61,-0.31453,0.189827,0.03144,-1.145722
20200326,62,-0.307661,0.189827,-0.009048,-1.145722
20200326,63,-0.307661,0.189827,-0.009048,0.436499
20200326,64,-0.31453,0.391855,-0.049536,0.436499
20200326,65,-0.31453,0.391855,-0.049536,0.436499
20200326,66,-0.328267,0.391855,-0.171,0.436499
20200326,67,-0.328267,0.391855,-0.171,0.436499
20200326,68,-0.321398,0.088813,-0.211488,0.436499
20200326,69,-0.321398,0.088813,-0.211488,0.436499
20200326,70,-0.31453,0.189827,-0.211488,-1.145722
20200326,71,-0.31453,0.189827,-0.211488,-1.145722
20200326,72,-0.321398,0.189827,-0.090024,-1.145722
20200326,73,-0.321398,0.189827,-0.090024,-1.145722
20200326,74,-0.31453,-0.012201,0.152905,-1.145722
20200326,75,-0.31453,-0.012201,0.152905,0.436499
20200326,76,-0.31453,0.290841,0.274369,2.01872
20200326,77,-0.31453,0.290841,0.274369,-1.145722
20200326,78,-0.307661,-0.113214,0.03144,0.436499
20200326,79,-0.307661,-0.113214,0.03144,-1.145722
20200326,80,-0.31453,0.189827,-0.049536,0.436499
20200326,81,-0.31453,0.189827,-0.049536,2.01872
20200326,82,-0.328267,-0.113214,-0.130512,-1.145722
20200326,83,-0.328267,-0.113214,-0.130512,0.436499
20200326,84,-0.321398,0.290841,-0.171,0.436499
20200326,85,-0.321398,0.290841,-0.171,0.436499
20200326,86,-0.31453,0.391855,-0.171,0.436499
20200326,87,-0.31453,0.391855,-0.171,0.436499
20200326,88,-0.307661,0.593883,-0.211488,0.436499
20200326,89,-0.307661,0.593883,-0.211488,0.436499
20200326,90,-0.31453,0.290841,-0.130512,-1.145722
20200326,91,-0.31453,0.290841,-0.130512,-1.145722
20200326,92,-0.300792,0.290841,-0.009048,0.436499
20200326,93,-0.300792,0.290841,-0.009048,-1.145722
20200326,94,-0.307661,0.189827,-0.090024,2.01872
20200326,95,-0.307661,0.189827,-0.090024,0.436499
20200326,96,-0.31453,0.088813,-0.130512,0.436499
20200326,97,-0.31453,0.088813,-0.130512,0.436499
20200326,98,-0.307661,0.290841,-0.171,0.436499
20200326,99,-0.307661,0.290841,-0.171,0.436499
20200326,100,-0.321398,0.290841,-0.211488,-1.145722
20200326,101,-0.321398,0.290841,-0.211488,0.436499
20200326,102,-0.307661,-0.012201,-0.211488,0.436499
20200326,103,-0.307661,-0.012201,-0.211488,-1.145722
20200326,104,-0.31453,0.088813,-0.130512,0.436499
20200326,105,-0.31453,0.088813,-0.130512,-2.727943
20200326,106,-0.31453,0.189827,0.152905,-1.145722
20200326,107,-0.31453,0.189827,0.152905,0.436499
20200326,108,-0.31453,0.593883,0.193393,0.436499
20200326,109,-0.31453,0.593883,0.193393,0.436499
20200326,110,-0.273318,-1.426396,-0.009048,0.436499
20200326,111,-0.273318,-1.426396,-0.009048,-1.145722
20200326,112,-0.280187,-1.426396,-0.049536,0.436499
20200326,113,-0.280187,-1.426396,-0.049536,2.01872
20200326,114,-0.280187,-1.52741,-0.332953,-1.145722
20200326,115,-0.280187,-1.52741,-0.332953,0.436499
20200326,116,-0.273318,-1.224368,-0.251976,0.436499
20200326,117,-0.273318,-1.224368,-0.251976,0.436499
20200326,118,-0.287055,-1.325382,-0.171,0.436499
20200326,119,-0.287055,-1.325382,-0.171,0.436499
20200326,120,-0.280187,-1.729438,0.03144,0.436499
20200326,121,-0.280187,-1.729438,0.03144,0.436499
20200326,122,-0.280187,-1.729438,-0.009048,-1.145722
20200326,123,-0.280187,-1.729438,-0.009048,-1.145722
20200326,124,-0.273318,-1.52741,0.193393,0.436499
20200326,125,-0.273318,-1.52741,0.193393,-1.145722
20200326,126,-0.280187,-1.931466,0.112416,2.01872
20200326,127,-0.280187,-1.931466,0.112416,0.436499
20200326,128,-0.287055,-1.224368,-0.049536,0.436499
20200326,129,-0.287055,-1.224368,-0.049536,0.436499
20200326,130,-0.280187,-1.426396,-0.211488,0.752943
20200326,131,-0.280187,-1.426396,-0.211488,0.752943
20200326,132,-0.287055,-1.224368,-0.332953,0.721299
20200326,133,-0.287055,-1.224368,-0.332953,0.721299
20200326,134,-0.287055,-1.426396,-0.292465,0.689654
20200326,135,-0.287055,-1.426396,-0.292465,0.689654
20200326,136,-0.287055,-1.325382,-0.251976,0.816232
20200326,137,-0.287055,-1.325382,-0.251976,0.816232
20200326,138,-0.273318,-1.325382,0.193393,0.816232
20200326,139,-0.273318,-1.325382,0.193393,0.816232
20200326,140,-0.280187,-1.628424,0.274369,0.816232
20200326,141,-0.280187,-1.628424,0.274369,0.816232
20200326,142,-0.280187,-1.52741,0.152905,0.816232
20200326,143,-0.280187,-1.52741,0.152905,0.816232
20200326,144,-0.280187,-1.224368,-0.049536,0.721299
20200326,145,-0.280187,-1.224368,-0.049536,0.721299
20200326,146,-0.293924,-1.325382,-0.130512,0.689654
20200326,147,-0.293924,-1.325382,-0.130512,0.689654
20200326,148,-0.280187,-1.426396,-0.292465,0.721299
20200326,149,-0.280187,-1.426396,-0.292465,0.721299
20200326,150,-0.293924,-1.123354,-0.413929,0.689654
20200326,151,-0.293924,-1.123354,-0.413929,0.689654
20200326,152,-0.273318,-1.325382,-0.130512,0.721299
20200326,153,-0.273318,-1.325382,-0.130512,0.721299
20200326,154,-0.280187,-1.426396,-0.009048,0.752943
20200326,155,-0.280187,-1.426396,-0.009048,0.752943
20200326,156,-0.273318,-1.729438,0.152905,0.721299
20200326,157,-0.273318,-1.729438,0.152905,0.436499
20200326,158,-0.280187,-1.123354,0.112416,0.436499
20200326,159,-0.280187,-1.123354,0.112416,-1.145722
20200326,160,-0.293924,-1.224368,-0.049536,0.436499
20200326,161,-0.293924,-1.224368,-0.049536,0.436499
20200326,162,-0.293924,-1.426396,-0.171,-1.145722
20200326,163,-0.293924,-1.426396,-0.171,0.436499
20200326,164,-0.287055,-1.224368,-0.171,-2.727943
20200326,165,-0.287055,-1.224368,-0.171,-1.145722
20200326,166,-0.293924,-0.719298,-0.211488,0.436499
20200326,167,-0.293924,-0.719298,-0.211488,0.436499
20200326,168,-0.280187,-1.224368,-0.130512,0.436499
20200326,169,-0.280187,-1.224368,-0.130512,2.01872
20200326,170,-0.280187,-1.426396,-0.171,-1.145722
20200326,171,-0.280187,-1.426396,-0.171,-1.145722
20200326,172,-0.287055,-1.52741,-0.009048,0.436499
20200326,173,-0.287055,-1.52741,-0.009048,0.436499
20200326,174,-0.287055,-1.325382,-0.049536,0.436499
20200326,175,-0.287055,-1.325382,-0.049536,0.436499
20200326,176,-0.280187,-1.426396,-0.090024,0.436499
20200326,177,-0.280187,-1.426396,-0.090024,0.436499
20200326,178,-0.287055,-1.123354,-0.211488,0.436499
20200326,179,-0.287055,-1.123354,-0.211488,-1.145722
20200326,180,-0.293924,-1.426396,-0.292465,-1.145722
20200326,181,-0.293924,-1.426396,-0.292465,-1.145722
20200326,182,-0.273318,-1.224368,-0.292465,-1.145722
20200326,183,-0.273318,-1.224368,-0.292465,-1.145722
20200326,184,-0.280187,-1.224368,-0.049536,0.436499
20200326,185,-0.280187,-1.224368,-0.049536,2.01872
20200326,186,-0.293924,-1.224368,0.233881,-1.145722
20200326,187,-0.293924,-1.224368,0.233881,0.436499
20200326,188,-0.280187,-1.224368,0.193393,-1.145722
20200326,189,-0.280187,-1.224368,0.193393,0.436499
20200326,190,-0.280187,-1.628424,0.03144,2.01872
20200326,191,-0.280187,-1.628424,0.03144,-1.145722
20200326,192,-0.280187,-1.123354,-0.049536,0.436499
20200326,193,-0.280187,-1.123354,-0.049536,0.436499
20200326,194,-0.293924,-1.224368,-0.130512,0.436499
20200326,195,-0.293924,-1.224368,-0.130512,-1.145722
20200326,196,-0.293924,-1.325382,-0.454417,0.436499
20200326,197,-0.293924,-1.325382,-0.454417,0.436499
20200326,198,-0.280187,-1.426396,-0.292465,-1.145722
20200326,199,-0.280187,-1.426396,-0.292465,0.436499
20200326,200,-0.287055,-1.52741,-0.171,-2.727943
20200326,201,-0.287055,-1.52741,-0.171,-1.145722
20200326,202,-0.287055,-1.628424,-0.130512,0.436499
20200326,203,-0.287055,-1.628424,-0.130512,0.436499
20200326,204,-0.273318,-1.52741,0.314857,0.436499
20200326,205,-0.273318,-1.52741,0.314857,2.01872
20200326,206,-0.280187,-1.830452,0.274369,-1.145722
20200326,207,-0.280187,-1.830452,0.274369,-1.145722
20200326,208,-0.287055,-1.325382,0.152905,0.436499
20200326,209,-0.287055,-1.325382,0.152905,0.436499
20200326,210,-0.307661,-1.325382,-0.090024,0.436499
20200326,211,-0.307661,-1.325382,-0.090024,0.436499
20200326,212,-0.300792,-1.123354,-0.251976,0.436499
20200326,213,-0.300792,-1.123354,-0.251976,0.436499
20200326,214,-0.293924,-0.921326,-0.292465,0.436499
20200326,215,-0.293924,-0.921326,-0.292465,-1.145722
20200326,216,-0.307661,-1.325382,-0.171,-1.145722
20200326,217,-0.307661,-1.325382,-0.171,-1.145722
20200326,218,-0.287055,-1.224368,-0.090024,-1.145722
20200326,219,-0.287055,-1.224368,-0.090024,-1.145722
20200326,220,-0.280187,-1.52741,0.193393,0.436499
20200326,221,-0.280187,-1.52741,0.193393,2.01872
20200326,222,-0.287055,-1.325382,0.233881,-1.145722
20200326,223,-0.287055,-1.325382,0.233881,0.436499
20200326,224,-0.287055,-1.52741,0.071928,-1.145722
20200326,225,-0.287055,-1.52741,0.071928,0.436499
20200326,226,-0.293924,-1.628424,-0.130512,2.01872
20200326,227,-0.293924,-1.628424,-0.130512,-1.145722
20200326,228,-0.293924,-1.325382,-0.251976,0.436499
20200326,229,-0.293924,-1.325382,-0.251976,0.436499
20200326,230,-0.287055,-1.325382,-0.130512,0.436499
20200326,231,-0.287055,-1.325382,-0.130512,0.436499
20200326,232,-0.293924,-1.02234,-0.332953,0.436499
20200326,233,-0.293924,-1.02234,-0.332953,0.436499
20200326,234,-0.280187,-1.02234,0.03144,0.436499
20200326,235,-0.280187,-1.02234,0.03144,-1.145722
20200326,236,-0.280187,-1.325382,0.152905,-1.145722
20200326,237,-0.280187,-1.325382,0.152905,0.436499
20200326,238,-0.280187,-1.123354,0.193393,-1.145722
20200326,239,-0.280187,-1.123354,0.193393,2.01872
20200326,240,-0.293924,-1.426396,-0.009048,0.436499
20200326,241,-0.293924,-1.426396,-0.009048,0.436499
20200326,242,-0.280187,-1.325382,-0.171,0.436499
20200326,243,-0.280187,-1.325382,-0.171,0.436499
20200326,244,-0.287055,-0.921326,-0.171,0.436499
20200326,245,-0.287055,-0.921326,-0.171,0.436499
20200326,246,-0.300792,-1.325382,-0.251976,0.436499
20200326,247,-0.300792,-1.325382,-0.251976,0.436499
20200326,248,-0.280187,-1.02234,-0.130512,0.436499
20200326,249,-0.280187,-1.02234,-0.130512,-1.145722
20200326,250,-0.287055,-1.123354,-0.130512,-1.145722
20200326,251,-0.287055,-1.123354,-0.130512,0.436499
20200326,252,-0.287055,-1.224368,-0.171,-1.145722
20200326,253,-0.287055,-1.224368,-0.171,2.01872
20200326,254,-0.287055,-1.325382,-0.049536,0.436499
20200326,255,-0.287055,-1.325382,-0.049536,0.436499
20200326,256,-0.293924,-1.123354,-0.454417,0.436499
20200326,257,-0.293924,-1.123354,-0.454417,0.436499
20200326,258,-0.293924,-1.02234,-0.251976,0.436499
20200326,259,-0.293924,-1.02234,-0.251976,-1.145722
20200326,260,-0.287055,-0.921326,-0.171,0.436499
20200326,261,-0.287055,-0.921326,-0.171,0.436499
20200326,262,-0.293924,-1.123354,0.071928,-1.145722
20200326,263,-0.293924,-1.123354,0.071928,0.436499
20200326,264,-0.287055,-1.02234,0.112416,-2.727943
20200326,265,-0.287055,-1.02234,0.112416,-1.145722
20200326,266,-0.293924,-0.618284,0.071928,0.436499
20200326,267,-0.293924,-0.618284,0.071928,0.436499
20200326,268,-0.300792,-1.123354,-0.090024,0.436499
20200326,269,-0.300792,-1.123354,-0.090024,2.01872
20200326,270,-0.300792,-0.921326,-0.454417,-1.145722
20200326,271,-0.300792,-0.921326,-0.454417,-1.145722
20200326,272,-0.300792,-1.52741,-0.292465,0.436499
20200326,273,-0.300792,-1.52741,-0.292465,0.436499
20200326,274,-0.307661,-1.224368,-0.211488,0.436499
20200326,275,-0.307661,-1.224368,-0.211488,0.436499
20200326,276,-0.287055,-1.628424,-0.090024,0.436499
20200326,277,-0.287055,-1.628424,-0.090024,0.436499
20200326,278,-0.287055,-1.123354,0.314857,0.436499
20200326,279,-0.287055,-1.123354,0.314857,-1.145722
20200326,280,-0.300792,-1.830452,0.314857,-1.145722
20200326,281,-0.300792,-1.830452,0.314857,-1.145722
20200326,282,-0.280187,-1.628424,0.274369,-1.145722
20200326,283,-0.280187,-1.628424,0.274369,-1.145722
20200326,284,-0.300792,-1.52741,-0.090024,0.436499
20200326,285,-0.300792,-1.52741,-0.090024,2.01872
20200326,286,-0.31453,-1.325382,-0.130512,-1.145722
20200326,287,-0.31453,-1.325382,-0.130512,0.436499
20200326,288,-0.293924,-1.426396,-0.251976,-1.145722
20200326,289,-0.293924,-1.426396,-0.251976,0.436499
20200326,290,-0.300792,-1.729438,-0.332953,2.01872
20200326,291,-0.300792,-1.729438,-0.332953,-1.145722
20200326,292,-0.293924,-1.52741,-0.171,0.436499
20200326,293,-0.293924,-1.52741,-0.171,0.436499
20200326,294,-0.293924,-1.628424,0.112416,0.436499
20200326,295,-0.293924,-1.628424,0.112416,-1.145722
20200326,296,-0.280187,-1.729438,0.274369,0.436499
20200326,297,-0.280187,-1.729438,0.274369,0.436499
20200326,298,-0.280187,-1.224368,0.233881,-1.145722
20200326,299,-0.280187,-1.224368,0.233881,0.436499
20200326,300,-0.307661,-1.325382,0.152905,-2.727943
20200326,301,-0.307661,-1.325382,0.152905,-1.145722
20200326,302,-0.300792,-1.02234,-0.090024,0.436499
20200326,303,-0.300792,-1.02234,-0.090024,0.436499
20200326,304,-0.31453,-1.123354,-0.535393,0.436499
20200326,305,-0.31453,-1.123354,-0.535393,2.01872
20200326,306,-0.293924,-1.224368,-0.373441,-1.145722
20200326,307,-0.293924,-1.224368,-0.373441,-1.145722
20200326,308,-0.293924,-0.719298,-0.171,0.436499
20200326,309,-0.293924,-0.719298,-0.171,0.436499
20200326,310,-0.300792,-0.921326,0.152905,0.436499
20200326,311,-0.300792,-0.921326,0.152905,0.436499
20200326,312,-0.280187,-1.52741,0.314857,0.436499
20200326,313,-0.280187,-1.52741,0.314857,0.436499
20200326,314,-0.287055,-1.224368,0.355345,0.436499
20200326,315,-0.287055,-1.224368,0.355345,-1.145722
20200326,316,-0.287055,-1.426396,0.152905,-1.145722
20200326,317,-0.287055,-1.426396,0.152905,-1.145722
20200326,318,-0.328267,-1.123354,-0.049536,-1.145722
20200326,319,-0.328267,-1.123354,-0.049536,-1.145722
20200326,320,-0.300792,-1.224368,-0.049536,0.436499
20200326,321,-0.300792,-1.224368,-0.049536,2.01872
20200326,322,-0.307661,-1.325382,-0.251976,-1.145722
20200326,323,-0.307661,-1.325382,-0.251976,0.436499
20200326,324,-0.300792,-1.224368,-0.130512,-1.145722
20200326,325,-0.300792,-1.224368,-0.130512,0.436499
20200326,326,-0.280187,-1.325382,-0.049536,2.01872
20200326,327,-0.280187,-1.325382,-0.049536,-1.145722
20200326,328,-0.293924,-1.325382,0.03144,0.436499
20200326,329,-0.293924,-1.325382,0.03144,0.436499
20200326,330,-0.293924,-0.921326,-0.049536,0.436499
20200326,331,-0.293924,-0.921326,-0.049536,0.436499
20200326,332,-0.287055,-1.426396,-0.049536,0.436499
20200326,333,-0.287055,-1.426396,-0.049536,0.436499
20200326,334,-0.293924,-1.224368,-0.171,0.436499
20200326,335,-0.293924,-1.224368,-0.171,-1.145722
20200326,336,-0.307661,-1.224368,-0.211488,-1.145722
20200326,337,-0.307661,-1.224368,-0.211488,0.436499
20200326,338,-0.307661,-1.123354,-0.211488,-1.145722
20200326,339,-0.307661,-1.123354,-0.211488,2.01872
20200326,340,-0.300792,-0.820312,-0.009048,0.436499
20200326,341,-0.300792,-0.820312,-0.009048,0.436499
20200326,342,-0.300792,-1.02234,-0.049536,0.436499
20200326,343,-0.300792,-1.02234,-0.049536,0.436499
20200326,344,-0.293924,-1.224368,0.152905,0.436499
20200326,345,-0.293924,-1.224368,0.152905,0.436499
20200326,346,-0.287055,-1.628424,0.071928,0.436499
20200326,347,-0.287055,-1.628424,0.071928,0.436499
20200326,348,-0.307661,-1.628424,-0.090024,0.436499
20200326,349,-0.307661,-1.628424,-0.090024,-1.145722
20200326,350,-0.293924,-1.02234,-0.292465,-1.145722
20200326,351,-0.293924,-1.02234,-0.292465,0.436499
20200326,352,-0.300792,-1.02234,-0.171,-1.145722
20200326,353,-0.300792,-1.02234,-0.171,2.01872
20200326,354,-0.293924,-1.628424,-0.090024,0.436499
20200326,355,-0.293924,-1.628424,-0.090024,0.436499
20200326,356,-0.287055,-1.123354,-0.130512,0.436499
20200326,357,-0.287055,-1.123354,-0.130512,0.436499
20200326,358,-0.293924,-1.426396,-0.130512,0.436499
20200326,359,-0.293924,-1.426396,-0.130512,-1.145722
20200326,360,-0.287055,-1.325382,-0.130512,0.436499
20200326,361,-0.287055,-1.325382,-0.130512,0.436499
20200326,362,-0.287055,-1.224368,-0.171,-1.145722
20200326,363,-0.287055,-1.224368,-0.171,0.436499
20200326,364,-0.31453,-1.628424,-0.130512,-2.727943
20200326,365,-0.31453,-1.628424,-0.130512,-1.145722
20200326,366,-0.293924,-1.123354,-0.090024,0.436499
20200326,367,-0.293924,-1.123354,-0.090024,0.436499
20200326,368,-0.287055,-1.123354,-0.332953,0.436499
20200326,369,-0.287055,-1.123354,-0.332953,2.01872
20200326,370,-0.287055,-1.224368,-0.090024,-1.145722
20200326,371,-0.287055,-1.224368,-0.090024,-1.145722
20200326,372,-0.300792,-1.02234,-0.090024,0.436499
20200326,373,-0.300792,-1.02234,-0.090024,0.436499
20200326,374,-0.307661,-1.224368,-0.090024,0.436499
20200326,375,-0.307661,-1.224368,-0.090024,0.436499
20200326,376,-0.293924,-0.719298,-0.211488,0.436499
20200326,377,-0.293924,-0.719298,-0.211488,0.436499
20200326,378,-0.307661,-0.315242,-0.171,0.436499
20200326,379,-0.307661,-0.315242,-0.171,-1.145722
20200326,380,-0.300792,-0.618284,-0.130512,-1.145722
20200326,381,-0.300792,-0.618284,-0.130512,-1.145722
20200326,382,-0.287055,-0.719298,-0.130512,-1.145722
20200326,383,-0.287055,-0.719298,-0.130512,-1.145722
20200326,384,-0.287055,-0.719298,-0.130512,0.436499
20200326,385,-0.287055,-0.719298,-0.130512,2.01872
20200326,386,-0.300792,-0.113214,-0.009048,-1.145722
20200326,387,-0.300792,-0.113214,-0.009048,0.436499
20200326,388,-0.287055,-0.416256,-0.090024,-1.145722
20200326,389,-0.287055,-0.416256,-0.090024,0.436499
20200326,390,-0.300792,-0.51727,-0.171,2.01872
20200326,391,-0.300792,-0.51727,-0.171,-1.145722
20200326,392,-0.293924,-0.416256,-0.373441,0.436499
20200326,393,-0.293924,-0.416256,-0.373441,0.436499
20200326,394,-0.293924,-0.51727,-0.171,0.436499
20200326,395,-0.293924,-0.51727,-0.171,0.436499
20200326,396,-0.293924,-0.315242,-0.009048,0.436499
20200326,397,-0.293924,-0.315242,-0.009048,0.436499
20200326,398,-0.300792,-0.51727,0.03144,0.436499
20200326,399,-0.300792,-0.51727,0.03144,-1.145722
20200326,400,-0.293924,-0.012201,-0.211488,-1.145722
20200326,401,-0.293924,-0.012201,-0.211488,0.436499
20200326,402,-0.307661,-0.113214,-0.049536,-1.145722
20200326,403,-0.307661,-0.113214,-0.049536,2.01872
20200326,404,-0.300792,-0.113214,-0.251976,0.436499
20200326,405,-0.300792,-0.113214,-0.251976,0.436499
20200326,406,-0.300792,0.088813,-0.009048,0.436499
20200326,407,-0.300792,0.088813,-0.009048,0.436499
20200326,408,-0.300792,-0.416256,-0.130512,0.436499
20200326,409,-0.300792,-0.416256,-0.130512,0.436499
20200326,410,-0.293924,-0.012201,-0.130512,0.436499
20200326,411,-0.293924,-0.012201,-0.130512,0.436499
20200326,412,-0.300792,-0.113214,-0.090024,0.436499
20200326,413,-0.300792,-0.113214,-0.090024,-1.145722
20200326,414,-0.293924,-0.012201,-0.171,-1.145722
20200326,415,-0.293924,-0.012201,-0.171,0.436499
20200326,416,-0.321398,-0.113214,-0.211488,-1.145722
20200326,417,-0.321398,-0.113214,-0.211488,2.01872
20200326,418,-0.31453,0.290841,-0.211488,0.436499
20200326,419,-0.31453,0.290841,-0.211488,0.436499
20200326,420,-0.307661,0.088813,-0.130512,0.436499
20200326,421,-0.307661,0.088813,-0.130512,0.436499
20200326,422,-0.31453,-0.012201,-0.090024,0.436499
20200326,423,-0.31453,-0.012201,-0.090024,-1.145722
20200326,424,-0.31453,0.189827,-0.009048,0.436499
20200326,425,-0.31453,0.189827,-0.009048,0.436499
20200326,426,-0.307661,-0.315242,-0.171,-1.145722
20200326,427,-0.307661,-0.315242,-0.171,0.436499
20200326,428,-0.31453,-0.113214,-0.211488,-2.727943
20200326,429,-0.31453,-0.113214,-0.211488,-1.145722
20200326,430,-0.321398,-0.012201,-0.211488,0.436499
20200326,431,-0.321398,-0.012201,-0.211488,0.436499
20200326,432,-0.321398,-0.416256,-0.332953,0.436499
20200326,433,-0.321398,-0.416256,-0.332953,0.436499
20200326,434,-0.31453,-0.416256,0.03144,-1.145722
20200326,435,-0.31453,-0.416256,0.03144,0.436499
20200326,436,-0.31453,0.189827,-0.009048,0.436499
20200326,437,-0.31453,0.189827,-0.009048,-1.145722
20200326,438,-0.31453,-0.113214,-0.090024,0.436499
20200326,439,-0.31453,-0.113214,-0.090024,-2.727943
20200326,440,-0.321398,0.290841,-0.090024,-1.145722
20200326,441,-0.321398,0.290841,-0.090024,0.436499
20200326,442,-0.321398,0.189827,-0.130512,0.436499
20200326,443,-0.321398,0.189827,-0.130512,0.436499
20200326,444,-0.321398,0.290841,-0.373441,2.01872
20200326,445,-0.321398,0.290841,-0.373441,-1.145722
20200326,446,-0.321398,-0.012201,-0.211488,-1.145722
20200326,447,-0.321398,-0.012201,-0.211488,0.436499
20200326,448,-0.31453,0.189827,-0.130512,0.436499
20200326,449,-0.31453,0.189827,-0.130512,0.436499
20200326,450,-0.321398,0.088813,0.03144,0.436499
20200326,451,-0.321398,0.088813,0.03144,0.436499
20200326,452,-0.328267,-0.012201,-0.049536,0.436499
20200326,453,-0.328267,-0.012201,-0.049536,0.436499
20200326,454,-0.328267,0.088813,0.03144,-1.145722
20200326,455,-0.328267,0.088813,0.03144,-1.145722
20200326,456,-0.328267,0.189827,-0.130512,-1.145722
20200326,457,-0.328267,0.189827,-0.130512,-1.145722
20200326,458,-0.335135,0.290841,-0.130512,-1.145722
20200326,459,-0.335135,0.290841,-0.130512,0.436499
20200326,460,-0.300792,0.593883,-0.171,2.01872
20200326,461,-0.300792,0.593883,-0.171,-1.145722
20200326,462,-0.293924,0.290841,-0.171,0.436499
20200326,463,-0.293924,0.290841,-0.171,-1.145722
20200326,464,-0.300792,0.290841,-0.130512,0.436499
20200326,465,-0.300792,0.290841,-0.130512,2.01872
20200326,466,-0.307661,-0.012201,-0.090024,-1.145722
20200326,467,-0.307661,-0.012201,-0.090024,0.436499
20200326,468,-0.287055,0.189827,0.03144,0.436499
20200326,469,-0.287055,0.189827,0.03144,0.436499
20200326,470,-0.300792,0.290841,-0.090024,-1.145722
20200326,471,-0.300792,0.290841,-0.090024,0.436499
20200326,472,-0.300792,0.391855,-0.130512,0.436499
20200326,473,-0.300792,0.391855,-0.130512,-1.145722
20200326,474,-0.307661,0.492869,-0.171,0.436499
20200326,475,-0.307661,0.492869,-0.171,-2.727943
20200326,476,-0.300792,0.391855,-0.171,-1.145722
20200326,477,-0.300792,0.391855,-0.171,0.436499
20200326,478,-0.300792,0.088813,-0.251976,0.436499
20200326,479,-0.300792,0.088813,-0.251976,0.436499
20200326,480,-0.293924,0.290841,-0.090024,2.01872
20200326,481,-0.293924,0.290841,-0.090024,-1.145722
20200326,482,-0.300792,0.189827,0.152905,-1.145722
20200326,483,-0.300792,0.189827,0.152905,0.436499
20200326,484,-0.300792,0.189827,0.03144,0.436499
20200326,485,-0.300792,0.189827,0.03144,0.436499
20200326,486,-0.31453,0.391855,-0.130512,0.436499
20200326,487,-0.31453,0.391855,-0.130512,0.436499
20200326,488,-0.31453,0.492869,-0.211488,0.436499
20200326,489,-0.31453,0.492869,-0.211488,0.436499
20200326,490,-0.31453,0.088813,-0.251976,-1.145722
20200326,491,-0.31453,0.088813,-0.251976,-1.145722
20200326,492,-0.31453,0.189827,-0.171,-1.145722
20200326,493,-0.31453,0.189827,-0.171,-1.145722
20200326,494,-0.300792,0.694897,-0.009048,-1.145722
20200326,495,-0.300792,0.694897,-0.009048,0.436499
20200326,496,-0.307661,0.088813,0.233881,2.01872
20200326,497,-0.307661,0.088813,0.233881,-1.145722
20200326,498,-0.300792,0.391855,0.03144,0.436499
20200326,499,-0.300792,0.391855,0.03144,-1.145722
20200326,500,-0.307661,0.492869,0.03144,0.436499
20200326,501,-0.307661,0.492869,0.03144,2.01872
20200326,502,-0.328267,0.189827,-0.130512,-1.145722
20200326,503,-0.328267,0.189827,-0.130512,0.436499
20200326,504,-0.31453,0.290841,-0.251976,0.436499
20200326,505,-0.31453,0.290841,-0.251976,0.436499
20200326,506,-0.321398,0.189827,-0.251976,0.436499
20200326,507,-0.321398,0.189827,-0.251976,0.436499
20200326,508,-0.31453,0.088813,-0.049536,0.436499
20200326,509,-0.273318,-1.426396,-0.009048,0.436499
20200326,510,-0.273318,-1.426396,-0.009048,-1.145722
20200326,511,-0.280187,-1.426396,-0.049536,0.436499
20200326,512,-0.280187,-1.426396,-0.049536,2.01872
20200326,513,-0.280187,-1.52741,-0.332953,-1.145722
20200326,514,-0.280187,-1.52741,-0.332953,0.436499
20200326,515,-0.273318,-1.224368,-0.251976,0.436499
20200326,516,-0.273318,-1.224368,-0.251976,0.436499
20200326,517,-0.287055,-1.325382,-0.171,0.436499
20200326,518,-0.287055,-1.325382,-0.171,0.436499
20200326,519,-0.280187,-1.729438,0.03144,0.436499
20200326,520,-0.280187,-1.729438,0.03144,0.436499
20200326,521,-0.280187,-1.729438,-0.009048,-1.145722
20200326,522,-0.280187,-1.729438,-0.009048,-1.145722
20200326,523,-0.273318,-1.52741,0.193393,0.436499
20200326,524,-0.273318,-1.52741,0.193393,-1.145722
20200326,525,-0.280187,-1.931466,0.112416,2.01872
20200326,526,-0.280187,-1.931466,0.112416,0.436499
20200326,527,-0.287055,-1.224368,-0.049536,0.436499
20200326,528,-0.287055,-1.224368,-0.049536,0.436499
20200326,529,-0.280187,-1.426396,-0.211488,0.752943
20200326,530,-0.280187,-1.426396,-0.211488,0.752943
20200326,531,-0.287055,-1.224368,-0.332953,0.721299
20200326,532,-0.287055,-1.224368,-0.332953,0.721299
20200326,533,-0.287055,-1.426396,-0.292465,0.689654
20200326,534,-0.287055,-1.426396,-0.292465,0.689654
20200326,535,-0.287055,-1.325382,-0.251976,0.816232
20200326,536,-0.287055,-1.325382,-0.251976,0.816232
20200326,537,-0.273318,-1.325382,0.193393,0.816232
20200326,538,-0.273318,-1.325382,0.193393,0.816232
20200326,539,-0.280187,-1.628424,0.274369,0.816232
20200326,540,-0.280187,-1.628424,0.274369,0.816232
20200326,541,-0.280187,-1.52741,0.152905,0.816232
20200326,542,-0.280187,-1.52741,0.152905,0.816232
20200326,543,-0.280187,-1.224368,-0.049536,0.721299
20200326,544,-0.280187,-1.224368,-0.049536,0.721299
20200326,545,-0.293924,-1.325382,-0.130512,0.689654
20200326,546,-0.293924,-1.325382,-0.130512,0.689654
20200326,547,-0.280187,-1.426396,-0.292465,0.721299
20200326,548,-0.280187,-1.426396,-0.292465,0.721299
20200326,549,-0.293924,-1.123354,-0.413929,0.689654
20200326,550,-0.293924,-1.123354,-0.413929,0.689654
20200326,551,-0.273318,-1.325382,-0.130512,0.721299
20200326,552,-0.273318,-1.325382,-0.130512,0.721299
20200326,553,-0.280187,-1.426396,-0.009048,0.752943
20200326,554,-0.280187,-1.426396,-0.009048,0.752943
20200326,555,-0.273318,-1.729438,0.152905,0.721299
20200326,556,-0.273318,-1.729438,0.152905,0.436499
20200326,557,-0.280187,-1.123354,0.112416,0.436499
20200326,558,-0.280187,-1.123354,0.112416,-1.145722
20200326,559,-0.293924,-1.224368,-0.049536,0.436499
20200326,560,-0.293924,-1.224368,-0.049536,0.436499
20200326,561,-0.293924,-1.426396,-0.171,-1.145722
20200326,562,-0.293924,-1.426396,-0.171,0.436499
20200326,563,-0.287055,-1.224368,-0.171,-2.727943
20200326,564,-0.287055,-1.224368,-0.171,-1.145722
20200326,565,-0.293924,-0.719298,-0.211488,0.436499
20200326,566,-0.293924,-0.719298,-0.211488,0.436499
20200326,567,-0.280187,-1.224368,-0.130512,0.436499
20200326,568,-0.280187,-1.224368,-0.130512,2.01872
20200326,569,-0.280187,-1.426396,-0.171,-1.145722
20200326,570,-0.280187,-1.426396,-0.171,-1.145722
20200326,571,-0.287055,-1.52741,-0.009048,0.436499
20200326,572,-0.287055,-1.52741,-0.009048,0.436499
20200326,573,-0.287055,-1.325382,-0.049536,0.436499
20200326,574,-0.287055,-1.325382,-0.049536,0.436499
20200326,575,-0.280187,-1.426396,-0.090024,0.436499
20200326,576,-0.280187,-1.426396,-0.090024,0.436499
20200326,577,-0.287055,-1.123354,-0.211488,0.436499
20200326,578,-0.287055,-1.123354,-0.211488,-1.145722
20200326,579,-0.293924,-1.426396,-0.292465,-1.145722
20200326,580,-0.293924,-1.426396,-0.292465,-1.145722
20200326,581,-0.273318,-1.224368,-0.292465,-1.145722
20200326,582,-0.273318,-1.224368,-0.292465,-1.145722
20200326,583,-0.280187,-1.224368,-0.049536,0.436499
20200326,584,-0.280187,-1.224368,-0.049536,2.01872
20200326,585,-0.293924,-1.224368,0.233881,-1.145722
20200326,586,-0.293924,-1.224368,0.233881,0.436499
20200326,587,-0.280187,-1.224368,0.193393,-1.145722
20200326,588,-0.280187,-1.224368,0.193393,0.436499
20200326,589,-0.280187,-1.628424,0.03144,2.01872
20200326,590,-0.280187,-1.628424,0.03144,-1.145722
20200326,591,-0.280187,-1.123354,-0.049536,0.436499
20200326,592,-0.280187,-1.123354,-0.049536,0.436499
20200326,593,-0.293924,-1.224368,-0.130512,0.436499
20200326,594,-0.293924,-1.224368,-0.130512,-1.145722
20200326,595,-0.293924,-1.325382,-0.454417,0.436499
20200326,596,-0.293924,-1.325382,-0.454417,0.436499
20200326,597,-0.280187,-1.426396,-0.292465,-1.145722
20200326,598,-0.280187,-1.426396,-0.292465,0.436499
20200326,599,-0.287055,-1.52741,-0.171,-2.727943
20200326,600,-0.287055,-1.52741,-0.171,-1.145722
20200326,601,-0.287055,-1.628424,-0.130512,0.436499
20200326,602,-0.287055,-1.628424,-0.130512,0.436499
20200326,603,-0.273318,-1.52741,0.314857,0.436499
20200326,604,-0.273318,-1.52741,0.314857,2.01872
20200326,605,-0.280187,-1.830452,0.274369,-1.145722
20200326,606,-0.280187,-1.830452,0.274369,-1.145722
20200326,607,-0.287055,-1.325382,0.152905,0.436499
20200326,608,-0.287055,-1.325382,0.152905,0.436499
20200326,609,-0.307661,-1.325382,-0.090024,0.436499
20200326,610,-0.307661,-1.325382,-0.090024,0.436499
20200326,611,-0.300792,-1.123354,-0.251976,0.436499
20200326,612,-0.300792,-1.123354,-0.251976,0.436499
20200326,613,-0.293924,-0.921326,-0.292465,0.436499
20200326,614,-0.293924,-0.921326,-0.292465,-1.145722
20200326,615,-0.307661,-1.325382,-0.171,-1.145722
20200326,616,-0.307661,-1.325382,-0.171,-1.145722
20200326,617,-0.287055,-1.224368,-0.090024,-1.145722
20200326,618,-0.287055,-1.224368,-0.090024,-1.145722
20200326,619,-0.280187,-1.52741,0.193393,0.436499
20200326,620,-0.280187,-1.52741,0.193393,2.01872
20200326,621,-0.287055,-1.325382,0.233881,-1.145722
20200326,622,-0.287055,-1.325382,0.233881,0.436499
20200326,623,-0.287055,-1.52741,0.071928,-1.145722
20200326,624,-0.287055,-1.52741,0.071928,0.436499
20200326,625,-0.293924,-1.628424,-0.130512,2.01872
20200326,626,-0.293924,-1.628424,-0.130512,-1.145722
20200326,627,-0.293924,-1.325382,-0.251976,0.436499
20200326,628,-0.293924,-1.325382,-0.251976,0.436499
20200326,629,-0.287055,-1.325382,-0.130512,0.436499
20200326,630,-0.287055,-1.325382,-0.130512,0.436499
20200326,631,-0.293924,-1.02234,-0.332953,0.436499
20200326,632,-0.293924,-1.02234,-0.332953,0.436499
20200326,633,-0.280187,-1.02234,0.03144,0.436499
20200326,634,-0.280187,-1.02234,0.03144,-1.145722
20200326,635,-0.280187,-1.325382,0.152905,-1.145722
20200326,636,-0.280187,-1.325382,0.152905,0.436499
20200326,637,-0.280187,-1.123354,0.193393,-1.145722
20200326,638,-0.280187,-1.123354,0.193393,2.01872
20200326,639,-0.293924,-1.426396,-0.009048,0.436499
20200326,640,-0.293924,-1.426396,-0.009048,0.436499
20200326,641,-0.280187,-1.325382,-0.171,0.436499
20200326,642,-0.280187,-1.325382,-0.171,0.436499
20200326,643,-0.287055,-0.921326,-0.171,0.436499
20200326,644,-0.287055,-0.921326,-0.171,0.436499
20200326,645,-0.300792,-1.325382,-0.251976,0.436499
20200326,646,-0.300792,-1.325382,-0.251976,0.436499
20200326,647,-0.280187,-1.02234,-0.130512,0.436499
20200326,648,-0.280187,-1.02234,-0.130512,-1.145722
20200326,649,-0.287055,-1.123354,-0.130512,-1.145722
20200326,650,-0.287055,-1.123354,-0.130512,0.436499
20200326,651,-0.287055,-1.224368,-0.171,-1.145722
20200326,652,-0.287055,-1.224368,-0.171,2.01872
20200326,653,-0.287055,-1.325382,-0.049536,0.436499
20200326,654,-0.287055,-1.325382,-0.049536,0.436499
20200326,655,-0.293924,-1.123354,-0.454417,0.436499
20200326,656,-0.293924,-1.123354,-0.454417,0.436499
20200326,657,-0.293924,-1.02234,-0.251976,0.436499
20200326,658,-0.293924,-1.02234,-0.251976,-1.145722
20200326,659,-0.287055,-0.921326,-0.171,0.436499
20200326,660,-0.287055,-0.921326,-0.171,0.436499
20200326,661,-0.293924,-1.123354,0.071928,-1.145722
20200326,662,-0.293924,-1.123354,0.071928,0.436499
20200326,663,-0.287055,-1.02234,0.112416,-2.727943
20200326,664,-0.287055,-1.02234,0.112416,-1.145722
20200326,665,-0.293924,-0.618284,0.071928,0.436499
20200326,666,-0.293924,-0.618284,0.071928,0.436499
20200326,667,-0.300792,-1.123354,-0.090024,0.436499
20200326,668,-0.300792,-1.123354,-0.090024,2.01872
20200326,669,-0.300792,-0.921326,-0.454417,-1.145722
20200326,670,-0.300792,-0.921326,-0.454417,-1.145722
20200326,671,-0.300792,-1.52741,-0.292465,0.436499
20200326,672,-0.300792,-1.52741,-0.292465,0.436499
20200326,673,-0.307661,-1.224368,-0.211488,0.436499
20200326,674,-0.307661,-1.224368,-0.211488,0.436499
20200326,675,-0.287055,-1.628424,-0.090024,0.436499
20200326,676,-0.287055,-1.628424,-0.090024,0.436499
20200326,677,-0.287055,-1.123354,0.314857,0.436499
20200326,678,-0.287055,-1.123354,0.314857,-1.145722
20200326,679,-0.300792,-1.830452,0.314857,-1.145722
20200326,680,-0.300792,-1.830452,0.314857,-1.145722
20200326,681,-0.280187,-1.628424,0.274369,-1.145722
20200326,682,-0.280187,-1.628424,0.274369,-1.145722
20200326,683,-0.300792,-1.52741,-0.090024,0.436499
20200326,684,-0.300792,-1.52741,-0.090024,2.01872
20200326,685,-0.31453,-1.325382,-0.130512,-1.145722
20200326,686,-0.31453,-1.325382,-0.130512,0.436499
20200326,687,-0.293924,-1.426396,-0.251976,-1.145722
20200326,688,-0.293924,-1.426396,-0.251976,0.436499
20200326,689,-0.300792,-1.729438,-0.332953,2.01872
20200326,690,-0.300792,-1.729438,-0.332953,-1.145722
20200326,691,-0.293924,-1.52741,-0.171,0.436499
20200326,692,-0.293924,-1.52741,-0.171,0.436499
20200326,693,-0.293924,-1.628424,0.112416,0.436499
20200326,694,-0.293924,-1.628424,0.112416,-1.145722
20200326,695,-0.280187,-1.729438,0.274369,0.436499
20200326,696,-0.280187,-1.729438,0.274369,0.436499
20200326,697,-0.280187,-1.224368,0.233881,-1.145722
20200326,698,-0.280187,-1.224368,0.233881,0.436499
20200326,699,-0.307661,-1.325382,0.152905,-2.727943
20200326,700,-0.307661,-1.325382,0.152905,-1.145722
20200326,701,-0.300792,-1.02234,-0.090024,0.436499
20200326,702,-0.300792,-1.02234,-0.090024,0.436499
20200326,703,-0.31453,-1.123354,-0.535393,0.436499
20200326,704,-0.31453,-1.123354,-0.535393,2.01872
20200326,705,-0.293924,-1.224368,-0.373441,-1.145722
20200326,706,-0.293924,-1.224368,-0.373441,-1.145722
20200326,707,-0.293924,-0.719298,-0.171,0.436499
20200326,708,-0.293924,-0.719298,-0.171,0.436499
20200326,709,-0.300792,-0.921326,0.152905,0.436499
20200326,710,-0.300792,-0.921326,0.152905,0.436499
20200326,711,-0.280187,-1.52741,0.314857,0.436499
20200326,712,-0.280187,-1.52741,0.314857,0.436499
20200326,713,-0.287055,-1.224368,0.355345,0.436499
20200326,714,-0.287055,-1.224368,0.355345,-1.145722
20200326,715,-0.287055,-1.426396,0.152905,-1.145722
20200326,716,-0.287055,-1.426396,0.152905,-1.145722
20200326,717,-0.328267,-1.123354,-0.049536,-1.145722
20200326,718,-0.328267,-1.123354,-0.049536,-1.145722
20200326,719,-0.300792,-1.224368,-0.049536,0.436499
20200326,720,-0.300792,-1.224368,-0.049536,2.01872
20200326,721,-0.307661,-1.325382,-0.251976,-1.145722
20200326,722,-0.307661,-1.325382,-0.251976,0.436499
20200326,723,-0.300792,-1.224368,-0.130512,-1.145722
20200326,724,-0.300792,-1.224368,-0.130512,0.436499
20200326,725,-0.280187,-1.325382,-0.049536,2.01872
20200326,726,-0.280187,-1.325382,-0.049536,-1.145722
20200326,727,-0.293924,-1.325382,0.03144,0.436499
20200326,728,-0.293924,-1.325382,0.03144,0.436499
20200326,729,-0.293924,-0.921326,-0.049536,0.436499
20200326,730,-0.293924,-0.921326,-0.049536,0.436499
20200326,731,-0.287055,-1.426396,-0.049536,0.436499
20200326,732,-0.287055,-1.426396,-0.049536,0.436499
20200326,733,-0.293924,-1.224368,-0.171,0.436499
20200326,734,-0.293924,-1.224368,-0.171,-1.145722
20200326,735,-0.307661,-1.224368,-0.211488,-1.145722
20200326,736,-0.307661,-1.224368,-0.211488,0.436499
20200326,737,-0.307661,-1.123354,-0.211488,-1.145722
20200326,738,-0.307661,-1.123354,-0.211488,2.01872
20200326,739,-0.300792,-0.820312,-0.009048,0.436499
20200326,740,-0.300792,-0.820312,-0.009048,0.436499
20200326,741,-0.300792,-1.02234,-0.049536,0.436499
20200326,742,-0.300792,-1.02234,-0.049536,0.436499
20200326,743,-0.293924,-1.224368,0.152905,0.436499
20200326,744,-0.293924,-1.224368,0.152905,0.436499
20200326,745,-0.287055,-1.628424,0.071928,0.436499
20200326,746,-0.287055,-1.628424,0.071928,0.436499
20200326,747,-0.307661,-1.628424,-0.090024,0.436499
20200326,748,-0.307661,-1.628424,-0.090024,-1.145722
20200326,749,-0.293924,-1.02234,-0.292465,-1.145722
20200326,750,-0.293924,-1.02234,-0.292465,0.436499
20200326,751,-0.300792,-1.02234,-0.171,-1.145722
20200326,752,-0.300792,-1.02234,-0.171,2.01872
20200326,753,-0.293924,-1.628424,-0.090024,0.436499
20200326,754,-0.293924,-1.628424,-0.090024,0.436499
20200326,755,-0.287055,-1.123354,-0.130512,0.436499
20200326,756,-0.287055,-1.123354,-0.130512,0.436499
20200326,757,-0.293924,-1.426396,-0.130512,0.436499
20200326,758,-0.293924,-1.426396,-0.130512,-1.145722
20200326,759,-0.287055,-1.325382,-0.130512,0.436499
20200326,760,-0.287055,-1.325382,-0.130512,0.436499
20200326,761,-0.287055,-1.224368,-0.171,-1.145722
20200326,762,-0.287055,-1.224368,-0.171,0.436499
20200326,763,-0.31453,-1.628424,-0.130512,-2.727943
20200326,764,-0.31453,-1.628424,-0.130512,-1.145722
20200326,765,-0.293924,-1.123354,-0.090024,0.436499
20200326,766,-0.293924,-1.123354,-0.090024,0.436499
20200326,767,-0.287055,-1.123354,-0.332953,0.436499
20200326,768,-0.287055,-1.123354,-0.332953,2.01872
20200326,769,-0.287055,-1.224368,-0.090024,-1.145722
20200326,770,-0.287055,-1.224368,-0.090024,-1.145722
20200326,771,-0.300792,-1.02234,-0.090024,0.436499
20200326,772,-0.300792,-1.02234,-0.090024,0.436499
20200326,773,-0.307661,-1.224368,-0.090024,0.436499
20200326,774,-0.307661,-1.224368,-0.090024,0.436499
20200326,775,-0.293924,-0.719298,-0.211488,0.436499
20200326,776,-0.293924,-0.719298,-0.211488,0.436499
20200326,777,-0.307661,-0.315242,-0.171,0.436499
20200326,778,-0.307661,-0.315242,-0.171,-1.145722
20200326,779,-0.300792,-0.618284,-0.130512,-1.145722
20200326,780,-0.300792,-0.618284,-0.130512,-1.145722
20200326,781,-0.287055,-0.719298,-0.130512,-1.145722
20200326,782,-0.287055,-0.719298,-0.130512,-1.145722
20200326,783,-0.287055,-0.719298,-0.130512,0.436499
20200326,784,-0.287055,-0.719298,-0.130512,2.01872
20200326,785,-0.300792,-0.113214,-0.009048,-1.145722
20200326,786,-0.300792,-0.113214,-0.009048,0.436499
20200326,787,-0.287055,-0.416256,-0.090024,-1.145722
20200326,788,-0.287055,-0.416256,-0.090024,0.436499
20200326,789,-0.300792,-0.51727,-0.171,2.01872
20200326,790,-0.300792,-0.51727,-0.171,-1.145722
20200326,791,-0.293924,-0.416256,-0.373441,0.436499
20200326,792,-0.293924,-0.416256,-0.373441,0.436499
20200326,793,-0.293924,-0.51727,-0.171,0.436499
20200326,794,-0.293924,-0.51727,-0.171,0.436499
20200326,795,-0.293924,-0.315242,-0.009048,0.436499
20200326,796,-0.293924,-0.315242,-0.009048,0.436499
20200326,797,-0.300792,-0.51727,0.03144,0.436499
20200326,798,-0.300792,-0.51727,0.03144,-1.145722
20200326,799,-0.293924,-0.012201,-0.211488,-1.145722
20200326,800,-0.293924,-0.012201,-0.211488,0.436499
20200326,801,-0.307661,-0.113214,-0.049536,-1.145722
20200326,802,-0.307661,-0.113214,-0.049536,2.01872
20200326,803,-0.300792,-0.113214,-0.251976,0.436499
20200326,804,-0.300792,-0.113214,-0.251976,0.436499
20200326,805,-0.300792,0.088813,-0.009048,0.436499
20200326,806,-0.300792,0.088813,-0.009048,0.436499
20200326,807,-0.300792,-0.416256,-0.130512,0.436499
20200326,808,-0.300792,-0.416256,-0.130512,0.436499
20200326,809,-0.293924,-0.012201,-0.130512,0.436499
20200326,810,-0.293924,-0.012201,-0.130512,0.436499
20200326,811,-0.300792,-0.113214,-0.090024,0.436499
20200326,812,-0.300792,-0.113214,-0.090024,-1.145722
20200326,813,-0.293924,-0.012201,-0.171,-1.145722
20200326,814,-0.293924,-0.012201,-0.171,0.436499
20200326,815,-0.321398,-0.113214,-0.211488,-1.145722
20200326,816,-0.321398,-0.113214,-0.211488,2.01872
20200326,817,-0.31453,0.290841,-0.211488,0.436499
20200326,818,-0.31453,0.290841,-0.211488,0.436499
20200326,819,-0.307661,0.088813,-0.130512,0.436499
20200326,820,-0.307661,0.088813,-0.130512,0.436499
20200326,821,-0.31453,-0.012201,-0.090024,0.436499
20200326,822,-0.31453,-0.012201,-0.090024,-1.145722
20200326,823,-0.31453,0.189827,-0.009048,0.436499
20200326,824,-0.31453,0.189827,-0.009048,0.436499
20200326,825,-0.307661,-0.315242,-0.171,-1.145722
20200326,826,-0.307661,-0.315242,-0.171,0.436499
20200326,827,-0.31453,-0.113214,-0.211488,-2.727943
20200326,828,-0.31453,-0.113214,-0.211488,-1.145722
20200326,829,-0.321398,-0.012201,-0.211488,0.436499
20200326,830,-0.321398,-0.012201,-0.211488,0.436499
20200326,831,-0.321398,-0.416256,-0.332953,0.436499
20200326,832,-0.321398,-0.416256,-0.332953,0.436499
20200326,833,-0.31453,-0.416256,0.03144,-1.145722
20200326,834,-0.31453,-0.416256,0.03144,0.436499
20200326,835,-0.31453,0.189827,-0.009048,0.436499
20200326,836,-0.31453,0.189827,-0.009048,-1.145722
20200326,837,-0.31453,-0.113214,-0.090024,0.436499
20200326,838,-0.31453,-0.113214,-0.090024,-2.727943
20200326,839,-0.321398,0.290841,-0.090024,-1.145722
20200326,840,-0.321398,0.290841,-0.090024,0.436499
20200326,841,-0.321398,0.189827,-0.130512,0.436499
20200326,842,-0.321398,0.189827,-0.130512,0.436499
20200326,843,-0.321398,0.290841,-0.373441,2.01872
20200326,844,-0.321398,0.290841,-0.373441,-1.145722
20200326,845,-0.321398,-0.012201,-0.211488,-1.145722
20200326,846,-0.321398,-0.012201,-0.211488,0.436499
20200326,847,-0.31453,0.189827,-0.130512,0.436499
20200326,848,-0.31453,0.189827,-0.130512,0.436499
20200326,849,-0.321398,0.088813,0.03144,0.436499
20200326,850,-0.321398,0.088813,0.03144,0.436499
20200326,851,-0.328267,-0.012201,-0.049536,0.436499
20200326,852,-0.328267,-0.012201,-0.049536,0.436499
20200326,853,-0.328267,0.088813,0.03144,-1.145722
20200326,854,-0.328267,0.088813,0.03144,-1.145722
20200326,855,-0.328267,0.189827,-0.130512,-1.145722
20200326,856,-0.328267,0.189827,-0.130512,-1.145722
20200326,857,-0.335135,0.290841,-0.130512,-1.145722
20200326,858,-0.335135,0.290841,-0.130512,0.436499
20200326,859,-0.300792,0.593883,-0.171,2.01872
20200326,860,-0.300792,0.593883,-0.171,-1.145722
20200326,861,-0.293924,0.290841,-0.171,0.436499
20200326,862,-0.293924,0.290841,-0.171,-1.145722
20200326,863,-0.300792,0.290841,-0.130512,0.436499
20200326,864,-0.300792,0.290841,-0.130512,2.01872
20200326,865,-0.307661,-0.012201,-0.090024,-1.145722
20200326,866,-0.307661,-0.012201,-0.090024,0.436499
20200326,867,-0.287055,0.189827,0.03144,0.436499
20200326,868,-0.287055,0.189827,0.03144,0.436499
20200326,869,-0.300792,0.290841,-0.090024,-1.145722
20200326,870,-0.300792,0.290841,-0.090024,0.436499
20200326,871,-0.300792,0.391855,-0.130512,0.436499
20200326,872,-0.300792,0.391855,-0.130512,-1.145722
20200326,873,-0.307661,0.492869,-0.171,0.436499
20200326,874,-0.307661,0.492869,-0.171,-2.727943
20200326,875,-0.300792,0.391855,-0.171,-1.145722
20200326,876,-0.300792,0.391855,-0.171,0.436499
20200326,877,-0.300792,0.088813,-0.251976,0.436499
20200326,878,-0.300792,0.088813,-0.251976,0.436499
20200326,879,-0.293924,0.290841,-0.090024,2.01872
20200326,880,-0.293924,0.290841,-0.090024,-1.145722
20200326,881,-0.300792,0.189827,0.152905,-1.145722
20200326,882,-0.300792,0.189827,0.152905,0.436499
20200326,883,-0.300792,0.189827,0.03144,0.436499
20200326,884,-0.300792,0.189827,0.03144,0.436499
20200326,885,-0.31453,0.391855,-0.130512,0.436499
20200326,886,-0.31453,0.391855,-0.130512,0.436499
20200326,887,-0.31453,0.492869,-0.211488,0.436499
20200326,888,-0.31453,0.492869,-0.211488,0.436499
20200326,889,-0.31453,0.088813,-0.251976,-1.145722
20200326,890,-0.31453,0.088813,-0.251976,-1.145722
20200326,891,-0.31453,0.189827,-0.171,-1.145722
20200326,892,-0.31453,0.189827,-0.171,-1.145722
20200326,893,-0.300792,0.694897,-0.009048,-1.145722
20200326,894,-0.300792,0.694897,-0.009048,0.436499
20200326,895,-0.307661,0.088813,0.233881,2.01872
20200326,896,-0.307661,0.088813,0.233881,-1.145722
20200326,897,-0.300792,0.391855,0.03144,0.436499
20200326,898,-0.300792,0.391855,0.03144,-1.145722
20200326,899,-0.307661,0.492869,0.03144,0.436499
20200326,900,-0.307661,0.492869,0.03144,2.01872
20200326,901,-0.328267,0.189827,-0.130512,-1.145722
20200326,902,-0.328267,0.189827,-0.130512,0.436499
20200326,903,-0.31453,0.290841,-0.251976,0.436499
20200326,904,-0.31453,0.290841,-0.251976,0.436499
20200326,905,-0.321398,0.189827,-0.251976,0.436499
20200326,906,-0.321398,0.189827,-0.251976,0.436499
20200326,907,-0.31453,0.088813,-0.049536,0.436499
20200326,908,-0.31453,0.088813,-0.049536,0.436499
20200326,909,-0.31453,0.189827,0.03144,-1.145722
20200326,910,-0.31453,0.189827,0.03144,-1.145722
20200326,911,-0.300792,-0.012201,0.112416,0.436499
20200326,912,-0.300792,-0.012201,0.112416,-1.145722
20200326,913,-0.31453,0.290841,0.03144,2.01872
20200326,914,-0.31453,0.290841,0.03144,0.436499
20200326,915,-0.300792,0.290841,-0.090024,0.436499
20200326,916,-0.300792,0.290841,-0.090024,0.436499
20200326,917,-0.321398,0.391855,-0.292465,0.436499
20200326,918,-0.321398,0.391855,-0.292465,0.436499
20200326,919,-0.321398,0.290841,-0.251976,0.436499
20200326,920,-0.321398,0.290841,-0.251976,0.436499
20200326,921,-0.31453,0.492869,-0.454417,0.436499
20200326,922,-0.31453,0.492869,-0.454417,0.436499
20200326,923,-0.31453,0.290841,-0.049536,-1.145722
20200326,924,-0.31453,0.290841,-0.049536,-1.145722
20200326,925,-0.307661,0.391855,0.071928,0.436499
20200326,926,-0.307661,0.391855,0.071928,-1.145722
20200326,927,-0.307661,0.290841,0.071928,2.01872
20200326,928,-0.307661,0.290841,0.071928,0.436499
20200326,929,-0.328267,0.391855,0.071928,0.436499
20200326,930,-0.328267,0.391855,0.071928,0.436499
20200326,931,-0.321398,0.088813,-0.049536,0.436499
20200326,932,-0.321398,0.088813,-0.049536,0.436499
20200326,933,-0.31453,-0.012201,-0.332953,-1.145722
20200326,934,-0.31453,-0.012201,-0.332953,0.436499
20200326,935,-0.321398,0.492869,-0.211488,0.436499
20200326,936,-0.321398,0.492869,-0.211488,-1.145722
20200326,937,-0.321398,0.391855,-0.251976,0.436499
20200326,938,-0.321398,0.391855,-0.251976,-2.727943
20200326,939,-0.31453,0.189827,-0.171,-1.145722
20200326,940,-0.31453,0.189827,-0.171,0.436499
20200326,941,-0.328267,0.290841,0.03144,0.436499
20200326,942,-0.328267,0.290841,0.03144,0.436499
20200326,943,-0.31453,0.189827,0.03144,2.01872
20200326,944,-0.31453,0.189827,0.03144,-1.145722
20200326,945,-0.307661,0.189827,-0.009048,-1.145722
20200326,946,-0.307661,0.189827,-0.009048,0.436499
20200326,947,-0.31453,0.391855,-0.049536,0.436499
20200326,948,-0.31453,0.391855,-0.049536,0.436499
20200326,949,-0.328267,0.391855,-0.171,0.436499
20200326,950,-0.328267,0.391855,-0.171,0.436499
20200326,951,-0.321398,0.088813,-0.211488,0.436499
20200326,952,-0.321398,0.088813,-0.211488,0.436499
20200326,953,-0.31453,0.189827,-0.211488,-1.145722
20200326,954,-0.31453,0.189827,-0.211488,-1.145722
20200326,955,-0.321398,0.189827,-0.090024,-1.145722
20200326,956,-0.321398,0.189827,-0.090024,-1.145722
20200326,957,-0.31453,-0.012201,0.152905,-1.145722
20200326,958,-0.31453,-0.012201,0.152905,0.436499
20200326,959,-0.31453,0.290841,0.274369,2.01872
20200326,960,-0.31453,0.290841,0.274369,-1.145722
20200326,961,-0.307661,-0.113214,0.03144,0.436499
20200326,962,-0.307661,-0.113214,0.03144,-1.145722
20200326,963,-0.31453,0.189827,-0.049536,0.436499
20200326,964,-0.31453,0.189827,-0.049536,2.01872
20200326,965,-0.328267,-0.113214,-0.130512,-1.145722
20200326,966,-0.328267,-0.113214,-0.130512,0.436499
20200326,967,-0.321398,0.290841,-0.171,0.436499
20200326,968,-0.321398,0.290841,-0.171,0.436499
20200326,969,-0.31453,0.391855,-0.171,0.436499
20200326,970,-0.31453,0.391855,-0.171,0.436499
20200326,971,-0.307661,0.593883,-0.211488,0.436499
20200326,972,-0.307661,0.593883,-0.211488,0.436499
20200326,973,-0.31453,0.290841,-0.130512,-1.145722
20200326,974,-0.31453,0.290841,-0.130512,-1.145722
20200326,975,-0.300792,0.290841,-0.009048,0.436499
20200326,976,-0.300792,0.290841,-0.009048,-1.145722
20200326,977,-0.307661,0.189827,-0.090024,2.01872
20200326,978,-0.307661,0.189827,-0.090024,0.436499
20200326,979,-0.31453,0.088813,-0.130512,0.436499
20200326,980,-0.31453,0.088813,-0.130512,0.436499
20200326,981,-0.307661,0.290841,-0.171,0.436499
20200326,982,-0.307661,0.290841,-0.171,0.436499
20200326,983,-0.321398,0.290841,-0.211488,-1.145722
20200326,984,-0.321398,0.290841,-0.211488,0.436499
20200326,985,-0.307661,-0.012201,-0.211488,0.436499
20200326,986,-0.307661,-0.012201,-0.211488,-1.145722
20200326,987,-0.31453,0.088813,-0.130512,0.436499
20200326,988,-0.31453,0.088813,-0.130512,-2.727943
20200326,989,-0.31453,0.189827,0.152905,-1.145722
20200326,990,-0.31453,0.189827,0.152905,0.436499
20200326,991,-0.31453,0.593883,0.193393,0.436499
20200326,992,-0.31453,0.593883,0.193393,0.436499
20200326,993,-0.31453,0.088813,-0.090024,2.01872
20200326,994,-0.31453,0.088813,-0.090024,-1.145722
20200326,995,-0.321398,0.290841,-0.373441,-1.145722
20200326,996,-0.321398,0.290841,-0.373441,0.436499
20200326,997,-0.328267,0.391855,-0.171,0.436499
20200326,998,-0.328267,0.391855,-0.171,0.436499
20200326,999,-0.321398,0.189827,-0.090024,0.436499
20200326,1000,-0.321398,0.189827,-0.090024,0.436499
20200325,1,-0.328267,0.189827,-0.211488,0.436499
20200327,2,-0.328267,0.189827,-0.211488,0.436499
20200327,3,-0.307661,0.391855,-0.130512,-1.145722
20200327,4,-0.307661,0.391855,-0.130512,-1.145722
20200327,5,-0.321398,0.189827,-0.332953,-1.145722
20200327,6,-0.321398,0.189827,-0.332953,-1.145722
20200327,7,-0.321398,0.189827,-0.373441,-1.145722
20200327,8,-0.321398,0.189827,-0.373441,0.436499
20200327,9,-0.307661,0.088813,-0.130512,2.01872
20200327,10,-0.307661,0.088813,-0.130512,-1.145722
20200327,11,-0.321398,0.391855,-0.130512,0.436499
20200327,12,-0.321398,0.391855,-0.130512,-1.145722
20200327,13,-0.328267,-0.012201,-0.130512,0.436499
20200327,14,-0.328267,-0.012201,-0.130512,2.01872
20200327,15,-0.328267,0.290841,-0.292465,-1.145722
20200327,16,-0.328267,0.290841,-0.292465,0.436499
20200327,17,-0.321398,0.088813,-0.211488,0.436499
20200327,18,-0.321398,0.088813,-0.211488,0.436499
20200327,19,-0.321398,0.391855,-0.171,0.436499
20200327,20,-0.321398,0.391855,-0.171,0.436499
20200327,21,-0.31453,0.189827,-0.090024,0.436499
20200327,22,-0.31453,0.189827,-0.090024,0.436499
20200327,23,-0.31453,0.088813,-0.009048,-1.145722
20200327,24,-0.31453,0.088813,-0.009048,-1.145722
20200327,25,-0.328267,0.593883,0.071928,0.436499
20200327,26,-0.328267,0.593883,0.071928,-1.145722
20200327,27,-0.321398,-0.012201,0.03144,2.01872
20200327,28,-0.321398,-0.012201,0.03144,0.436499
20200327,29,-0.328267,0.290841,-0.009048,0.436499
20200327,30,-0.328267,0.290841,-0.009048,0.436499
20200327,31,-0.328267,0.391855,-0.090024,-1.145722
20200327,32,-0.328267,0.391855,-0.090024,0.436499
20200327,33,-0.321398,0.391855,-0.130512,0.436499
20200327,34,-0.321398,0.391855,-0.130512,-1.145722
20200327,35,-0.328267,0.391855,-0.090024,0.436499
20200327,36,-0.328267,0.391855,-0.090024,-2.727943
20200327,37,-0.321398,0.189827,-0.211488,-1.145722
20200327,38,-0.321398,0.189827,-0.211488,0.436499
20200327,39,-0.328267,0.694897,-0.211488,0.436499
20200327,40,-0.328267,0.694897,-0.211488,0.436499
20200327,41,-0.321398,0.189827,-0.049536,2.01872
20200327,42,-0.321398,0.189827,-0.049536,-1.145722
20200327,43,-0.321398,0.290841,0.193393,-1.145722
20200327,44,-0.321398,0.290841,0.193393,0.436499
20200327,45,-0.321398,0.088813,0.112416,0.436499
20200327,46,-0.321398,0.088813,0.112416,0.436499
20200327,47,-0.31453,0.088813,-0.049536,0.436499
20200327,48,-0.31453,0.088813,-0.049536,0.436499
20200327,49,-0.321398,0.189827,-0.090024,0.436499
20200327,50,-0.321398,0.189827,-0.090024,0.436499
20200327,51,-0.321398,0.290841,0.03144,-1.145722
20200327,52,-0.321398,0.290841,0.03144,-1.145722
20200327,53,-0.328267,0.391855,-0.130512,-1.145722
20200327,54,-0.328267,0.391855,-0.130512,-1.145722
20200327,55,-0.328267,0.593883,-0.130512,-1.145722
20200327,56,-0.328267,0.593883,-0.130512,0.436499
20200327,57,-0.328267,-0.51727,0.03144,-1.145722
20200327,58,-0.328267,-0.51727,0.03144,-1.145722
20200327,59,-0.321398,-0.315242,-0.090024,0.436499
20200327,60,-0.321398,-0.315242,-0.090024,-1.145722
20200327,61,-0.31453,-0.214228,-0.211488,2.01872
20200327,62,-0.31453,-0.214228,-0.211488,0.436499
20200327,63,-0.328267,0.391855,-0.494905,0.436499
20200327,64,-0.328267,0.391855,-0.494905,0.436499
20200327,65,-0.321398,-0.012201,-0.413929,0.436499
20200327,66,-0.321398,-0.012201,-0.413929,0.436499
20200327,67,-0.300792,0.290841,-0.251976,0.436499
20200327,68,-0.300792,0.290841,-0.251976,-1.145722
20200327,69,-0.321398,0.290841,0.112416,-1.145722
20200327,70,-0.321398,0.290841,0.112416,0.436499
20200327,71,-0.307661,-0.012201,0.193393,-1.145722
20200327,72,-0.307661,-0.012201,0.193393,2.01872
20200327,73,-0.321398,0.492869,0.071928,0.436499
20200327,74,-0.321398,0.492869,0.071928,0.436499
20200327,75,-0.328267,0.290841,-0.090024,0.436499
20200327,76,-0.328267,0.290841,-0.090024,0.436499
20200327,77,-0.328267,0.492869,-0.494905,-1.145722
20200327,78,-0.328267,0.492869,-0.494905,0.436499
20200327,79,-0.321398,0.694897,-0.494905,0.436499
20200327,80,-0.321398,0.694897,-0.494905,-1.145722
20200327,81,-0.321398,0.088813,-0.130512,0.436499
20200327,82,-0.321398,0.088813,-0.130512,-2.727943
20200327,83,-0.307661,0.391855,0.193393,-1.145722
20200327,84,-0.307661,0.391855,0.193393,0.436499
20200327,85,-0.31453,-0.012201,0.517297,0.436499
20200327,86,-0.31453,-0.012201,0.517297,0.436499
20200327,87,-0.307661,0.290841,0.395833,2.01872
20200327,88,-0.307661,0.290841,0.395833,-1.145722
20200327,89,-0.31453,-0.214228,0.112416,-1.145722
20200327,90,-0.31453,-0.214228,0.112416,0.436499
20200327,91,-0.328267,0.088813,-0.130512,0.436499
20200327,92,-0.328267,0.088813,-0.130512,0.436499
20200327,93,-0.328267,0.290841,-0.292465,0.436499
20200327,94,-0.328267,0.290841,-0.292465,0.436499
20200327,95,-0.321398,-0.113214,-0.535393,0.436499
20200327,96,-0.321398,-0.113214,-0.535393,0.436499
20200327,97,-0.335135,0.290841,-0.332953,-1.145722
20200327,98,-0.335135,0.290841,-0.332953,-1.145722
20200327,99,-0.328267,-0.113214,0.152905,-1.145722
20200327,100,-0.328267,-0.113214,0.152905,-1.145722
20200327,101,-0.321398,-0.113214,0.314857,-1.145722
20200327,102,-0.321398,-0.113214,0.314857,0.436499
20200327,103,-0.328267,0.088813,0.274369,2.01872
20200327,104,-0.328267,0.088813,0.274369,-1.145722
20200327,105,-0.328267,0.088813,0.152905,0.436499
20200327,106,-0.328267,0.088813,0.152905,0.436499
20200327,107,-0.342004,0.290841,-0.049536,-1.145722
20200327,108,-0.342004,0.290841,-0.049536,0.436499
20200327,109,-0.321398,0.290841,-0.332953,0.436499
20200327,110,-0.321398,0.290841,-0.332953,-1.145722
20200327,111,-0.328267,0.593883,-0.292465,0.436499
20200327,112,-0.328267,0.593883,-0.292465,-2.727943
20200327,113,-0.328267,-0.113214,-0.251976,-1.145722
20200327,114,-0.328267,-0.113214,-0.251976,0.436499
20200327,115,-0.328267,0.088813,0.03144,0.436499
20200327,116,-0.328267,0.088813,0.03144,0.436499
20200327,117,-0.31453,-0.113214,0.152905,2.01872
20200327,118,-0.31453,-0.113214,0.152905,-1.145722
20200327,119,-0.31453,-0.012201,0.314857,-1.145722
20200327,120,-0.31453,-0.012201,0.314857,0.436499
20200327,121,-0.307661,-0.113214,0.152905,0.436499
20200327,122,-0.307661,-0.113214,0.152905,0.436499
20200327,123,-0.31453,0.088813,0.03144,0.436499
20200327,124,-0.31453,0.088813,0.03144,0.436499
20200327,125,-0.328267,0.290841,-0.171,0.436499
20200327,126,-0.328267,0.290841,-0.171,0.436499
20200327,127,-0.328267,0.391855,-0.251976,-1.145722
20200327,128,-0.328267,0.391855,-0.251976,-1.145722
20200327,129,-0.328267,0.694897,-0.292465,-1.145722
20200327,130,-0.328267,0.694897,-0.292465,-1.145722
20200327,131,-0.31453,0.088813,-0.090024,-1.145722
20200327,132,-0.31453,0.088813,-0.090024,0.436499
20200327,133,-0.300792,-0.214228,0.112416,2.01872
20200327,134,-0.300792,-0.214228,0.112416,-1.145722
20200327,135,-0.307661,-0.012201,0.233881,0.436499
20200327,136,-0.307661,-0.012201,0.233881,-1.145722
20200327,137,-0.31453,-0.113214,0.233881,0.436499
20200327,138,-0.31453,-0.113214,0.233881,2.01872
20200327,139,-0.307661,0.189827,-0.009048,-1.145722
20200327,140,-0.307661,0.189827,-0.009048,0.436499
20200327,141,-0.328267,0.088813,-0.009048,0.436499
20200327,142,-0.328267,0.088813,-0.009048,0.436499
20200327,143,-0.31453,0.189827,-0.494905,-1.145722
20200327,144,-0.31453,0.189827,-0.494905,0.436499
20200327,145,-0.328267,0.088813,-0.292465,0.436499
20200327,146,-0.328267,0.088813,-0.292465,-1.145722
20200327,147,-0.328267,0.694897,-0.130512,0.436499
20200327,148,-0.328267,0.694897,-0.130512,-2.727943
20200327,149,-0.321398,0.088813,0.071928,-1.145722
20200327,150,-0.321398,0.088813,0.071928,0.436499
20200327,151,-0.31453,0.492869,0.112416,0.436499
20200327,152,-0.31453,0.492869,0.112416,0.436499
20200327,153,-0.321398,-0.012201,0.071928,2.01872
20200327,154,-0.321398,-0.012201,0.071928,-1.145722
20200327,155,-0.321398,-0.113214,-0.049536,-1.145722
20200327,156,-0.321398,-0.113214,-0.049536,0.436499
20200327,157,-0.321398,0.189827,-0.171,0.436499
20200327,158,-0.321398,0.189827,-0.171,0.436499
20200327,159,-0.328267,0.290841,-0.373441,0.436499
20200327,160,-0.328267,0.290841,-0.373441,0.436499
20200327,161,-0.321398,0.391855,-0.494905,0.436499
20200327,162,-0.321398,0.391855,-0.494905,0.436499
20200327,163,-0.31453,0.290841,-0.049536,-1.145722
20200327,164,-0.31453,0.290841,-0.049536,-1.145722
20200327,165,-0.31453,0.593883,0.03144,-1.145722
20200327,166,-0.31453,0.593883,0.03144,-1.145722
20200327,167,-0.300792,0.492869,0.112416,-1.145722
20200327,168,-0.300792,0.492869,0.112416,0.436499
20200327,169,-0.335135,0.189827,0.03144,2.01872
20200327,170,-0.335135,0.189827,0.03144,-1.145722
20200327,171,-0.293924,0.088813,-0.009048,0.436499
20200327,172,-0.293924,0.088813,-0.009048,-1.145722
20200327,173,-0.328267,0.189827,-0.373441,0.436499
20200327,174,-0.328267,0.189827,-0.373441,2.01872
20200327,175,-0.328267,0.189827,-0.332953,-1.145722
20200327,176,-0.328267,0.189827,-0.332953,0.436499
20200327,177,-0.321398,0.492869,-0.251976,0.436499
20200327,178,-0.321398,0.492869,-0.251976,0.436499
20200327,179,-0.321398,0.189827,0.152905,0.436499
20200327,180,-0.321398,0.189827,0.152905,0.436499
20200327,181,-0.328267,0.290841,0.395833,0.436499
20200327,182,-0.328267,0.290841,0.395833,0.436499
20200327,183,-0.307661,0.290841,0.314857,-1.145722
20200327,184,-0.307661,0.290841,0.314857,-1.145722
20200327,185,-0.321398,0.189827,0.233881,0.436499
20200327,186,-0.321398,0.189827,0.233881,-1.145722
20200327,187,-0.342004,0.492869,-0.049536,2.01872
20200327,188,-0.342004,0.492869,-0.049536,0.436499
20200327,189,-0.328267,0.290841,-0.332953,0.436499
20200327,190,-0.328267,0.290841,-0.332953,0.436499
20200327,191,-0.342004,0.391855,-0.292465,0.436499
20200327,192,-0.342004,0.391855,-0.292465,0.436499
20200327,193,-0.328267,0.088813,-0.454417,0.436499
20200327,194,-0.328267,0.088813,-0.454417,0.436499
20200327,195,-0.321398,0.391855,0.03144,0.436499
20200327,196,-0.321398,0.391855,0.03144,0.436499
20200327,197,-0.328267,0.088813,0.112416,-1.145722
20200327,198,-0.328267,0.088813,0.112416,-1.145722
20200327,199,-0.307661,0.290841,0.152905,0.436499
20200327,200,-0.307661,0.290841,0.152905,-1.145722
20200327,201,-0.321398,0.593883,0.071928,2.01872
20200327,202,-0.321398,0.593883,0.071928,0.436499
20200327,203,-0.335135,0.492869,-0.049536,0.436499
20200327,204,-0.335135,0.492869,-0.049536,0.436499
20200327,205,-0.328267,0.492869,-0.171,0.436499
20200327,206,-0.328267,0.492869,-0.171,0.436499
20200327,207,-0.321398,0.492869,-0.251976,-1.145722
20200327,208,-0.321398,0.492869,-0.251976,0.436499
20200327,209,-0.335135,0.795911,-0.211488,0.436499
20200327,210,-0.335135,0.795911,-0.211488,-1.145722
20200327,211,-0.321398,0.391855,-0.211488,0.436499
20200327,212,-0.321398,0.391855,-0.211488,-2.727943
20200327,213,-0.328267,0.391855,0.193393,-1.145722
20200327,214,-0.328267,0.391855,0.193393,0.436499
20200327,215,-0.321398,0.088813,0.152905,0.436499
20200327,216,-0.321398,0.088813,0.152905,0.436499
20200327,217,-0.31453,0.492869,-0.009048,2.01872
20200327,218,-0.31453,0.492869,-0.009048,-1.145722
20200327,219,-0.328267,0.189827,-0.171,-1.145722
20200327,220,-0.328267,0.189827,-0.171,0.436499
20200327,221,-0.321398,0.694897,-0.211488,0.436499
20200327,222,-0.321398,0.694897,-0.211488,0.436499
20200327,223,-0.328267,0.593883,-0.211488,0.436499
20200327,224,-0.328267,0.593883,-0.211488,0.436499
20200327,225,-0.335135,0.391855,-0.130512,0.436499
20200327,226,-0.335135,0.391855,-0.130512,0.436499
20200327,227,-0.321398,0.391855,-0.049536,-1.145722
20200327,228,-0.321398,0.391855,-0.049536,-1.145722
20200327,229,-0.321398,0.189827,0.112416,-1.145722
20200327,230,-0.321398,0.189827,0.112416,-1.145722
20200327,231,-0.328267,0.391855,0.03144,-1.145722
20200327,232,-0.328267,0.391855,0.03144,0.436499
20200327,233,-0.321398,0.088813,-0.090024,2.01872
20200327,234,-0.321398,0.088813,-0.090024,-1.145722
20200327,235,-0.335135,0.088813,-0.171,0.436499
20200327,236,-0.335135,0.088813,-0.171,-1.145722
20200327,237,-0.335135,0.492869,-0.211488,0.436499
20200327,238,-0.335135,0.492869,-0.211488,2.01872
20200327,239,-0.321398,0.492869,-0.090024,-1.145722
20200327,240,-0.321398,0.492869,-0.090024,0.436499
20200327,241,-0.328267,0.189827,-0.171,0.436499
20200327,242,-0.328267,0.189827,-0.171,0.436499
20200327,243,-0.321398,0.290841,-0.251976,0.436499
20200327,244,-0.321398,0.290841,-0.251976,0.436499
20200327,245,-0.321398,0.694897,-0.413929,0.436499
20200327,246,-0.321398,0.694897,-0.413929,0.436499
20200327,247,-0.328267,0.492869,-0.171,-1.145722
20200327,248,-0.328267,0.492869,-0.171,-1.145722
20200327,249,-0.328267,0.391855,-0.009048,0.436499
20200327,250,-0.328267,0.391855,-0.009048,-1.145722
20200327,251,-0.321398,0.391855,0.071928,2.01872
20200327,252,-0.321398,0.391855,0.071928,0.436499
20200327,253,-0.328267,0.492869,0.03144,0.436499
20200327,254,-0.328267,0.492869,0.03144,-1.145722
20200327,255,-0.328267,0.088813,-0.049536,0.436499
20200327,256,-0.328267,0.088813,-0.049536,-1.145722
20200327,257,-0.328267,0.492869,-0.211488,0.436499
20200327,258,-0.328267,0.492869,-0.211488,2.01872
20200327,259,-0.328267,0.391855,-0.211488,-1.145722
20200327,260,-0.328267,0.391855,-0.211488,0.436499
20200327,261,-0.328267,0.694897,-0.211488,0.436499
20200327,262,-0.328267,0.694897,-0.211488,0.436499
20200327,263,-0.335135,0.492869,-0.009048,-1.145722
20200327,264,-0.335135,0.492869,-0.009048,0.436499
20200327,265,-0.31453,0.189827,0.152905,0.436499
20200327,266,-0.31453,0.189827,0.152905,-1.145722
20200327,267,-0.328267,0.391855,0.152905,0.436499
20200327,268,-0.328267,0.391855,0.152905,-2.727943
20200327,269,-0.328267,0.391855,-0.009048,-1.145722
20200327,270,-0.328267,0.391855,-0.009048,0.436499
20200327,271,-0.328267,0.290841,-0.373441,0.436499
20200327,272,-0.328267,0.290841,-0.373441,0.436499
20200327,273,-0.335135,0.290841,-0.211488,2.01872
20200327,274,-0.335135,0.290841,-0.211488,-1.145722
20200327,275,-0.328267,0.290841,-0.332953,-1.145722
20200327,276,-0.328267,0.290841,-0.332953,0.436499
20200327,277,-0.321398,0.189827,-0.090024,0.436499
20200327,278,-0.321398,0.189827,-0.090024,0.436499
20200327,279,-0.31453,0.290841,0.193393,0.436499
20200327,280,-0.31453,0.290841,0.193393,0.436499
20200327,281,-0.321398,0.290841,0.436321,0.436499
20200327,282,-0.321398,0.290841,0.436321,0.436499
20200327,283,-0.321398,0.189827,0.274369,-1.145722
20200327,284,-0.321398,0.189827,0.274369,-1.145722
20200327,285,-0.328267,0.492869,0.112416,-1.145722
20200327,286,-0.328267,0.492869,0.112416,-1.145722
20200327,287,-0.328267,-0.012201,-0.090024,-1.145722
20200327,288,-0.328267,-0.012201,-0.090024,0.436499
20200327,289,-0.342004,0.391855,-0.211488,2.01872
20200327,290,-0.342004,0.391855,-0.211488,-1.145722
20200327,291,-0.342004,0.694897,-0.292465,0.436499
20200327,292,-0.342004,0.694897,-0.292465,-1.145722
20200327,293,-0.321398,0.492869,-0.292465,0.436499
20200327,294,-0.321398,0.492869,-0.292465,2.01872
20200327,295,-0.335135,0.290841,0.071928,-1.145722
20200327,296,-0.335135,0.290841,0.071928,0.436499
20200327,297,-0.328267,0.290841,0.233881,0.436499
20200327,298,-0.328267,0.290841,0.233881,0.436499
20200327,299,-0.328267,-0.113214,0.112416,0.436499
20200327,300,-0.328267,-0.113214,0.112416,0.436499
20200327,301,-0.328267,0.189827,-0.171,0.436499
20200327,302,-0.328267,0.189827,-0.171,0.436499
20200327,303,-0.342004,0.088813,-0.332953,-1.145722
20200327,304,-0.342004,0.088813,-0.332953,-1.145722
20200327,305,-0.335135,0.391855,-0.251976,0.436499
20200327,306,-0.335135,0.391855,-0.251976,-1.145722
20200327,307,-0.335135,0.088813,-0.171,2.01872
20200327,308,-0.335135,0.088813,-0.171,0.436499
20200327,309,-0.328267,0.492869,-0.049536,0.436499
20200327,310,-0.328267,0.492869,-0.049536,0.436499
20200327,311,-0.335135,0.189827,0.071928,0.436499
20200327,312,-0.335135,0.189827,0.071928,0.436499
20200327,313,-0.328267,0.391855,0.071928,0.436499
20200327,314,-0.328267,0.391855,0.071928,0.436499
20200327,315,-0.328267,0.088813,0.152905,0.436499
20200327,316,-0.328267,0.088813,0.152905,0.436499
20200327,317,-0.335135,0.189827,-0.049536,-1.145722
20200327,318,-0.335135,0.189827,-0.049536,-1.145722
20200327,319,-0.342004,0.290841,-0.211488,0.436499
20200327,320,-0.342004,0.290841,-0.211488,-1.145722
20200327,321,-0.328267,0.492869,-0.171,2.01872
20200327,322,-0.328267,0.492869,-0.171,0.436499
20200327,323,-0.342004,0.189827,-0.171,0.436499
20200327,324,-0.342004,0.189827,-0.171,0.436499
20200327,325,-0.335135,0.391855,-0.171,0.436499
20200327,326,-0.335135,0.391855,-0.171,0.436499
20200327,327,-0.328267,0.492869,-0.049536,-1.145722
20200327,328,-0.328267,0.492869,-0.049536,0.436499
20200327,329,-0.321398,0.391855,0.03144,0.436499
20200327,330,-0.321398,0.391855,0.03144,-1.145722
20200327,331,-0.328267,0.290841,-0.009048,0.436499
20200327,332,-0.328267,0.290841,-0.009048,-2.727943
20200327,333,-0.328267,0.290841,-0.009048,-1.145722
20200327,334,-0.328267,0.290841,-0.009048,0.436499
20200327,335,-0.335135,0.593883,-0.130512,0.436499
20200327,336,-0.335135,0.593883,-0.130512,0.436499
20200327,337,-0.342004,0.391855,-0.251976,2.01872
20200327,338,-0.342004,0.391855,-0.251976,-1.145722
20200327,339,-0.335135,0.593883,-0.171,-1.145722
20200327,340,-0.335135,0.593883,-0.171,0.436499
20200327,341,-0.335135,0.795911,-0.292465,0.436499
20200327,342,-0.335135,0.795911,-0.292465,0.436499
20200327,343,-0.321398,0.189827,-0.009048,0.436499
20200327,344,-0.321398,0.189827,-0.009048,0.436499
20200327,345,-0.335135,0.492869,0.03144,0.436499
20200327,346,-0.335135,0.492869,0.03144,0.436499
20200327,347,-0.335135,-0.012201,-0.130512,-1.145722
20200327,348,-0.335135,-0.012201,-0.130512,-1.145722
20200327,349,-0.328267,0.492869,-0.373441,-1.145722
20200327,350,-0.328267,0.492869,-0.373441,-1.145722
20200327,351,-0.342004,0.290841,-0.211488,-1.145722
20200327,352,-0.342004,0.290841,-0.211488,0.436499
20200327,353,-0.335135,0.290841,-0.211488,2.01872
20200327,354,-0.335135,0.290841,-0.211488,-1.145722
20200327,355,-0.328267,0.088813,-0.332953,0.436499
20200327,356,-0.328267,0.088813,-0.332953,-1.145722
20200327,357,-0.335135,0.492869,-0.049536,0.436499
20200327,358,-0.335135,0.492869,-0.049536,2.01872
20200327,359,-0.328267,0.492869,-0.009048,-1.145722
20200327,360,-0.328267,0.492869,-0.009048,0.436499
20200327,361,-0.328267,0.290841,0.03144,0.436499
20200327,362,-0.328267,0.290841,0.03144,0.436499
20200327,363,-0.342004,0.492869,-0.090024,0.436499
20200327,364,-0.342004,0.492869,-0.090024,0.436499
20200327,365,-0.335135,0.088813,-0.171,0.436499
20200327,366,-0.335135,0.088813,-0.171,0.436499
20200327,367,-0.335135,0.694897,-0.211488,-1.145722
20200327,368,-0.335135,0.694897,-0.211488,0.436499
20200327,369,-0.342004,-0.012201,-0.211488,0.436499
20200327,370,-0.342004,-0.012201,-0.211488,-1.145722
20200327,371,-0.342004,0.290841,-0.049536,0.436499
20200327,372,-0.342004,0.290841,-0.049536,0.436499
20200327,373,-0.328267,0.492869,0.03144,-1.145722
20200327,374,-0.328267,0.492869,0.03144,0.436499
20200327,375,-0.335135,0.593883,0.071928,-2.727943
20200327,376,-0.335135,0.593883,0.071928,-1.145722
20200327,377,-0.328267,0.088813,-0.009048,0.436499
20200327,378,-0.328267,0.088813,-0.009048,0.436499
20200327,379,-0.335135,0.189827,-0.049536,0.436499
20200327,380,-0.335135,0.189827,-0.049536,2.01872
20200327,381,-0.335135,0.391855,-0.373441,-1.145722
20200327,382,-0.335135,0.391855,-0.373441,-1.145722
20200327,383,-0.335135,0.391855,-0.211488,0.436499
20200327,384,-0.335135,0.391855,-0.211488,0.436499
20200327,385,-0.335135,0.694897,-0.130512,0.436499
20200327,386,-0.335135,0.694897,-0.130512,0.436499
20200327,387,-0.328267,0.391855,-0.009048,0.436499
20200327,388,-0.328267,0.391855,-0.009048,0.436499
20200327,389,-0.335135,0.593883,-0.009048,0.436499
20200327,390,-0.335135,0.593883,-0.009048,-1.145722
20200327,391,-0.328267,0.593883,-0.009048,-1.145722
20200327,392,-0.328267,0.593883,-0.009048,-1.145722
20200327,393,-0.328267,0.088813,-0.130512,-1.145722
20200327,394,-0.328267,0.088813,-0.130512,-1.145722
20200327,395,-0.335135,0.391855,-0.332953,0.436499
20200327,396,-0.335135,0.391855,-0.332953,2.01872
20200327,397,-0.335135,0.088813,-0.373441,-1.145722
20200327,398,-0.335135,0.088813,-0.373441,0.436499
20200327,399,-0.321398,0.189827,-0.049536,-1.145722
20200327,400,-0.321398,0.189827,-0.049536,0.436499
20200327,401,-0.321398,0.391855,0.152905,2.01872
20200327,402,-0.321398,0.391855,0.152905,-1.145722
20200327,403,-0.328267,0.290841,0.112416,0.436499
20200327,404,-0.328267,0.290841,0.112416,0.436499
20200327,405,-0.328267,0.593883,-0.049536,0.436499
20200327,406,-0.328267,0.593883,-0.049536,-1.145722
20200327,407,-0.342004,0.391855,-0.171,0.436499
20200327,408,-0.342004,0.391855,-0.171,0.436499
20200327,409,-0.348872,0.088813,-0.171,-1.145722
20200327,410,-0.348872,0.088813,-0.171,0.436499
20200327,411,-0.342004,0.391855,-0.130512,-2.727943
20200327,412,-0.342004,0.391855,-0.130512,-1.145722
20200327,413,-0.342004,0.492869,-0.130512,0.436499
20200327,414,-0.342004,0.492869,-0.130512,0.436499
20200327,415,-0.321398,0.694897,-0.049536,0.436499
20200327,416,-0.321398,0.694897,-0.049536,2.01872
20200327,417,-0.342004,0.391855,-0.090024,-1.145722
20200327,418,-0.342004,0.391855,-0.090024,-1.145722
20200327,419,-0.342004,0.290841,-0.171,0.436499
20200327,420,-0.342004,0.290841,-0.171,0.436499
20200327,421,-0.335135,0.694897,-0.171,0.436499
20200327,422,-0.335135,0.694897,-0.171,0.436499
20200327,423,-0.335135,0.189827,-0.211488,0.436499
20200327,424,-0.335135,0.189827,-0.211488,0.436499
20200327,425,-0.335135,0.391855,-0.049536,0.436499
20200327,426,-0.335135,0.391855,-0.049536,-1.145722
20200327,427,-0.335135,-0.012201,-0.130512,-1.145722
20200327,428,-0.335135,-0.012201,-0.130512,-1.145722
20200327,429,-0.335135,0.391855,-0.090024,-1.145722
20200327,430,-0.335135,0.391855,-0.090024,-1.145722
20200327,431,-0.328267,0.189827,-0.090024,0.436499
20200327,432,-0.328267,0.189827,-0.090024,2.01872
20200327,433,-0.335135,0.492869,-0.171,-1.145722
20200327,434,-0.335135,0.492869,-0.171,0.436499
20200327,435,-0.328267,0.391855,-0.211488,-1.145722
20200327,436,-0.328267,0.391855,-0.211488,0.436499
20200327,437,-0.321398,0.189827,-0.211488,2.01872
20200327,438,-0.321398,0.189827,-0.211488,-1.145722
20200327,439,-0.328267,0.593883,-0.090024,0.436499
20200327,440,-0.328267,0.593883,-0.090024,0.436499
20200327,441,-0.342004,0.492869,-0.130512,0.436499
20200327,442,-0.342004,0.492869,-0.130512,0.436499
20200327,443,-0.328267,0.391855,0.071928,0.436499
20200327,444,-0.328267,0.391855,0.071928,0.436499
20200327,445,-0.335135,-0.012201,0.112416,0.436499
20200327,446,-0.335135,-0.012201,0.112416,-1.145722
20200327,447,-0.348872,0.189827,-0.049536,-1.145722
20200327,448,-0.348872,0.189827,-0.049536,0.436499
20200327,449,-0.342004,0.391855,-0.130512,-1.145722
20200327,450,-0.342004,0.391855,-0.130512,2.01872
20200327,451,-0.335135,0.391855,-0.413929,0.436499
20200327,452,-0.335135,0.391855,-0.413929,0.436499
20200327,453,-0.342004,0.492869,-0.211488,0.436499
20200327,454,-0.342004,0.492869,-0.211488,0.436499
20200327,455,-0.335135,0.492869,-0.049536,0.436499
20200327,456,-0.335135,0.492869,-0.049536,0.436499
20200327,457,-0.328267,0.391855,0.112416,0.436499
20200327,458,-0.328267,0.391855,0.112416,0.436499
20200327,459,-0.335135,0.391855,0.193393,0.436499
20200327,460,-0.335135,0.391855,0.193393,-1.145722
20200327,461,-0.335135,0.492869,0.152905,-1.145722
20200327,462,-0.335135,0.492869,0.152905,0.436499
20200327,463,-0.36261,0.189827,-0.090024,-1.145722
20200327,464,-0.36261,0.189827,-0.090024,2.01872
20200327,465,-0.342004,0.290841,-0.251976,0.436499
20200327,466,-0.342004,0.290841,-0.251976,0.436499
20200327,467,-0.342004,0.795911,-0.292465,0.436499
20200327,468,-0.342004,0.795911,-0.292465,0.436499
20200327,469,-0.355741,0.391855,-0.171,0.436499
20200327,470,-0.355741,0.391855,-0.171,-1.145722
20200327,471,-0.335135,0.290841,0.071928,0.436499
20200327,472,-0.335135,0.290841,0.071928,0.436499
20200327,473,-0.328267,0.189827,0.274369,-1.145722
20200327,474,-0.328267,0.189827,0.274369,0.436499
20200327,475,-0.342004,0.492869,0.233881,-2.727943
20200327,476,-0.342004,0.492869,0.233881,-1.145722
20200327,477,-0.335135,0.290841,0.071928,0.436499
20200327,478,-0.335135,0.290841,0.071928,0.436499
20200327,479,-0.348872,0.694897,-0.130512,0.436499
20200327,480,-0.348872,0.694897,-0.130512,2.01872
20200327,481,-0.355741,0.694897,-0.332953,-1.145722
20200327,482,-0.355741,0.694897,-0.332953,-1.145722
20200327,483,-0.342004,0.896925,-0.332953,0.436499
20200327,484,-0.342004,0.896925,-0.332953,0.436499
20200327,485,-0.348872,0.593883,-0.049536,0.436499
20200327,486,-0.348872,0.593883,-0.049536,0.436499
20200327,487,-0.321398,0.492869,0.274369,0.436499
20200327,488,-0.321398,0.492869,0.274369,0.436499
20200327,489,-0.342004,0.088813,0.395833,0.436499
20200327,490,-0.342004,0.088813,0.395833,-1.145722
20200327,491,-0.342004,0.189827,0.314857,-1.145722
20200327,492,-0.342004,0.189827,0.314857,-1.145722
20200327,493,-0.355741,0.189827,0.193393,-1.145722
20200327,494,-0.355741,0.189827,0.193393,-1.145722
20200327,495,-0.355741,0.492869,-0.090024,0.436499
20200327,496,-0.355741,0.492869,-0.090024,2.01872
20200327,497,-0.36261,0.492869,-0.251976,-1.145722
20200327,498,-0.36261,0.492869,-0.251976,0.436499
20200327,499,-0.355741,0.795911,-0.292465,-1.145722
20200327,500,-0.355741,0.795911,-0.292465,0.436499
20200327,501,-0.355741,0.492869,-0.130512,2.01872
20200327,502,-0.355741,0.492869,-0.130512,-1.145722
20200327,503,-0.335135,0.391855,0.193393,0.436499
20200327,504,-0.335135,0.391855,0.193393,0.436499
20200327,505,-0.342004,0.189827,0.314857,0.436499
20200327,506,-0.342004,0.189827,0.314857,0.436499
20200327,507,-0.348872,0.088813,0.193393,0.436499
20200327,508,-0.348872,0.088813,0.193393,0.436499
20200327,509,-0.335135,0.290841,-0.090024,0.436499
20200327,510,-0.335135,0.290841,-0.090024,-1.145722
20200327,511,-0.36261,0.189827,-0.292465,-1.145722
20200327,512,-0.36261,0.189827,-0.292465,0.436499
20200327,513,-0.348872,0.088813,-0.535393,-1.145722
20200327,514,-0.348872,0.088813,-0.535393,2.01872
20200327,515,-0.342004,0.492869,-0.211488,0.436499
20200327,516,-0.342004,0.492869,-0.211488,0.436499
20200327,517,-0.348872,0.088813,0.03144,-1.145722
20200327,518,-0.348872,0.088813,0.03144,0.436499
20200327,519,-0.335135,0.290841,0.395833,0.436499
20200327,520,-0.335135,0.290841,0.395833,0.436499
20200327,521,-0.342004,0.088813,0.476809,0.436499
20200327,522,-0.342004,0.088813,0.476809,0.436499
20200327,523,-0.348872,-0.012201,0.274369,0.436499
20200327,524,-0.348872,-0.012201,0.274369,0.436499
20200327,525,-0.342004,0.189827,-0.009048,-1.145722
20200327,526,-0.342004,0.189827,-0.009048,-1.145722
20200327,527,-0.36261,0.189827,-0.171,-1.145722
20200327,528,-0.36261,0.189827,-0.171,-1.145722
20200327,529,-0.348872,0.391855,-0.332953,-1.145722
20200327,530,-0.348872,0.391855,-0.332953,0.436499
20200327,531,-0.335135,0.189827,-0.130512,2.01872
20200327,532,-0.335135,0.189827,-0.130512,-1.145722
20200327,533,-0.342004,0.290841,-0.049536,0.436499
20200327,534,-0.342004,0.290841,-0.049536,-1.145722
20200327,535,-0.335135,0.290841,0.152905,0.436499
20200327,536,-0.335135,0.290841,0.152905,2.01872
20200327,537,-0.328267,-0.012201,0.152905,-1.145722
20200327,538,-0.328267,-0.012201,0.152905,0.436499
20200327,539,-0.342004,0.088813,-0.009048,0.436499
20200327,540,-0.342004,0.088813,-0.130512,0.436499
20200327,541,-0.342004,0.088813,-0.130512,-1.145722
20200327,542,-0.348872,0.088813,-0.251976,0.436499
20200327,543,-0.348872,0.088813,-0.251976,0.436499
20200327,544,-0.342004,0.593883,-0.211488,-1.145722
20200327,545,-0.342004,0.593883,-0.211488,0.436499
20200327,546,-0.342004,0.391855,-0.009048,-2.727943
20200327,547,-0.342004,0.391855,-0.009048,-1.145722
20200327,548,-0.335135,0.492869,0.193393,0.436499
20200327,549,-0.335135,0.492869,0.193393,0.436499
20200327,550,-0.335135,0.189827,0.233881,0.436499
20200327,551,-0.335135,0.189827,0.233881,2.01872
20200327,552,-0.328267,0.189827,0.112416,-1.145722
20200327,553,-0.328267,0.189827,0.112416,-1.145722
20200327,554,-0.348872,0.189827,-0.090024,0.436499
20200327,555,-0.348872,0.189827,-0.090024,0.436499
20200327,556,-0.348872,0.290841,-0.171,0.436499
20200327,557,-0.348872,0.290841,-0.171,0.436499
20200327,558,-0.328267,0.492869,-0.171,0.436499
20200327,559,-0.328267,0.492869,-0.171,0.436499
20200327,560,-0.348872,0.593883,-0.211488,0.436499
20200327,561,-0.348872,0.593883,-0.211488,-1.145722
20200327,562,-0.335135,0.290841,-0.009048,-1.145722
20200327,563,-0.335135,0.290841,-0.009048,-1.145722
20200327,564,-0.335135,0.391855,0.112416,-1.145722
20200327,565,-0.335135,0.391855,0.112416,-1.145722
20200327,566,-0.342004,0.290841,0.152905,0.436499
20200327,567,-0.342004,0.290841,0.152905,2.01872
20200327,568,-0.342004,0.593883,0.03144,-1.145722
20200327,569,-0.342004,0.593883,0.03144,0.436499
20200327,570,-0.348872,0.391855,-0.090024,-1.145722
20200327,571,-0.348872,0.391855,-0.090024,0.436499
20200327,572,-0.348872,0.189827,-0.454417,2.01872
20200327,573,-0.348872,0.189827,-0.454417,-1.145722
20200327,574,-0.348872,0.694897,-0.171,0.436499
20200327,575,-0.348872,0.694897,-0.171,0.436499
20200327,576,-0.342004,0.088813,-0.171,0.436499
20200327,577,-0.342004,0.088813,-0.171,0.436499
20200327,578,-0.342004,0.593883,0.112416,0.436499
20200327,579,-0.342004,0.593883,0.112416,0.436499
20200327,580,-0.321398,0.492869,0.395833,0.436499
20200327,581,-0.321398,0.492869,0.395833,-1.145722
20200327,582,-0.342004,0.189827,0.314857,-1.145722
20200327,583,-0.342004,0.189827,0.314857,0.436499
20200327,584,-0.348872,0.290841,-0.049536,-1.145722
20200327,585,-0.348872,0.290841,-0.049536,2.01872
20200327,586,-0.328267,0.290841,-0.049536,0.436499
20200327,587,-0.328267,0.290841,-0.049536,0.436499
20200327,588,-0.355741,0.290841,-0.171,0.436499
20200327,589,-0.355741,0.290841,-0.171,0.436499
20200327,590,-0.335135,0.593883,-0.251976,0.436499
20200327,591,-0.335135,0.593883,-0.251976,0.436499
20200327,592,-0.335135,0.492869,-0.292465,0.436499
20200327,593,-0.335135,0.492869,-0.292465,0.436499
20200327,594,-0.328267,0.694897,-0.049536,0.436499
20200327,595,-0.328267,0.694897,-0.049536,-1.145722
20200327,596,-0.335135,0.593883,0.193393,-1.145722
20200327,597,-0.335135,0.593883,0.193393,0.436499
20200327,598,-0.328267,0.593883,0.193393,-1.145722
20200327,599,-0.328267,0.593883,0.193393,2.01872
20200327,600,-0.342004,-0.214228,0.314857,0.436499
20200327,601,-0.342004,-0.214228,0.314857,0.436499
20200327,602,-0.342004,0.088813,0.152905,0.436499
20200327,603,-0.342004,0.088813,0.152905,0.436499
20200327,604,-0.36261,0.290841,-0.090024,0.436499
20200327,605,-0.36261,0.290841,-0.090024,-1.145722
20200327,606,-0.355741,0.391855,-0.251976,0.436499
20200327,607,-0.355741,0.391855,-0.251976,0.436499
20200327,608,-0.335135,0.391855,-0.049536,-1.145722
20200327,609,-0.335135,0.391855,-0.049536,0.436499
20200327,610,-0.355741,0.088813,-0.090024,-2.727943
20200327,611,-0.355741,0.088813,-0.090024,-1.145722
20200327,612,-0.335135,0.492869,-0.049536,0.436499
20200327,613,-0.335135,0.492869,-0.049536,0.436499
20200327,614,-0.335135,0.391855,-0.090024,0.436499
20200327,615,-0.335135,0.391855,-0.090024,2.01872
20200327,616,-0.348872,0.088813,-0.049536,-1.145722
20200327,617,-0.348872,0.088813,-0.049536,-1.145722
20200327,618,-0.335135,0.492869,-0.171,0.436499
20200327,619,-0.335135,0.492869,-0.171,0.436499
20200327,620,-0.328267,0.290841,-0.211488,0.436499
20200327,621,-0.328267,0.290841,-0.211488,0.436499
20200327,622,-0.342004,0.391855,-0.171,0.436499
20200327,623,-0.342004,0.391855,-0.171,0.436499
20200327,624,-0.335135,0.189827,-0.009048,0.436499
20200327,625,-0.335135,0.189827,-0.009048,-1.145722
20200327,626,-0.328267,0.189827,0.03144,-1.145722
20200327,627,-0.328267,0.189827,0.03144,0.436499
20200327,628,-0.342004,0.593883,-0.009048,0.436499
20200327,629,-0.342004,0.593883,-0.009048,-1.145722
20200327,630,-0.328267,0.290841,-0.130512,0.436499
20200327,631,-0.328267,0.290841,-0.130512,0.436499
20200327,632,-0.342004,0.593883,-0.251976,-1.145722
20200327,633,-0.342004,0.593883,-0.251976,0.436499
20200327,634,-0.342004,0.189827,-0.292465,-2.727943
20200327,635,-0.342004,0.189827,-0.292465,-1.145722
20200327,636,-0.328267,0.694897,-0.130512,0.436499
20200327,637,-0.328267,0.694897,-0.130512,0.436499
20200327,638,-0.348872,0.391855,0.112416,0.436499
20200327,639,-0.348872,0.391855,0.112416,2.01872
20200327,640,-0.335135,0.189827,0.112416,-1.145722
20200327,641,-0.335135,0.189827,0.112416,-1.145722
20200327,642,-0.335135,0.189827,0.152905,0.436499
20200327,643,-0.335135,0.189827,0.152905,0.436499
20200327,644,-0.335135,0.290841,-0.009048,0.436499
20200327,645,-0.335135,0.290841,-0.009048,0.436499
20200327,646,-0.348872,0.391855,-0.090024,0.436499
20200327,647,-0.348872,0.391855,-0.090024,0.436499
20200327,648,-0.348872,0.391855,-0.413929,0.436499
20200327,649,-0.348872,0.391855,-0.413929,-1.145722
20200327,650,-0.36261,0.593883,-0.211488,-1.145722
20200327,651,-0.36261,0.593883,-0.211488,-1.145722
20200327,652,-0.328267,0.391855,-0.211488,-1.145722
20200327,653,-0.328267,0.391855,-0.211488,-1.145722
20200327,654,-0.335135,0.593883,-0.049536,0.436499
20200327,655,-0.335135,0.593883,-0.049536,2.01872
20200327,656,-0.342004,0.290841,0.274369,-1.145722
20200327,657,-0.342004,0.290841,0.274369,0.436499
20200327,658,-0.328267,0.189827,0.274369,-1.145722
20200327,659,-0.328267,0.189827,0.274369,0.436499
20200327,660,-0.355741,0.189827,0.193393,2.01872
20200327,661,-0.355741,0.189827,0.193393,-1.145722
20200327,662,-0.342004,-0.012201,-0.090024,0.436499
20200327,663,-0.342004,-0.012201,-0.090024,0.436499
20200327,664,-0.348872,0.189827,-0.251976,0.436499
20200327,665,-0.348872,0.189827,-0.251976,-1.145722
20200327,666,-0.342004,0.795911,-0.332953,0.436499
20200327,667,-0.342004,0.795911,-0.332953,0.436499
20200327,668,-0.342004,0.997939,-0.171,-1.145722
20200327,669,-0.342004,0.997939,-0.171,0.436499
20200327,670,-0.348872,0.290841,-0.049536,-2.727943
20200327,671,-0.348872,0.290841,-0.049536,-1.145722
20200327,672,-0.335135,0.189827,0.395833,0.436499
20200327,673,-0.335135,0.189827,0.395833,0.436499
20200327,674,-0.328267,-0.012201,0.436321,0.436499
20200327,675,-0.328267,-0.012201,0.436321,2.01872
20200327,676,-0.348872,0.391855,0.314857,-1.145722
20200327,677,-0.348872,0.391855,0.314857,-1.145722
20200327,678,-0.355741,0.694897,0.03144,0.436499
20200327,679,-0.355741,0.694897,0.03144,0.436499
20200327,680,-0.355741,0.593883,-0.171,0.436499
20200327,681,-0.355741,0.593883,-0.171,0.436499
20200327,682,-0.369478,0.492869,-0.292465,0.436499
20200327,683,-0.369478,0.492869,-0.292465,0.436499
20200327,684,-0.355741,0.391855,-0.373441,0.436499
20200327,685,-0.355741,0.391855,-0.373441,-1.145722
20200327,686,-0.335135,0.189827,-0.090024,-1.145722
20200327,687,-0.335135,0.189827,-0.090024,-1.145722
20200327,688,-0.335135,0.391855,0.112416,-1.145722
20200327,689,-0.335135,0.391855,0.112416,-1.145722
20200327,690,-0.335135,-0.012201,0.314857,0.436499
20200327,691,-0.335135,-0.012201,0.314857,2.01872
20200327,692,-0.348872,0.391855,0.314857,-1.145722
20200327,693,-0.348872,0.391855,0.314857,0.436499
20200327,694,-0.328267,0.391855,0.071928,-1.145722
20200327,695,-0.328267,0.391855,0.071928,0.436499
20200327,696,-0.36261,0.492869,-0.049536,2.01872
20200327,697,-0.36261,0.492869,-0.049536,-1.145722
20200327,698,-0.348872,0.391855,-0.130512,0.436499
20200327,699,-0.348872,0.391855,-0.130512,0.436499
20200327,700,-0.348872,0.694897,-0.292465,0.436499
20200327,701,-0.348872,0.694897,-0.292465,0.436499
20200327,702,-0.355741,0.391855,-0.049536,0.436499
20200327,703,-0.355741,0.391855,-0.049536,0.436499
20200327,704,-0.342004,0.290841,-0.049536,0.436499
20200327,705,-0.342004,0.290841,-0.049536,-1.145722
20200327,706,-0.348872,0.492869,0.112416,-1.145722
20200327,707,-0.348872,0.492869,0.112416,0.436499
20200327,708,-0.348872,0.088813,0.233881,-1.145722
20200327,709,-0.348872,0.088813,0.233881,2.01872
20200327,710,-0.342004,0.391855,-0.009048,0.436499
20200327,711,-0.342004,0.391855,-0.009048,0.436499
20200327,712,-0.335135,0.896925,-0.090024,0.436499
20200327,713,-0.335135,0.896925,-0.090024,0.436499
20200327,714,-0.36261,0.391855,-0.251976,0.436499
20200327,715,-0.36261,0.391855,-0.251976,0.436499
20200327,716,-0.335135,0.795911,-0.292465,0.436499
20200327,717,-0.335135,0.795911,-0.292465,0.436499
20200327,718,-0.36261,0.290841,-0.171,0.436499
20200327,719,-0.36261,0.290841,-0.171,-1.145722
20200327,720,-0.355741,0.290841,-0.009048,-1.145722
20200327,721,-0.355741,0.290841,-0.009048,0.436499
20200327,722,-0.348872,0.694897,-0.009048,-1.145722
20200327,723,-0.348872,0.694897,-0.009048,2.01872
20200327,724,-0.342004,0.694897,-0.090024,0.436499
20200327,725,-0.342004,0.694897,-0.090024,0.436499
20200327,726,-0.348872,0.896925,-0.130512,0.436499
20200327,727,-0.348872,0.896925,-0.130512,0.436499
20200327,728,-0.335135,0.694897,-0.171,0.436499
20200327,729,-0.335135,0.694897,-0.171,-1.145722
20200327,730,-0.355741,0.593883,-0.211488,0.436499
20200327,731,-0.355741,0.593883,-0.211488,0.436499
20200327,732,-0.348872,0.088813,-0.090024,-1.145722
20200327,733,-0.348872,0.088813,-0.090024,0.436499
20200327,734,-0.342004,0.694897,-0.090024,-2.727943
20200327,735,-0.342004,0.694897,-0.090024,-1.145722
20200327,736,-0.355741,0.391855,-0.090024,0.436499
20200327,737,-0.355741,0.391855,-0.090024,0.436499
20200327,738,-0.335135,0.492869,-0.049536,0.436499
20200327,739,-0.335135,0.492869,-0.049536,2.01872
20200327,740,-0.348872,0.290841,-0.211488,-1.145722
20200327,741,-0.348872,0.290841,-0.211488,-1.145722
20200327,742,-0.342004,0.189827,-0.251976,0.436499
20200327,743,-0.342004,0.189827,-0.251976,0.436499
20200327,744,-0.355741,0.492869,-0.211488,-1.145722
20200327,745,-0.355741,0.492869,-0.211488,0.436499
20200327,746,-0.355741,0.391855,-0.251976,0.436499
20200327,747,-0.355741,0.391855,-0.251976,-1.145722
20200327,748,-0.342004,0.189827,0.03144,0.436499
20200327,749,-0.342004,0.189827,0.03144,-2.727943
20200327,750,-0.335135,0.088813,0.112416,-1.145722
20200327,751,-0.335135,0.088813,0.112416,0.436499
20200327,752,-0.328267,0.492869,0.193393,0.436499
20200327,753,-0.328267,0.492869,0.193393,0.436499
20200327,754,-0.335135,0.391855,0.112416,2.01872
20200327,755,-0.335135,0.391855,0.112416,-1.145722
20200327,756,-0.36261,0.795911,-0.049536,-1.145722
20200327,757,-0.36261,0.795911,-0.049536,0.436499
20200327,758,-0.36261,0.593883,-0.211488,0.436499
20200327,759,-0.36261,0.593883,-0.211488,0.436499
20200327,760,-0.342004,0.189827,-0.251976,0.436499
20200327,761,-0.342004,0.189827,-0.251976,0.436499
20200327,762,-0.355741,0.391855,-0.292465,0.436499
20200327,763,-0.355741,0.391855,-0.292465,0.436499
20200327,764,-0.355741,0.088813,-0.171,-1.145722
20200327,765,-0.355741,0.088813,-0.171,-1.145722
20200327,766,-0.355741,0.492869,-0.049536,-1.145722
20200327,767,-0.355741,0.492869,-0.049536,-1.145722
20200327,768,-0.328267,-0.012201,-0.130512,-1.145722
20200327,769,-0.328267,-0.012201,-0.130512,0.436499
20200327,770,-0.348872,0.290841,-0.373441,2.01872
20200327,771,-0.348872,0.290841,-0.373441,-1.145722
20200327,772,-0.348872,0.290841,-0.171,0.436499
20200327,773,-0.348872,0.290841,-0.171,-1.145722
20200327,774,-0.335135,0.391855,-0.130512,0.436499
20200327,775,-0.335135,0.391855,-0.130512,2.01872
20200327,776,-0.335135,0.088813,-0.130512,-1.145722
20200327,777,-0.335135,0.088813,-0.130512,0.436499
20200327,778,-0.348872,0.290841,-0.090024,0.436499
20200327,779,-0.348872,0.290841,-0.090024,0.436499
20200327,780,-0.335135,0.189827,-0.049536,-1.145722
20200327,781,-0.335135,0.189827,-0.049536,0.436499
20200327,782,-0.342004,0.189827,-0.090024,0.436499
20200327,783,-0.342004,0.189827,-0.090024,-1.145722
20200327,784,-0.348872,0.189827,-0.130512,0.436499
20200327,785,-0.348872,0.189827,-0.130512,-2.727943
20200327,786,-0.348872,0.492869,-0.373441,-1.145722
20200327,787,-0.348872,0.492869,-0.373441,0.436499
20200327,788,-0.328267,0.391855,-0.211488,0.436499
20200327,789,-0.328267,0.391855,-0.211488,0.436499
20200327,790,-0.342004,0.290841,-0.211488,2.01872
20200327,791,-0.342004,0.290841,-0.211488,-1.145722
20200327,792,-0.335135,0.290841,-0.130512,-1.145722
20200327,793,-0.335135,0.290841,-0.130512,0.436499
20200327,794,-0.348872,0.189827,-0.090024,0.436499
20200327,795,-0.348872,0.189827,-0.090024,0.436499
20200327,796,-0.335135,0.391855,-0.171,0.436499
20200327,797,-0.335135,0.391855,-0.171,0.436499
20200327,798,-0.342004,0.492869,-0.130512,0.436499
20200327,799,-0.342004,0.492869,-0.130512,0.436499
20200327,800,-0.335135,0.088813,-0.090024,-1.145722
20200327,801,-0.335135,0.088813,-0.090024,-1.145722
20200327,802,-0.335135,0.290841,-0.130512,-1.145722
20200327,803,-0.335135,0.290841,-0.130512,-1.145722
20200327,804,-0.348872,0.492869,-0.171,-1.145722
20200327,805,-0.348872,0.492869,-0.171,0.436499
20200327,806,-0.36261,0.593883,-0.413929,2.01872
20200327,807,-0.36261,0.593883,-0.413929,-1.145722
20200327,808,-0.348872,0.290841,-0.332953,0.436499
20200327,809,-0.348872,0.290841,-0.332953,-1.145722
20200327,810,-0.335135,0.189827,-0.090024,0.436499
20200327,811,-0.335135,0.189827,-0.090024,2.01872
20200327,812,-0.335135,0.391855,0.03144,-1.145722
20200327,813,-0.335135,0.391855,0.03144,0.436499
20200327,814,-0.342004,0.391855,0.112416,0.436499
20200327,815,-0.342004,0.391855,0.112416,0.436499
20200327,816,-0.348872,0.795911,0.071928,0.436499
20200327,817,-0.348872,0.795911,0.071928,0.436499
20200327,818,-0.342004,0.290841,-0.090024,0.436499
20200327,819,-0.342004,0.290841,-0.090024,0.436499
20200327,820,-0.36261,0.694897,-0.211488,-1.145722
20200327,821,-0.36261,0.694897,-0.211488,-1.145722
20200327,822,-0.36261,0.492869,-0.251976,0.436499
20200327,823,-0.36261,0.492869,-0.251976,-1.145722
20200327,824,-0.335135,0.290841,-0.171,2.01872
20200327,825,-0.335135,0.290841,-0.171,0.436499
20200327,826,-0.355741,0.189827,-0.090024,0.436499
20200327,827,-0.355741,0.189827,-0.090024,0.436499
20200327,828,-0.342004,0.189827,0.233881,0.436499
20200327,829,-0.342004,0.189827,0.233881,0.436499
20200327,830,-0.335135,0.088813,0.193393,0.436499
20200327,831,-0.335135,0.088813,0.193393,0.436499
20200327,832,-0.355741,-0.012201,0.112416,0.436499
20200327,833,-0.355741,-0.012201,0.112416,0.436499
20200327,834,-0.342004,0.189827,-0.130512,-1.145722
20200327,835,-0.342004,0.189827,-0.130512,-1.145722
20200327,836,-0.36261,0.189827,-0.251976,0.436499
20200327,837,-0.36261,0.189827,-0.251976,-1.145722
20200327,838,-0.348872,0.290841,-0.171,0.436499
20200327,839,-0.348872,0.290841,-0.171,0.436499
20200327,840,-0.342004,-0.012201,-0.171,-1.145722
20200327,841,-0.342004,-0.012201,-0.171,0.436499
20200327,842,-0.342004,0.189827,-0.251976,0.436499
20200327,843,-0.342004,0.189827,-0.251976,-1.145722
20200327,844,-0.335135,0.088813,0.071928,0.436499
20200327,845,-0.335135,0.088813,0.071928,-2.727943
20200327,846,-0.328267,-0.012201,0.112416,-1.145722
20200327,847,-0.328267,-0.012201,0.112416,0.436499
20200327,848,-0.355741,0.189827,0.03144,0.436499
20200327,849,-0.355741,0.189827,0.03144,0.436499
20200327,850,-0.348872,0.290841,-0.130512,2.01872
20200327,851,-0.348872,0.290841,-0.130512,-1.145722
20200327,852,-0.342004,0.290841,-0.171,-1.145722
20200327,853,-0.342004,0.290841,-0.171,0.436499
20200327,854,-0.348872,0.189827,-0.373441,0.436499
20200327,855,-0.348872,0.189827,-0.373441,0.436499
20200327,856,-0.342004,0.290841,-0.332953,0.436499
20200327,857,-0.342004,0.290841,-0.332953,0.436499
20200327,858,-0.335135,0.593883,0.03144,0.436499
20200327,859,-0.335135,0.593883,0.03144,0.436499
20200327,860,-0.348872,0.290841,0.071928,-1.145722
20200327,861,-0.348872,0.290841,0.071928,-1.145722
20200327,862,-0.348872,0.189827,-0.049536,-1.145722
20200327,863,-0.348872,0.189827,-0.049536,-1.145722
20200327,864,-0.348872,0.391855,-0.211488,-1.145722
20200327,865,-0.348872,0.391855,-0.211488,0.436499
20200327,866,-0.348872,0.492869,-0.211488,2.01872
20200327,867,-0.348872,0.492869,-0.211488,-1.145722
20200327,868,-0.342004,0.694897,-0.494905,0.436499
20200327,869,-0.342004,0.694897,-0.494905,-1.145722
20200327,870,-0.342004,0.391855,-0.211488,0.436499
20200327,871,-0.342004,0.391855,-0.211488,2.01872
20200327,872,-0.342004,1.199967,-0.049536,-1.145722
20200327,873,-0.342004,1.199967,-0.049536,0.436499
20200327,874,-0.335135,0.896925,0.152905,0.436499
20200327,875,-0.335135,0.896925,0.152905,0.436499
20200327,876,-0.328267,0.896925,0.112416,-1.145722
20200327,877,-0.328267,0.896925,0.112416,0.436499
20200327,878,-0.328267,0.896925,0.071928,0.436499
20200327,879,-0.328267,0.896925,0.071928,-1.145722
20200327,880,-0.328267,0.997939,-0.090024,0.436499
20200327,881,-0.328267,0.997939,-0.090024,-2.727943
20200327,882,-0.335135,0.896925,-0.171,-1.145722
20200327,883,-0.335135,0.896925,-0.171,0.436499
20200327,884,-0.328267,0.694897,-0.535393,0.436499
20200327,885,-0.328267,0.694897,-0.535393,0.436499
20200327,886,-0.335135,0.997939,-0.171,2.01872
20200327,887,-0.335135,0.997939,-0.171,-1.145722
20200327,888,-0.328267,1.300981,0.112416,-1.145722
20200327,889,-0.328267,1.300981,0.112416,0.436499
20200327,890,-0.328267,1.199967,0.193393,0.436499
20200327,891,-0.328267,1.199967,0.193393,0.436499
20200327,892,-0.335135,0.997939,0.193393,0.436499
20200327,893,-0.335135,0.997939,0.193393,0.436499
20200327,894,-0.335135,0.997939,0.03144,0.436499
20200327,895,-0.335135,0.997939,0.03144,0.436499
20200327,896,-0.328267,1.401995,-0.332953,-1.145722
20200327,897,-0.328267,1.401995,-0.332953,-1.145722
20200327,898,-0.335135,1.300981,-0.332953,-1.145722
20200327,899,-0.335135,1.300981,-0.332953,-1.145722
20200327,900,-0.342004,1.098953,-0.251976,-1.145722
20200327,901,-0.342004,1.098953,-0.251976,0.436499
20200327,902,-0.342004,1.199967,-0.130512,2.01872
20200327,903,-0.342004,1.199967,-0.130512,-1.145722
20200327,904,-0.328267,1.401995,-0.009048,0.436499
20200327,905,-0.328267,1.401995,-0.009048,-1.145722
20200327,906,-0.31453,1.199967,-0.049536,0.436499
20200327,907,-0.31453,1.199967,-0.049536,2.01872
20200327,908,-0.321398,1.098953,-0.090024,-1.145722
20200327,909,-0.321398,1.098953,-0.090024,0.436499
20200327,910,-0.335135,1.401995,-0.251976,0.436499
20200327,911,-0.335135,1.401995,-0.251976,0.436499
20200327,912,-0.328267,1.705037,-0.211488,0.436499
20200327,913,-0.328267,1.705037,-0.211488,0.436499
20200327,914,-0.335135,2.614163,-0.171,0.436499
20200327,915,-0.335135,2.614163,-0.171,0.436499
20200327,916,-0.321398,2.311121,0.03144,-1.145722
20200327,917,-0.321398,2.311121,0.03144,-1.145722
20200327,918,-0.307661,2.008079,0.355345,0.436499
20200327,919,-0.307661,2.008079,0.355345,-1.145722
20200327,920,-0.307661,2.210107,0.233881,2.01872
20200327,921,-0.307661,2.210107,0.233881,0.436499
20200327,922,-0.300792,2.816191,0.112416,0.436499
20200327,923,-0.300792,2.816191,0.112416,0.436499
20200327,924,-0.328267,3.624302,-0.211488,0.436499
20200327,925,-0.328267,3.624302,-0.211488,0.436499
20200327,926,-0.31453,2.210107,-0.292465,0.436499
20200327,927,-0.31453,2.210107,-0.292465,0.436499
20200327,928,-0.293924,2.311121,-0.171,0.436499
20200327,929,-0.293924,2.311121,-0.171,0.436499
20200327,930,-0.31453,1.806051,-0.090024,-1.145722
20200327,931,-0.31453,1.806051,-0.090024,-1.145722
20200327,932,-0.300792,2.412135,0.071928,0.436499
20200327,933,-0.300792,2.412135,0.071928,-1.145722
20200327,934,-0.307661,0.290841,-0.009048,2.01872
20200327,935,-0.307661,0.290841,-0.009048,0.436499
20200327,936,-0.31453,0.189827,-0.130512,0.436499
20200327,937,-0.31453,0.189827,-0.130512,0.436499
20200327,938,-0.307661,0.391855,-0.251976,0.436499
20200327,939,-0.307661,0.391855,-0.251976,0.436499
20200327,940,-0.328267,0.492869,-0.211488,-1.145722
20200327,941,-0.328267,0.492869,-0.211488,0.436499
20200327,942,-0.328267,0.694897,-0.049536,0.436499
20200327,943,-0.328267,0.694897,-0.049536,-1.145722
20200327,944,-0.321398,0.391855,0.112416,0.436499
20200327,945,-0.321398,0.391855,0.112416,-2.727943
20200327,946,-0.300792,1.199967,0.112416,-1.145722
20200327,947,-0.300792,1.199967,0.112416,0.436499
20200327,948,-0.307661,0.896925,-0.171,0.436499
20200327,949,-0.307661,0.896925,-0.171,0.436499
20200327,950,-0.26645,0.896925,-0.292465,2.01872
20200327,951,-0.26645,0.896925,-0.292465,-1.145722
20200327,952,-0.31453,0.896925,-0.211488,-1.145722
20200327,953,-0.31453,0.896925,-0.211488,0.436499
20200327,954,-0.328267,0.997939,-0.090024,0.436499
20200327,955,-0.328267,0.997939,-0.090024,0.436499
20200327,956,-0.321398,0.896925,0.152905,0.436499
20200327,957,-0.321398,0.896925,0.152905,0.436499
20200327,958,-0.31453,0.694897,0.314857,0.436499
20200327,959,-0.31453,0.694897,0.314857,0.436499
20200327,960,-0.321398,0.997939,0.193393,-1.145722
20200327,961,-0.321398,0.997939,0.193393,-1.145722
20200327,962,-0.31453,1.300981,0.112416,-1.145722
20200327,963,-0.31453,1.300981,0.112416,-1.145722
20200327,964,-0.335135,1.199967,-0.130512,-1.145722
20200327,965,-0.335135,1.199967,-0.130512,0.436499
20200327,966,-0.31453,0.997939,-0.292465,2.01872
20200327,967,-0.31453,0.997939,-0.292465,-1.145722
20200327,968,-0.328267,0.997939,-0.211488,0.436499
20200327,969,-0.328267,0.997939,-0.211488,-1.145722
20200327,970,-0.328267,1.401995,-0.090024,0.436499
20200327,971,-0.328267,1.401995,-0.090024,2.01872
20200327,972,-0.31453,1.300981,0.112416,-1.145722
20200327,973,-0.31453,1.300981,0.112416,0.436499
20200327,974,-0.31453,1.098953,0.233881,0.436499
20200327,975,-0.31453,1.098953,0.233881,-1.145722
20200327,976,-0.31453,1.199967,0.193393,0.436499
20200327,977,-0.31453,1.199967,0.193393,0.436499
20200327,978,-0.328267,1.401995,0.112416,-1.145722
20200327,979,-0.328267,1.401995,0.112416,0.436499
20200327,980,-0.321398,1.199967,-0.211488,-2.727943
20200327,981,-0.321398,1.199967,-0.211488,-1.145722
20200327,982,-0.280187,1.098953,-0.251976,0.436499
20200327,983,-0.280187,1.098953,-0.251976,0.436499
20200327,984,-0.328267,1.401995,-0.009048,0.436499
20200327,985,-0.328267,1.401995,-0.009048,2.01872
20200327,986,-0.300792,1.705037,0.112416,-1.145722
20200327,987,-0.300792,1.705037,0.112416,-1.145722
20200327,988,-0.287055,2.614163,0.071928,0.436499
20200327,989,-0.287055,2.614163,0.071928,0.436499
20200327,990,-0.307661,2.311121,-0.211488,0.436499
20200327,991,-0.307661,2.311121,-0.211488,0.436499
20200327,992,-0.287055,2.008079,-0.251976,0.436499
20200327,993,-0.287055,2.008079,-0.251976,0.436499
20200327,994,-0.348872,2.210107,-0.454417,0.436499
20200327,995,-0.348872,2.210107,-0.454417,-1.145722
20200327,996,-0.348872,2.816191,-0.171,-1.145722
20200327,997,-0.348872,2.816191,-0.171,-1.145722
20200327,998,-0.342004,3.624302,-0.130512,-1.145722
20200327,999,-0.342004,3.624302,-0.130512,-1.145722
20200327,1000,-0.335135,2.210107,-0.009048,0.436499
20200327,1001,-0.335135,2.210107,-0.009048,2.01872
20200327,1002,-0.335135,2.311121,0.071928,-1.145722
20200327,1003,-0.335135,2.311121,0.071928,0.436499
20200327,1004,-0.355741,1.806051,-0.009048,-1.145722
20200327,1005,-0.355741,1.806051,-0.009048,0.436499
20200327,1006,-0.328267,2.412135,-0.049536,2.01872
20200327,1007,-0.328267,2.412135,-0.049536,-1.145722
20200327,1008,-0.335135,0.290841,-0.171,0.436499
20200327,1009,-0.335135,0.189827,-0.171,0.436499
20200327,1010,-0.300792,0.189827,-0.211488,0.436499
20200327,1011,-0.300792,0.189827,-0.211488,-1.145722
20200327,1012,-0.300792,0.189827,-0.049536,0.436499
20200327,1013,-0.300792,0.088813,-0.049536,0.436499
20200327,1014,-0.719776,0.088813,-0.090024,-1.145722
20200327,1015,-0.719776,-0.012201,-0.090024,0.436499
20200327,1016,-0.396953,-0.012201,-0.575881,-2.727943
20200327,1017,-0.396953,0.189827,-0.575881,-1.145722
20200327,1018,-0.300792,0.189827,-0.130512,0.436499
20200327,1019,-0.300792,0.189827,-0.130512,0.436499
20200327,1020,-0.211501,0.189827,0.152905,0.436499
20200327,1021,-0.211501,0.290841,0.152905,2.01872
20200327,1022,-0.26645,0.290841,0.314857,-1.145722
20200327,1023,-0.26645,-0.012201,0.314857,-1.145722
20200327,1024,-0.245844,-0.012201,0.395833,0.436499
20200327,1025,-0.245844,0.189827,0.395833,0.436499
20200327,1026,-0.225238,0.189827,0.112416,0.436499
20200327,1027,-0.225238,0.088813,0.112416,0.436499
20200327,1028,-0.232107,0.088813,-0.049536,0.436499
20200327,1029,-0.232107,-0.012201,-0.049536,0.436499
20200327,1030,-0.225238,-0.012201,-0.251976,0.436499
20200327,1031,-0.225238,0.189827,-0.251976,-1.145722
20200327,1032,-0.232107,0.189827,-0.292465,-1.145722
20200327,1033,-0.232107,0.290841,-0.292465,-1.145722
20200327,1034,-0.225238,0.290841,-0.090024,-1.145722
20200327,1035,-0.225238,0.290841,-0.090024,-1.145722
20200327,1036,-0.149684,0.290841,0.152905,0.436499
20200327,1037,-0.149684,0.189827,0.152905,2.01872
20200327,1038,-0.211501,0.189827,0.152905,-1.145722
20200327,1039,-0.211501,0.290841,0.152905,0.436499
20200327,1040,-0.211501,0.290841,-0.090024,-1.145722
20200327,1041,-0.211501,0.593883,-0.090024,0.436499
20200327,1042,-0.163421,0.593883,-0.251976,2.01872
20200327,1043,-0.163421,0.290841,-0.251976,-1.145722
20200327,1044,-0.238975,0.290841,-0.211488,0.436499
20200327,1045,-0.238975,0.189827,-0.211488,0.436499
20200327,1046,-0.225238,0.189827,-0.090024,0.436499
20200327,1047,-0.225238,0.391855,-0.090024,0.436499
20200327,1048,-0.225238,0.391855,-0.130512,0.436499
20200327,1049,-0.225238,0.492869,-0.130512,0.436499
20200327,1050,-0.204632,0.492869,-0.090024,0.436499
20200327,1051,-0.204632,0.694897,-0.090024,-1.145722
20200327,1052,-0.218369,0.694897,-0.130512,-1.145722
20200327,1053,-0.218369,0.391855,-0.130512,0.436499
20200327,1054,-0.218369,0.391855,-0.251976,-1.145722
20200327,1055,-0.218369,1.199967,-0.251976,2.01872
20200327,1056,-0.225238,1.199967,-0.292465,0.436499
20200327,1057,-0.225238,0.896925,-0.292465,0.436499
20200327,1058,-0.232107,0.896925,-0.211488,0.436499
20200327,1059,-0.232107,0.896925,-0.211488,0.436499
20200327,1060,-0.238975,0.896925,0.03144,0.436499
20200327,1061,-0.238975,0.896925,0.03144,0.436499
20200327,1062,-0.252712,0.896925,0.193393,0.436499
20200327,1063,-0.252712,0.997939,0.193393,0.436499
20200327,1064,-0.245844,0.997939,0.193393,0.436499
20200327,1065,-0.245844,0.896925,0.193393,-1.145722
20200327,1066,-0.26645,0.896925,0.03144,-1.145722
20200327,1067,-0.26645,0.694897,0.03144,0.436499
20200327,1068,-0.273318,0.694897,0.03144,-1.145722
20200327,1069,-0.273318,0.997939,0.03144,2.01872
20200327,1070,-0.26645,0.997939,-0.171,0.436499
20200327,1071,-0.26645,1.300981,-0.171,0.436499
20200327,1072,-0.273318,1.300981,-0.292465,0.436499
20200327,1073,-0.273318,1.199967,-0.292465,0.436499
20200327,1074,-0.280187,1.199967,-0.332953,0.436499
20200327,1075,-0.280187,0.997939,-0.332953,-1.145722
20200327,1076,-0.259581,0.997939,-0.171,0.436499
20200327,1077,-0.259581,0.997939,-0.171,0.436499
20200327,1078,-0.26645,0.997939,0.152905,-1.145722
20200327,1079,-0.26645,1.401995,0.152905,0.436499
20200327,1080,-0.26645,1.401995,0.355345,-2.727943
20200327,1081,-0.26645,1.300981,0.355345,-1.145722
20200327,1082,-0.211501,1.300981,-0.009048,0.436499
20200327,1083,-0.211501,1.098953,-0.009048,0.436499
20200327,1084,-0.218369,1.098953,-0.211488,0.436499
20200327,1085,-0.218369,1.199967,-0.211488,2.01872
20200327,1086,-0.211501,1.199967,-0.211488,-1.145722
20200327,1087,-0.211501,1.401995,-0.211488,-1.145722
20200327,1088,-0.197764,1.401995,-0.211488,0.436499
20200327,1089,-0.197764,1.199967,-0.211488,0.436499
20200327,1090,-0.218369,1.199967,-0.130512,0.436499
20200327,1091,-0.218369,1.098953,-0.130512,0.436499
20200327,1092,-0.204632,1.098953,-0.009048,-1.145722
20200327,1093,-0.204632,1.401995,-0.009048,0.436499
20200327,1094,-0.218369,1.401995,0.193393,0.436499
20200327,1095,-0.218369,1.705037,0.193393,-1.145722
20200327,1096,-0.190895,1.705037,0.152905,0.436499
20200327,1097,-0.190895,2.614163,0.152905,-2.727943
20200327,1098,-0.197764,2.614163,0.03144,-1.145722
20200327,1099,-0.197764,2.311121,0.03144,0.436499
20200327,1100,-0.225238,2.311121,-0.049536,0.436499
20200327,1101,-0.225238,2.008079,-0.049536,0.436499
20200327,1102,-0.225238,2.008079,-0.171,2.01872
20200327,1103,-0.225238,2.210107,-0.171,-1.145722
20200327,1104,-0.225238,2.210107,-0.251976,-1.145722
20200327,1105,-0.225238,2.816191,-0.251976,0.436499
20200327,1106,-0.197764,2.816191,-0.292465,0.436499
20200327,1107,-0.197764,3.624302,-0.292465,0.436499
20200327,1108,-0.204632,3.624302,-0.049536,0.436499
20200327,1109,-0.204632,2.210107,-0.049536,0.436499
20200327,1110,-0.204632,2.210107,0.071928,0.436499
20200327,1111,-0.204632,2.311121,0.071928,0.436499
20200327,1112,-0.211501,2.311121,0.193393,-1.145722
20200327,1113,-0.211501,1.806051,0.193393,-1.145722
20200327,1114,-0.190895,1.806051,-0.049536,-1.145722
20200327,1115,-0.190895,2.412135,-0.049536,-1.145722
20200327,1116,-0.238975,2.412135,-0.332953,-1.145722
20200327,1117,-0.238975,0.290841,-0.332953,0.436499
20200327,1118,-0.204632,0.290841,-0.090024,2.01872
20200327,1119,-0.204632,0.189827,-0.090024,-1.145722
20200327,1120,-0.211501,0.189827,-0.251976,0.436499
20200327,1121,-0.211501,0.088813,-0.251976,-1.145722
20200327,1122,-0.211501,0.088813,-0.332953,0.436499
20200327,1123,-0.211501,-0.012201,-0.332953,2.01872
20200327,1124,-0.225238,-0.012201,-0.009048,-1.145722
20200327,1125,-0.225238,0.189827,-0.009048,0.436499
20200327,1126,-0.184027,0.189827,0.03144,0.436499
20200327,1127,-0.184027,0.290841,0.03144,0.436499
20200327,1128,-0.204632,0.290841,0.071928,-1.145722
20200327,1129,-0.204632,0.290841,0.071928,0.436499
20200327,1130,-0.204632,0.290841,-0.211488,0.436499
20200327,1131,-0.204632,0.189827,-0.211488,-1.145722
20200327,1132,-0.197764,0.189827,-0.251976,0.436499
20200327,1133,-0.197764,0.290841,-0.251976,-2.727943
20200327,1134,-0.211501,0.290841,-0.413929,-1.145722
20200327,1135,-0.211501,0.593883,-0.413929,0.436499
20200327,1136,-0.211501,0.593883,-0.130512,0.436499
20200327,1137,-0.211501,0.290841,-0.130512,0.436499
20200327,1138,-0.204632,0.290841,-6.568119,2.01872
20200327,1139,-0.204632,0.189827,-6.568119,-1.145722
20200327,1140,-0.204632,0.189827,-9.037893,-1.145722
20200327,1141,-0.204632,0.391855,-9.037893,0.436499
20200327,1142,5.324574,0.391855,-9.240333,0.436499
20200327,1143,5.324574,0.492869,-9.240333,0.436499
20200327,1144,4.452264,0.492869,-9.32131,0.436499
20200327,1145,4.452264,0.694897,-9.32131,0.436499
20200327,1146,4.314893,0.694897,-9.564238,0.436499
20200327,1147,4.314893,0.391855,-9.564238,0.436499
20200327,1148,4.273681,0.391855,-9.726191,-1.145722
20200327,1149,4.273681,1.199967,-9.726191,-1.145722
20200327,1150,4.301155,1.199967,-9.604726,-1.145722
20200327,1151,4.301155,0.896925,-9.604726,-1.145722
20200327,1152,4.294287,0.896925,-8.430571,-1.145722
20200327,1153,4.294287,0.896925,-8.430571,0.436499
20200327,1154,4.253075,0.896925,-6.649095,2.01872
20200327,1155,4.253075,0.896925,-6.649095,-1.145722
20200327,1156,4.23247,0.896925,-4.017369,0.436499
20200327,1157,4.23247,0.997939,-4.017369,-1.145722
20200327,1158,4.122572,0.997939,-1.264179,0.436499
20200327,1159,4.122572,0.896925,-1.264179,2.01872
20200327,1160,3.978332,0.896925,0.638762,-1.145722
20200327,1161,3.978332,0.694897,0.638762,0.436499
20200327,1162,3.751669,0.694897,1.650964,0.436499
20200327,1163,3.751669,0.997939,1.650964,0.436499
20200327,1164,3.525006,0.997939,1.893893,0.436499
20200327,1165,3.525006,1.300981,1.893893,0.436499
20200327,1166,3.31208,1.300981,2.096333,0.436499
20200327,1167,3.31208,1.199967,2.096333,0.436499
20200327,1168,3.11976,1.199967,1.772428,-1.145722
20200327,1169,3.11976,0.997939,1.772428,-1.145722
20200327,1170,3.016731,0.997939,1.489012,0.436499
20200327,1171,3.016731,0.997939,1.489012,-1.145722
20200327,1172,2.92744,0.997939,1.246083,2.01872
20200327,1173,2.92744,1.401995,1.246083,0.436499
20200327,1174,2.893097,1.401995,0.962666,0.436499
20200327,1175,2.893097,1.300981,0.962666,0.436499
20200327,1176,2.845017,1.300981,0.638762,0.436499
20200327,1177,2.845017,1.098953,0.638762,0.436499
20200327,1178,2.817542,1.098953,0.112416,0.436499
20200327,1179,2.817542,1.199967,0.112416,0.436499
20200327,1180,2.817542,1.199967,-0.211488,0.436499
20200327,1181,2.652696,1.401995,-0.413929,0.436499
20200327,1182,2.673302,1.401995,-0.778322,-1.145722
20200327,1183,2.687039,1.199967,-1.102226,-1.145722
20200327,1184,2.714514,1.199967,-1.385643,0.436499
20200327,1185,2.700777,1.098953,-1.66906,-1.145722
20200327,1186,2.741988,1.098953,-1.8715,2.01872
20200327,1187,2.604616,1.401995,-2.195405,0.436499
20200327,1188,2.625222,1.401995,-2.276381,0.436499
20200327,1189,2.590879,1.705037,-2.195405,0.436499
20200327,1190,2.597748,1.705037,-2.154917,0.436499
20200327,1191,2.645828,2.614163,-2.033453,0.436499
20200327,1192,2.638959,2.614163,-1.911988,-1.145722
20200327,1193,2.666434,2.311121,-1.992964,0.436499
20200327,1194,2.707645,2.311121,-1.952476,0.436499
20200327,1195,2.687039,2.008079,-2.114429,-1.145722
20200327,1196,2.638959,2.008079,-2.073941,0.436499
20200327,1197,2.645828,2.210107,-2.478822,-2.727943
20200327,1198,2.666434,2.210107,-2.033453,-1.145722
20200327,1199,2.687039,2.816191,-2.033453,0.436499
20200327,1200,2.714514,2.816191,-1.992964,0.436499
20200327,1201,2.769462,3.624302,-1.952476,0.436499
20200327,1202,2.714514,3.624302,-2.073941,-1.145722
20200327,1203,2.741988,2.210107,-2.033453,0.436499
20200327,1204,2.83128,2.210107,-2.235893,0.436499
20200327,1205,2.824411,2.311121,-2.276381,-1.145722
20200327,1206,2.851885,2.311121,-2.154917,0.436499
20200327,1207,2.838148,1.806051,-2.114429,-2.727943
20200327,1208,2.810674,1.806051,-2.033453,-1.145722
20200327,1209,2.790068,2.412135,-2.114429,0.436499
20200327,1210,2.790068,2.412135,-2.033453,0.436499
20200327,1211,2.776331,0.290841,-1.992964,0.436499
20200327,1212,2.783199,0.290841,-2.114429,2.01872
20200327,1213,2.776331,0.189827,-2.114429,-1.145722
20200327,1214,2.776331,0.189827,-2.195405,-1.145722
20200327,1215,2.906834,0.391855,-2.235893,0.436499
20200327,1216,2.899965,0.391855,-2.235893,0.436499
20200327,1217,2.913702,0.492869,-2.478822,0.436499
20200327,1218,2.872491,0.492869,-2.154917,0.436499
20200327,1219,2.851885,0.694897,-2.114429,0.436499
20200327,1220,2.83128,0.694897,-2.235893,0.436499
20200327,1221,2.858754,0.391855,-2.478822,0.436499
20200327,1222,3.689852,0.391855,-2.478822,-1.145722
20200327,1223,2.996125,1.199967,-1.911988,-1.145722
20200327,1224,2.87936,1.199967,-1.952476,-1.145722
20200327,1225,2.858754,0.896925,-1.831012,-1.145722
20200327,1226,2.796937,0.896925,-1.831012,-1.145722
20200327,1227,2.790068,0.896925,-1.8715,0.436499
20200327,1228,2.803805,0.896925,-2.154917,2.01872
20200327,1229,2.810674,0.896925,-2.276381,-1.145722
20200327,1230,2.803805,0.896925,-1.831012,0.436499
20200327,1231,2.803805,0.997939,-0.454417,-1.145722
20200327,1232,2.755725,0.997939,1.367547,0.436499
20200327,1233,1.107266,0.896925,3.068047,2.01872
20200327,1234,1.107266,0.896925,3.958785,-1.145722
20200327,1235,1.031712,0.694897,4.323178,0.436499
20200327,1236,0.908077,0.694897,4.323178,0.436499
20200327,1237,0.5097,0.997939,4.161226,0.436499
20200327,1238,0.70202,0.997939,3.837321,-1.145722
20200327,1239,0.736363,1.300981,3.553904,0.436499
20200327,1240,0.640203,1.300981,3.149024,0.436499
20200327,1241,0.626466,1.199967,2.865607,-1.145722
20200327,1242,0.626466,1.199967,2.58219,0.436499
20200327,1243,0.647071,0.997939,2.136821,-2.727943
20200327,1244,0.65394,0.997939,1.853404,-1.145722
20200327,1245,0.55778,0.997939,1.569988,0.436499
20200327,1246,0.585254,0.997939,1.448524,0.436499
20200327,1247,0.585254,1.401995,1.812916,0.436499
20200327,1248,0.585254,1.401995,2.420238,2.01872
20200327,1249,0.647071,1.300981,2.906095,-1.145722
20200327,1250,0.633334,1.300981,2.946583,-1.145722
20200327,1251,0.592123,1.098953,2.906095,0.436499
20200327,1252,0.60586,1.098953,2.663166,0.436499
20200327,1253,0.585254,1.199967,2.258285,0.436499
20200327,1254,0.550911,1.199967,2.015357,0.436499
20200327,1255,0.60586,1.401995,1.772428,0.436499
20200327,1256,0.592123,1.401995,1.448524,0.436499
20200327,1257,0.592123,1.199967,1.73194,0.436499
20200327,1258,0.619597,1.199967,2.055845,-1.145722
20200327,1259,0.585254,1.098953,2.37975,-1.145722
20200327,1260,0.578386,1.098953,2.501214,-1.145722
20200327,1261,0.399803,1.401995,1.772428,-1.145722
20200327,1262,2.240582,1.401995,2.015357,-1.145722
20200327,1263,0.193745,1.705037,2.420238,0.436499
20200327,1264,0.152534,1.705037,2.339262,2.01872
20200327,1265,0.083848,2.614163,2.298774,-1.145722
20200327,1266,0.063242,2.614163,2.055845,0.436499
20200327,1267,0.104454,2.311121,1.812916,-1.145722
20200327,1268,0.070111,2.311121,1.691452,0.436499
20200327,1269,0.001425,2.008079,1.73194,2.01872
20200327,1270,0.070111,2.008079,1.974869,-1.145722
20200327,1271,0.049505,2.210107,2.258285,0.436499
20200327,1272,0.241825,2.210107,2.258285,0.436499
20200327,1273,0.207482,2.816191,2.136821,0.436499
20200327,1274,0.331117,2.816191,-0.090024,0.436499
20200327,1275,3.703589,3.624302,-0.211488,0.436499
20200327,1276,4.204995,3.624302,-0.535393,0.436499
20200327,1277,2.34361,2.210107,0.355345,0.436499
20200327,1278,2.206239,2.210107,1.003155,-1.145722
20200327,1279,2.144422,2.311121,2.906095,-1.145722
20200327,1280,1.608672,2.311121,4.606595,0.436499
20200327,1281,1.615541,1.806051,5.659285,-1.145722
20200327,1282,1.615541,1.806051,6.185631,2.01872
20200327,1283,1.581198,2.412135,6.347583,0.436499
20200327,1284,0.880603,2.412135,6.064166,0.436499
20200327,1285,1.182821,0.290841,5.78075,0.436499
20200327,1286,1.237769,0.189827,5.416357,0.436499
20200327,1287,1.217163,0.189827,5.092452,0.436499
20200327,1288,1.189689,0.189827,4.687571,0.436499
20200327,1289,1.175952,0.189827,4.28269,0.436499
20200327,1290,1.169083,0.088813,3.958785,0.436499
20200327,1291,1.210295,0.088813,3.513416,0.436499
20200327,1292,1.615541,-0.012201,3.149024,-1.145722
20200327,1293,1.533118,-0.012201,2.825119,-1.145722
20200327,1294,1.430089,0.189827,2.460726,0.436499
20200327,1295,1.416352,0.189827,2.136821,0.436499
20200327,1296,1.62241,0.189827,1.812916,-1.145722
20200327,1297,1.773518,0.189827,1.448524,0.436499
20200327,1298,1.828467,0.290841,1.812916,0.436499
20200327,1299,3.21592,0.290841,2.136821,-1.145722
20200327,1300,3.181577,-0.012201,2.298774,0.436499
20200327,1301,3.181577,-0.012201,2.339262,-2.727943
20200327,1302,3.69672,0.189827,2.37975,-1.145722
20200327,1303,2.123816,0.189827,2.055845,0.436499
20200327,1304,4.362973,0.088813,1.73194,0.436499
20200327,1305,4.452264,0.088813,1.73194,0.436499
20200327,1306,3.875304,-0.012201,1.934381,2.01872
20200327,1307,3.861566,-0.012201,2.217797,-1.145722
20200327,1308,3.854698,0.189827,2.420238,-1.145722
20200327,1309,3.840961,0.189827,2.298774,0.436499
20200327,1310,3.277737,0.290841,2.136821,0.436499
20200327,1311,3.277737,0.290841,1.934381,0.436499
20200327,1312,3.264,0.290841,1.73194,0.436499
20200327,1313,3.016731,0.290841,1.650964,0.436499
20200327,1314,2.755725,0.189827,2.015357,0.436499
20200327,1315,2.769462,0.189827,2.298774,0.436499
20200327,1316,2.741988,0.290841,2.460726,-1.145722
20200327,1317,2.316136,0.290841,2.37975,-1.145722
20200327,1318,2.137553,0.593883,2.177309,-1.145722
20200327,1319,2.061999,0.593883,1.974869,-1.145722
20200327,1320,1.423221,0.290841,1.73194,-1.145722
20200327,1321,1.485038,0.290841,1.772428,0.436499
20200327,1322,1.491907,0.189827,1.974869,2.01872
20200327,1323,1.52625,0.189827,2.136821,-1.145722
20200327,1324,1.491907,0.391855,2.37975,0.436499
20200327,1325,1.539987,0.391855,2.258285,-1.145722
20200327,1326,3.057943,0.492869,2.055845,0.436499
20200327,1327,3.009863,0.492869,1.853404,2.01872
20200327,1328,2.851885,0.694897,1.853404,-1.145722
20200327,1329,3.525006,0.694897,1.812916,0.436499
20200327,1330,4.211864,0.391855,1.893893,0.436499
20200327,1331,3.840961,0.391855,2.096333,0.436499
20200327,1332,3.799749,1.199967,2.177309,-1.145722
20200327,1333,3.64864,1.199967,2.136821,0.436499
20200327,1334,3.662378,0.896925,1.974869,0.436499
20200327,1335,3.511269,0.896925,1.853404,-1.145722
20200327,1336,3.518137,0.896925,1.691452,0.436499
20200327,1337,3.525006,0.896925,1.73194,-2.727943
20200327,1338,3.518137,0.896925,2.055845,-1.145722
20200327,1339,3.518137,0.896925,2.339262,0.436499
20200327,1340,3.531875,0.997939,2.37975,0.436499
20200327,1341,3.545612,0.997939,2.339262,0.436499
20200327,1342,3.531875,0.896925,2.055845,2.01872
20200327,1343,3.525006,0.896925,1.974869,-1.145722
20200327,1344,3.518137,0.694897,1.812916,-1.145722
20200327,1345,3.5044,0.694897,1.73194,0.436499
20200327,1346,3.518137,0.997939,1.812916,0.436499
20200327,1347,3.511269,0.997939,1.974869,0.436499
20200327,1348,3.511269,1.300981,2.258285,0.436499
20200327,1349,3.531875,1.300981,2.217797,0.436499
20200327,1350,3.538743,1.199967,2.177309,0.436499
20200327,1351,3.518137,1.199967,2.015357,0.436499
20200327,1352,3.525006,0.997939,1.974869,-1.145722
20200327,1353,3.511269,0.997939,1.73194,-1.145722
20200327,1354,3.5044,0.997939,1.73194,-1.145722
20200327,1355,3.518137,0.997939,1.974869,-1.145722
20200327,1356,3.518137,1.401995,2.217797,-1.145722
20200327,1357,3.525006,1.401995,2.339262,0.436499
20200327,1358,3.525006,1.300981,2.177309,2.01872
20200327,1359,3.531875,1.300981,1.974869,-1.145722
20200327,1360,3.518137,1.098953,1.73194,0.436499
20200327,1361,3.518137,1.098953,1.73194,-1.145722
20200327,1362,3.518137,1.199967,1.772428,0.436499
20200327,1363,3.511269,1.199967,2.136821,2.01872
20200327,1364,3.531875,1.401995,2.258285,-1.145722
20200327,1365,3.518137,1.401995,2.37975,0.436499
20200327,1366,3.531875,1.199967,2.258285,0.436499
20200327,1367,3.538743,1.199967,1.934381,0.436499
20200327,1368,3.511269,1.098953,1.853404,0.436499
20200327,1369,3.511269,1.098953,1.650964,0.436499
20200327,1370,3.5044,1.401995,1.691452,0.436499
20200327,1371,3.5044,1.401995,1.934381,0.436499
20200327,1372,3.518137,1.705037,2.136821,-1.145722
20200327,1373,3.531875,1.705037,2.339262,-1.145722
20200327,1374,3.518137,2.614163,2.258285,0.436499
20200327,1375,3.525006,2.614163,2.136821,-1.145722
20200327,1376,3.511269,2.311121,1.934381,2.01872
20200327,1377,3.511269,2.311121,1.610476,0.436499
20200327,1378,3.5044,2.008079,1.408035,0.436499
20200327,1379,3.5044,2.008079,1.812916,0.436499
20200327,1380,3.5044,2.210107,2.015357,0.436499
20200327,1381,3.511269,2.210107,2.136821,0.436499
20200327,1382,3.518137,2.816191,2.217797,0.436499
20200327,1383,3.525006,2.816191,2.096333,0.436499
20200327,1384,3.518137,3.624302,1.974869,0.436499
20200327,1385,3.511269,3.624302,1.772428,0.436499
20200327,1386,3.511269,2.210107,1.73194,-1.145722
20200327,1387,3.497532,2.210107,1.812916,-1.145722
20200327,1388,3.497532,2.311121,2.015357,0.436499
20200327,1389,3.518137,2.311121,2.136821,-1.145722
20200327,1390,3.518137,1.806051,2.136821,2.01872
20200327,1391,3.525006,1.806051,2.055845,0.436499
20200327,1392,3.5044,2.412135,1.853404,0.436499
20200327,1393,3.5044,2.412135,1.772428,0.436499
20200327,1394,3.511269,2.210107,1.812916,0.436499
20200327,1395,3.5044,2.816191,1.650964,0.436499
20200327,1396,3.518137,2.816191,2.055845,-1.145722
20200327,1397,3.511269,3.624302,2.096333,0.436499
20200327,1398,3.511269,3.624302,2.096333,0.436499
20200327,1399,3.518137,2.210107,1.934381,-1.145722
20200327,1400,3.511269,2.210107,1.73194,0.436499
20200327,1401,3.5044,2.311121,1.772428,-2.727943
20200327,1402,3.511269,2.311121,1.610476,-1.145722
20200327,1403,3.5044,1.806051,1.974869,0.436499
20200327,1404,3.497532,1.806051,2.136821,0.436499
20200327,1405,3.518137,2.412135,2.136821,0.436499
20200327,1406,3.511269,2.412135,1.974869,2.01872
20200327,1407,3.511269,0.290841,1.853404,-1.145722
20200327,1408,3.5044,0.290841,1.772428,-1.145722
20200327,1409,3.5044,0.189827,1.772428,0.436499
20200327,1410,3.5044,0.189827,1.934381,0.436499
20200327,1411,3.511269,0.391855,1.934381,0.436499
20200327,1412,3.511269,0.391855,2.015357,0.436499
20200327,1413,3.5044,3.624302,2.015357,0.436499
20200327,1414,3.518137,3.624302,1.812916,0.436499
20200327,1415,3.518137,2.210107,1.772428,0.436499
20200327,1416,3.5044,2.210107,1.772428,-1.145722
20200327,1417,3.511269,2.311121,1.812916,-1.145722
20200327,1418,3.518137,2.311121,2.096333,-1.145722
20200327,1419,3.511269,1.806051,2.217797,-1.145722
20200327,1420,3.511269,1.806051,2.015357,-1.145722
20200327,1421,3.511269,2.412135,1.934381,0.436499
20200327,1422,3.5044,2.412135,1.610476,2.01872
20200327,1423,3.5044,2.210107,1.489012,-1.145722
20200327,1424,3.490663,2.816191,1.772428,0.436499
20200327,1425,3.497532,2.816191,1.974869,-1.145722
20200327,1426,3.5044,3.624302,2.217797,0.436499
20200327,1427,3.518137,3.624302,2.217797,2.01872
20200327,1428,3.511269,2.210107,2.136821,-1.145722
20200327,1429,3.511269,2.210107,2.015357,0.436499
20200327,1430,3.5044,2.311121,1.934381,0.436499
20200327,1431,3.497532,2.311121,1.73194,0.436499
20200327,1432,3.518137,1.806051,1.73194,0.436499
20200327,1433,3.525006,1.806051,1.853404,0.436499
20200327,1434,3.518137,2.412135,2.096333,0.436499
20200327,1435,3.525006,2.412135,2.217797,0.436499
20200327,1436,3.531875,0.290841,2.460726,-1.145722
20200327,1437,3.531875,0.290841,2.258285,-1.145722
20200327,1438,3.545612,0.189827,2.136821,0.436499
20200327,1439,3.538743,0.189827,1.934381,-1.145722
20200327,1440,-0.273318,-1.426396,-0.009048,0.436499
20200327,1441,-0.273318,-1.426396,-0.009048,-1.145722
20200327,1442,-0.280187,-1.426396,-0.049536,0.436499
20200327,1443,-0.280187,-1.426396,-0.049536,2.01872
20200327,1444,-0.280187,-1.52741,-0.332953,-1.145722
20200327,1445,-0.280187,-1.52741,-0.332953,0.436499
20200327,1446,-0.273318,-1.224368,-0.251976,0.436499
20200327,1447,-0.273318,-1.224368,-0.251976,0.436499
20200327,1448,-0.287055,-1.325382,-0.171,0.436499
20200327,1449,-0.287055,-1.325382,-0.171,0.436499
20200327,1450,-0.280187,-1.729438,0.03144,0.436499
20200327,1451,-0.280187,-1.729438,0.03144,0.436499
20200327,1452,-0.280187,-1.729438,-0.009048,-1.145722
20200327,1453,-0.280187,-1.729438,-0.009048,-1.145722
20200327,1454,-0.273318,-1.52741,0.193393,0.436499
20200327,1455,-0.273318,-1.52741,0.193393,-1.145722
20200327,1456,-0.280187,-1.931466,0.112416,2.01872
20200327,1457,-0.280187,-1.931466,0.112416,0.436499
20200327,1458,-0.287055,-1.224368,-0.049536,0.436499
20200327,1459,-0.287055,-1.224368,-0.049536,0.436499
20200327,1460,-0.280187,-1.426396,-0.211488,0.752943
20200327,1461,-0.280187,-1.426396,-0.211488,0.752943
20200327,1462,-0.287055,-1.224368,-0.332953,0.721299
20200327,1463,-0.287055,-1.224368,-0.332953,0.721299
20200327,1464,-0.287055,-1.426396,-0.292465,0.689654
20200327,1465,-0.287055,-1.426396,-0.292465,0.689654
20200327,1466,-0.287055,-1.325382,-0.251976,0.816232
20200327,1467,-0.287055,-1.325382,-0.251976,0.816232
20200327,1468,-0.273318,-1.325382,0.193393,0.816232
20200327,1469,-0.273318,-1.325382,0.193393,0.816232
20200327,1470,-0.280187,-1.628424,0.274369,0.816232
20200327,1471,-0.280187,-1.628424,0.274369,0.816232
20200327,1472,-0.280187,-1.52741,0.152905,0.816232
20200327,1473,-0.280187,-1.52741,0.152905,0.816232
20200327,1474,-0.280187,-1.224368,-0.049536,0.721299
20200327,1475,-0.280187,-1.224368,-0.049536,0.721299
20200327,1476,-0.293924,-1.325382,-0.130512,0.689654
20200327,1477,-0.293924,-1.325382,-0.130512,0.689654
20200327,1478,-0.280187,-1.426396,-0.292465,0.721299
20200327,1479,-0.280187,-1.426396,-0.292465,0.721299
20200327,1480,-0.293924,-1.123354,-0.413929,0.689654
20200327,1481,-0.293924,-1.123354,-0.413929,0.689654
20200327,1482,-0.273318,-1.325382,-0.130512,0.721299
20200327,1483,-0.273318,-1.325382,-0.130512,0.721299
20200327,1484,-0.280187,-1.426396,-0.009048,0.752943
20200327,1485,-0.280187,-1.426396,-0.009048,0.752943
20200327,1486,-0.273318,-1.729438,0.152905,0.721299
20200327,1487,-0.273318,-1.729438,0.152905,0.436499
20200327,1488,-0.280187,-1.123354,0.112416,0.436499
20200327,1489,-0.280187,-1.123354,0.112416,-1.145722
20200327,1490,-0.293924,-1.224368,-0.049536,0.436499
20200327,1491,-0.293924,-1.224368,-0.049536,0.436499
20200327,1492,-0.293924,-1.426396,-0.171,-1.145722
20200327,1493,-0.293924,-1.426396,-0.171,0.436499
20200327,1494,-0.287055,-1.224368,-0.171,-2.727943
20200327,1495,-0.287055,-1.224368,-0.171,-1.145722
20200327,1496,-0.293924,-0.719298,-0.211488,0.436499
20200327,1497,-0.293924,-0.719298,-0.211488,0.436499
20200327,1498,-0.280187,-1.224368,-0.130512,0.436499
20200327,1499,-0.280187,-1.224368,-0.130512,2.01872
20200327,1500,-0.280187,-1.426396,-0.171,-1.145722
20200327,1501,-0.280187,-1.426396,-0.171,-1.145722
20200327,1502,-0.287055,-1.52741,-0.009048,0.436499
20200327,1503,-0.287055,-1.52741,-0.009048,0.436499
20200327,1504,-0.287055,-1.325382,-0.049536,0.436499
20200327,1505,-0.287055,-1.325382,-0.049536,0.436499
20200327,1506,-0.280187,-1.426396,-0.090024,0.436499
20200327,1507,-0.280187,-1.426396,-0.090024,0.436499
20200327,1508,-0.287055,-1.123354,-0.211488,0.436499
20200327,1509,-0.287055,-1.123354,-0.211488,-1.145722
20200327,1510,-0.293924,-1.426396,-0.292465,-1.145722
20200327,1511,-0.293924,-1.426396,-0.292465,-1.145722
20200327,1512,-0.273318,-1.224368,-0.292465,-1.145722
20200327,1513,-0.273318,-1.224368,-0.292465,-1.145722
20200327,1514,-0.280187,-1.224368,-0.049536,0.436499
20200327,1515,-0.280187,-1.224368,-0.049536,2.01872
20200327,1516,-0.293924,-1.224368,0.233881,-1.145722
20200327,1517,-0.293924,-1.224368,0.233881,0.436499
20200327,1518,-0.280187,-1.224368,0.193393,-1.145722
20200327,1519,-0.280187,-1.224368,0.193393,0.436499
20200327,1520,-0.280187,-1.628424,0.03144,2.01872
20200327,1521,-0.280187,-1.628424,0.03144,-1.145722
20200327,1522,-0.280187,-1.123354,-0.049536,0.436499
20200327,1523,-0.280187,-1.123354,-0.049536,0.436499
20200327,1524,-0.293924,-1.224368,-0.130512,0.436499
20200327,1525,-0.293924,-1.224368,-0.130512,-1.145722
20200327,1526,-0.293924,-1.325382,-0.454417,0.436499
20200327,1527,-0.293924,-1.325382,-0.454417,0.436499
20200327,1528,-0.280187,-1.426396,-0.292465,-1.145722
20200327,1529,-0.280187,-1.426396,-0.292465,0.436499
20200327,1530,-0.287055,-1.52741,-0.171,-2.727943
20200327,1531,-0.287055,-1.52741,-0.171,-1.145722
20200327,1532,-0.287055,-1.628424,-0.130512,0.436499
20200327,1533,-0.287055,-1.628424,-0.130512,0.436499
20200327,1534,-0.273318,-1.52741,0.314857,0.436499
20200327,1535,-0.273318,-1.52741,0.314857,2.01872
20200327,1536,-0.280187,-1.830452,0.274369,-1.145722
20200327,1537,-0.280187,-1.830452,0.274369,-1.145722
20200327,1538,-0.287055,-1.325382,0.152905,0.436499
20200327,1539,-0.287055,-1.325382,0.152905,0.436499
20200327,1540,-0.307661,-1.325382,-0.090024,0.436499
20200327,1541,-0.307661,-1.325382,-0.090024,0.436499
20200327,1542,-0.300792,-1.123354,-0.251976,0.436499
20200327,1543,-0.300792,-1.123354,-0.251976,0.436499
20200327,1544,-0.293924,-0.921326,-0.292465,0.436499
20200327,1545,-0.293924,-0.921326,-0.292465,-1.145722
20200327,1546,-0.307661,-1.325382,-0.171,-1.145722
20200327,1547,-0.307661,-1.325382,-0.171,-1.145722
20200327,1548,-0.287055,-1.224368,-0.090024,-1.145722
20200327,1549,-0.287055,-1.224368,-0.090024,-1.145722
20200327,1550,-0.280187,-1.52741,0.193393,0.436499
20200327,1551,-0.280187,-1.52741,0.193393,2.01872
20200327,1552,-0.287055,-1.325382,0.233881,-1.145722
20200327,1553,-0.287055,-1.325382,0.233881,0.436499
20200327,1554,-0.287055,-1.52741,0.071928,-1.145722
20200327,1555,-0.287055,-1.52741,0.071928,0.436499
20200327,1556,-0.293924,-1.628424,-0.130512,2.01872
20200327,1557,-0.293924,-1.628424,-0.130512,-1.145722
20200327,1558,-0.293924,-1.325382,-0.251976,0.436499
20200327,1559,-0.293924,-1.325382,-0.251976,0.436499
20200327,1560,-0.287055,-1.325382,-0.130512,0.436499
20200327,1561,-0.287055,-1.325382,-0.130512,0.436499
20200327,1562,-0.293924,-1.02234,-0.332953,0.436499
20200327,1563,-0.293924,-1.02234,-0.332953,0.436499
20200327,1564,-0.280187,-1.02234,0.03144,0.436499
20200327,1565,-0.280187,-1.02234,0.03144,-1.145722
20200327,1566,-0.280187,-1.325382,0.152905,-1.145722
20200327,1567,-0.280187,-1.325382,0.152905,0.436499
20200327,1568,-0.280187,-1.123354,0.193393,-1.145722
20200327,1569,-0.280187,-1.123354,0.193393,2.01872
20200327,1570,-0.293924,-1.426396,-0.009048,0.436499
20200327,1571,-0.293924,-1.426396,-0.009048,0.436499
20200327,1572,-0.280187,-1.325382,-0.171,0.436499
20200327,1573,-0.280187,-1.325382,-0.171,0.436499
20200327,1574,-0.287055,-0.921326,-0.171,0.436499
20200327,1575,-0.287055,-0.921326,-0.171,0.436499
20200327,1576,-0.300792,-1.325382,-0.251976,0.436499
20200327,1577,-0.300792,-1.325382,-0.251976,0.436499
20200327,1578,-0.280187,-1.02234,-0.130512,0.436499
20200327,1579,-0.280187,-1.02234,-0.130512,-1.145722
20200327,1580,-0.287055,-1.123354,-0.130512,-1.145722
20200327,1581,-0.287055,-1.123354,-0.130512,0.436499
20200327,1582,-0.287055,-1.224368,-0.171,-1.145722
20200327,1583,-0.287055,-1.224368,-0.171,2.01872
20200327,1584,-0.287055,-1.325382,-0.049536,0.436499
20200327,1585,-0.287055,-1.325382,-0.049536,0.436499
20200327,1586,-0.293924,-1.123354,-0.454417,0.436499
20200327,1587,-0.293924,-1.123354,-0.454417,0.436499
20200327,1588,-0.293924,-1.02234,-0.251976,0.436499
20200327,1589,-0.293924,-1.02234,-0.251976,-1.145722
20200327,1590,-0.287055,-0.921326,-0.171,0.436499
20200327,1591,-0.287055,-0.921326,-0.171,0.436499
20200327,1592,-0.293924,-1.123354,0.071928,-1.145722
20200327,1593,-0.293924,-1.123354,0.071928,0.436499
20200327,1594,-0.287055,-1.02234,0.112416,-2.727943
20200327,1595,-0.287055,-1.02234,0.112416,-1.145722
20200327,1596,-0.293924,-0.618284,0.071928,0.436499
20200327,1597,-0.293924,-0.618284,0.071928,0.436499
20200327,1598,-0.300792,-1.123354,-0.090024,0.436499
20200327,1599,-0.300792,-1.123354,-0.090024,2.01872
20200327,1600,-0.300792,-0.921326,-0.454417,-1.145722
20200327,1601,-0.300792,-0.921326,-0.454417,-1.145722
20200327,1602,-0.300792,-1.52741,-0.292465,0.436499
20200327,1603,-0.300792,-1.52741,-0.292465,0.436499
20200327,1604,-0.307661,-1.224368,-0.211488,0.436499
20200327,1605,-0.307661,-1.224368,-0.211488,0.436499
20200327,1606,-0.287055,-1.628424,-0.090024,0.436499
20200327,1607,-0.287055,-1.628424,-0.090024,0.436499
20200327,1608,-0.287055,-1.123354,0.314857,0.436499
20200327,1609,-0.287055,-1.123354,0.314857,-1.145722
20200327,1610,-0.300792,-1.830452,0.314857,-1.145722
20200327,1611,-0.300792,-1.830452,0.314857,-1.145722
20200327,1612,-0.280187,-1.628424,0.274369,-1.145722
20200327,1613,-0.280187,-1.628424,0.274369,-1.145722
20200327,1614,-0.300792,-1.52741,-0.090024,0.436499
20200327,1615,-0.300792,-1.52741,-0.090024,2.01872
20200327,1616,-0.31453,-1.325382,-0.130512,-1.145722
20200327,1617,-0.31453,-1.325382,-0.130512,0.436499
20200327,1618,-0.293924,-1.426396,-0.251976,-1.145722
20200327,1619,-0.293924,-1.426396,-0.251976,0.436499
20200327,1620,-0.300792,-1.729438,-0.332953,2.01872
20200327,1621,-0.300792,-1.729438,-0.332953,-1.145722
20200327,1622,-0.293924,-1.52741,-0.171,0.436499
20200327,1623,-0.293924,-1.52741,-0.171,0.436499
20200327,1624,-0.293924,-1.628424,0.112416,0.436499
20200327,1625,-0.293924,-1.628424,0.112416,-1.145722
20200327,1626,-0.280187,-1.729438,0.274369,0.436499
20200327,1627,-0.280187,-1.729438,0.274369,0.436499
20200327,1628,-0.280187,-1.224368,0.233881,-1.145722
20200327,1629,-0.280187,-1.224368,0.233881,0.436499
20200327,1630,-0.307661,-1.325382,0.152905,-2.727943
20200327,1631,-0.307661,-1.325382,0.152905,-1.145722
20200327,1632,-0.300792,-1.02234,-0.090024,0.436499
20200327,1633,-0.300792,-1.02234,-0.090024,0.436499
20200327,1634,-0.31453,-1.123354,-0.535393,0.436499
20200327,1635,-0.31453,-1.123354,-0.535393,2.01872
20200327,1636,-0.293924,-1.224368,-0.373441,-1.145722
20200327,1637,-0.293924,-1.224368,-0.373441,-1.145722
20200327,1638,-0.293924,-0.719298,-0.171,0.436499
20200327,1639,-0.293924,-0.719298,-0.171,0.436499
20200327,1640,-0.300792,-0.921326,0.152905,0.436499
20200327,1641,-0.300792,-0.921326,0.152905,0.436499
20200327,1642,-0.280187,-1.52741,0.314857,0.436499
20200327,1643,-0.280187,-1.52741,0.314857,0.436499
20200327,1644,-0.287055,-1.224368,0.355345,0.436499
20200327,1645,-0.287055,-1.224368,0.355345,-1.145722
20200327,1646,-0.287055,-1.426396,0.152905,-1.145722
20200327,1647,-0.287055,-1.426396,0.152905,-1.145722
20200327,1648,-0.328267,-1.123354,-0.049536,-1.145722
20200327,1649,-0.328267,-1.123354,-0.049536,-1.145722
20200325,1650,-0.300792,-1.224368,-0.049536,0.436499
20200330,1,-0.300792,-1.224368,-0.049536,2.01872
20200330,2,-0.307661,-1.325382,-0.251976,-1.145722
20200330,3,-0.307661,-1.325382,-0.251976,0.436499
20200330,4,-0.300792,-1.224368,-0.130512,-1.145722
20200330,5,-0.300792,-1.224368,-0.130512,0.436499
20200330,6,-0.280187,-1.325382,-0.049536,2.01872
20200330,7,-0.280187,-1.325382,-0.049536,-1.145722
20200330,8,-0.293924,-1.325382,0.03144,0.436499
20200330,9,-0.293924,-1.325382,0.03144,0.436499
20200330,10,-0.293924,-0.921326,-0.049536,0.436499
20200330,11,-0.293924,-0.921326,-0.049536,0.436499
20200330,12,-0.287055,-1.426396,-0.049536,0.436499
20200330,13,-0.287055,-1.426396,-0.049536,0.436499
20200330,14,-0.293924,-1.224368,-0.171,0.436499
20200330,15,-0.293924,-1.224368,-0.171,-1.145722
20200330,16,-0.307661,-1.224368,-0.211488,-1.145722
20200330,17,-0.307661,-1.224368,-0.211488,0.436499
20200330,18,-0.307661,-1.123354,-0.211488,-1.145722
20200330,19,-0.307661,-1.123354,-0.211488,2.01872
20200330,20,-0.300792,-0.820312,-0.009048,0.436499
20200330,21,-0.300792,-0.820312,-0.009048,0.436499
20200330,22,-0.300792,-1.02234,-0.049536,0.436499
20200330,23,-0.300792,-1.02234,-0.049536,0.436499
20200330,24,-0.293924,-1.224368,0.152905,0.436499
20200330,25,-0.293924,-1.224368,0.152905,0.436499
20200330,26,-0.287055,-1.628424,0.071928,0.436499
20200330,27,-0.287055,-1.628424,0.071928,0.436499
20200330,28,-0.307661,-1.628424,-0.090024,0.436499
20200330,29,-0.307661,-1.628424,-0.090024,-1.145722
20200330,30,-0.293924,-1.02234,-0.292465,-1.145722
20200330,31,-0.293924,-1.02234,-0.292465,0.436499
20200330,32,-0.300792,-1.02234,-0.171,-1.145722
20200330,33,-0.300792,-1.02234,-0.171,2.01872
20200330,34,-0.293924,-1.628424,-0.090024,0.436499
20200330,35,-0.293924,-1.628424,-0.090024,0.436499
20200330,36,-0.287055,-1.123354,-0.130512,0.436499
20200330,37,-0.287055,-1.123354,-0.130512,0.436499
20200330,38,-0.293924,-1.426396,-0.130512,0.436499
20200330,39,-0.293924,-1.426396,-0.130512,-1.145722
20200330,40,-0.287055,-1.325382,-0.130512,0.436499
20200330,41,-0.287055,-1.325382,-0.130512,0.436499
20200330,42,-0.287055,-1.224368,-0.171,-1.145722
20200330,43,-0.287055,-1.224368,-0.171,0.436499
20200330,44,-0.31453,-1.628424,-0.130512,-2.727943
20200330,45,-0.31453,-1.628424,-0.130512,-1.145722
20200330,46,-0.293924,-1.123354,-0.090024,0.436499
20200330,47,-0.293924,-1.123354,-0.090024,0.436499
20200330,48,-0.287055,-1.123354,-0.332953,0.436499
20200330,49,-0.287055,-1.123354,-0.332953,2.01872
20200330,50,-0.287055,-1.224368,-0.090024,-1.145722
20200330,51,-0.287055,-1.224368,-0.090024,-1.145722
20200330,52,-0.300792,-1.02234,-0.090024,0.436499
20200330,53,-0.300792,-1.02234,-0.090024,0.436499
20200330,54,-0.307661,-1.224368,-0.090024,0.436499
20200330,55,-0.307661,-1.224368,-0.090024,0.436499
20200330,56,-0.293924,-0.719298,-0.211488,0.436499
20200330,57,-0.293924,-0.719298,-0.211488,0.436499
20200330,58,-0.307661,-0.315242,-0.171,0.436499
20200330,59,-0.307661,-0.315242,-0.171,-1.145722
20200330,60,-0.300792,-0.618284,-0.130512,-1.145722
20200330,61,-0.300792,-0.618284,-0.130512,-1.145722
20200330,62,-0.287055,-0.719298,-0.130512,-1.145722
20200330,63,-0.287055,-0.719298,-0.130512,-1.145722
20200330,64,-0.287055,-0.719298,-0.130512,0.436499
20200330,65,-0.287055,-0.719298,-0.130512,2.01872
20200330,66,-0.300792,-0.113214,-0.009048,-1.145722
20200330,67,-0.300792,-0.113214,-0.009048,0.436499
20200330,68,-0.287055,-0.416256,-0.090024,-1.145722
20200330,69,-0.287055,-0.416256,-0.090024,0.436499
20200330,70,-0.300792,-0.51727,-0.171,2.01872
20200330,71,-0.300792,-0.51727,-0.171,-1.145722
20200330,72,-0.293924,-0.416256,-0.373441,0.436499
20200330,73,-0.293924,-0.416256,-0.373441,0.436499
20200330,74,-0.293924,-0.51727,-0.171,0.436499
20200330,75,-0.293924,-0.51727,-0.171,0.436499
20200330,76,-0.293924,-0.315242,-0.009048,0.436499
20200330,77,-0.293924,-0.315242,-0.009048,0.436499
20200330,78,-0.300792,-0.51727,0.03144,0.436499
20200330,79,-0.300792,-0.51727,0.03144,-1.145722
20200330,80,-0.293924,-0.012201,-0.211488,-1.145722
20200330,81,-0.293924,-0.012201,-0.211488,0.436499
20200330,82,-0.307661,-0.113214,-0.049536,-1.145722
20200330,83,-0.307661,-0.113214,-0.049536,2.01872
20200330,84,-0.300792,-0.113214,-0.251976,0.436499
20200330,85,-0.300792,-0.113214,-0.251976,0.436499
20200330,86,-0.300792,0.088813,-0.009048,0.436499
20200330,87,-0.300792,0.088813,-0.009048,0.436499
20200330,88,-0.300792,-0.416256,-0.130512,0.436499
20200330,89,-0.300792,-0.416256,-0.130512,0.436499
20200330,90,-0.293924,-0.012201,-0.130512,0.436499
20200330,91,-0.293924,-0.012201,-0.130512,0.436499
20200330,92,-0.300792,-0.113214,-0.090024,0.436499
20200330,93,-0.300792,-0.113214,-0.090024,-1.145722
20200330,94,-0.293924,-0.012201,-0.171,-1.145722
20200330,95,-0.293924,-0.012201,-0.171,0.436499
20200330,96,-0.321398,-0.113214,-0.211488,-1.145722
20200330,97,-0.321398,-0.113214,-0.211488,2.01872
20200330,98,-0.31453,0.290841,-0.211488,0.436499
20200330,99,-0.31453,0.290841,-0.211488,0.436499
20200330,100,-0.307661,0.088813,-0.130512,0.436499
20200330,101,-0.307661,0.088813,-0.130512,0.436499
20200330,102,-0.31453,-0.012201,-0.090024,0.436499
20200330,103,-0.31453,-0.012201,-0.090024,-1.145722
20200330,104,-0.31453,0.189827,-0.009048,0.436499
20200330,105,-0.31453,0.189827,-0.009048,0.436499
20200330,106,-0.307661,-0.315242,-0.171,-1.145722
20200330,107,-0.307661,-0.315242,-0.171,0.436499
20200330,108,-0.31453,-0.113214,-0.211488,-2.727943
20200330,109,-0.31453,-0.113214,-0.211488,-1.145722
20200330,110,-0.321398,-0.012201,-0.211488,0.436499
20200330,111,-0.321398,-0.012201,-0.211488,0.436499
20200330,112,-0.321398,-0.416256,-0.332953,0.436499
20200330,113,-0.321398,-0.416256,-0.332953,0.436499
20200330,114,-0.31453,-0.416256,0.03144,-1.145722
20200330,115,-0.31453,-0.416256,0.03144,0.436499
20200330,116,-0.31453,0.189827,-0.009048,0.436499
20200330,117,-0.31453,0.189827,-0.009048,-1.145722
20200330,118,-0.31453,-0.113214,-0.090024,0.436499
20200330,119,-0.31453,-0.113214,-0.090024,-2.727943
20200330,120,-0.321398,0.290841,-0.090024,-1.145722
20200330,121,-0.321398,0.290841,-0.090024,0.436499
20200330,122,-0.321398,0.189827,-0.130512,0.436499
20200330,123,-0.321398,0.189827,-0.130512,0.436499
20200330,124,-0.321398,0.290841,-0.373441,2.01872
20200330,125,-0.321398,0.290841,-0.373441,-1.145722
20200330,126,-0.321398,-0.012201,-0.211488,-1.145722
20200330,127,-0.321398,-0.012201,-0.211488,0.436499
20200330,128,-0.31453,0.189827,-0.130512,0.436499
20200330,129,-0.31453,0.189827,-0.130512,0.436499
20200330,130,-0.321398,0.088813,0.03144,0.436499
20200330,131,-0.321398,0.088813,0.03144,0.436499
20200330,132,-0.328267,-0.012201,-0.049536,0.436499
20200330,133,-0.328267,-0.012201,-0.049536,0.436499
20200330,134,-0.328267,0.088813,0.03144,-1.145722
20200330,135,-0.328267,0.088813,0.03144,-1.145722
20200330,136,-0.328267,0.189827,-0.130512,-1.145722
20200330,137,-0.328267,0.189827,-0.130512,-1.145722
20200330,138,-0.335135,0.290841,-0.130512,-1.145722
20200330,139,-0.335135,0.290841,-0.130512,0.436499
20200330,140,-0.300792,0.593883,-0.171,2.01872
20200330,141,-0.300792,0.593883,-0.171,-1.145722
20200330,142,-0.293924,0.290841,-0.171,0.436499
20200330,143,-0.293924,0.290841,-0.171,-1.145722
20200330,144,-0.300792,0.290841,-0.130512,0.436499
20200330,145,-0.300792,0.290841,-0.130512,2.01872
20200330,146,-0.307661,-0.012201,-0.090024,-1.145722
20200330,147,-0.307661,-0.012201,-0.090024,0.436499
20200330,148,-0.287055,0.189827,0.03144,0.436499
20200330,149,-0.287055,0.189827,0.03144,0.436499
20200330,150,-0.300792,0.290841,-0.090024,-1.145722
20200330,151,-0.300792,0.290841,-0.090024,0.436499
20200330,152,-0.300792,0.391855,-0.130512,0.436499
20200330,153,-0.300792,0.391855,-0.130512,-1.145722
20200330,154,-0.307661,0.492869,-0.171,0.436499
20200330,155,-0.307661,0.492869,-0.171,-2.727943
20200330,156,-0.300792,0.391855,-0.171,-1.145722
20200330,157,-0.300792,0.391855,-0.171,0.436499
20200330,158,-0.300792,0.088813,-0.251976,0.436499
20200330,159,-0.300792,0.088813,-0.251976,0.436499
20200330,160,-0.293924,0.290841,-0.090024,2.01872
20200330,161,-0.293924,0.290841,-0.090024,-1.145722
20200330,162,-0.300792,0.189827,0.152905,-1.145722
20200330,163,-0.300792,0.189827,0.152905,0.436499
20200330,164,-0.300792,0.189827,0.03144,0.436499
20200330,165,-0.300792,0.189827,0.03144,0.436499
20200330,166,-0.31453,0.391855,-0.130512,0.436499
20200330,167,-0.31453,0.391855,-0.130512,0.436499
20200330,168,-0.31453,0.492869,-0.211488,0.436499
20200330,169,-0.31453,0.492869,-0.211488,0.436499
20200330,170,-0.31453,0.088813,-0.251976,-1.145722
20200330,171,-0.31453,0.088813,-0.251976,-1.145722
20200330,172,-0.31453,0.189827,-0.171,-1.145722
20200330,173,-0.31453,0.189827,-0.171,-1.145722
20200330,174,-0.300792,0.694897,-0.009048,-1.145722
20200330,175,-0.300792,0.694897,-0.009048,0.436499
20200330,176,-0.307661,0.088813,0.233881,2.01872
20200330,177,-0.307661,0.088813,0.233881,-1.145722
20200330,178,-0.300792,0.391855,0.03144,0.436499
20200330,179,-0.300792,0.391855,0.03144,-1.145722
20200330,180,-0.307661,0.492869,0.03144,0.436499
20200330,181,-0.307661,0.492869,0.03144,2.01872
20200330,182,-0.328267,0.189827,-0.130512,-1.145722
20200330,183,-0.328267,0.189827,-0.130512,0.436499
20200330,184,-0.31453,0.290841,-0.251976,0.436499
20200330,185,-0.31453,0.290841,-0.251976,0.436499
20200330,186,-0.321398,0.189827,-0.251976,0.436499
20200330,187,-0.321398,0.189827,-0.251976,0.436499
20200330,188,-0.31453,0.088813,-0.049536,0.436499
20200330,189,-0.31453,0.088813,-0.049536,0.436499
20200330,190,-0.31453,0.189827,0.03144,-1.145722
20200330,191,-0.31453,0.189827,0.03144,-1.145722
20200330,192,-0.300792,-0.012201,0.112416,0.436499
20200330,193,-0.300792,-0.012201,0.112416,-1.145722
20200330,194,-0.31453,0.290841,0.03144,2.01872
20200330,195,-0.31453,0.290841,0.03144,0.436499
20200330,196,-0.300792,0.290841,-0.090024,0.436499
20200330,197,-0.300792,0.290841,-0.090024,0.436499
20200330,198,-0.321398,0.391855,-0.292465,0.436499
20200330,199,-0.321398,0.391855,-0.292465,0.436499
20200330,200,-0.321398,0.290841,-0.251976,0.436499
20200330,201,-0.321398,0.290841,-0.251976,0.436499
20200330,202,-0.31453,0.492869,-0.454417,0.436499
20200330,203,-0.31453,0.492869,-0.454417,0.436499
20200330,204,-0.31453,0.290841,-0.049536,-1.145722
20200330,205,-0.31453,0.290841,-0.049536,-1.145722
20200330,206,-0.307661,0.391855,0.071928,0.436499
20200330,207,-0.307661,0.391855,0.071928,-1.145722
20200330,208,-0.307661,0.290841,0.071928,2.01872
20200330,209,-0.307661,0.290841,0.071928,0.436499
20200330,210,-0.328267,0.391855,0.071928,0.436499
20200330,211,-0.328267,0.391855,0.071928,0.436499
20200330,212,-0.321398,0.088813,-0.049536,0.436499
20200330,213,-0.321398,0.088813,-0.049536,0.436499
20200330,214,-0.31453,-0.012201,-0.332953,-1.145722
20200330,215,-0.31453,-0.012201,-0.332953,0.436499
20200330,216,-0.321398,0.492869,-0.211488,0.436499
20200330,217,-0.321398,0.492869,-0.211488,-1.145722
20200330,218,-0.321398,0.391855,-0.251976,0.436499
20200330,219,-0.321398,0.391855,-0.251976,-2.727943
20200330,220,-0.31453,0.189827,-0.171,-1.145722
20200330,221,-0.31453,0.189827,-0.171,0.436499
20200330,222,-0.328267,0.290841,0.03144,0.436499
20200330,223,-0.328267,0.290841,0.03144,0.436499
20200330,224,-0.31453,0.189827,0.03144,2.01872
20200330,225,-0.31453,0.189827,0.03144,-1.145722
20200330,226,-0.307661,0.189827,-0.009048,-1.145722
20200330,227,-0.307661,0.189827,-0.009048,0.436499
20200330,228,-0.31453,0.391855,-0.049536,0.436499
20200330,229,-0.31453,0.391855,-0.049536,0.436499
20200330,230,-0.328267,0.391855,-0.171,0.436499
20200330,231,-0.328267,0.391855,-0.171,0.436499
20200330,232,-0.321398,0.088813,-0.211488,0.436499
20200330,233,-0.321398,0.088813,-0.211488,0.436499
20200330,234,-0.31453,0.189827,-0.211488,-1.145722
20200330,235,-0.31453,0.189827,-0.211488,-1.145722
20200330,236,-0.321398,0.189827,-0.090024,-1.145722
20200330,237,-0.321398,0.189827,-0.090024,-1.145722
20200330,238,-0.31453,-0.012201,0.152905,-1.145722
20200330,239,-0.31453,-0.012201,0.152905,0.436499
20200330,240,-0.31453,0.290841,0.274369,2.01872
20200330,241,-0.31453,0.290841,0.274369,-1.145722
20200330,242,-0.307661,-0.113214,0.03144,0.436499
20200330,243,-0.307661,-0.113214,0.03144,-1.145722
20200330,244,-0.31453,0.189827,-0.049536,0.436499
20200330,245,-0.31453,0.189827,-0.049536,2.01872
20200330,246,-0.328267,-0.113214,-0.130512,-1.145722
20200330,247,-0.328267,-0.113214,-0.130512,0.436499
20200330,248,-0.321398,0.290841,-0.171,0.436499
20200330,249,-0.321398,0.290841,-0.171,0.436499
20200330,250,-0.31453,0.391855,-0.171,0.436499
20200330,251,-0.31453,0.391855,-0.171,0.436499
20200330,252,-0.307661,0.593883,-0.211488,0.436499
20200330,253,-0.307661,0.593883,-0.211488,0.436499
20200330,254,-0.31453,0.290841,-0.130512,-1.145722
20200330,255,-0.31453,0.290841,-0.130512,-1.145722
20200330,256,-0.300792,0.290841,-0.009048,0.436499
20200330,257,-0.300792,0.290841,-0.009048,-1.145722
20200330,258,-0.307661,0.189827,-0.090024,2.01872
20200330,259,-0.307661,0.189827,-0.090024,0.436499
20200330,260,-0.31453,0.088813,-0.130512,0.436499
20200330,261,-0.31453,0.088813,-0.130512,0.436499
20200330,262,-0.307661,0.290841,-0.171,0.436499
20200330,263,-0.307661,0.290841,-0.171,0.436499
20200330,264,-0.321398,0.290841,-0.211488,-1.145722
20200330,265,-0.321398,0.290841,-0.211488,0.436499
20200330,266,-0.307661,-0.012201,-0.211488,0.436499
20200330,267,-0.307661,-0.012201,-0.211488,-1.145722
20200330,268,-0.31453,0.088813,-0.130512,0.436499
20200330,269,-0.31453,0.088813,-0.130512,-2.727943
20200330,270,-0.31453,0.189827,0.152905,-1.145722
20200330,271,-0.31453,0.189827,0.152905,0.436499
20200330,272,-0.31453,0.593883,0.193393,0.436499
20200330,273,-0.31453,0.593883,0.193393,0.436499
20200330,274,-0.273318,-1.426396,-0.009048,0.436499
20200330,275,-0.273318,-1.426396,-0.009048,-1.145722
20200330,276,-0.280187,-1.426396,-0.049536,0.436499
20200330,277,-0.280187,-1.426396,-0.049536,2.01872
20200330,278,-0.280187,-1.52741,-0.332953,-1.145722
20200330,279,-0.280187,-1.52741,-0.332953,0.436499
20200330,280,-0.273318,-1.224368,-0.251976,0.436499
20200330,281,-0.273318,-1.224368,-0.251976,0.436499
20200330,282,-0.287055,-1.325382,-0.171,0.436499
20200330,283,-0.287055,-1.325382,-0.171,0.436499
20200330,284,-0.280187,-1.729438,0.03144,0.436499
20200330,285,-0.280187,-1.729438,0.03144,0.436499
20200330,286,-0.280187,-1.729438,-0.009048,-1.145722
20200330,287,-0.280187,-1.729438,-0.009048,-1.145722
20200330,288,-0.273318,-1.52741,0.193393,0.436499
20200330,289,-0.273318,-1.52741,0.193393,-1.145722
20200330,290,-0.280187,-1.931466,0.112416,2.01872
20200330,291,-0.280187,-1.931466,0.112416,0.436499
20200330,292,-0.287055,-1.224368,-0.049536,0.436499
20200330,293,-0.287055,-1.224368,-0.049536,0.436499
20200330,294,-0.280187,-1.426396,-0.211488,0.752943
20200330,295,-0.280187,-1.426396,-0.211488,0.752943
20200330,296,-0.287055,-1.224368,-0.332953,0.721299
20200330,297,-0.287055,-1.224368,-0.332953,0.721299
20200330,298,-0.287055,-1.426396,-0.292465,0.689654
20200330,299,-0.287055,-1.426396,-0.292465,0.689654
20200330,300,-0.287055,-1.325382,-0.251976,0.816232
20200330,301,-0.287055,-1.325382,-0.251976,0.816232
20200330,302,-0.273318,-1.325382,0.193393,0.816232
20200330,303,-0.273318,-1.325382,0.193393,0.816232
20200330,304,-0.280187,-1.628424,0.274369,0.816232
20200330,305,-0.280187,-1.628424,0.274369,0.816232
20200330,306,-0.280187,-1.52741,0.152905,0.816232
20200330,307,-0.280187,-1.52741,0.152905,0.816232
20200330,308,-0.280187,-1.224368,-0.049536,0.721299
20200330,309,-0.280187,-1.224368,-0.049536,0.721299
20200330,310,-0.293924,-1.325382,-0.130512,0.689654
20200330,311,-0.293924,-1.325382,-0.130512,0.689654
20200330,312,-0.280187,-1.426396,-0.292465,0.721299
20200330,313,-0.280187,-1.426396,-0.292465,0.721299
20200330,314,-0.293924,-1.123354,-0.413929,0.689654
20200330,315,-0.293924,-1.123354,-0.413929,0.689654
20200330,316,-0.273318,-1.325382,-0.130512,0.721299
20200330,317,-0.273318,-1.325382,-0.130512,0.721299
20200330,318,-0.280187,-1.426396,-0.009048,0.752943
20200330,319,-0.280187,-1.426396,-0.009048,0.752943
20200330,320,-0.273318,-1.729438,0.152905,0.721299
20200330,321,-0.273318,-1.729438,0.152905,0.436499
20200330,322,-0.280187,-1.123354,0.112416,0.436499
20200330,323,-0.280187,-1.123354,0.112416,-1.145722
20200330,324,-0.293924,-1.224368,-0.049536,0.436499
20200330,325,-0.293924,-1.224368,-0.049536,0.436499
20200330,326,-0.293924,-1.426396,-0.171,-1.145722
20200330,327,-0.293924,-1.426396,-0.171,0.436499
20200330,328,-0.287055,-1.224368,-0.171,-2.727943
20200330,329,-0.287055,-1.224368,-0.171,-1.145722
20200330,330,-0.293924,-0.719298,-0.211488,0.436499
20200330,331,-0.293924,-0.719298,-0.211488,0.436499
20200330,332,-0.280187,-1.224368,-0.130512,0.436499
20200330,333,-0.280187,-1.224368,-0.130512,2.01872
20200330,334,-0.280187,-1.426396,-0.171,-1.145722
20200330,335,-0.280187,-1.426396,-0.171,-1.145722
20200330,336,-0.287055,-1.52741,-0.009048,0.436499
20200330,337,-0.287055,-1.52741,-0.009048,0.436499
20200330,338,-0.287055,-1.325382,-0.049536,0.436499
20200330,339,-0.287055,-1.325382,-0.049536,0.436499
20200330,340,-0.280187,-1.426396,-0.090024,0.436499
20200330,341,-0.280187,-1.426396,-0.090024,0.436499
20200330,342,-0.287055,-1.123354,-0.211488,0.436499
20200330,343,-0.287055,-1.123354,-0.211488,-1.145722
20200330,344,-0.293924,-1.426396,-0.292465,-1.145722
20200330,345,-0.293924,-1.426396,-0.292465,-1.145722
20200330,346,-0.273318,-1.224368,-0.292465,-1.145722
20200330,347,-0.273318,-1.224368,-0.292465,-1.145722
20200330,348,-0.280187,-1.224368,-0.049536,0.436499
20200330,349,-0.280187,-1.224368,-0.049536,2.01872
20200330,350,-0.293924,-1.224368,0.233881,-1.145722
20200330,351,-0.293924,-1.224368,0.233881,0.436499
20200330,352,-0.280187,-1.224368,0.193393,-1.145722
20200330,353,-0.280187,-1.224368,0.193393,0.436499
20200330,354,-0.280187,-1.628424,0.03144,2.01872
20200330,355,-0.280187,-1.628424,0.03144,-1.145722
20200330,356,-0.280187,-1.123354,-0.049536,0.436499
20200330,357,-0.280187,-1.123354,-0.049536,0.436499
20200330,358,-0.293924,-1.224368,-0.130512,0.436499
20200330,359,-0.293924,-1.224368,-0.130512,-1.145722
20200330,360,-0.293924,-1.325382,-0.454417,0.436499
20200330,361,-0.293924,-1.325382,-0.454417,0.436499
20200330,362,-0.280187,-1.426396,-0.292465,-1.145722
20200330,363,-0.280187,-1.426396,-0.292465,0.436499
20200330,364,-0.287055,-1.52741,-0.171,-2.727943
20200330,365,-0.287055,-1.52741,-0.171,-1.145722
20200330,366,-0.287055,-1.628424,-0.130512,0.436499
20200330,367,-0.287055,-1.628424,-0.130512,0.436499
20200330,368,-0.273318,-1.52741,0.314857,0.436499
20200330,369,-0.273318,-1.52741,0.314857,2.01872
20200330,370,-0.280187,-1.830452,0.274369,-1.145722
20200330,371,-0.280187,-1.830452,0.274369,-1.145722
20200330,372,-0.287055,-1.325382,0.152905,0.436499
20200330,373,-0.287055,-1.325382,0.152905,0.436499
20200330,374,-0.307661,-1.325382,-0.090024,0.436499
20200330,375,-0.307661,-1.325382,-0.090024,0.436499
20200330,376,-0.300792,-1.123354,-0.251976,0.436499
20200330,377,-0.300792,-1.123354,-0.251976,0.436499
20200330,378,-0.293924,-0.921326,-0.292465,0.436499
20200330,379,-0.293924,-0.921326,-0.292465,-1.145722
20200330,380,-0.307661,-1.325382,-0.171,-1.145722
20200330,381,-0.307661,-1.325382,-0.171,-1.145722
20200330,382,-0.287055,-1.224368,-0.090024,-1.145722
20200330,383,-0.287055,-1.224368,-0.090024,-1.145722
20200330,384,-0.280187,-1.52741,0.193393,0.436499
20200330,385,-0.280187,-1.52741,0.193393,2.01872
20200330,386,-0.287055,-1.325382,0.233881,-1.145722
20200330,387,-0.287055,-1.325382,0.233881,0.436499
20200330,388,-0.287055,-1.52741,0.071928,-1.145722
20200330,389,-0.287055,-1.52741,0.071928,0.436499
20200330,390,-0.293924,-1.628424,-0.130512,2.01872
20200330,391,-0.293924,-1.628424,-0.130512,-1.145722
20200330,392,-0.293924,-1.325382,-0.251976,0.436499
20200330,393,-0.293924,-1.325382,-0.251976,0.436499
20200330,394,-0.287055,-1.325382,-0.130512,0.436499
20200330,395,-0.287055,-1.325382,-0.130512,0.436499
20200330,396,-0.293924,-1.02234,-0.332953,0.436499
20200330,397,-0.293924,-1.02234,-0.332953,0.436499
20200330,398,-0.280187,-1.02234,0.03144,0.436499
20200330,399,-0.280187,-1.02234,0.03144,-1.145722
20200330,400,-0.280187,-1.325382,0.152905,-1.145722
20200330,401,-0.280187,-1.325382,0.152905,0.436499
20200330,402,-0.280187,-1.123354,0.193393,-1.145722
20200330,403,-0.280187,-1.123354,0.193393,2.01872
20200330,404,-0.293924,-1.426396,-0.009048,0.436499
20200330,405,-0.293924,-1.426396,-0.009048,0.436499
20200330,406,-0.280187,-1.325382,-0.171,0.436499
20200330,407,-0.280187,-1.325382,-0.171,0.436499
20200330,408,-0.287055,-0.921326,-0.171,0.436499
20200330,409,-0.287055,-0.921326,-0.171,0.436499
20200330,410,-0.300792,-1.325382,-0.251976,0.436499
20200330,411,-0.300792,-1.325382,-0.251976,0.436499
20200330,412,-0.280187,-1.02234,-0.130512,0.436499
20200330,413,-0.280187,-1.02234,-0.130512,-1.145722
20200330,414,-0.287055,-1.123354,-0.130512,-1.145722
20200330,415,-0.287055,-1.123354,-0.130512,0.436499
20200330,416,-0.287055,-1.224368,-0.171,-1.145722
20200330,417,-0.287055,-1.224368,-0.171,2.01872
20200330,418,-0.287055,-1.325382,-0.049536,0.436499
20200330,419,-0.287055,-1.325382,-0.049536,0.436499
20200330,420,-0.293924,-1.123354,-0.454417,0.436499
20200330,421,-0.293924,-1.123354,-0.454417,0.436499
20200330,422,-0.293924,-1.02234,-0.251976,0.436499
20200330,423,-0.293924,-1.02234,-0.251976,-1.145722
20200330,424,-0.287055,-0.921326,-0.171,0.436499
20200330,425,-0.287055,-0.921326,-0.171,0.436499
20200330,426,-0.293924,-1.123354,0.071928,-1.145722
20200330,427,-0.293924,-1.123354,0.071928,0.436499
20200330,428,-0.287055,-1.02234,0.112416,-2.727943
20200330,429,-0.287055,-1.02234,0.112416,-1.145722
20200330,430,-0.293924,-0.618284,0.071928,0.436499
20200330,431,-0.293924,-0.618284,0.071928,0.436499
20200330,432,-0.300792,-1.123354,-0.090024,0.436499
20200330,433,-0.300792,-1.123354,-0.090024,2.01872
20200330,434,-0.300792,-0.921326,-0.454417,-1.145722
20200330,435,-0.300792,-0.921326,-0.454417,-1.145722
20200330,436,-0.300792,-1.52741,-0.292465,0.436499
20200330,437,-0.300792,-1.52741,-0.292465,0.436499
20200330,438,-0.307661,-1.224368,-0.211488,0.436499
20200330,439,-0.307661,-1.224368,-0.211488,0.436499
20200330,440,-0.287055,-1.628424,-0.090024,0.436499
20200330,441,-0.287055,-1.628424,-0.090024,0.436499
20200330,442,-0.287055,-1.123354,0.314857,0.436499
20200330,443,-0.287055,-1.123354,0.314857,-1.145722
20200330,444,-0.300792,-1.830452,0.314857,-1.145722
20200330,445,-0.300792,-1.830452,0.314857,-1.145722
20200330,446,-0.280187,-1.628424,0.274369,-1.145722
20200330,447,-0.280187,-1.628424,0.274369,-1.145722
20200330,448,-0.300792,-1.52741,-0.090024,0.436499
20200330,449,-0.300792,-1.52741,-0.090024,2.01872
20200330,450,-0.31453,-1.325382,-0.130512,-1.145722
20200330,451,-0.31453,-1.325382,-0.130512,0.436499
20200330,452,-0.293924,-1.426396,-0.251976,-1.145722
20200330,453,-0.293924,-1.426396,-0.251976,0.436499
20200330,454,-0.300792,-1.729438,-0.332953,2.01872
20200330,455,-0.300792,-1.729438,-0.332953,-1.145722
20200330,456,-0.293924,-1.52741,-0.171,0.436499
20200330,457,-0.293924,-1.52741,-0.171,0.436499
20200330,458,-0.293924,-1.628424,0.112416,0.436499
20200330,459,-0.293924,-1.628424,0.112416,-1.145722
20200330,460,-0.280187,-1.729438,0.274369,0.436499
20200330,461,-0.280187,-1.729438,0.274369,0.436499
20200330,462,-0.280187,-1.224368,0.233881,-1.145722
20200330,463,-0.280187,-1.224368,0.233881,0.436499
20200330,464,-0.307661,-1.325382,0.152905,-2.727943
20200330,465,-0.307661,-1.325382,0.152905,-1.145722
20200330,466,-0.300792,-1.02234,-0.090024,0.436499
20200330,467,-0.300792,-1.02234,-0.090024,0.436499
20200330,468,-0.31453,-1.123354,-0.535393,0.436499
20200330,469,-0.31453,-1.123354,-0.535393,2.01872
20200330,470,-0.293924,-1.224368,-0.373441,-1.145722
20200330,471,-0.293924,-1.224368,-0.373441,-1.145722
20200330,472,-0.293924,-0.719298,-0.171,0.436499
20200330,473,-0.293924,-0.719298,-0.171,0.436499
20200330,474,-0.300792,-0.921326,0.152905,0.436499
20200330,475,-0.300792,-0.921326,0.152905,0.436499
20200330,476,-0.280187,-1.52741,0.314857,0.436499
20200330,477,-0.280187,-1.52741,0.314857,0.436499
20200330,478,-0.287055,-1.224368,0.355345,0.436499
20200330,479,-0.287055,-1.224368,0.355345,-1.145722
20200330,480,-0.287055,-1.426396,0.152905,-1.145722
20200330,481,-0.287055,-1.426396,0.152905,-1.145722
20200330,482,-0.328267,-1.123354,-0.049536,-1.145722
20200330,483,-0.328267,-1.123354,-0.049536,-1.145722
20200330,484,-0.300792,-1.224368,-0.049536,0.436499
20200330,485,-0.300792,-1.224368,-0.049536,2.01872
20200330,486,-0.307661,-1.325382,-0.251976,-1.145722
20200330,487,-0.307661,-1.325382,-0.251976,0.436499
20200330,488,-0.300792,-1.224368,-0.130512,-1.145722
20200330,489,-0.300792,-1.224368,-0.130512,0.436499
20200330,490,-0.280187,-1.325382,-0.049536,2.01872
20200330,491,-0.280187,-1.325382,-0.049536,-1.145722
20200330,492,-0.293924,-1.325382,0.03144,0.436499
20200330,493,-0.293924,-1.325382,0.03144,0.436499
20200330,494,-0.293924,-0.921326,-0.049536,0.436499
20200330,495,-0.293924,-0.921326,-0.049536,0.436499
20200330,496,-0.287055,-1.426396,-0.049536,0.436499
20200330,497,-0.287055,-1.426396,-0.049536,0.436499
20200330,498,-0.293924,-1.224368,-0.171,0.436499
20200330,499,-0.293924,-1.224368,-0.171,-1.145722
20200330,500,-0.307661,-1.224368,-0.211488,-1.145722
20200330,501,-0.307661,-1.224368,-0.211488,0.436499
20200330,502,-0.307661,-1.123354,-0.211488,-1.145722
20200330,503,-0.307661,-1.123354,-0.211488,2.01872
20200330,504,-0.300792,-0.820312,-0.009048,0.436499
20200330,505,-0.300792,-0.820312,-0.009048,0.436499
20200330,506,-0.300792,-1.02234,-0.049536,0.436499
20200330,507,-0.300792,-1.02234,-0.049536,0.436499
20200330,508,-0.293924,-1.224368,0.152905,0.436499
20200330,509,-0.293924,-1.224368,0.152905,0.436499
20200330,510,-0.287055,-1.628424,0.071928,0.436499
20200330,511,-0.287055,-1.628424,0.071928,0.436499
20200330,512,-0.307661,-1.628424,-0.090024,0.436499
20200330,513,-0.307661,-1.628424,-0.090024,-1.145722
20200330,514,-0.293924,-1.02234,-0.292465,-1.145722
20200330,515,-0.293924,-1.02234,-0.292465,0.436499
20200330,516,-0.300792,-1.02234,-0.171,-1.145722
20200330,517,-0.300792,-1.02234,-0.171,2.01872
20200330,518,-0.293924,-1.628424,-0.090024,0.436499
20200330,519,-0.293924,-1.628424,-0.090024,0.436499
20200330,520,-0.287055,-1.123354,-0.130512,0.436499
20200330,521,-0.287055,-1.123354,-0.130512,0.436499
20200330,522,-0.293924,-1.426396,-0.130512,0.436499
20200330,523,-0.293924,-1.426396,-0.130512,-1.145722
20200330,524,-0.287055,-1.325382,-0.130512,0.436499
20200330,525,-0.287055,-1.325382,-0.130512,0.436499
20200330,526,-0.287055,-1.224368,-0.171,-1.145722
20200330,527,-0.287055,-1.224368,-0.171,0.436499
20200330,528,-0.31453,-1.628424,-0.130512,-2.727943
20200330,529,-0.31453,-1.628424,-0.130512,-1.145722
20200330,530,-0.293924,-1.123354,-0.090024,0.436499
20200330,531,-0.293924,-1.123354,-0.090024,0.436499
20200330,532,-0.287055,-1.123354,-0.332953,0.436499
20200330,533,-0.287055,-1.123354,-0.332953,2.01872
20200330,534,-0.287055,-1.224368,-0.090024,-1.145722
20200330,535,-0.287055,-1.224368,-0.090024,-1.145722
20200330,536,-0.300792,-1.02234,-0.090024,0.436499
20200330,537,-0.300792,-1.02234,-0.090024,0.436499
20200330,538,-0.307661,-1.224368,-0.090024,0.436499
20200330,539,-0.307661,-1.224368,-0.090024,0.436499
20200330,540,-0.293924,-0.719298,-0.211488,0.436499
20200330,541,-0.293924,-0.719298,-0.211488,0.436499
20200330,542,-0.307661,-0.315242,-0.171,0.436499
20200330,543,-0.307661,-0.315242,-0.171,-1.145722
20200330,544,-0.300792,-0.618284,-0.130512,-1.145722
20200330,545,-0.300792,-0.618284,-0.130512,-1.145722
20200330,546,-0.287055,-0.719298,-0.130512,-1.145722
20200330,547,-0.287055,-0.719298,-0.130512,-1.145722
20200330,548,-0.287055,-0.719298,-0.130512,0.436499
20200330,549,-0.287055,-0.719298,-0.130512,2.01872
20200330,550,-0.300792,-0.113214,-0.009048,-1.145722
20200330,551,-0.300792,-0.113214,-0.009048,0.436499
20200330,552,-0.287055,-0.416256,-0.090024,-1.145722
20200330,553,-0.287055,-0.416256,-0.090024,0.436499
20200330,554,-0.300792,-0.51727,-0.171,2.01872
20200330,555,-0.300792,-0.51727,-0.171,-1.145722
20200330,556,-0.293924,-0.416256,-0.373441,0.436499
20200330,557,-0.293924,-0.416256,-0.373441,0.436499
20200330,558,-0.293924,-0.51727,-0.171,0.436499
20200330,559,-0.293924,-0.51727,-0.171,0.436499
20200330,560,-0.293924,-0.315242,-0.009048,0.436499
20200330,561,-0.293924,-0.315242,-0.009048,0.436499
20200330,562,-0.300792,-0.51727,0.03144,0.436499
20200330,563,-0.300792,-0.51727,0.03144,-1.145722
20200330,564,-0.293924,-0.012201,-0.211488,-1.145722
20200330,565,-0.293924,-0.012201,-0.211488,0.436499
20200330,566,-0.307661,-0.113214,-0.049536,-1.145722
20200330,567,-0.307661,-0.113214,-0.049536,2.01872
20200330,568,-0.300792,-0.113214,-0.251976,0.436499
20200330,569,-0.300792,-0.113214,-0.251976,0.436499
20200330,570,-0.300792,0.088813,-0.009048,0.436499
20200330,571,-0.300792,0.088813,-0.009048,0.436499
20200330,572,-0.300792,-0.416256,-0.130512,0.436499
20200330,573,-0.300792,-0.416256,-0.130512,0.436499
20200330,574,-0.293924,-0.012201,-0.130512,0.436499
20200330,575,-0.293924,-0.012201,-0.130512,0.436499
20200330,576,-0.300792,-0.113214,-0.090024,0.436499
20200330,577,-0.300792,-0.113214,-0.090024,-1.145722
20200330,578,-0.293924,-0.012201,-0.171,-1.145722
20200330,579,-0.293924,-0.012201,-0.171,0.436499
20200330,580,-0.321398,-0.113214,-0.211488,-1.145722
20200330,581,-0.321398,-0.113214,-0.211488,2.01872
20200330,582,-0.31453,0.290841,-0.211488,0.436499
20200330,583,-0.31453,0.290841,-0.211488,0.436499
20200330,584,-0.307661,0.088813,-0.130512,0.436499
20200330,585,-0.307661,0.088813,-0.130512,0.436499
20200330,586,-0.31453,-0.012201,-0.090024,0.436499
20200330,587,-0.31453,-0.012201,-0.090024,-1.145722
20200330,588,-0.31453,0.189827,-0.009048,0.436499
20200330,589,-0.31453,0.189827,-0.009048,0.436499
20200330,590,-0.307661,-0.315242,-0.171,-1.145722
20200330,591,-0.307661,-0.315242,-0.171,0.436499
20200330,592,-0.31453,-0.113214,-0.211488,-2.727943
20200330,593,-0.31453,-0.113214,-0.211488,-1.145722
20200330,594,-0.321398,-0.012201,-0.211488,0.436499
20200330,595,-0.321398,-0.012201,-0.211488,0.436499
20200330,596,-0.321398,-0.416256,-0.332953,0.436499
20200330,597,-0.321398,-0.416256,-0.332953,0.436499
20200330,598,-0.31453,-0.416256,0.03144,-1.145722
20200330,599,-0.31453,-0.416256,0.03144,0.436499
20200330,600,-0.31453,0.189827,-0.009048,0.436499
20200330,601,-0.31453,0.189827,-0.009048,-1.145722
20200330,602,-0.31453,-0.113214,-0.090024,0.436499
20200330,603,-0.31453,-0.113214,-0.090024,-2.727943
20200330,604,-0.321398,0.290841,-0.090024,-1.145722
20200330,605,-0.321398,0.290841,-0.090024,0.436499
20200330,606,-0.321398,0.189827,-0.130512,0.436499
20200330,607,-0.321398,0.189827,-0.130512,0.436499
20200330,608,-0.321398,0.290841,-0.373441,2.01872
20200330,609,-0.321398,0.290841,-0.373441,-1.145722
20200330,610,-0.321398,-0.012201,-0.211488,-1.145722
20200330,611,-0.321398,-0.012201,-0.211488,0.436499
20200330,612,-0.31453,0.189827,-0.130512,0.436499
20200330,613,-0.31453,0.189827,-0.130512,0.436499
20200330,614,-0.321398,0.088813,0.03144,0.436499
20200330,615,-0.321398,0.088813,0.03144,0.436499
20200330,616,-0.328267,-0.012201,-0.049536,0.436499
20200330,617,-0.328267,-0.012201,-0.049536,0.436499
20200330,618,-0.328267,0.088813,0.03144,-1.145722
20200330,619,-0.328267,0.088813,0.03144,-1.145722
20200330,620,-0.328267,0.189827,-0.130512,-1.145722
20200330,621,-0.328267,0.189827,-0.130512,-1.145722
20200330,622,-0.335135,0.290841,-0.130512,-1.145722
20200330,623,-0.335135,0.290841,-0.130512,0.436499
20200330,624,-0.300792,0.593883,-0.171,2.01872
20200330,625,-0.300792,0.593883,-0.171,-1.145722
20200330,626,-0.293924,0.290841,-0.171,0.436499
20200330,627,-0.293924,0.290841,-0.171,-1.145722
20200330,628,-0.300792,0.290841,-0.130512,0.436499
20200330,629,-0.300792,0.290841,-0.130512,2.01872
20200330,630,-0.307661,-0.012201,-0.090024,-1.145722
20200330,631,-0.307661,-0.012201,-0.090024,0.436499
20200330,632,-0.287055,0.189827,0.03144,0.436499
20200330,633,-0.287055,0.189827,0.03144,0.436499
20200330,634,-0.300792,0.290841,-0.090024,-1.145722
20200330,635,-0.300792,0.290841,-0.090024,0.436499
20200330,636,-0.300792,0.391855,-0.130512,0.436499
20200330,637,-0.300792,0.391855,-0.130512,-1.145722
20200330,638,-0.307661,0.492869,-0.171,0.436499
20200330,639,-0.307661,0.492869,-0.171,-2.727943
20200330,640,-0.300792,0.391855,-0.171,-1.145722
20200330,641,-0.300792,0.391855,-0.171,0.436499
20200330,642,-0.300792,0.088813,-0.251976,0.436499
20200330,643,-0.300792,0.088813,-0.251976,0.436499
20200330,644,-0.293924,0.290841,-0.090024,2.01872
20200330,645,-0.293924,0.290841,-0.090024,-1.145722
20200330,646,-0.300792,0.189827,0.152905,-1.145722
20200330,647,-0.300792,0.189827,0.152905,0.436499
20200330,648,-0.300792,0.189827,0.03144,0.436499
20200330,649,-0.300792,0.189827,0.03144,0.436499
20200330,650,-0.31453,0.391855,-0.130512,0.436499
20200330,651,-0.31453,0.391855,-0.130512,0.436499
20200330,652,-0.31453,0.492869,-0.211488,0.436499
20200330,653,-0.31453,0.492869,-0.211488,0.436499
20200330,654,-0.31453,0.088813,-0.251976,-1.145722
20200330,655,-0.31453,0.088813,-0.251976,-1.145722
20200330,656,-0.31453,0.189827,-0.171,-1.145722
20200330,657,-0.31453,0.189827,-0.171,-1.145722
20200330,658,-0.300792,0.694897,-0.009048,-1.145722
20200330,659,-0.300792,0.694897,-0.009048,0.436499
20200330,660,-0.307661,0.088813,0.233881,2.01872
20200330,661,-0.307661,0.088813,0.233881,-1.145722
20200330,662,-0.300792,0.391855,0.03144,0.436499
20200330,663,-0.300792,0.391855,0.03144,-1.145722
20200330,664,-0.307661,0.492869,0.03144,0.436499
20200330,665,-0.307661,0.492869,0.03144,2.01872
20200330,666,-0.328267,0.189827,-0.130512,-1.145722
20200330,667,-0.328267,0.189827,-0.130512,0.436499
20200330,668,-0.31453,0.290841,-0.251976,0.436499
20200330,669,-0.31453,0.290841,-0.251976,0.436499
20200330,670,-0.321398,0.189827,-0.251976,0.436499
20200330,671,-0.321398,0.189827,-0.251976,0.436499
20200330,672,-0.31453,0.088813,-0.049536,0.436499
20200330,673,-0.273318,-1.426396,-0.009048,0.436499
20200330,674,-0.273318,-1.426396,-0.009048,-1.145722
20200330,675,-0.280187,-1.426396,-0.049536,0.436499
20200330,676,-0.280187,-1.426396,-0.049536,2.01872
20200330,677,-0.280187,-1.52741,-0.332953,-1.145722
20200330,678,-0.280187,-1.52741,-0.332953,0.436499
20200330,679,-0.273318,-1.224368,-0.251976,0.436499
20200330,680,-0.273318,-1.224368,-0.251976,0.436499
20200330,681,-0.287055,-1.325382,-0.171,0.436499
20200330,682,-0.287055,-1.325382,-0.171,0.436499
20200330,683,-0.280187,-1.729438,0.03144,0.436499
20200330,684,-0.280187,-1.729438,0.03144,0.436499
20200330,685,-0.280187,-1.729438,-0.009048,-1.145722
20200330,686,-0.280187,-1.729438,-0.009048,-1.145722
20200330,687,-0.273318,-1.52741,0.193393,0.436499
20200330,688,-0.273318,-1.52741,0.193393,-1.145722
20200330,689,-0.280187,-1.931466,0.112416,2.01872
20200330,690,-0.280187,-1.931466,0.112416,0.436499
20200330,691,-0.287055,-1.224368,-0.049536,0.436499
20200330,692,-0.287055,-1.224368,-0.049536,0.436499
20200330,693,-0.280187,-1.426396,-0.211488,0.752943
20200330,694,-0.280187,-1.426396,-0.211488,0.752943
20200330,695,-0.287055,-1.224368,-0.332953,0.721299
20200330,696,-0.287055,-1.224368,-0.332953,0.721299
20200330,697,-0.287055,-1.426396,-0.292465,0.689654
20200330,698,-0.287055,-1.426396,-0.292465,0.689654
20200330,699,-0.287055,-1.325382,-0.251976,0.816232
20200330,700,-0.287055,-1.325382,-0.251976,0.816232
20200330,701,-0.273318,-1.325382,0.193393,0.816232
20200330,702,-0.273318,-1.325382,0.193393,0.816232
20200330,703,-0.280187,-1.628424,0.274369,0.816232
20200330,704,-0.280187,-1.628424,0.274369,0.816232
20200330,705,-0.280187,-1.52741,0.152905,0.816232
20200330,706,-0.280187,-1.52741,0.152905,0.816232
20200330,707,-0.280187,-1.224368,-0.049536,0.721299
20200330,708,-0.280187,-1.224368,-0.049536,0.721299
20200330,709,-0.293924,-1.325382,-0.130512,0.689654
20200330,710,-0.293924,-1.325382,-0.130512,0.689654
20200330,711,-0.280187,-1.426396,-0.292465,0.721299
20200330,712,-0.280187,-1.426396,-0.292465,0.721299
20200330,713,-0.293924,-1.123354,-0.413929,0.689654
20200330,714,-0.293924,-1.123354,-0.413929,0.689654
20200330,715,-0.273318,-1.325382,-0.130512,0.721299
20200330,716,-0.273318,-1.325382,-0.130512,0.721299
20200330,717,-0.280187,-1.426396,-0.009048,0.752943
20200330,718,-0.280187,-1.426396,-0.009048,0.752943
20200330,719,-0.273318,-1.729438,0.152905,0.721299
20200330,720,-0.273318,-1.729438,0.152905,0.436499
20200330,721,-0.280187,-1.123354,0.112416,0.436499
20200330,722,-0.280187,-1.123354,0.112416,-1.145722
20200330,723,-0.293924,-1.224368,-0.049536,0.436499
20200330,724,-0.293924,-1.224368,-0.049536,0.436499
20200330,725,-0.293924,-1.426396,-0.171,-1.145722
20200330,726,-0.293924,-1.426396,-0.171,0.436499
20200330,727,-0.287055,-1.224368,-0.171,-2.727943
20200330,728,-0.287055,-1.224368,-0.171,-1.145722
20200330,729,-0.293924,-0.719298,-0.211488,0.436499
20200330,730,-0.293924,-0.719298,-0.211488,0.436499
20200330,731,-0.280187,-1.224368,-0.130512,0.436499
20200330,732,-0.280187,-1.224368,-0.130512,2.01872
20200330,733,-0.280187,-1.426396,-0.171,-1.145722
20200330,734,-0.280187,-1.426396,-0.171,-1.145722
20200330,735,-0.287055,-1.52741,-0.009048,0.436499
20200330,736,-0.287055,-1.52741,-0.009048,0.436499
20200330,737,-0.287055,-1.325382,-0.049536,0.436499
20200330,738,-0.287055,-1.325382,-0.049536,0.436499
20200330,739,-0.280187,-1.426396,-0.090024,0.436499
20200330,740,-0.280187,-1.426396,-0.090024,0.436499
20200330,741,-0.287055,-1.123354,-0.211488,0.436499
20200330,742,-0.287055,-1.123354,-0.211488,-1.145722
20200330,743,-0.293924,-1.426396,-0.292465,-1.145722
20200330,744,-0.293924,-1.426396,-0.292465,-1.145722
20200330,745,-0.273318,-1.224368,-0.292465,-1.145722
20200330,746,-0.273318,-1.224368,-0.292465,-1.145722
20200330,747,-0.280187,-1.224368,-0.049536,0.436499
20200330,748,-0.280187,-1.224368,-0.049536,2.01872
20200330,749,-0.293924,-1.224368,0.233881,-1.145722
20200330,750,-0.293924,-1.224368,0.233881,0.436499
20200330,751,-0.280187,-1.224368,0.193393,-1.145722
20200330,752,-0.280187,-1.224368,0.193393,0.436499
20200330,753,-0.280187,-1.628424,0.03144,2.01872
20200330,754,-0.280187,-1.628424,0.03144,-1.145722
20200330,755,-0.280187,-1.123354,-0.049536,0.436499
20200330,756,-0.280187,-1.123354,-0.049536,0.436499
20200330,757,-0.293924,-1.224368,-0.130512,0.436499
20200330,758,-0.293924,-1.224368,-0.130512,-1.145722
20200330,759,-0.293924,-1.325382,-0.454417,0.436499
20200330,760,-0.293924,-1.325382,-0.454417,0.436499
20200330,761,-0.280187,-1.426396,-0.292465,-1.145722
20200330,762,-0.280187,-1.426396,-0.292465,0.436499
20200330,763,-0.287055,-1.52741,-0.171,-2.727943
20200330,764,-0.287055,-1.52741,-0.171,-1.145722
20200330,765,-0.287055,-1.628424,-0.130512,0.436499
20200330,766,-0.287055,-1.628424,-0.130512,0.436499
20200330,767,-0.273318,-1.52741,0.314857,0.436499
20200330,768,-0.273318,-1.52741,0.314857,2.01872
20200330,769,-0.280187,-1.830452,0.274369,-1.145722
20200330,770,-0.280187,-1.830452,0.274369,-1.145722
20200330,771,-0.287055,-1.325382,0.152905,0.436499
20200330,772,-0.287055,-1.325382,0.152905,0.436499
20200330,773,-0.307661,-1.325382,-0.090024,0.436499
20200330,774,-0.307661,-1.325382,-0.090024,0.436499
20200330,775,-0.300792,-1.123354,-0.251976,0.436499
20200330,776,-0.300792,-1.123354,-0.251976,0.436499
20200330,777,-0.293924,-0.921326,-0.292465,0.436499
20200330,778,-0.293924,-0.921326,-0.292465,-1.145722
20200330,779,-0.307661,-1.325382,-0.171,-1.145722
20200330,780,-0.307661,-1.325382,-0.171,-1.145722
20200330,781,-0.287055,-1.224368,-0.090024,-1.145722
20200330,782,-0.287055,-1.224368,-0.090024,-1.145722
20200330,783,-0.280187,-1.52741,0.193393,0.436499
20200330,784,-0.280187,-1.52741,0.193393,2.01872
20200330,785,-0.287055,-1.325382,0.233881,-1.145722
20200330,786,-0.287055,-1.325382,0.233881,0.436499
20200330,787,-0.287055,-1.52741,0.071928,-1.145722
20200330,788,-0.287055,-1.52741,0.071928,0.436499
20200330,789,-0.293924,-1.628424,-0.130512,2.01872
20200330,790,-0.293924,-1.628424,-0.130512,-1.145722
20200330,791,-0.293924,-1.325382,-0.251976,0.436499
20200330,792,-0.293924,-1.325382,-0.251976,0.436499
20200330,793,-0.287055,-1.325382,-0.130512,0.436499
20200330,794,-0.287055,-1.325382,-0.130512,0.436499
20200330,795,-0.293924,-1.02234,-0.332953,0.436499
20200330,796,-0.293924,-1.02234,-0.332953,0.436499
20200330,797,-0.280187,-1.02234,0.03144,0.436499
20200330,798,-0.280187,-1.02234,0.03144,-1.145722
20200330,799,-0.280187,-1.325382,0.152905,-1.145722
20200330,800,-0.280187,-1.325382,0.152905,0.436499
20200330,801,-0.280187,-1.123354,0.193393,-1.145722
20200330,802,-0.280187,-1.123354,0.193393,2.01872
20200330,803,-0.293924,-1.426396,-0.009048,0.436499
20200330,804,-0.293924,-1.426396,-0.009048,0.436499
20200330,805,-0.280187,-1.325382,-0.171,0.436499
20200330,806,-0.280187,-1.325382,-0.171,0.436499
20200330,807,-0.287055,-0.921326,-0.171,0.436499
20200330,808,-0.287055,-0.921326,-0.171,0.436499
20200330,809,-0.300792,-1.325382,-0.251976,0.436499
20200330,810,-0.300792,-1.325382,-0.251976,0.436499
20200330,811,-0.280187,-1.02234,-0.130512,0.436499
20200330,812,-0.280187,-1.02234,-0.130512,-1.145722
20200330,813,-0.287055,-1.123354,-0.130512,-1.145722
20200330,814,-0.287055,-1.123354,-0.130512,0.436499
20200330,815,-0.287055,-1.224368,-0.171,-1.145722
20200330,816,-0.287055,-1.224368,-0.171,2.01872
20200330,817,-0.287055,-1.325382,-0.049536,0.436499
20200330,818,-0.287055,-1.325382,-0.049536,0.436499
20200330,819,-0.293924,-1.123354,-0.454417,0.436499
20200330,820,-0.293924,-1.123354,-0.454417,0.436499
20200330,821,-0.293924,-1.02234,-0.251976,0.436499
20200330,822,-0.293924,-1.02234,-0.251976,-1.145722
20200330,823,-0.287055,-0.921326,-0.171,0.436499
20200330,824,-0.287055,-0.921326,-0.171,0.436499
20200330,825,-0.293924,-1.123354,0.071928,-1.145722
20200330,826,-0.293924,-1.123354,0.071928,0.436499
20200330,827,-0.287055,-1.02234,0.112416,-2.727943
20200330,828,-0.287055,-1.02234,0.112416,-1.145722
20200330,829,-0.293924,-0.618284,0.071928,0.436499
20200330,830,-0.293924,-0.618284,0.071928,0.436499
20200330,831,-0.300792,-1.123354,-0.090024,0.436499
20200330,832,-0.300792,-1.123354,-0.090024,2.01872
20200330,833,-0.300792,-0.921326,-0.454417,-1.145722
20200330,834,-0.300792,-0.921326,-0.454417,-1.145722
20200330,835,-0.300792,-1.52741,-0.292465,0.436499
20200330,836,-0.300792,-1.52741,-0.292465,0.436499
20200330,837,-0.307661,-1.224368,-0.211488,0.436499
20200330,838,-0.307661,-1.224368,-0.211488,0.436499
20200330,839,-0.287055,-1.628424,-0.090024,0.436499
20200330,840,-0.287055,-1.628424,-0.090024,0.436499
20200330,841,-0.287055,-1.123354,0.314857,0.436499
20200330,842,-0.287055,-1.123354,0.314857,-1.145722
20200330,843,-0.300792,-1.830452,0.314857,-1.145722
20200330,844,-0.300792,-1.830452,0.314857,-1.145722
20200330,845,-0.280187,-1.628424,0.274369,-1.145722
20200330,846,-0.280187,-1.628424,0.274369,-1.145722
20200330,847,-0.300792,-1.52741,-0.090024,0.436499
20200330,848,-0.300792,-1.52741,-0.090024,2.01872
20200330,849,-0.31453,-1.325382,-0.130512,-1.145722
20200330,850,-0.31453,-1.325382,-0.130512,0.436499
20200330,851,-0.293924,-1.426396,-0.251976,-1.145722
20200330,852,-0.293924,-1.426396,-0.251976,0.436499
20200330,853,-0.300792,-1.729438,-0.332953,2.01872
20200330,854,-0.300792,-1.729438,-0.332953,-1.145722
20200330,855,-0.293924,-1.52741,-0.171,0.436499
20200330,856,-0.293924,-1.52741,-0.171,0.436499
20200330,857,-0.293924,-1.628424,0.112416,0.436499
20200330,858,-0.293924,-1.628424,0.112416,-1.145722
20200330,859,-0.280187,-1.729438,0.274369,0.436499
20200330,860,-0.280187,-1.729438,0.274369,0.436499
20200330,861,-0.280187,-1.224368,0.233881,-1.145722
20200330,862,-0.280187,-1.224368,0.233881,0.436499
20200330,863,-0.307661,-1.325382,0.152905,-2.727943
20200330,864,-0.307661,-1.325382,0.152905,-1.145722
20200330,865,-0.300792,-1.02234,-0.090024,0.436499
20200330,866,-0.300792,-1.02234,-0.090024,0.436499
20200330,867,-0.31453,-1.123354,-0.535393,0.436499
20200330,868,-0.31453,-1.123354,-0.535393,2.01872
20200330,869,-0.293924,-1.224368,-0.373441,-1.145722
20200330,870,-0.293924,-1.224368,-0.373441,-1.145722
20200330,871,-0.293924,-0.719298,-0.171,0.436499
20200330,872,-0.293924,-0.719298,-0.171,0.436499
20200330,873,-0.300792,-0.921326,0.152905,0.436499
20200330,874,-0.300792,-0.921326,0.152905,0.436499
20200330,875,-0.280187,-1.52741,0.314857,0.436499
20200330,876,-0.280187,-1.52741,0.314857,0.436499
20200330,877,-0.287055,-1.224368,0.355345,0.436499
20200330,878,-0.287055,-1.224368,0.355345,-1.145722
20200330,879,-0.287055,-1.426396,0.152905,-1.145722
20200330,880,-0.287055,-1.426396,0.152905,-1.145722
20200330,881,-0.328267,-1.123354,-0.049536,-1.145722
20200330,882,-0.328267,-1.123354,-0.049536,-1.145722
20200330,883,-0.300792,-1.224368,-0.049536,0.436499
20200330,884,-0.300792,-1.224368,-0.049536,2.01872
20200330,885,-0.307661,-1.325382,-0.251976,-1.145722
20200330,886,-0.307661,-1.325382,-0.251976,0.436499
20200330,887,-0.300792,-1.224368,-0.130512,-1.145722
20200330,888,-0.300792,-1.224368,-0.130512,0.436499
20200330,889,-0.280187,-1.325382,-0.049536,2.01872
20200330,890,-0.280187,-1.325382,-0.049536,-1.145722
20200330,891,-0.293924,-1.325382,0.03144,0.436499
20200330,892,-0.293924,-1.325382,0.03144,0.436499
20200330,893,-0.293924,-0.921326,-0.049536,0.436499
20200330,894,-0.293924,-0.921326,-0.049536,0.436499
20200330,895,-0.287055,-1.426396,-0.049536,0.436499
20200330,896,-0.287055,-1.426396,-0.049536,0.436499
20200330,897,-0.293924,-1.224368,-0.171,0.436499
20200330,898,-0.293924,-1.224368,-0.171,-1.145722
20200330,899,-0.307661,-1.224368,-0.211488,-1.145722
20200330,900,-0.307661,-1.224368,-0.211488,0.436499
20200330,901,-0.307661,-1.123354,-0.211488,-1.145722
20200330,902,-0.307661,-1.123354,-0.211488,2.01872
20200330,903,-0.300792,-0.820312,-0.009048,0.436499
20200330,904,-0.300792,-0.820312,-0.009048,0.436499
20200330,905,-0.300792,-1.02234,-0.049536,0.436499
20200330,906,-0.300792,-1.02234,-0.049536,0.436499
20200330,907,-0.293924,-1.224368,0.152905,0.436499
20200330,908,-0.293924,-1.224368,0.152905,0.436499
20200330,909,-0.287055,-1.628424,0.071928,0.436499
20200330,910,-0.287055,-1.628424,0.071928,0.436499
20200330,911,-0.307661,-1.628424,-0.090024,0.436499
20200330,912,-0.307661,-1.628424,-0.090024,-1.145722
20200330,913,-0.293924,-1.02234,-0.292465,-1.145722
20200330,914,-0.293924,-1.02234,-0.292465,0.436499
20200330,915,-0.300792,-1.02234,-0.171,-1.145722
20200330,916,-0.300792,-1.02234,-0.171,2.01872
20200330,917,-0.293924,-1.628424,-0.090024,0.436499
20200330,918,-0.293924,-1.628424,-0.090024,0.436499
20200330,919,-0.287055,-1.123354,-0.130512,0.436499
20200330,920,-0.287055,-1.123354,-0.130512,0.436499
20200330,921,-0.293924,-1.426396,-0.130512,0.436499
20200330,922,-0.293924,-1.426396,-0.130512,-1.145722
20200330,923,-0.287055,-1.325382,-0.130512,0.436499
20200330,924,-0.287055,-1.325382,-0.130512,0.436499
20200330,925,-0.287055,-1.224368,-0.171,-1.145722
20200330,926,-0.287055,-1.224368,-0.171,0.436499
20200330,927,-0.31453,-1.628424,-0.130512,-2.727943
20200330,928,-0.31453,-1.628424,-0.130512,-1.145722
20200330,929,-0.293924,-1.123354,-0.090024,0.436499
20200330,930,-0.293924,-1.123354,-0.090024,0.436499
20200330,931,-0.287055,-1.123354,-0.332953,0.436499
20200330,932,-0.287055,-1.123354,-0.332953,2.01872
20200330,933,-0.287055,-1.224368,-0.090024,-1.145722
20200330,934,-0.287055,-1.224368,-0.090024,-1.145722
20200330,935,-0.300792,-1.02234,-0.090024,0.436499
20200330,936,-0.300792,-1.02234,-0.090024,0.436499
20200330,937,-0.307661,-1.224368,-0.090024,0.436499
20200330,938,-0.307661,-1.224368,-0.090024,0.436499
20200330,939,-0.293924,-0.719298,-0.211488,0.436499
20200330,940,-0.293924,-0.719298,-0.211488,0.436499
20200330,941,-0.307661,-0.315242,-0.171,0.436499
20200330,942,-0.307661,-0.315242,-0.171,-1.145722
20200330,943,-0.300792,-0.618284,-0.130512,-1.145722
20200330,944,-0.300792,-0.618284,-0.130512,-1.145722
20200330,945,-0.287055,-0.719298,-0.130512,-1.145722
20200330,946,-0.287055,-0.719298,-0.130512,-1.145722
20200330,947,-0.287055,-0.719298,-0.130512,0.436499
20200330,948,-0.287055,-0.719298,-0.130512,2.01872
20200330,949,-0.300792,-0.113214,-0.009048,-1.145722
20200330,950,-0.300792,-0.113214,-0.009048,0.436499
20200330,951,-0.287055,-0.416256,-0.090024,-1.145722
20200330,952,-0.287055,-0.416256,-0.090024,0.436499
20200330,953,-0.300792,-0.51727,-0.171,2.01872
20200330,954,-0.300792,-0.51727,-0.171,-1.145722
20200330,955,-0.293924,-0.416256,-0.373441,0.436499
20200330,956,-0.293924,-0.416256,-0.373441,0.436499
20200330,957,-0.293924,-0.51727,-0.171,0.436499
20200330,958,-0.293924,-0.51727,-0.171,0.436499
20200330,959,-0.293924,-0.315242,-0.009048,0.436499
20200330,960,-0.293924,-0.315242,-0.009048,0.436499
20200330,961,-0.300792,-0.51727,0.03144,0.436499
20200330,962,-0.300792,-0.51727,0.03144,-1.145722
20200330,963,-0.293924,-0.012201,-0.211488,-1.145722
20200330,964,-0.293924,-0.012201,-0.211488,0.436499
20200330,965,-0.307661,-0.113214,-0.049536,-1.145722
20200330,966,-0.307661,-0.113214,-0.049536,2.01872
20200330,967,-0.300792,-0.113214,-0.251976,0.436499
20200330,968,-0.300792,-0.113214,-0.251976,0.436499
20200330,969,-0.300792,0.088813,-0.009048,0.436499
20200330,970,-0.300792,0.088813,-0.009048,0.436499
20200330,971,-0.300792,-0.416256,-0.130512,0.436499
20200330,972,-0.300792,-0.416256,-0.130512,0.436499
20200330,973,-0.293924,-0.012201,-0.130512,0.436499
20200330,974,-0.293924,-0.012201,-0.130512,0.436499
20200330,975,-0.300792,-0.113214,-0.090024,0.436499
20200330,976,-0.300792,-0.113214,-0.090024,-1.145722
20200330,977,-0.293924,-0.012201,-0.171,-1.145722
20200330,978,-0.293924,-0.012201,-0.171,0.436499
20200330,979,-0.321398,-0.113214,-0.211488,-1.145722
20200330,980,-0.321398,-0.113214,-0.211488,2.01872
20200330,981,-0.31453,0.290841,-0.211488,0.436499
20200330,982,-0.31453,0.290841,-0.211488,0.436499
20200330,983,-0.307661,0.088813,-0.130512,0.436499
20200330,984,-0.307661,0.088813,-0.130512,0.436499
20200330,985,-0.31453,-0.012201,-0.090024,0.436499
20200330,986,-0.31453,-0.012201,-0.090024,-1.145722
20200330,987,-0.31453,0.189827,-0.009048,0.436499
20200330,988,-0.31453,0.189827,-0.009048,0.436499
20200330,989,-0.307661,-0.315242,-0.171,-1.145722
20200330,990,-0.307661,-0.315242,-0.171,0.436499
20200330,991,-0.31453,-0.113214,-0.211488,-2.727943
20200330,992,-0.31453,-0.113214,-0.211488,-1.145722
20200330,993,-0.321398,-0.012201,-0.211488,0.436499
20200330,994,-0.321398,-0.012201,-0.211488,0.436499
20200330,995,-0.321398,-0.416256,-0.332953,0.436499
20200330,996,-0.321398,-0.416256,-0.332953,0.436499
20200330,997,-0.31453,-0.416256,0.03144,-1.145722
20200330,998,-0.31453,-0.416256,0.03144,0.436499
20200330,999,-0.31453,0.189827,-0.009048,0.436499
20200330,1000,-0.31453,0.189827,-0.009048,-1.145722
20200330,1001,-0.31453,-0.113214,-0.090024,0.436499
20200330,1002,-0.31453,-0.113214,-0.090024,-2.727943
20200330,1003,-0.321398,0.290841,-0.090024,-1.145722
20200330,1004,-0.321398,0.290841,-0.090024,0.436499
20200330,1005,-0.321398,0.189827,-0.130512,0.436499
20200330,1006,-0.321398,0.189827,-0.130512,0.436499
20200330,1007,-0.321398,0.290841,-0.373441,2.01872
20200330,1008,-0.321398,0.290841,-0.373441,-1.145722
20200330,1009,-0.321398,-0.012201,-0.211488,-1.145722
20200330,1010,-0.321398,-0.012201,-0.211488,0.436499
20200330,1011,-0.31453,0.189827,-0.130512,0.436499
20200330,1012,-0.31453,0.189827,-0.130512,0.436499
20200330,1013,-0.321398,0.088813,0.03144,0.436499
20200330,1014,-0.321398,0.088813,0.03144,0.436499
20200330,1015,-0.328267,-0.012201,-0.049536,0.436499
20200330,1016,-0.328267,-0.012201,-0.049536,0.436499
20200330,1017,-0.328267,0.088813,0.03144,-1.145722
20200330,1018,-0.328267,0.088813,0.03144,-1.145722
20200330,1019,-0.328267,0.189827,-0.130512,-1.145722
20200330,1020,-0.328267,0.189827,-0.130512,-1.145722
20200330,1021,-0.335135,0.290841,-0.130512,-1.145722
20200330,1022,-0.335135,0.290841,-0.130512,0.436499
20200330,1023,-0.300792,0.593883,-0.171,2.01872
20200330,1024,-0.300792,0.593883,-0.171,-1.145722
20200330,1025,-0.293924,0.290841,-0.171,0.436499
20200330,1026,-0.293924,0.290841,-0.171,-1.145722
20200330,1027,-0.300792,0.290841,-0.130512,0.436499
20200330,1028,-0.300792,0.290841,-0.130512,2.01872
20200330,1029,-0.307661,-0.012201,-0.090024,-1.145722
20200330,1030,-0.307661,-0.012201,-0.090024,0.436499
20200330,1031,-0.287055,0.189827,0.03144,0.436499
20200330,1032,-0.287055,0.189827,0.03144,0.436499
20200330,1033,-0.300792,0.290841,-0.090024,-1.145722
20200330,1034,-0.300792,0.290841,-0.090024,0.436499
20200330,1035,-0.300792,0.391855,-0.130512,0.436499
20200330,1036,-0.300792,0.391855,-0.130512,-1.145722
20200330,1037,-0.307661,0.492869,-0.171,0.436499
20200330,1038,-0.307661,0.492869,-0.171,-2.727943
20200330,1039,-0.300792,0.391855,-0.171,-1.145722
20200330,1040,-0.300792,0.391855,-0.171,0.436499
20200330,1041,-0.300792,0.088813,-0.251976,0.436499
20200330,1042,-0.300792,0.088813,-0.251976,0.436499
20200330,1043,-0.293924,0.290841,-0.090024,2.01872
20200330,1044,-0.293924,0.290841,-0.090024,-1.145722
20200330,1045,-0.300792,0.189827,0.152905,-1.145722
20200330,1046,-0.300792,0.189827,0.152905,0.436499
20200330,1047,-0.300792,0.189827,0.03144,0.436499
20200330,1048,-0.300792,0.189827,0.03144,0.436499
20200330,1049,-0.31453,0.391855,-0.130512,0.436499
20200330,1050,-0.31453,0.391855,-0.130512,0.436499
20200330,1051,-0.31453,0.492869,-0.211488,0.436499
20200330,1052,-0.31453,0.492869,-0.211488,0.436499
20200330,1053,-0.31453,0.088813,-0.251976,-1.145722
20200330,1054,-0.31453,0.088813,-0.251976,-1.145722
20200330,1055,-0.31453,0.189827,-0.171,-1.145722
20200330,1056,-0.31453,0.189827,-0.171,-1.145722
20200330,1057,-0.300792,0.694897,-0.009048,-1.145722
20200330,1058,-0.300792,0.694897,-0.009048,0.436499
20200330,1059,-0.307661,0.088813,0.233881,2.01872
20200330,1060,-0.307661,0.088813,0.233881,-1.145722
20200330,1061,-0.300792,0.391855,0.03144,0.436499
20200330,1062,-0.300792,0.391855,0.03144,-1.145722
20200330,1063,-0.307661,0.492869,0.03144,0.436499
20200330,1064,-0.307661,0.492869,0.03144,2.01872
20200330,1065,-0.328267,0.189827,-0.130512,-1.145722
20200330,1066,-0.328267,0.189827,-0.130512,0.436499
20200330,1067,-0.31453,0.290841,-0.251976,0.436499
20200330,1068,-0.31453,0.290841,-0.251976,0.436499
20200330,1069,-0.321398,0.189827,-0.251976,0.436499
20200330,1070,-0.321398,0.189827,-0.251976,0.436499
20200330,1071,-0.31453,0.088813,-0.049536,0.436499
20200330,1072,-0.31453,0.088813,-0.049536,0.436499
20200330,1073,-0.31453,0.189827,0.03144,-1.145722
20200330,1074,-0.31453,0.189827,0.03144,-1.145722
20200330,1075,-0.300792,-0.012201,0.112416,0.436499
20200330,1076,-0.300792,-0.012201,0.112416,-1.145722
20200330,1077,-0.31453,0.290841,0.03144,2.01872
20200330,1078,-0.31453,0.290841,0.03144,0.436499
20200330,1079,-0.300792,0.290841,-0.090024,0.436499
20200330,1080,-0.300792,0.290841,-0.090024,0.436499
20200330,1081,-0.321398,0.391855,-0.292465,0.436499
20200330,1082,-0.321398,0.391855,-0.292465,0.436499
20200330,1083,-0.321398,0.290841,-0.251976,0.436499
20200330,1084,-0.321398,0.290841,-0.251976,0.436499
20200330,1085,-0.31453,0.492869,-0.454417,0.436499
20200330,1086,-0.31453,0.492869,-0.454417,0.436499
20200330,1087,-0.31453,0.290841,-0.049536,-1.145722
20200330,1088,-0.31453,0.290841,-0.049536,-1.145722
20200330,1089,-0.307661,0.391855,0.071928,0.436499
20200330,1090,-0.307661,0.391855,0.071928,-1.145722
20200330,1091,-0.307661,0.290841,0.071928,2.01872
20200330,1092,-0.307661,0.290841,0.071928,0.436499
20200330,1093,-0.328267,0.391855,0.071928,0.436499
20200330,1094,-0.328267,0.391855,0.071928,0.436499
20200330,1095,-0.321398,0.088813,-0.049536,0.436499
20200330,1096,-0.321398,0.088813,-0.049536,0.436499
20200330,1097,-0.31453,-0.012201,-0.332953,-1.145722
20200330,1098,-0.31453,-0.012201,-0.332953,0.436499
20200330,1099,-0.321398,0.492869,-0.211488,0.436499
20200330,1100,-0.321398,0.492869,-0.211488,-1.145722
20200330,1101,-0.321398,0.391855,-0.251976,0.436499
20200330,1102,-0.321398,0.391855,-0.251976,-2.727943
20200330,1103,-0.31453,0.189827,-0.171,-1.145722
20200330,1104,-0.31453,0.189827,-0.171,0.436499
20200330,1105,-0.328267,0.290841,0.03144,0.436499
20200330,1106,-0.328267,0.290841,0.03144,0.436499
20200330,1107,-0.31453,0.189827,0.03144,2.01872
20200330,1108,-0.31453,0.189827,0.03144,-1.145722
20200330,1109,-0.307661,0.189827,-0.009048,-1.145722
20200330,1110,-0.307661,0.189827,-0.009048,0.436499
20200330,1111,-0.31453,0.391855,-0.049536,0.436499
20200330,1112,-0.31453,0.391855,-0.049536,0.436499
20200330,1113,-0.328267,0.391855,-0.171,0.436499
20200330,1114,-0.328267,0.391855,-0.171,0.436499
20200330,1115,-0.321398,0.088813,-0.211488,0.436499
20200330,1116,-0.321398,0.088813,-0.211488,0.436499
20200330,1117,-0.31453,0.189827,-0.211488,-1.145722
20200330,1118,-0.31453,0.189827,-0.211488,-1.145722
20200330,1119,-0.321398,0.189827,-0.090024,-1.145722
20200330,1120,-0.321398,0.189827,-0.090024,-1.145722
20200330,1121,-0.31453,-0.012201,0.152905,-1.145722
20200330,1122,-0.31453,-0.012201,0.152905,0.436499
20200330,1123,-0.31453,0.290841,0.274369,2.01872
20200330,1124,-0.31453,0.290841,0.274369,-1.145722
20200330,1125,-0.307661,-0.113214,0.03144,0.436499
20200330,1126,-0.307661,-0.113214,0.03144,-1.145722
20200330,1127,-0.31453,0.189827,-0.049536,0.436499
20200330,1128,-0.31453,0.189827,-0.049536,2.01872
20200330,1129,-0.328267,-0.113214,-0.130512,-1.145722
20200330,1130,-0.328267,-0.113214,-0.130512,0.436499
20200330,1131,-0.321398,0.290841,-0.171,0.436499
20200330,1132,-0.321398,0.290841,-0.171,0.436499
20200330,1133,-0.31453,0.391855,-0.171,0.436499
20200330,1134,-0.31453,0.391855,-0.171,0.436499
20200330,1135,-0.307661,0.593883,-0.211488,0.436499
20200330,1136,-0.307661,0.593883,-0.211488,0.436499
20200330,1137,-0.31453,0.290841,-0.130512,-1.145722
20200330,1138,-0.31453,0.290841,-0.130512,-1.145722
20200330,1139,-0.300792,0.290841,-0.009048,0.436499
20200330,1140,-0.300792,0.290841,-0.009048,-1.145722
20200330,1141,-0.307661,0.189827,-0.090024,2.01872
20200330,1142,-0.307661,0.189827,-0.090024,0.436499
20200330,1143,-0.31453,0.088813,-0.130512,0.436499
20200330,1144,-0.31453,0.088813,-0.130512,0.436499
20200330,1145,-0.307661,0.290841,-0.171,0.436499
20200330,1146,-0.307661,0.290841,-0.171,0.436499
20200330,1147,-0.321398,0.290841,-0.211488,-1.145722
20200330,1148,-0.321398,0.290841,-0.211488,0.436499
20200330,1149,-0.307661,-0.012201,-0.211488,0.436499
20200330,1150,-0.307661,-0.012201,-0.211488,-1.145722
20200330,1151,-0.31453,0.088813,-0.130512,0.436499
20200330,1152,-0.31453,0.088813,-0.130512,-2.727943
20200330,1153,-0.31453,0.189827,0.152905,-1.145722
20200330,1154,-0.31453,0.189827,0.152905,0.436499
20200330,1155,-0.31453,0.593883,0.193393,0.436499
20200330,1156,-0.31453,0.593883,0.193393,0.436499
20200330,1157,-0.31453,0.088813,-0.090024,2.01872
20200330,1158,-0.31453,0.088813,-0.090024,-1.145722
20200330,1159,-0.321398,0.290841,-0.373441,-1.145722
20200330,1160,-0.321398,0.290841,-0.373441,0.436499
20200330,1161,-0.328267,0.391855,-0.171,0.436499
20200330,1162,-0.328267,0.391855,-0.171,0.436499
20200330,1163,-0.321398,0.189827,-0.090024,0.436499
20200330,1164,-0.321398,0.189827,-0.090024,0.436499
20200330,1165,-0.328267,0.189827,-0.211488,0.436499
20200330,1166,-0.328267,0.189827,-0.211488,0.436499
20200330,1167,-0.307661,0.391855,-0.130512,-1.145722
20200330,1168,-0.307661,0.391855,-0.130512,-1.145722
20200330,1169,-0.321398,0.189827,-0.332953,-1.145722
20200330,1170,-0.321398,0.189827,-0.332953,-1.145722
20200330,1171,-0.321398,0.189827,-0.373441,-1.145722
20200330,1172,-0.321398,0.189827,-0.373441,0.436499
20200330,1173,-0.307661,0.088813,-0.130512,2.01872
20200330,1174,-0.307661,0.088813,-0.130512,-1.145722
20200330,1175,-0.321398,0.391855,-0.130512,0.436499
20200330,1176,-0.321398,0.391855,-0.130512,-1.145722
20200330,1177,-0.328267,-0.012201,-0.130512,0.436499
20200330,1178,-0.328267,-0.012201,-0.130512,2.01872
20200330,1179,-0.328267,0.290841,-0.292465,-1.145722
20200330,1180,-0.328267,0.290841,-0.292465,0.436499
20200330,1181,-0.321398,0.088813,-0.211488,0.436499
20200330,1182,-0.321398,0.088813,-0.211488,0.436499
20200330,1183,-0.321398,0.391855,-0.171,0.436499
20200330,1184,-0.321398,0.391855,-0.171,0.436499
20200330,1185,-0.31453,0.189827,-0.090024,0.436499
20200330,1186,-0.31453,0.189827,-0.090024,0.436499
20200330,1187,-0.31453,0.088813,-0.009048,-1.145722
20200330,1188,-0.31453,0.088813,-0.009048,-1.145722
20200330,1189,-0.328267,0.593883,0.071928,0.436499
20200330,1190,-0.328267,0.593883,0.071928,-1.145722
20200330,1191,-0.321398,-0.012201,0.03144,2.01872
20200330,1192,-0.321398,-0.012201,0.03144,0.436499
20200330,1193,-0.328267,0.290841,-0.009048,0.436499
20200330,1194,-0.328267,0.290841,-0.009048,0.436499
20200330,1195,-0.328267,0.391855,-0.090024,-1.145722
20200330,1196,-0.328267,0.391855,-0.090024,0.436499
20200330,1197,-0.321398,0.391855,-0.130512,0.436499
20200330,1198,-0.321398,0.391855,-0.130512,-1.145722
20200330,1199,-0.328267,0.391855,-0.090024,0.436499
20200330,1200,-0.328267,0.391855,-0.090024,-2.727943
20200330,1201,-0.321398,0.189827,-0.211488,-1.145722
20200330,1202,-0.321398,0.189827,-0.211488,0.436499
20200330,1203,-0.328267,0.694897,-0.211488,0.436499
20200330,1204,-0.328267,0.694897,-0.211488,0.436499
20200330,1205,-0.321398,0.189827,-0.049536,2.01872
20200330,1206,-0.321398,0.189827,-0.049536,-1.145722
20200330,1207,-0.321398,0.290841,0.193393,-1.145722
20200330,1208,-0.321398,0.290841,0.193393,0.436499
20200330,1209,-0.321398,0.088813,0.112416,0.436499
20200330,1210,-0.321398,0.088813,0.112416,0.436499
20200330,1211,-0.31453,0.088813,-0.049536,0.436499
20200330,1212,-0.31453,0.088813,-0.049536,0.436499
20200330,1213,-0.321398,0.189827,-0.090024,0.436499
20200330,1214,-0.321398,0.189827,-0.090024,0.436499
20200330,1215,-0.321398,0.290841,0.03144,-1.145722
20200330,1216,-0.321398,0.290841,0.03144,-1.145722
20200330,1217,-0.293924,-1.426396,-0.130512,0.436499
20200330,1218,-0.293924,-1.426396,-0.130512,-1.145722
20200330,1219,-0.287055,-1.325382,-0.130512,0.436499
20200330,1220,-0.287055,-1.325382,-0.130512,0.436499
20200330,1221,-0.287055,-1.224368,-0.171,-1.145722
20200330,1222,-0.287055,-1.224368,-0.171,0.436499
20200330,1223,-0.31453,-1.628424,-0.130512,-2.727943
20200330,1224,-0.31453,-1.628424,-0.130512,-1.145722
20200330,1225,-0.293924,-1.123354,-0.090024,0.436499
20200330,1226,-0.293924,-1.123354,-0.090024,0.436499
20200330,1227,-0.287055,-1.123354,-0.332953,0.436499
20200330,1228,-0.287055,-1.123354,-0.332953,2.01872
20200330,1229,-0.287055,-1.224368,-0.090024,-1.145722
20200330,1230,-0.287055,-1.224368,-0.090024,-1.145722
20200330,1231,-0.300792,-1.02234,-0.090024,0.436499
20200330,1232,-0.300792,-1.02234,-0.090024,0.436499
20200330,1233,-0.307661,-1.224368,-0.090024,0.436499
20200330,1234,-0.307661,-1.224368,-0.090024,0.436499
20200330,1235,-0.293924,-0.719298,-0.211488,0.436499
20200330,1236,-0.293924,-0.719298,-0.211488,0.436499
20200330,1237,-0.307661,-0.315242,-0.171,0.436499
20200330,1238,-0.307661,-0.315242,-0.171,-1.145722
20200330,1239,-0.300792,-0.618284,-0.130512,-1.145722
20200330,1240,-0.300792,-0.618284,-0.130512,-1.145722
20200330,1241,-0.287055,-0.719298,-0.130512,-1.145722
20200330,1242,-0.287055,-0.719298,-0.130512,-1.145722
20200330,1243,-0.287055,-0.719298,-0.130512,0.436499
20200330,1244,-0.287055,-0.719298,-0.130512,2.01872
20200330,1245,-0.300792,-0.113214,-0.009048,-1.145722
20200330,1246,-0.300792,-0.113214,-0.009048,0.436499
20200330,1247,-0.287055,-0.416256,-0.090024,-1.145722
20200330,1248,-0.287055,-0.416256,-0.090024,0.436499
20200330,1249,-0.300792,-0.51727,-0.171,2.01872
20200330,1250,-0.300792,-0.51727,-0.171,-1.145722
20200330,1251,-0.293924,-0.416256,-0.373441,0.436499
20200330,1252,-0.293924,-0.416256,-0.373441,0.436499
20200330,1253,-0.293924,-0.51727,-0.171,0.436499
20200330,1254,-0.293924,-0.51727,-0.171,0.436499
20200330,1255,-0.293924,-0.315242,-0.009048,0.436499
20200330,1256,-0.293924,-0.315242,-0.009048,0.436499
20200330,1257,-0.300792,-0.51727,0.03144,0.436499
20200330,1258,-0.300792,-0.51727,0.03144,-1.145722
20200330,1259,-0.293924,-0.012201,-0.211488,-1.145722
20200330,1260,-0.293924,-0.012201,-0.211488,0.436499
20200330,1261,-0.307661,-0.113214,-0.049536,-1.145722
20200330,1262,-0.307661,-0.113214,-0.049536,2.01872
20200330,1263,-0.300792,-0.113214,-0.251976,0.436499
20200330,1264,-0.300792,-0.113214,-0.251976,0.436499
20200330,1265,-0.300792,0.088813,-0.009048,0.436499
20200330,1266,-0.300792,0.088813,-0.009048,0.436499
20200330,1267,-0.300792,-0.416256,-0.130512,0.436499
20200330,1268,-0.300792,-0.416256,-0.130512,0.436499
20200330,1269,-0.293924,-0.012201,-0.130512,0.436499
20200330,1270,-0.293924,-0.012201,-0.130512,0.436499
20200330,1271,-0.300792,-0.113214,-0.090024,0.436499
20200330,1272,-0.300792,-0.113214,-0.090024,-1.145722
20200330,1273,-0.293924,-0.012201,-0.171,-1.145722
20200330,1274,-0.293924,-0.012201,-0.171,0.436499
20200330,1275,-0.321398,-0.113214,-0.211488,-1.145722
20200330,1276,-0.321398,-0.113214,-0.211488,2.01872
20200330,1277,-0.31453,0.290841,-0.211488,0.436499
20200330,1278,-0.31453,0.290841,-0.211488,0.436499
20200330,1279,-0.307661,0.088813,-0.130512,0.436499
20200330,1280,-0.307661,0.088813,-0.130512,0.436499
20200330,1281,-0.31453,-0.012201,-0.090024,0.436499
20200330,1282,-0.31453,-0.012201,-0.090024,-1.145722
20200330,1283,-0.31453,0.189827,-0.009048,0.436499
20200330,1284,-0.31453,0.189827,-0.009048,0.436499
20200330,1285,-0.307661,-0.315242,-0.171,-1.145722
20200330,1286,-0.307661,-0.315242,-0.171,0.436499
20200330,1287,-0.31453,-0.113214,-0.211488,-2.727943
20200330,1288,-0.31453,-0.113214,-0.211488,-1.145722
20200330,1289,-0.321398,-0.012201,-0.211488,0.436499
20200330,1290,-0.321398,-0.012201,-0.211488,0.436499
20200330,1291,-0.321398,-0.416256,-0.332953,0.436499
20200330,1292,-0.321398,-0.416256,-0.332953,0.436499
20200330,1293,-0.31453,-0.416256,0.03144,-1.145722
20200330,1294,-0.31453,-0.416256,0.03144,0.436499
20200330,1295,-0.31453,0.189827,-0.009048,0.436499
20200330,1296,-0.31453,0.189827,-0.009048,-1.145722
20200330,1297,-0.31453,-0.113214,-0.090024,0.436499
20200330,1298,-0.31453,-0.113214,-0.090024,-2.727943
20200330,1299,-0.321398,0.290841,-0.090024,-1.145722
20200330,1300,-0.321398,0.290841,-0.090024,0.436499
20200330,1301,-0.321398,0.189827,-0.130512,0.436499
20200330,1302,-0.321398,0.189827,-0.130512,0.436499
20200330,1303,-0.321398,0.290841,-0.373441,2.01872
20200330,1304,-0.321398,0.290841,-0.373441,-1.145722
20200330,1305,-0.321398,-0.012201,-0.211488,-1.145722
20200330,1306,-0.321398,-0.012201,-0.211488,0.436499
20200330,1307,-0.31453,0.189827,-0.130512,0.436499
20200330,1308,-0.31453,0.189827,-0.130512,0.436499
20200330,1309,-0.321398,0.088813,0.03144,0.436499
20200330,1310,-0.321398,0.088813,0.03144,0.436499
20200330,1311,-0.328267,-0.012201,-0.049536,0.436499
20200330,1312,-0.328267,-0.012201,-0.049536,0.436499
20200330,1313,-0.328267,0.088813,0.03144,-1.145722
20200330,1314,-0.328267,0.088813,0.03144,-1.145722
20200330,1315,-0.328267,0.189827,-0.130512,-1.145722
20200330,1316,-0.328267,0.189827,-0.130512,-1.145722
20200330,1317,-0.335135,0.290841,-0.130512,-1.145722
20200330,1318,-0.335135,0.290841,-0.130512,0.436499
20200330,1319,-0.300792,0.593883,-0.171,2.01872
20200330,1320,-0.300792,0.593883,-0.171,-1.145722
20200330,1321,-0.293924,0.290841,-0.171,0.436499
20200330,1322,-0.293924,0.290841,-0.171,-1.145722
20200330,1323,-0.300792,0.290841,-0.130512,0.436499
20200330,1324,-0.300792,0.290841,-0.130512,2.01872
20200330,1325,-0.307661,-0.012201,-0.090024,-1.145722
20200330,1326,-0.307661,-0.012201,-0.090024,0.436499
20200330,1327,-0.287055,0.189827,0.03144,0.436499
20200330,1328,-0.287055,0.189827,0.03144,0.436499
20200330,1329,-0.300792,0.290841,-0.090024,-1.145722
20200330,1330,-0.300792,0.290841,-0.090024,0.436499
20200330,1331,-0.300792,0.391855,-0.130512,0.436499
20200330,1332,-0.300792,0.391855,-0.130512,-1.145722
20200330,1333,-0.307661,0.492869,-0.171,0.436499
20200330,1334,-0.307661,0.492869,-0.171,-2.727943
20200330,1335,-0.300792,0.391855,-0.171,-1.145722
20200330,1336,-0.300792,0.391855,-0.171,0.436499
20200330,1337,-0.300792,0.088813,-0.251976,0.436499
20200330,1338,-0.300792,0.088813,-0.251976,0.436499
20200330,1339,-0.293924,0.290841,-0.090024,2.01872
20200330,1340,-0.293924,0.290841,-0.090024,-1.145722
20200330,1341,-0.300792,0.189827,0.152905,-1.145722
20200330,1342,-0.300792,0.189827,0.152905,0.436499
20200330,1343,-0.300792,0.189827,0.03144,0.436499
20200330,1344,-0.300792,0.189827,0.03144,0.436499
20200330,1345,-0.31453,0.391855,-0.130512,0.436499
20200330,1346,-0.31453,0.391855,-0.130512,0.436499
20200330,1347,-0.31453,0.492869,-0.211488,0.436499
20200330,1348,-0.31453,0.492869,-0.211488,0.436499
20200330,1349,-0.31453,0.088813,-0.251976,-1.145722
20200330,1350,-0.31453,0.088813,-0.251976,-1.145722
20200330,1351,-0.31453,0.189827,-0.171,-1.145722
20200330,1352,-0.31453,0.189827,-0.171,-1.145722
20200330,1353,-0.300792,0.694897,-0.009048,-1.145722
20200330,1354,-0.300792,0.694897,-0.009048,0.436499
20200330,1355,-0.307661,0.088813,0.233881,2.01872
20200330,1356,-0.307661,0.088813,0.233881,-1.145722
20200330,1357,-0.300792,0.391855,0.03144,0.436499
20200330,1358,-0.300792,0.391855,0.03144,-1.145722
20200330,1359,-0.307661,0.492869,0.03144,0.436499
20200330,1360,-0.307661,0.492869,0.03144,2.01872
20200330,1361,-0.328267,0.189827,-0.130512,-1.145722
20200330,1362,-0.328267,0.189827,-0.130512,0.436499
20200330,1363,-0.31453,0.290841,-0.251976,0.436499
20200330,1364,-0.31453,0.290841,-0.251976,0.436499
20200330,1365,-0.321398,0.189827,-0.251976,0.436499
20200330,1366,-0.321398,0.189827,-0.251976,0.436499
20200330,1367,-0.31453,0.088813,-0.049536,0.436499
20200330,1368,-0.31453,0.088813,-0.049536,0.436499
20200330,1369,-0.31453,0.189827,0.03144,-1.145722
20200330,1370,-0.31453,0.189827,0.03144,-1.145722
20200330,1371,-0.300792,-0.012201,0.112416,0.436499
20200330,1372,-0.300792,-0.012201,0.112416,-1.145722
20200330,1373,-0.31453,0.290841,0.03144,2.01872
20200330,1374,-0.31453,0.290841,0.03144,0.436499
20200330,1375,-0.300792,0.290841,-0.090024,0.436499
20200330,1376,-0.300792,0.290841,-0.090024,0.436499
20200330,1377,-0.321398,0.391855,-0.292465,0.436499
20200330,1378,-0.321398,0.391855,-0.292465,0.436499
20200330,1379,-0.321398,0.290841,-0.251976,0.436499
20200330,1380,-0.321398,0.290841,-0.251976,0.436499
20200330,1381,-0.31453,0.492869,-0.454417,0.436499
20200330,1382,-0.31453,0.492869,-0.454417,0.436499
20200330,1383,-0.31453,0.290841,-0.049536,-1.145722
20200330,1384,-0.31453,0.290841,-0.049536,-1.145722
20200330,1385,-0.307661,0.391855,0.071928,0.436499
20200330,1386,-0.307661,0.391855,0.071928,-1.145722
20200330,1387,-0.307661,0.290841,0.071928,2.01872
20200330,1388,-0.307661,0.290841,0.071928,0.436499
20200330,1389,-0.328267,0.391855,0.071928,0.436499
20200330,1390,-0.328267,0.391855,0.071928,0.436499
20200330,1391,-0.321398,0.088813,-0.049536,0.436499
20200330,1392,-0.321398,0.088813,-0.049536,0.436499
20200330,1393,-0.31453,-0.012201,-0.332953,-1.145722
20200330,1394,-0.31453,-0.012201,-0.332953,0.436499
20200330,1395,-0.321398,0.492869,-0.211488,0.436499
20200330,1396,-0.321398,0.492869,-0.211488,-1.145722
20200330,1397,-0.321398,0.391855,-0.251976,0.436499
20200330,1398,-0.321398,0.391855,-0.251976,-2.727943
20200330,1399,-0.31453,0.189827,-0.171,-1.145722
20200330,1400,-0.31453,0.189827,-0.171,0.436499
20200330,1401,-0.328267,0.290841,0.03144,0.436499
20200330,1402,-0.328267,0.290841,0.03144,0.436499
20200330,1403,-0.31453,0.189827,0.03144,2.01872
20200330,1404,-0.31453,0.189827,0.03144,-1.145722
20200330,1405,-0.307661,0.189827,-0.009048,-1.145722
20200330,1406,-0.307661,0.189827,-0.009048,0.436499
20200330,1407,-0.31453,0.391855,-0.049536,0.436499
20200330,1408,-0.31453,0.391855,-0.049536,0.436499
20200330,1409,-0.328267,0.391855,-0.171,0.436499
20200330,1410,-0.328267,0.391855,-0.171,0.436499
20200330,1411,-0.321398,0.088813,-0.211488,0.436499
20200330,1412,-0.321398,0.088813,-0.211488,0.436499
20200330,1413,-0.31453,0.189827,-0.211488,-1.145722
20200330,1414,-0.31453,0.189827,-0.211488,-1.145722
20200330,1415,-0.321398,0.189827,-0.090024,-1.145722
20200330,1416,-0.321398,0.189827,-0.090024,-1.145722
20200330,1417,-0.31453,-0.012201,0.152905,-1.145722
20200330,1418,-0.31453,-0.012201,0.152905,0.436499
20200330,1419,-0.31453,0.290841,0.274369,2.01872
20200330,1420,-0.31453,0.290841,0.274369,-1.145722
20200330,1421,-0.307661,-0.113214,0.03144,0.436499
20200330,1422,-0.307661,-0.113214,0.03144,-1.145722
20200330,1423,-0.31453,0.189827,-0.049536,0.436499
20200330,1424,-0.31453,0.189827,-0.049536,2.01872
20200330,1425,-0.328267,-0.113214,-0.130512,-1.145722
20200330,1426,-0.328267,-0.113214,-0.130512,0.436499
20200330,1427,-0.321398,0.290841,-0.171,0.436499
20200330,1428,-0.321398,0.290841,-0.171,0.436499
20200330,1429,-0.31453,0.391855,-0.171,0.436499
20200330,1430,-0.31453,0.391855,-0.171,0.436499
20200330,1431,-0.307661,0.593883,-0.211488,0.436499
20200330,1432,-0.307661,0.593883,-0.211488,0.436499
20200330,1433,-0.31453,0.290841,-0.130512,-1.145722
20200330,1434,-0.31453,0.290841,-0.130512,-1.145722
20200330,1435,-0.300792,0.290841,-0.009048,0.436499
20200330,1436,-0.300792,0.290841,-0.009048,-1.145722
20200330,1437,-0.307661,0.189827,-0.090024,2.01872
20200330,1438,-0.307661,0.189827,-0.090024,0.436499
20200330,1439,-0.31453,0.088813,-0.130512,0.436499
20200330,1440,-0.31453,0.088813,-0.130512,0.436499
20200330,1441,-0.307661,0.290841,-0.171,0.436499
20200330,1442,-0.307661,0.290841,-0.171,0.436499
20200330,1443,-0.321398,0.290841,-0.211488,-1.145722
20200330,1444,-0.321398,0.290841,-0.211488,0.436499
20200330,1445,-0.307661,-0.012201,-0.211488,0.436499
20200330,1446,-0.307661,-0.012201,-0.211488,-1.145722
20200330,1447,-0.31453,0.088813,-0.130512,0.436499
20200330,1448,-0.31453,0.088813,-0.130512,-2.727943
20200330,1449,-0.31453,0.189827,0.152905,-1.145722
20200330,1450,-0.31453,0.189827,0.152905,0.436499
20200330,1451,-0.31453,0.593883,0.193393,0.436499
20200330,1452,-0.31453,0.593883,0.193393,0.436499
20200330,1453,-0.31453,0.088813,-0.090024,2.01872
20200330,1454,-0.31453,0.088813,-0.090024,-1.145722
20200330,1455,-0.321398,0.290841,-0.373441,-1.145722
20200330,1456,-0.321398,0.290841,-0.373441,0.436499
20200330,1457,-0.328267,0.391855,-0.171,0.436499
20200330,1458,-0.328267,0.391855,-0.171,0.436499
20200330,1459,-0.321398,0.189827,-0.090024,0.436499
20200330,1460,-0.321398,0.189827,-0.090024,0.436499
20200330,1461,-0.328267,0.189827,-0.211488,0.436499
20200330,1462,-0.328267,0.189827,-0.211488,0.436499
20200330,1463,-0.307661,0.391855,-0.130512,-1.145722
20200330,1464,-0.307661,0.391855,-0.130512,-1.145722
20200330,1465,-0.321398,0.189827,-0.332953,-1.145722
20200330,1466,-0.321398,0.189827,-0.332953,-1.145722
20200330,1467,-0.321398,0.189827,-0.373441,-1.145722
20200330,1468,-0.321398,0.189827,-0.373441,0.436499
20200330,1469,-0.307661,0.088813,-0.130512,2.01872
20200330,1470,-0.307661,0.088813,-0.130512,-1.145722
20200331,1,-0.321398,0.391855,-0.130512,0.436499
20200331,2,-0.321398,0.391855,-0.130512,-1.145722
20200331,3,-0.328267,-0.012201,-0.130512,0.436499
20200331,4,-0.328267,-0.012201,-0.130512,2.01872
20200331,5,-0.328267,0.290841,-0.292465,-1.145722
20200331,6,-0.328267,0.290841,-0.292465,0.436499
20200331,7,-0.321398,0.088813,-0.211488,0.436499
20200331,8,-0.321398,0.088813,-0.211488,0.436499
20200331,9,-0.321398,0.391855,-0.171,0.436499
20200331,10,-0.321398,0.391855,-0.171,0.436499
20200331,11,-0.31453,0.189827,-0.090024,0.436499
20200331,12,-0.31453,0.189827,-0.090024,0.436499
20200331,13,-0.31453,0.088813,-0.009048,-1.145722
20200331,14,-0.31453,0.088813,-0.009048,-1.145722
20200331,15,-0.328267,0.593883,0.071928,0.436499
20200331,16,-0.328267,0.593883,0.071928,-1.145722
20200331,17,-0.321398,-0.012201,0.03144,2.01872
20200331,18,-0.321398,-0.012201,0.03144,0.436499
20200331,19,-0.328267,0.290841,-0.009048,0.436499
20200331,20,-0.328267,0.290841,-0.009048,0.436499
20200331,21,-0.328267,0.391855,-0.090024,-1.145722
20200331,22,-0.328267,0.391855,-0.090024,0.436499
20200331,23,-0.321398,0.391855,-0.130512,0.436499
20200331,24,-0.321398,0.391855,-0.130512,-1.145722
20200331,25,-0.328267,0.391855,-0.090024,0.436499
20200331,26,-0.328267,0.391855,-0.090024,-2.727943
20200331,27,-0.321398,0.189827,-0.211488,-1.145722
20200331,28,-0.321398,0.189827,-0.211488,0.436499
20200331,29,-0.328267,0.694897,-0.211488,0.436499
20200331,30,-0.328267,0.694897,-0.211488,0.436499
20200331,31,-0.321398,0.189827,-0.049536,2.01872
20200331,32,-0.321398,0.189827,-0.049536,-1.145722
20200331,33,-0.321398,0.290841,0.193393,-1.145722
20200331,34,-0.321398,0.290841,0.193393,0.436499
20200331,35,-0.321398,0.088813,0.112416,0.436499
20200331,36,-0.321398,0.088813,0.112416,0.436499
20200331,37,-0.31453,0.088813,-0.049536,0.436499
20200331,38,-0.31453,0.088813,-0.049536,0.436499
20200331,39,-0.321398,0.189827,-0.090024,0.436499
20200331,40,-0.321398,0.189827,-0.090024,0.436499
20200331,41,-0.321398,0.290841,0.03144,-1.145722
20200331,42,-0.321398,0.290841,0.03144,-1.145722
20200331,43,-0.328267,0.391855,-0.130512,-1.145722
20200331,44,-0.328267,0.391855,-0.130512,-1.145722
20200331,45,-0.328267,0.593883,-0.130512,-1.145722
20200331,46,-0.328267,0.593883,-0.130512,0.436499
20200331,47,-0.328267,-0.51727,0.03144,-1.145722
20200331,48,-0.328267,-0.51727,0.03144,-1.145722
20200331,49,-0.321398,-0.315242,-0.090024,0.436499
20200331,50,-0.321398,-0.315242,-0.090024,-1.145722
20200331,51,-0.31453,-0.214228,-0.211488,2.01872
20200331,52,-0.31453,-0.214228,-0.211488,0.436499
20200331,53,-0.328267,0.391855,-0.494905,0.436499
20200331,54,-0.328267,0.391855,-0.494905,0.436499
20200331,55,-0.321398,-0.012201,-0.413929,0.436499
20200331,56,-0.321398,-0.012201,-0.413929,0.436499
20200331,57,-0.300792,0.290841,-0.251976,0.436499
20200331,58,-0.300792,0.290841,-0.251976,-1.145722
20200331,59,-0.321398,0.290841,0.112416,-1.145722
20200331,60,-0.321398,0.290841,0.112416,0.436499
20200331,61,-0.307661,-0.012201,0.193393,-1.145722
20200331,62,-0.307661,-0.012201,0.193393,2.01872
20200331,63,-0.321398,0.492869,0.071928,0.436499
20200331,64,-0.321398,0.492869,0.071928,0.436499
20200331,65,-0.328267,0.290841,-0.090024,0.436499
20200331,66,-0.328267,0.290841,-0.090024,0.436499
20200331,67,-0.328267,0.492869,-0.494905,-1.145722
20200331,68,-0.328267,0.492869,-0.494905,0.436499
20200331,69,-0.321398,0.694897,-0.494905,0.436499
20200331,70,-0.321398,0.694897,-0.494905,-1.145722
20200331,71,-0.321398,0.088813,-0.130512,0.436499
20200331,72,-0.321398,0.088813,-0.130512,-2.727943
20200331,73,-0.307661,0.391855,0.193393,-1.145722
20200331,74,-0.307661,0.391855,0.193393,0.436499
20200331,75,-0.31453,-0.012201,0.517297,0.436499
20200331,76,-0.31453,-0.012201,0.517297,0.436499
20200331,77,-0.307661,0.290841,0.395833,2.01872
20200331,78,-0.307661,0.290841,0.395833,-1.145722
20200331,79,-0.31453,-0.214228,0.112416,-1.145722
20200331,80,-0.31453,-0.214228,0.112416,0.436499
20200331,81,-0.328267,0.088813,-0.130512,0.436499
20200331,82,-0.328267,0.088813,-0.130512,0.436499
20200331,83,-0.328267,0.290841,-0.292465,0.436499
20200331,84,-0.328267,0.290841,-0.292465,0.436499
20200331,85,-0.321398,-0.113214,-0.535393,0.436499
20200331,86,-0.321398,-0.113214,-0.535393,0.436499
20200331,87,-0.335135,0.290841,-0.332953,-1.145722
20200331,88,-0.335135,0.290841,-0.332953,-1.145722
20200331,89,-0.328267,-0.113214,0.152905,-1.145722
20200331,90,-0.328267,-0.113214,0.152905,-1.145722
20200331,91,-0.321398,-0.113214,0.314857,-1.145722
20200331,92,-0.321398,-0.113214,0.314857,0.436499
20200331,93,-0.328267,0.088813,0.274369,2.01872
20200331,94,-0.328267,0.088813,0.274369,-1.145722
20200331,95,-0.328267,0.088813,0.152905,0.436499
20200331,96,-0.328267,0.088813,0.152905,0.436499
20200331,97,-0.342004,0.290841,-0.049536,-1.145722
20200331,98,-0.342004,0.290841,-0.049536,0.436499
20200331,99,-0.321398,0.290841,-0.332953,0.436499
20200331,100,-0.321398,0.290841,-0.332953,-1.145722
20200331,101,-0.328267,0.593883,-0.292465,0.436499
20200331,102,-0.328267,0.593883,-0.292465,-2.727943
20200331,103,-0.328267,-0.113214,-0.251976,-1.145722
20200331,104,-0.328267,-0.113214,-0.251976,0.436499
20200331,105,-0.328267,0.088813,0.03144,0.436499
20200331,106,-0.328267,0.088813,0.03144,0.436499
20200331,107,-0.31453,-0.113214,0.152905,2.01872
20200331,108,-0.31453,-0.113214,0.152905,-1.145722
20200331,109,-0.31453,-0.012201,0.314857,-1.145722
20200331,110,-0.31453,-0.012201,0.314857,0.436499
20200331,111,-0.307661,-0.113214,0.152905,0.436499
20200331,112,-0.307661,-0.113214,0.152905,0.436499
20200331,113,-0.31453,0.088813,0.03144,0.436499
20200331,114,-0.31453,0.088813,0.03144,0.436499
20200331,115,-0.328267,0.290841,-0.171,0.436499
20200331,116,-0.328267,0.290841,-0.171,0.436499
20200331,117,-0.328267,0.391855,-0.251976,-1.145722
20200331,118,-0.328267,0.391855,-0.251976,-1.145722
20200331,119,-0.328267,0.694897,-0.292465,-1.145722
20200331,120,-0.328267,0.694897,-0.292465,-1.145722
20200331,121,-0.31453,0.088813,-0.090024,-1.145722
20200331,122,-0.31453,0.088813,-0.090024,0.436499
20200331,123,-0.300792,-0.214228,0.112416,2.01872
20200331,124,-0.300792,-0.214228,0.112416,-1.145722
20200331,125,-0.307661,-0.012201,0.233881,0.436499
20200331,126,-0.307661,-0.012201,0.233881,-1.145722
20200331,127,-0.31453,-0.113214,0.233881,0.436499
20200331,128,-0.31453,-0.113214,0.233881,2.01872
20200331,129,-0.307661,0.189827,-0.009048,-1.145722
20200331,130,-0.307661,0.189827,-0.009048,0.436499
20200331,131,-0.328267,0.088813,-0.009048,0.436499
20200331,132,-0.328267,0.088813,-0.009048,0.436499
20200331,133,-0.31453,0.189827,-0.494905,-1.145722
20200331,134,-0.31453,0.189827,-0.494905,0.436499
20200331,135,-0.328267,0.088813,-0.292465,0.436499
20200331,136,-0.328267,0.088813,-0.292465,-1.145722
20200331,137,-0.328267,0.694897,-0.130512,0.436499
20200331,138,-0.328267,0.694897,-0.130512,-2.727943
20200331,139,-0.321398,0.088813,0.071928,-1.145722
20200331,140,-0.321398,0.088813,0.071928,0.436499
20200331,141,-0.31453,0.492869,0.112416,0.436499
20200331,142,-0.31453,0.492869,0.112416,0.436499
20200331,143,-0.321398,-0.012201,0.071928,2.01872
20200331,144,-0.321398,-0.012201,0.071928,-1.145722
20200331,145,-0.321398,-0.113214,-0.049536,-1.145722
20200331,146,-0.321398,-0.113214,-0.049536,0.436499
20200331,147,-0.321398,0.189827,-0.171,0.436499
20200331,148,-0.321398,0.189827,-0.171,0.436499
20200331,149,-0.328267,0.290841,-0.373441,0.436499
20200331,150,-0.328267,0.290841,-0.373441,0.436499
20200331,151,-0.321398,0.391855,-0.494905,0.436499
20200331,152,-0.321398,0.391855,-0.494905,0.436499
20200331,153,-0.31453,0.290841,-0.049536,-1.145722
20200331,154,-0.31453,0.290841,-0.049536,-1.145722
20200331,155,-0.31453,0.593883,0.03144,-1.145722
20200331,156,-0.31453,0.593883,0.03144,-1.145722
20200331,157,-0.300792,0.492869,0.112416,-1.145722
20200331,158,-0.300792,0.492869,0.112416,0.436499
20200331,159,-0.335135,0.189827,0.03144,2.01872
20200331,160,-0.335135,0.189827,0.03144,-1.145722
20200331,161,-0.293924,0.088813,-0.009048,0.436499
20200331,162,-0.293924,0.088813,-0.009048,-1.145722
20200331,163,-0.328267,0.189827,-0.373441,0.436499
20200331,164,-0.328267,0.189827,-0.373441,2.01872
20200331,165,-0.328267,0.189827,-0.332953,-1.145722
20200331,166,-0.328267,0.189827,-0.332953,0.436499
20200331,167,-0.321398,0.492869,-0.251976,0.436499
20200331,168,-0.321398,0.492869,-0.251976,0.436499
20200331,169,-0.321398,0.189827,0.152905,0.436499
20200331,170,-0.321398,0.189827,0.152905,0.436499
20200331,171,-0.328267,0.290841,0.395833,0.436499
20200331,172,-0.328267,0.290841,0.395833,0.436499
20200331,173,-0.307661,0.290841,0.314857,-1.145722
20200331,174,-0.307661,0.290841,0.314857,-1.145722
20200331,175,-0.321398,0.189827,0.233881,0.436499
20200331,176,-0.321398,0.189827,0.233881,-1.145722
20200331,177,-0.342004,0.492869,-0.049536,2.01872
20200331,178,-0.342004,0.492869,-0.049536,0.436499
20200331,179,-0.328267,0.290841,-0.332953,0.436499
20200331,180,-0.328267,0.290841,-0.332953,0.436499
20200331,181,-0.342004,0.391855,-0.292465,0.436499
20200331,182,-0.342004,0.391855,-0.292465,0.436499
20200331,183,-0.328267,0.088813,-0.454417,0.436499
20200331,184,-0.328267,0.088813,-0.454417,0.436499
20200331,185,-0.321398,0.391855,0.03144,0.436499
20200331,186,-0.321398,0.391855,0.03144,0.436499
20200331,187,-0.328267,0.088813,0.112416,-1.145722
20200331,188,-0.328267,0.088813,0.112416,-1.145722
20200331,189,-0.307661,0.290841,0.152905,0.436499
20200331,190,-0.307661,0.290841,0.152905,-1.145722
20200331,191,-0.321398,0.593883,0.071928,2.01872
20200331,192,-0.321398,0.593883,0.071928,0.436499
20200331,193,-0.335135,0.492869,-0.049536,0.436499
20200331,194,-0.335135,0.492869,-0.049536,0.436499
20200331,195,-0.328267,0.492869,-0.171,0.436499
20200331,196,-0.328267,0.492869,-0.171,0.436499
20200331,197,-0.321398,0.492869,-0.251976,-1.145722
20200331,198,-0.321398,0.492869,-0.251976,0.436499
20200331,199,-0.335135,0.795911,-0.211488,0.436499
20200331,200,-0.335135,0.795911,-0.211488,-1.145722
20200331,201,-0.321398,0.391855,-0.211488,0.436499
20200331,202,-0.321398,0.391855,-0.211488,-2.727943
20200331,203,-0.328267,0.391855,0.193393,-1.145722
20200331,204,-0.328267,0.391855,0.193393,0.436499
20200331,205,-0.321398,0.088813,0.152905,0.436499
20200331,206,-0.321398,0.088813,0.152905,0.436499
20200331,207,-0.31453,0.492869,-0.009048,2.01872
20200331,208,-0.31453,0.492869,-0.009048,-1.145722
20200331,209,-0.328267,0.189827,-0.171,-1.145722
20200331,210,-0.328267,0.189827,-0.171,0.436499
20200331,211,-0.321398,0.694897,-0.211488,0.436499
20200331,212,-0.321398,0.694897,-0.211488,0.436499
20200331,213,-0.328267,0.593883,-0.211488,0.436499
20200331,214,-0.328267,0.593883,-0.211488,0.436499
20200331,215,-0.335135,0.391855,-0.130512,0.436499
20200331,216,-0.335135,0.391855,-0.130512,0.436499
20200331,217,-0.321398,0.391855,-0.049536,-1.145722
20200331,218,-0.321398,0.391855,-0.049536,-1.145722
20200331,219,-0.321398,0.189827,0.112416,-1.145722
20200331,220,-0.321398,0.189827,0.112416,-1.145722
20200331,221,-0.328267,0.391855,0.03144,-1.145722
20200331,222,-0.328267,0.391855,0.03144,0.436499
20200331,223,-0.321398,0.088813,-0.090024,2.01872
20200331,224,-0.321398,0.088813,-0.090024,-1.145722
20200331,225,-0.335135,0.088813,-0.171,0.436499
20200331,226,-0.335135,0.088813,-0.171,-1.145722
20200331,227,-0.335135,0.492869,-0.211488,0.436499
20200331,228,-0.335135,0.492869,-0.211488,2.01872
20200331,229,-0.321398,0.492869,-0.090024,-1.145722
20200331,230,-0.321398,0.492869,-0.090024,0.436499
20200331,231,-0.328267,0.189827,-0.171,0.436499
20200331,232,-0.328267,0.189827,-0.171,0.436499
20200331,233,-0.321398,0.290841,-0.251976,0.436499
20200331,234,-0.321398,0.290841,-0.251976,0.436499
20200331,235,-0.321398,0.694897,-0.413929,0.436499
20200331,236,-0.321398,0.694897,-0.413929,0.436499
20200331,237,-0.328267,0.492869,-0.171,-1.145722
20200331,238,-0.328267,0.492869,-0.171,-1.145722
20200331,239,-0.328267,0.391855,-0.009048,0.436499
20200331,240,-0.328267,0.391855,-0.009048,-1.145722
20200331,241,-0.321398,0.391855,0.071928,2.01872
20200331,242,-0.321398,0.391855,0.071928,0.436499
20200331,243,-0.328267,0.492869,0.03144,0.436499
20200331,244,-0.328267,0.492869,0.03144,-1.145722
20200331,245,-0.328267,0.088813,-0.049536,0.436499
20200331,246,-0.328267,0.088813,-0.049536,-1.145722
20200331,247,-0.328267,0.492869,-0.211488,0.436499
20200331,248,-0.328267,0.492869,-0.211488,2.01872
20200331,249,-0.328267,0.391855,-0.211488,-1.145722
20200331,250,-0.328267,0.391855,-0.211488,0.436499
20200331,251,-0.328267,0.694897,-0.211488,0.436499
20200331,252,-0.328267,0.694897,-0.211488,0.436499
20200331,253,-0.335135,0.492869,-0.009048,-1.145722
20200331,254,-0.335135,0.492869,-0.009048,0.436499
20200331,255,-0.31453,0.189827,0.152905,0.436499
20200331,256,-0.31453,0.189827,0.152905,-1.145722
20200331,257,-0.328267,0.391855,0.152905,0.436499
20200331,258,-0.328267,0.391855,0.152905,-2.727943
20200331,259,-0.328267,0.391855,-0.009048,-1.145722
20200331,260,-0.328267,0.391855,-0.009048,0.436499
20200331,261,-0.328267,0.290841,-0.373441,0.436499
20200331,262,-0.328267,0.290841,-0.373441,0.436499
20200331,263,-0.335135,0.290841,-0.211488,2.01872
20200331,264,-0.335135,0.290841,-0.211488,-1.145722
20200331,265,-0.328267,0.290841,-0.332953,-1.145722
20200331,266,-0.328267,0.290841,-0.332953,0.436499
20200331,267,-0.321398,0.189827,-0.090024,0.436499
20200331,268,-0.321398,0.189827,-0.090024,0.436499
20200331,269,-0.31453,0.290841,0.193393,0.436499
20200331,270,-0.31453,0.290841,0.193393,0.436499
20200331,271,-0.321398,0.290841,0.436321,0.436499
20200331,272,-0.321398,0.290841,0.436321,0.436499
20200331,273,-0.321398,0.189827,0.274369,-1.145722
20200331,274,-0.321398,0.189827,0.274369,-1.145722
20200331,275,-0.328267,0.492869,0.112416,-1.145722
20200331,276,-0.328267,0.492869,0.112416,-1.145722
20200331,277,-0.328267,-0.012201,-0.090024,-1.145722
20200331,278,-0.328267,-0.012201,-0.090024,0.436499
20200331,279,-0.342004,0.391855,-0.211488,2.01872
20200331,280,-0.342004,0.391855,-0.211488,-1.145722
20200331,281,-0.342004,0.694897,-0.292465,0.436499
20200331,282,-0.342004,0.694897,-0.292465,-1.145722
20200331,283,-0.321398,0.492869,-0.292465,0.436499
20200331,284,-0.321398,0.492869,-0.292465,2.01872
20200331,285,-0.335135,0.290841,0.071928,-1.145722
20200331,286,-0.335135,0.290841,0.071928,0.436499
20200331,287,-0.328267,0.290841,0.233881,0.436499
20200331,288,-0.328267,0.290841,0.233881,0.436499
20200331,289,-0.328267,-0.113214,0.112416,0.436499
20200331,290,-0.328267,-0.113214,0.112416,0.436499
20200331,291,-0.328267,0.189827,-0.171,0.436499
20200331,292,-0.328267,0.189827,-0.171,0.436499
20200331,293,-0.342004,0.088813,-0.332953,-1.145722
20200331,294,-0.342004,0.088813,-0.332953,-1.145722
20200331,295,-0.335135,0.391855,-0.251976,0.436499
20200331,296,-0.335135,0.391855,-0.251976,-1.145722
20200331,297,-0.335135,0.088813,-0.171,2.01872
20200331,298,-0.335135,0.088813,-0.171,0.436499
20200331,299,-0.328267,0.492869,-0.049536,0.436499
20200331,300,-0.328267,0.492869,-0.049536,0.436499
20200331,301,-0.335135,0.189827,0.071928,0.436499
20200331,302,-0.335135,0.189827,0.071928,0.436499
20200331,303,-0.328267,0.391855,0.071928,0.436499
20200331,304,-0.328267,0.391855,0.071928,0.436499
20200331,305,-0.328267,0.088813,0.152905,0.436499
20200331,306,-0.328267,0.088813,0.152905,0.436499
20200331,307,-0.335135,0.189827,-0.049536,-1.145722
20200331,308,-0.335135,0.189827,-0.049536,-1.145722
20200331,309,-0.342004,0.290841,-0.211488,0.436499
20200331,310,-0.342004,0.290841,-0.211488,-1.145722
20200331,311,-0.328267,0.492869,-0.171,2.01872
20200331,312,-0.328267,0.492869,-0.171,0.436499
20200331,313,-0.342004,0.189827,-0.171,0.436499
20200331,314,-0.342004,0.189827,-0.171,0.436499
20200331,315,-0.335135,0.391855,-0.171,0.436499
20200331,316,-0.335135,0.391855,-0.171,0.436499
20200331,317,-0.328267,0.492869,-0.049536,-1.145722
20200331,318,-0.328267,0.492869,-0.049536,0.436499
20200331,319,-0.321398,0.391855,0.03144,0.436499
20200331,320,-0.321398,0.391855,0.03144,-1.145722
20200331,321,-0.328267,0.290841,-0.009048,0.436499
20200331,322,-0.328267,0.290841,-0.009048,-2.727943
20200331,323,-0.328267,0.290841,-0.009048,-1.145722
20200331,324,-0.328267,0.290841,-0.009048,0.436499
20200331,325,-0.335135,0.593883,-0.130512,0.436499
20200331,326,-0.335135,0.593883,-0.130512,0.436499
20200331,327,-0.342004,0.391855,-0.251976,2.01872
20200331,328,-0.342004,0.391855,-0.251976,-1.145722
20200331,329,-0.335135,0.593883,-0.171,-1.145722
20200331,330,-0.335135,0.593883,-0.171,0.436499
20200331,331,-0.335135,0.795911,-0.292465,0.436499
20200331,332,-0.335135,0.795911,-0.292465,0.436499
20200331,333,-0.321398,0.189827,-0.009048,0.436499
20200331,334,-0.321398,0.189827,-0.009048,0.436499
20200331,335,-0.335135,0.492869,0.03144,0.436499
20200331,336,-0.335135,0.492869,0.03144,0.436499
20200331,337,-0.335135,-0.012201,-0.130512,-1.145722
20200331,338,-0.335135,-0.012201,-0.130512,-1.145722
20200331,339,-0.328267,0.492869,-0.373441,-1.145722
20200331,340,-0.328267,0.492869,-0.373441,-1.145722
20200331,341,-0.342004,0.290841,-0.211488,-1.145722
20200331,342,-0.342004,0.290841,-0.211488,0.436499
20200331,343,-0.335135,0.290841,-0.211488,2.01872
20200331,344,-0.335135,0.290841,-0.211488,-1.145722
20200331,345,-0.328267,0.088813,-0.332953,0.436499
20200331,346,-0.328267,0.088813,-0.332953,-1.145722
20200331,347,-0.335135,0.492869,-0.049536,0.436499
20200331,348,-0.335135,0.492869,-0.049536,2.01872
20200331,349,-0.328267,0.492869,-0.009048,-1.145722
20200331,350,-0.328267,0.492869,-0.009048,0.436499
20200331,351,-0.328267,0.290841,0.03144,0.436499
20200331,352,-0.328267,0.290841,0.03144,0.436499
20200331,353,-0.342004,0.492869,-0.090024,0.436499
20200331,354,-0.342004,0.492869,-0.090024,0.436499
20200331,355,-0.335135,0.088813,-0.171,0.436499
20200331,356,-0.335135,0.088813,-0.171,0.436499
20200331,357,-0.335135,0.694897,-0.211488,-1.145722
20200331,358,-0.335135,0.694897,-0.211488,0.436499
20200331,359,-0.342004,-0.012201,-0.211488,0.436499
20200331,360,-0.342004,-0.012201,-0.211488,-1.145722
20200331,361,-0.342004,0.290841,-0.049536,0.436499
20200331,362,-0.342004,0.290841,-0.049536,0.436499
20200331,363,-0.328267,0.492869,0.03144,-1.145722
20200331,364,-0.328267,0.492869,0.03144,0.436499
20200331,365,-0.335135,0.593883,0.071928,-2.727943
20200331,366,-0.335135,0.593883,0.071928,-1.145722
20200331,367,-0.328267,0.088813,-0.009048,0.436499
20200331,368,-0.328267,0.088813,-0.009048,0.436499
20200331,369,-0.335135,0.189827,-0.049536,0.436499
20200331,370,-0.335135,0.189827,-0.049536,2.01872
20200331,371,-0.335135,0.391855,-0.373441,-1.145722
20200331,372,-0.335135,0.391855,-0.373441,-1.145722
20200331,373,-0.335135,0.391855,-0.211488,0.436499
20200331,374,-0.335135,0.391855,-0.211488,0.436499
20200331,375,-0.335135,0.694897,-0.130512,0.436499
20200331,376,-0.335135,0.694897,-0.130512,0.436499
20200331,377,-0.328267,0.391855,-0.009048,0.436499
20200331,378,-0.328267,0.391855,-0.009048,0.436499
20200331,379,-0.335135,0.593883,-0.009048,0.436499
20200331,380,-0.335135,0.593883,-0.009048,-1.145722
20200331,381,-0.328267,0.593883,-0.009048,-1.145722
20200331,382,-0.328267,0.593883,-0.009048,-1.145722
20200331,383,-0.328267,0.088813,-0.130512,-1.145722
20200331,384,-0.328267,0.088813,-0.130512,-1.145722
20200331,385,-0.335135,0.391855,-0.332953,0.436499
20200331,386,-0.335135,0.391855,-0.332953,2.01872
20200331,387,-0.335135,0.088813,-0.373441,-1.145722
20200331,388,-0.335135,0.088813,-0.373441,0.436499
20200331,389,-0.321398,0.189827,-0.049536,-1.145722
20200331,390,-0.321398,0.189827,-0.049536,0.436499
20200331,391,-0.321398,0.391855,0.152905,2.01872
20200331,392,-0.321398,0.391855,0.152905,-1.145722
20200331,393,-0.328267,0.290841,0.112416,0.436499
20200331,394,-0.328267,0.290841,0.112416,0.436499
20200331,395,-0.328267,0.593883,-0.049536,0.436499
20200331,396,-0.328267,0.593883,-0.049536,-1.145722
20200331,397,-0.342004,0.391855,-0.171,0.436499
20200331,398,-0.342004,0.391855,-0.171,0.436499
20200331,399,-0.348872,0.088813,-0.171,-1.145722
20200331,400,-0.348872,0.088813,-0.171,0.436499
20200331,401,-0.342004,0.391855,-0.130512,-2.727943
20200331,402,-0.342004,0.391855,-0.130512,-1.145722
20200331,403,-0.342004,0.492869,-0.130512,0.436499
20200331,404,-0.342004,0.492869,-0.130512,0.436499
20200331,405,-0.321398,0.694897,-0.049536,0.436499
20200331,406,-0.321398,0.694897,-0.049536,2.01872
20200331,407,-0.342004,0.391855,-0.090024,-1.145722
20200331,408,-0.342004,0.391855,-0.090024,-1.145722
20200331,409,-0.342004,0.290841,-0.171,0.436499
20200331,410,-0.342004,0.290841,-0.171,0.436499
20200331,411,-0.335135,0.694897,-0.171,0.436499
20200331,412,-0.335135,0.694897,-0.171,0.436499
20200331,413,-0.335135,0.189827,-0.211488,0.436499
20200331,414,-0.335135,0.189827,-0.211488,0.436499
20200331,415,-0.335135,0.391855,-0.049536,0.436499
20200331,416,-0.335135,0.391855,-0.049536,-1.145722
20200331,417,-0.335135,-0.012201,-0.130512,-1.145722
20200331,418,-0.335135,-0.012201,-0.130512,-1.145722
20200331,419,-0.335135,0.391855,-0.090024,-1.145722
20200331,420,-0.335135,0.391855,-0.090024,-1.145722
20200331,421,-0.328267,0.189827,-0.090024,0.436499
20200331,422,-0.328267,0.189827,-0.090024,2.01872
20200331,423,-0.335135,0.492869,-0.171,-1.145722
20200331,424,-0.335135,0.492869,-0.171,0.436499
20200331,425,-0.328267,0.391855,-0.211488,-1.145722
20200331,426,-0.328267,0.391855,-0.211488,0.436499
20200331,427,-0.321398,0.189827,-0.211488,2.01872
20200331,428,-0.321398,0.189827,-0.211488,-1.145722
20200331,429,-0.328267,0.593883,-0.090024,0.436499
20200331,430,-0.328267,0.593883,-0.090024,0.436499
20200331,431,-0.342004,0.492869,-0.130512,0.436499
20200331,432,-0.342004,0.492869,-0.130512,0.436499
20200331,433,-0.328267,0.391855,0.071928,0.436499
20200331,434,-0.328267,0.391855,0.071928,0.436499
20200331,435,-0.335135,-0.012201,0.112416,0.436499
20200331,436,-0.335135,-0.012201,0.112416,-1.145722
20200331,437,-0.348872,0.189827,-0.049536,-1.145722
20200331,438,-0.348872,0.189827,-0.049536,0.436499
20200331,439,-0.342004,0.391855,-0.130512,-1.145722
20200331,440,-0.342004,0.391855,-0.130512,2.01872
20200331,441,-0.335135,0.391855,-0.413929,0.436499
20200331,442,-0.335135,0.391855,-0.413929,0.436499
20200331,443,-0.342004,0.492869,-0.211488,0.436499
20200331,444,-0.342004,0.492869,-0.211488,0.436499
20200331,445,-0.335135,0.492869,-0.049536,0.436499
20200331,446,-0.335135,0.492869,-0.049536,0.436499
20200331,447,-0.328267,0.391855,0.112416,0.436499
20200331,448,-0.328267,0.391855,0.112416,0.436499
20200331,449,-0.335135,0.391855,0.193393,0.436499
20200331,450,-0.335135,0.391855,0.193393,-1.145722
20200331,451,-0.335135,0.492869,0.152905,-1.145722
20200331,452,-0.335135,0.492869,0.152905,0.436499
20200331,453,-0.36261,0.189827,-0.090024,-1.145722
20200331,454,-0.36261,0.189827,-0.090024,2.01872
20200331,455,-0.342004,0.290841,-0.251976,0.436499
20200331,456,-0.342004,0.290841,-0.251976,0.436499
20200331,457,-0.342004,0.795911,-0.292465,0.436499
20200331,458,-0.342004,0.795911,-0.292465,0.436499
20200331,459,-0.355741,0.391855,-0.171,0.436499
20200331,460,-0.355741,0.391855,-0.171,-1.145722
20200331,461,-0.335135,0.290841,0.071928,0.436499
20200331,462,-0.335135,0.290841,0.071928,0.436499
20200331,463,-0.328267,0.189827,0.274369,-1.145722
20200331,464,-0.328267,0.189827,0.274369,0.436499
20200331,465,-0.342004,0.492869,0.233881,-2.727943
20200331,466,-0.342004,0.492869,0.233881,-1.145722
20200331,467,-0.335135,0.290841,0.071928,0.436499
20200331,468,-0.335135,0.290841,0.071928,0.436499
20200331,469,-0.348872,0.694897,-0.130512,0.436499
20200331,470,-0.348872,0.694897,-0.130512,2.01872
20200331,471,-0.355741,0.694897,-0.332953,-1.145722
20200331,472,-0.355741,0.694897,-0.332953,-1.145722
20200331,473,-0.342004,0.896925,-0.332953,0.436499
20200331,474,-0.342004,0.896925,-0.332953,0.436499
20200331,475,-0.348872,0.593883,-0.049536,0.436499
20200331,476,-0.348872,0.593883,-0.049536,0.436499
20200331,477,-0.321398,0.492869,0.274369,0.436499
20200331,478,-0.321398,0.492869,0.274369,0.436499
20200331,479,-0.342004,0.088813,0.395833,0.436499
20200331,480,-0.342004,0.088813,0.395833,-1.145722
20200331,481,-0.342004,0.189827,0.314857,-1.145722
20200331,482,-0.342004,0.189827,0.314857,-1.145722
20200331,483,-0.355741,0.189827,0.193393,-1.145722
20200331,484,-0.355741,0.189827,0.193393,-1.145722
20200331,485,-0.355741,0.492869,-0.090024,0.436499
20200331,486,-0.355741,0.492869,-0.090024,2.01872
20200331,487,-0.36261,0.492869,-0.251976,-1.145722
20200331,488,-0.36261,0.492869,-0.251976,0.436499
20200331,489,-0.355741,0.795911,-0.292465,-1.145722
20200331,490,-0.355741,0.795911,-0.292465,0.436499
20200331,491,-0.355741,0.492869,-0.130512,2.01872
20200331,492,-0.355741,0.492869,-0.130512,-1.145722
20200331,493,-0.335135,0.391855,0.193393,0.436499
20200331,494,-0.335135,0.391855,0.193393,0.436499
20200331,495,-0.342004,0.189827,0.314857,0.436499
20200331,496,-0.342004,0.189827,0.314857,0.436499
20200331,497,-0.348872,0.088813,0.193393,0.436499
20200331,498,-0.348872,0.088813,0.193393,0.436499
20200331,499,-0.335135,0.290841,-0.090024,0.436499
20200331,500,-0.335135,0.290841,-0.090024,-1.145722
20200331,501,-0.36261,0.189827,-0.292465,-1.145722
20200331,502,-0.36261,0.189827,-0.292465,0.436499
20200331,503,-0.348872,0.088813,-0.535393,-1.145722
20200331,504,-0.348872,0.088813,-0.535393,2.01872
20200331,505,-0.342004,0.492869,-0.211488,0.436499
20200331,506,-0.342004,0.492869,-0.211488,0.436499
20200331,507,-0.348872,0.088813,0.03144,-1.145722
20200331,508,-0.348872,0.088813,0.03144,0.436499
20200331,509,-0.335135,0.290841,0.395833,0.436499
20200331,510,-0.335135,0.290841,0.395833,0.436499
20200331,511,-0.342004,0.088813,0.476809,0.436499
20200331,512,-0.342004,0.088813,0.476809,0.436499
20200331,513,-0.348872,-0.012201,0.274369,0.436499
20200331,514,-0.348872,-0.012201,0.274369,0.436499
20200331,515,-0.342004,0.189827,-0.009048,-1.145722
20200331,516,-0.342004,0.189827,-0.009048,-1.145722
20200331,517,-0.36261,0.189827,-0.171,-1.145722
20200331,518,-0.36261,0.189827,-0.171,-1.145722
20200331,519,-0.348872,0.391855,-0.332953,-1.145722
20200331,520,-0.348872,0.391855,-0.332953,0.436499
20200331,521,-0.335135,0.189827,-0.130512,2.01872
20200331,522,-0.335135,0.189827,-0.130512,-1.145722
20200331,523,-0.342004,0.290841,-0.049536,0.436499
20200331,524,-0.342004,0.290841,-0.049536,-1.145722
20200331,525,-0.335135,0.290841,0.152905,0.436499
20200331,526,-0.335135,0.290841,0.152905,2.01872
20200331,527,-0.328267,-0.012201,0.152905,-1.145722
20200331,528,-0.328267,-0.012201,0.152905,0.436499
20200331,529,-0.342004,0.088813,-0.009048,0.436499
20200331,530,-0.342004,0.088813,-0.130512,0.436499
20200331,531,-0.342004,0.088813,-0.130512,-1.145722
20200331,532,-0.348872,0.088813,-0.251976,0.436499
20200331,533,-0.348872,0.088813,-0.251976,0.436499
20200331,534,-0.342004,0.593883,-0.211488,-1.145722
20200331,535,-0.342004,0.593883,-0.211488,0.436499
20200331,536,-0.342004,0.391855,-0.009048,-2.727943
20200331,537,-0.342004,0.391855,-0.009048,-1.145722
20200331,538,-0.335135,0.492869,0.193393,0.436499
20200331,539,-0.335135,0.492869,0.193393,0.436499
20200331,540,-0.335135,0.189827,0.233881,0.436499
20200331,541,-0.335135,0.189827,0.233881,2.01872
20200331,542,-0.328267,0.189827,0.112416,-1.145722
20200331,543,-0.328267,0.189827,0.112416,-1.145722
20200331,544,-0.348872,0.189827,-0.090024,0.436499
20200331,545,-0.348872,0.189827,-0.090024,0.436499
20200331,546,-0.348872,0.290841,-0.171,0.436499
20200331,547,-0.348872,0.290841,-0.171,0.436499
20200331,548,-0.328267,0.492869,-0.171,0.436499
20200331,549,-0.328267,0.492869,-0.171,0.436499
20200331,550,-0.348872,0.593883,-0.211488,0.436499
20200331,551,-0.348872,0.593883,-0.211488,-1.145722
20200331,552,-0.335135,0.290841,-0.009048,-1.145722
20200331,553,-0.335135,0.290841,-0.009048,-1.145722
20200331,554,-0.335135,0.391855,0.112416,-1.145722
20200331,555,-0.335135,0.391855,0.112416,-1.145722
20200331,556,-0.342004,0.290841,0.152905,0.436499
20200331,557,-0.342004,0.290841,0.152905,2.01872
20200331,558,-0.342004,0.593883,0.03144,-1.145722
20200331,559,-0.342004,0.593883,0.03144,0.436499
20200331,560,-0.348872,0.391855,-0.090024,-1.145722
20200331,561,-0.348872,0.391855,-0.090024,0.436499
20200331,562,-0.348872,0.189827,-0.454417,2.01872
20200331,563,-0.348872,0.189827,-0.454417,-1.145722
20200331,564,-0.348872,0.694897,-0.171,0.436499
20200331,565,-0.348872,0.694897,-0.171,0.436499
20200331,566,-0.342004,0.088813,-0.171,0.436499
20200331,567,-0.342004,0.088813,-0.171,0.436499
20200331,568,-0.342004,0.593883,0.112416,0.436499
20200331,569,-0.342004,0.593883,0.112416,0.436499
20200331,570,-0.321398,0.492869,0.395833,0.436499
20200331,571,-0.321398,0.492869,0.395833,-1.145722
20200331,572,-0.342004,0.189827,0.314857,-1.145722
20200331,573,-0.342004,0.189827,0.314857,0.436499
20200331,574,-0.348872,0.290841,-0.049536,-1.145722
20200331,575,-0.348872,0.290841,-0.049536,2.01872
20200331,576,-0.328267,0.290841,-0.049536,0.436499
20200331,577,-0.328267,0.290841,-0.049536,0.436499
20200331,578,-0.355741,0.290841,-0.171,0.436499
20200331,579,-0.355741,0.290841,-0.171,0.436499
20200331,580,-0.335135,0.593883,-0.251976,0.436499
20200331,581,-0.335135,0.593883,-0.251976,0.436499
20200331,582,-0.335135,0.492869,-0.292465,0.436499
20200331,583,-0.335135,0.492869,-0.292465,0.436499
20200331,584,-0.328267,0.694897,-0.049536,0.436499
20200331,585,-0.328267,0.694897,-0.049536,-1.145722
20200331,586,-0.335135,0.593883,0.193393,-1.145722
20200331,587,-0.335135,0.593883,0.193393,0.436499
20200331,588,-0.328267,0.593883,0.193393,-1.145722
20200331,589,-0.328267,0.593883,0.193393,2.01872
20200331,590,-0.342004,-0.214228,0.314857,0.436499
20200331,591,-0.342004,-0.214228,0.314857,0.436499
20200331,592,-0.342004,0.088813,0.152905,0.436499
20200331,593,-0.342004,0.088813,0.152905,0.436499
20200331,594,-0.36261,0.290841,-0.090024,0.436499
20200331,595,-0.36261,0.290841,-0.090024,-1.145722
20200331,596,-0.355741,0.391855,-0.251976,0.436499
20200331,597,-0.355741,0.391855,-0.251976,0.436499
20200331,598,-0.335135,0.391855,-0.049536,-1.145722
20200331,599,-0.335135,0.391855,-0.049536,0.436499
20200331,600,-0.355741,0.088813,-0.090024,-2.727943
20200331,601,-0.355741,0.088813,-0.090024,-1.145722
20200331,602,-0.335135,0.492869,-0.049536,0.436499
20200331,603,-0.335135,0.492869,-0.049536,0.436499
20200331,604,-0.335135,0.391855,-0.090024,0.436499
20200331,605,-0.335135,0.391855,-0.090024,2.01872
20200331,606,-0.348872,0.088813,-0.049536,-1.145722
20200331,607,-0.348872,0.088813,-0.049536,-1.145722
20200331,608,-0.335135,0.492869,-0.171,0.436499
20200331,609,-0.335135,0.492869,-0.171,0.436499
20200331,610,-0.328267,0.290841,-0.211488,0.436499
20200331,611,-0.328267,0.290841,-0.211488,0.436499
20200331,612,-0.342004,0.391855,-0.171,0.436499
20200331,613,-0.342004,0.391855,-0.171,0.436499
20200331,614,-0.335135,0.189827,-0.009048,0.436499
20200331,615,-0.335135,0.189827,-0.009048,-1.145722
20200331,616,-0.328267,0.189827,0.03144,-1.145722
20200331,617,-0.328267,0.189827,0.03144,0.436499
20200331,618,-0.342004,0.593883,-0.009048,0.436499
20200331,619,-0.342004,0.593883,-0.009048,-1.145722
20200331,620,-0.328267,0.290841,-0.130512,0.436499
20200331,621,-0.328267,0.290841,-0.130512,0.436499
20200331,622,-0.342004,0.593883,-0.251976,-1.145722
20200331,623,-0.342004,0.593883,-0.251976,0.436499
20200331,624,-0.342004,0.189827,-0.292465,-2.727943
20200331,625,-0.342004,0.189827,-0.292465,-1.145722
20200331,626,-0.328267,0.694897,-0.130512,0.436499
20200331,627,-0.328267,0.694897,-0.130512,0.436499
20200331,628,-0.348872,0.391855,0.112416,0.436499
20200331,629,-0.348872,0.391855,0.112416,2.01872
20200331,630,-0.335135,0.189827,0.112416,-1.145722
20200331,631,-0.335135,0.189827,0.112416,-1.145722
20200331,632,-0.335135,0.189827,0.152905,0.436499
20200331,633,-0.335135,0.189827,0.152905,0.436499
20200331,634,-0.335135,0.290841,-0.009048,0.436499
20200331,635,-0.335135,0.290841,-0.009048,0.436499
20200331,636,-0.348872,0.391855,-0.090024,0.436499
20200331,637,-0.348872,0.391855,-0.090024,0.436499
20200331,638,-0.348872,0.391855,-0.413929,0.436499
20200331,639,-0.348872,0.391855,-0.413929,-1.145722
20200331,640,-0.36261,0.593883,-0.211488,-1.145722
20200331,641,-0.36261,0.593883,-0.211488,-1.145722
20200331,642,-0.328267,0.391855,-0.211488,-1.145722
20200331,643,-0.328267,0.391855,-0.211488,-1.145722
20200331,644,-0.335135,0.593883,-0.049536,0.436499
20200331,645,-0.335135,0.593883,-0.049536,2.01872
20200331,646,-0.342004,0.290841,0.274369,-1.145722
20200331,647,-0.342004,0.290841,0.274369,0.436499
20200331,648,-0.328267,0.189827,0.274369,-1.145722
20200331,649,-0.328267,0.189827,0.274369,0.436499
20200331,650,-0.355741,0.189827,0.193393,2.01872
20200331,651,-0.355741,0.189827,0.193393,-1.145722
20200331,652,-0.342004,-0.012201,-0.090024,0.436499
20200331,653,-0.342004,-0.012201,-0.090024,0.436499
20200331,654,-0.348872,0.189827,-0.251976,0.436499
20200331,655,-0.348872,0.189827,-0.251976,-1.145722
20200331,656,-0.342004,0.795911,-0.332953,0.436499
20200331,657,-0.342004,0.795911,-0.332953,0.436499
20200331,658,-0.342004,0.997939,-0.171,-1.145722
20200331,659,-0.342004,0.997939,-0.171,0.436499
20200331,660,-0.348872,0.290841,-0.049536,-2.727943
20200331,661,-0.348872,0.290841,-0.049536,-1.145722
20200331,662,-0.335135,0.189827,0.395833,0.436499
20200331,663,-0.335135,0.189827,0.395833,0.436499
20200331,664,-0.328267,-0.012201,0.436321,0.436499
20200331,665,-0.328267,-0.012201,0.436321,2.01872
20200331,666,-0.348872,0.391855,0.314857,-1.145722
20200331,667,-0.348872,0.391855,0.314857,-1.145722
20200331,668,-0.355741,0.694897,0.03144,0.436499
20200331,669,-0.355741,0.694897,0.03144,0.436499
20200331,670,-0.355741,0.593883,-0.171,0.436499
20200331,671,-0.355741,0.593883,-0.171,0.436499
20200331,672,-0.369478,0.492869,-0.292465,0.436499
20200331,673,-0.369478,0.492869,-0.292465,0.436499
20200331,674,-0.355741,0.391855,-0.373441,0.436499
20200331,675,-0.355741,0.391855,-0.373441,-1.145722
20200331,676,-0.335135,0.189827,-0.090024,-1.145722
20200331,677,-0.335135,0.189827,-0.090024,-1.145722
20200331,678,-0.335135,0.391855,0.112416,-1.145722
20200331,679,-0.335135,0.391855,0.112416,-1.145722
20200331,680,-0.335135,-0.012201,0.314857,0.436499
20200331,681,-0.335135,-0.012201,0.314857,2.01872
20200331,682,-0.348872,0.391855,0.314857,-1.145722
20200331,683,-0.348872,0.391855,0.314857,0.436499
20200331,684,-0.328267,0.391855,0.071928,-1.145722
20200331,685,-0.328267,0.391855,0.071928,0.436499
20200331,686,-0.36261,0.492869,-0.049536,2.01872
20200331,687,-0.36261,0.492869,-0.049536,-1.145722
20200331,688,-0.348872,0.391855,-0.130512,0.436499
20200331,689,-0.348872,0.391855,-0.130512,0.436499
20200331,690,-0.348872,0.694897,-0.292465,0.436499
20200331,691,-0.348872,0.694897,-0.292465,0.436499
20200331,692,-0.355741,0.391855,-0.049536,0.436499
20200331,693,-0.355741,0.391855,-0.049536,0.436499
20200331,694,-0.342004,0.290841,-0.049536,0.436499
20200331,695,-0.342004,0.290841,-0.049536,-1.145722
20200331,696,-0.348872,0.492869,0.112416,-1.145722
20200331,697,-0.348872,0.492869,0.112416,0.436499
20200331,698,-0.348872,0.088813,0.233881,-1.145722
20200331,699,-0.348872,0.088813,0.233881,2.01872
20200331,700,-0.342004,0.391855,-0.009048,0.436499
20200331,701,-0.342004,0.391855,-0.009048,0.436499
20200331,702,-0.335135,0.896925,-0.090024,0.436499
20200331,703,-0.335135,0.896925,-0.090024,0.436499
20200331,704,-0.36261,0.391855,-0.251976,0.436499
20200331,705,-0.36261,0.391855,-0.251976,0.436499
20200331,706,-0.335135,0.795911,-0.292465,0.436499
20200331,707,-0.335135,0.795911,-0.292465,0.436499
20200331,708,-0.36261,0.290841,-0.171,0.436499
20200331,709,-0.36261,0.290841,-0.171,-1.145722
20200331,710,-0.355741,0.290841,-0.009048,-1.145722
20200331,711,-0.355741,0.290841,-0.009048,0.436499
20200331,712,-0.348872,0.694897,-0.009048,-1.145722
20200331,713,-0.348872,0.694897,-0.009048,2.01872
20200331,714,-0.342004,0.694897,-0.090024,0.436499
20200331,715,-0.342004,0.694897,-0.090024,0.436499
20200331,716,-0.348872,0.896925,-0.130512,0.436499
20200331,717,-0.348872,0.896925,-0.130512,0.436499
20200331,718,-0.335135,0.694897,-0.171,0.436499
20200331,719,-0.335135,0.694897,-0.171,-1.145722
20200331,720,-0.355741,0.593883,-0.211488,0.436499
20200331,721,-0.355741,0.593883,-0.211488,0.436499
20200331,722,-0.348872,0.088813,-0.090024,-1.145722
20200331,723,-0.348872,0.088813,-0.090024,0.436499
20200331,724,-0.342004,0.694897,-0.090024,-2.727943
20200331,725,-0.342004,0.694897,-0.090024,-1.145722
20200331,726,-0.355741,0.391855,-0.090024,0.436499
20200331,727,-0.355741,0.391855,-0.090024,0.436499
20200331,728,-0.335135,0.492869,-0.049536,0.436499
20200331,729,-0.335135,0.492869,-0.049536,2.01872
20200331,730,-0.348872,0.290841,-0.211488,-1.145722
20200331,731,-0.348872,0.290841,-0.211488,-1.145722
20200331,732,-0.342004,0.189827,-0.251976,0.436499
20200331,733,-0.342004,0.189827,-0.251976,0.436499
20200331,734,-0.355741,0.492869,-0.211488,-1.145722
20200331,735,-0.355741,0.492869,-0.211488,0.436499
20200331,736,-0.355741,0.391855,-0.251976,0.436499
20200331,737,-0.355741,0.391855,-0.251976,-1.145722
20200331,738,-0.342004,0.189827,0.03144,0.436499
20200331,739,-0.342004,0.189827,0.03144,-2.727943
20200331,740,-0.335135,0.088813,0.112416,-1.145722
20200331,741,-0.335135,0.088813,0.112416,0.436499
20200331,742,-0.328267,0.492869,0.193393,0.436499
20200331,743,-0.328267,0.492869,0.193393,0.436499
20200331,744,-0.335135,0.391855,0.112416,2.01872
20200331,745,-0.335135,0.391855,0.112416,-1.145722
20200331,746,-0.36261,0.795911,-0.049536,-1.145722
20200331,747,-0.36261,0.795911,-0.049536,0.436499
20200331,748,-0.36261,0.593883,-0.211488,0.436499
20200331,749,-0.36261,0.593883,-0.211488,0.436499
20200331,750,-0.342004,0.189827,-0.251976,0.436499
20200331,751,-0.342004,0.189827,-0.251976,0.436499
20200331,752,-0.355741,0.391855,-0.292465,0.436499
20200331,753,-0.355741,0.391855,-0.292465,0.436499
20200331,754,-0.355741,0.088813,-0.171,-1.145722
20200331,755,-0.355741,0.088813,-0.171,-1.145722
20200331,756,-0.355741,0.492869,-0.049536,-1.145722
20200331,757,-0.355741,0.492869,-0.049536,-1.145722
20200331,758,-0.328267,-0.012201,-0.130512,-1.145722
20200331,759,-0.328267,-0.012201,-0.130512,0.436499
20200331,760,-0.348872,0.290841,-0.373441,2.01872
20200331,761,-0.348872,0.290841,-0.373441,-1.145722
20200331,762,-0.348872,0.290841,-0.171,0.436499
20200331,763,-0.348872,0.290841,-0.171,-1.145722
20200331,764,-0.335135,0.391855,-0.130512,0.436499
20200331,765,-0.335135,0.391855,-0.130512,2.01872
20200331,766,-0.335135,0.088813,-0.130512,-1.145722
20200331,767,-0.335135,0.088813,-0.130512,0.436499
20200331,768,-0.348872,0.290841,-0.090024,0.436499
20200331,769,-0.348872,0.290841,-0.090024,0.436499
20200331,770,-0.335135,0.189827,-0.049536,-1.145722
20200331,771,-0.335135,0.189827,-0.049536,0.436499
20200331,772,-0.342004,0.189827,-0.090024,0.436499
20200331,773,-0.342004,0.189827,-0.090024,-1.145722
20200331,774,-0.348872,0.189827,-0.130512,0.436499
20200331,775,-0.348872,0.189827,-0.130512,-2.727943
20200331,776,-0.348872,0.492869,-0.373441,-1.145722
20200331,777,-0.348872,0.492869,-0.373441,0.436499
20200331,778,-0.328267,0.391855,-0.211488,0.436499
20200331,779,-0.328267,0.391855,-0.211488,0.436499
20200331,780,-0.342004,0.290841,-0.211488,2.01872
20200331,781,-0.342004,0.290841,-0.211488,-1.145722
20200331,782,-0.335135,0.290841,-0.130512,-1.145722
20200331,783,-0.335135,0.290841,-0.130512,0.436499
20200331,784,-0.348872,0.189827,-0.090024,0.436499
20200331,785,-0.348872,0.189827,-0.090024,0.436499
20200331,786,-0.335135,0.391855,-0.171,0.436499
20200331,787,-0.335135,0.391855,-0.171,0.436499
20200331,788,-0.342004,0.492869,-0.130512,0.436499
20200331,789,-0.342004,0.492869,-0.130512,0.436499
20200331,790,-0.335135,0.088813,-0.090024,-1.145722
20200331,791,-0.335135,0.088813,-0.090024,-1.145722
20200331,792,-0.335135,0.290841,-0.130512,-1.145722
20200331,793,-0.335135,0.290841,-0.130512,-1.145722
20200331,794,-0.348872,0.492869,-0.171,-1.145722
20200331,795,-0.348872,0.492869,-0.171,0.436499
20200331,796,-0.36261,0.593883,-0.413929,2.01872
20200331,797,-0.36261,0.593883,-0.413929,-1.145722
20200331,798,-0.348872,0.290841,-0.332953,0.436499
20200331,799,-0.348872,0.290841,-0.332953,-1.145722
20200331,800,-0.335135,0.189827,-0.090024,0.436499
20200331,801,-0.335135,0.189827,-0.090024,2.01872
20200331,802,-0.335135,0.391855,0.03144,-1.145722
20200331,803,-0.335135,0.391855,0.03144,0.436499
20200331,804,-0.342004,0.391855,0.112416,0.436499
20200331,805,-0.342004,0.391855,0.112416,0.436499
20200331,806,-0.348872,0.795911,0.071928,0.436499
20200331,807,-0.348872,0.795911,0.071928,0.436499
20200331,808,-0.342004,0.290841,-0.090024,0.436499
20200331,809,-0.342004,0.290841,-0.090024,0.436499
20200331,810,-0.36261,0.694897,-0.211488,-1.145722
20200331,811,-0.36261,0.694897,-0.211488,-1.145722
20200331,812,-0.36261,0.492869,-0.251976,0.436499
20200331,813,-0.36261,0.492869,-0.251976,-1.145722
20200331,814,-0.335135,0.290841,-0.171,2.01872
20200331,815,-0.335135,0.290841,-0.171,0.436499
20200331,816,-0.355741,0.189827,-0.090024,0.436499
20200331,817,-0.355741,0.189827,-0.090024,0.436499
20200331,818,-0.342004,0.189827,0.233881,0.436499
20200331,819,-0.342004,0.189827,0.233881,0.436499
20200331,820,-0.335135,0.088813,0.193393,0.436499
20200331,821,-0.335135,0.088813,0.193393,0.436499
20200331,822,-0.355741,-0.012201,0.112416,0.436499
20200331,823,-0.355741,-0.012201,0.112416,0.436499
20200331,824,-0.342004,0.189827,-0.130512,-1.145722
20200331,825,-0.342004,0.189827,-0.130512,-1.145722
20200331,826,-0.36261,0.189827,-0.251976,0.436499
20200331,827,-0.36261,0.189827,-0.251976,-1.145722
20200331,828,-0.348872,0.290841,-0.171,0.436499
20200331,829,-0.348872,0.290841,-0.171,0.436499
20200331,830,-0.342004,-0.012201,-0.171,-1.145722
20200331,831,-0.342004,-0.012201,-0.171,0.436499
20200331,832,-0.342004,0.189827,-0.251976,0.436499
20200331,833,-0.342004,0.189827,-0.251976,-1.145722
20200331,834,-0.335135,0.088813,0.071928,0.436499
20200331,835,-0.335135,0.088813,0.071928,-2.727943
20200331,836,-0.328267,-0.012201,0.112416,-1.145722
20200331,837,-0.328267,-0.012201,0.112416,0.436499
20200331,838,-0.355741,0.189827,0.03144,0.436499
20200331,839,-0.355741,0.189827,0.03144,0.436499
20200331,840,-0.348872,0.290841,-0.130512,2.01872
20200331,841,-0.348872,0.290841,-0.130512,-1.145722
20200331,842,-0.342004,0.290841,-0.171,-1.145722
20200331,843,-0.342004,0.290841,-0.171,0.436499
20200331,844,-0.348872,0.189827,-0.373441,0.436499
20200331,845,-0.348872,0.189827,-0.373441,0.436499
20200331,846,-0.342004,0.290841,-0.332953,0.436499
20200331,847,-0.342004,0.290841,-0.332953,0.436499
20200331,848,-0.335135,0.593883,0.03144,0.436499
20200331,849,-0.335135,0.593883,0.03144,0.436499
20200331,850,-0.348872,0.290841,0.071928,-1.145722
20200331,851,-0.348872,0.290841,0.071928,-1.145722
20200331,852,-0.348872,0.189827,-0.049536,-1.145722
20200331,853,-0.348872,0.189827,-0.049536,-1.145722
20200331,854,-0.348872,0.391855,-0.211488,-1.145722
20200331,855,-0.348872,0.391855,-0.211488,0.436499
20200331,856,-0.348872,0.492869,-0.211488,2.01872
20200331,857,-0.348872,0.492869,-0.211488,-1.145722
20200331,858,-0.342004,0.694897,-0.494905,0.436499
20200331,859,-0.342004,0.694897,-0.494905,-1.145722
20200331,860,-0.342004,0.391855,-0.211488,0.436499
20200331,861,-0.342004,0.391855,-0.211488,2.01872
20200331,862,-0.342004,1.199967,-0.049536,-1.145722
20200331,863,-0.342004,1.199967,-0.049536,0.436499
20200331,864,-0.335135,0.896925,0.152905,0.436499
20200331,865,-0.335135,0.896925,0.152905,0.436499
20200331,866,-0.328267,0.896925,0.112416,-1.145722
20200331,867,-0.328267,0.896925,0.112416,0.436499
20200331,868,-0.328267,0.896925,0.071928,0.436499
20200331,869,-0.328267,0.896925,0.071928,-1.145722
20200331,870,-0.328267,0.997939,-0.090024,0.436499
20200331,871,-0.328267,0.997939,-0.090024,-2.727943
20200331,872,-0.335135,0.896925,-0.171,-1.145722
20200331,873,-0.335135,0.896925,-0.171,0.436499
20200331,874,-0.328267,0.694897,-0.535393,0.436499
20200331,875,-0.328267,0.694897,-0.535393,0.436499
20200331,876,-0.335135,0.997939,-0.171,2.01872
20200331,877,-0.335135,0.997939,-0.171,-1.145722
20200331,878,-0.328267,1.300981,0.112416,-1.145722
20200331,879,-0.328267,1.300981,0.112416,0.436499
20200331,880,-0.328267,1.199967,0.193393,0.436499
20200331,881,-0.328267,1.199967,0.193393,0.436499
20200331,882,-0.335135,0.997939,0.193393,0.436499
20200331,883,-0.335135,0.997939,0.193393,0.436499
20200331,884,-0.335135,0.997939,0.03144,0.436499
20200331,885,-0.335135,0.997939,0.03144,0.436499
20200331,886,-0.328267,1.401995,-0.332953,-1.145722
20200331,887,-0.328267,1.401995,-0.332953,-1.145722
20200331,888,-0.335135,1.300981,-0.332953,-1.145722
20200331,889,-0.335135,1.300981,-0.332953,-1.145722
20200331,890,-0.342004,1.098953,-0.251976,-1.145722
20200331,891,-0.342004,1.098953,-0.251976,0.436499
20200331,892,-0.342004,1.199967,-0.130512,2.01872
20200331,893,-0.342004,1.199967,-0.130512,-1.145722
20200331,894,-0.328267,1.401995,-0.009048,0.436499
20200331,895,-0.328267,1.401995,-0.009048,-1.145722
20200331,896,-0.31453,1.199967,-0.049536,0.436499
20200331,897,-0.31453,1.199967,-0.049536,2.01872
20200331,898,-0.321398,1.098953,-0.090024,-1.145722
20200331,899,-0.321398,1.098953,-0.090024,0.436499
20200331,900,-0.335135,1.401995,-0.251976,0.436499
20200331,901,-0.335135,1.401995,-0.251976,0.436499
20200331,902,-0.328267,1.705037,-0.211488,0.436499
20200331,903,-0.328267,1.705037,-0.211488,0.436499
20200331,904,-0.335135,2.614163,-0.171,0.436499
20200331,905,-0.335135,2.614163,-0.171,0.436499
20200331,906,-0.321398,2.311121,0.03144,-1.145722
20200331,907,-0.321398,2.311121,0.03144,-1.145722
20200331,908,-0.307661,2.008079,0.355345,0.436499
20200331,909,-0.307661,2.008079,0.355345,-1.145722
20200331,910,-0.307661,2.210107,0.233881,2.01872
20200331,911,-0.307661,2.210107,0.233881,0.436499
20200331,912,-0.300792,2.816191,0.112416,0.436499
20200331,913,-0.300792,2.816191,0.112416,0.436499
20200331,914,-0.328267,3.624302,-0.211488,0.436499
20200331,915,-0.328267,3.624302,-0.211488,0.436499
20200331,916,-0.31453,2.210107,-0.292465,0.436499
20200331,917,-0.31453,2.210107,-0.292465,0.436499
20200331,918,-0.293924,2.311121,-0.171,0.436499
20200331,919,-0.293924,2.311121,-0.171,0.436499
20200331,920,-0.31453,1.806051,-0.090024,-1.145722
20200331,921,-0.31453,1.806051,-0.090024,-1.145722
20200331,922,-0.300792,2.412135,0.071928,0.436499
20200331,923,-0.300792,2.412135,0.071928,-1.145722
20200331,924,-0.307661,0.290841,-0.009048,2.01872
20200331,925,-0.307661,0.290841,-0.009048,0.436499
20200331,926,-0.31453,0.189827,-0.130512,0.436499
20200331,927,-0.31453,0.189827,-0.130512,0.436499
20200331,928,-0.307661,0.391855,-0.251976,0.436499
20200331,929,-0.307661,0.391855,-0.251976,0.436499
20200331,930,-0.328267,0.492869,-0.211488,-1.145722
20200331,931,-0.328267,0.492869,-0.211488,0.436499
20200331,932,-0.328267,0.694897,-0.049536,0.436499
20200331,933,-0.328267,0.694897,-0.049536,-1.145722
20200331,934,-0.321398,0.391855,0.112416,0.436499
20200331,935,-0.321398,0.391855,0.112416,-2.727943
20200331,936,-0.300792,1.199967,0.112416,-1.145722
20200331,937,-0.300792,1.199967,0.112416,0.436499
20200331,938,-0.307661,0.896925,-0.171,0.436499
20200331,939,-0.307661,0.896925,-0.171,0.436499
20200331,940,-0.26645,0.896925,-0.292465,2.01872
20200331,941,-0.26645,0.896925,-0.292465,-1.145722
20200331,942,-0.31453,0.896925,-0.211488,-1.145722
20200331,943,-0.31453,0.896925,-0.211488,0.436499
20200331,944,-0.328267,0.997939,-0.090024,0.436499
20200331,945,-0.328267,0.997939,-0.090024,0.436499
20200331,946,-0.321398,0.896925,0.152905,0.436499
20200331,947,-0.321398,0.896925,0.152905,0.436499
20200331,948,-0.31453,0.694897,0.314857,0.436499
20200331,949,-0.31453,0.694897,0.314857,0.436499
20200331,950,-0.321398,0.997939,0.193393,-1.145722
20200331,951,-0.321398,0.997939,0.193393,-1.145722
20200331,952,-0.31453,1.300981,0.112416,-1.145722
20200331,953,-0.31453,1.300981,0.112416,-1.145722
20200331,954,-0.335135,1.199967,-0.130512,-1.145722
20200331,955,-0.335135,1.199967,-0.130512,0.436499
20200331,956,-0.31453,0.997939,-0.292465,2.01872
20200331,957,-0.31453,0.997939,-0.292465,-1.145722
20200331,958,-0.328267,0.997939,-0.211488,0.436499
20200331,959,-0.328267,0.997939,-0.211488,-1.145722
20200331,960,-0.328267,1.401995,-0.090024,0.436499
20200331,961,-0.328267,1.401995,-0.090024,2.01872
20200331,962,-0.31453,1.300981,0.112416,-1.145722
20200331,963,-0.31453,1.300981,0.112416,0.436499
20200331,964,-0.31453,1.098953,0.233881,0.436499
20200331,965,-0.31453,1.098953,0.233881,-1.145722
20200331,966,-0.31453,1.199967,0.193393,0.436499
20200331,967,-0.31453,1.199967,0.193393,0.436499
20200331,968,-0.328267,1.401995,0.112416,-1.145722
20200331,969,-0.328267,1.401995,0.112416,0.436499
20200331,970,-0.321398,1.199967,-0.211488,-2.727943
20200331,971,-0.321398,1.199967,-0.211488,-1.145722
20200331,972,-0.280187,1.098953,-0.251976,0.436499
20200331,973,-0.280187,1.098953,-0.251976,0.436499
20200331,974,-0.328267,1.401995,-0.009048,0.436499
20200331,975,-0.328267,1.401995,-0.009048,2.01872
20200331,976,-0.300792,1.705037,0.112416,-1.145722
20200331,977,-0.300792,1.705037,0.112416,-1.145722
20200331,978,-0.287055,2.614163,0.071928,0.436499
20200331,979,-0.287055,2.614163,0.071928,0.436499
20200331,980,-0.307661,2.311121,-0.211488,0.436499
20200331,981,-0.307661,2.311121,-0.211488,0.436499
20200331,982,-0.287055,2.008079,-0.251976,0.436499
20200331,983,-0.287055,2.008079,-0.251976,0.436499
20200331,984,-0.348872,2.210107,-0.454417,0.436499
20200331,985,-0.348872,2.210107,-0.454417,-1.145722
20200331,986,-0.348872,2.816191,-0.171,-1.145722
20200331,987,-0.348872,2.816191,-0.171,-1.145722
20200331,988,-0.342004,3.624302,-0.130512,-1.145722
20200331,989,-0.342004,3.624302,-0.130512,-1.145722
20200331,990,-0.335135,2.210107,-0.009048,0.436499
20200331,991,-0.335135,2.210107,-0.009048,2.01872
20200331,992,-0.335135,2.311121,0.071928,-1.145722
20200331,993,-0.335135,2.311121,0.071928,0.436499
20200331,994,-0.355741,1.806051,-0.009048,-1.145722
20200331,995,-0.355741,1.806051,-0.009048,0.436499
20200331,996,-0.328267,2.412135,-0.049536,2.01872
20200331,997,-0.328267,2.412135,-0.049536,-1.145722
20200331,998,-0.335135,0.290841,-0.171,0.436499
20200331,999,-0.335135,0.189827,-0.171,0.436499
20200331,1000,-0.300792,0.189827,-0.211488,0.436499
20200331,1001,-0.300792,0.189827,-0.211488,-1.145722
20200331,1002,-0.300792,0.189827,-0.049536,0.436499
20200331,1003,-0.300792,0.088813,-0.049536,0.436499
20200331,1004,-0.719776,0.088813,-0.090024,-1.145722
20200331,1005,-0.719776,-0.012201,-0.090024,0.436499
20200331,1006,-0.396953,-0.012201,-0.575881,-2.727943
20200331,1007,-0.396953,0.189827,-0.575881,-1.145722
20200331,1008,-0.300792,0.189827,-0.130512,0.436499
20200331,1009,-0.300792,0.189827,-0.130512,0.436499
20200331,1010,-0.211501,0.189827,0.152905,0.436499
20200331,1011,-0.211501,0.290841,0.152905,2.01872
20200331,1012,-0.26645,0.290841,0.314857,-1.145722
20200331,1013,-0.26645,-0.012201,0.314857,-1.145722
20200331,1014,-0.245844,-0.012201,0.395833,0.436499
20200331,1015,-0.245844,0.189827,0.395833,0.436499
20200331,1016,-0.225238,0.189827,0.112416,0.436499
20200331,1017,-0.225238,0.088813,0.112416,0.436499
20200331,1018,-0.232107,0.088813,-0.049536,0.436499
20200331,1019,-0.232107,-0.012201,-0.049536,0.436499
20200331,1020,-0.225238,-0.012201,-0.251976,0.436499
20200331,1021,-0.225238,0.189827,-0.251976,-1.145722
20200331,1022,-0.232107,0.189827,-0.292465,-1.145722
20200331,1023,-0.232107,0.290841,-0.292465,-1.145722
20200331,1024,-0.225238,0.290841,-0.090024,-1.145722
20200331,1025,-0.225238,0.290841,-0.090024,-1.145722
20200331,1026,-0.149684,0.290841,0.152905,0.436499
20200331,1027,-0.149684,0.189827,0.152905,2.01872
20200331,1028,-0.211501,0.189827,0.152905,-1.145722
20200331,1029,-0.211501,0.290841,0.152905,0.436499
20200331,1030,-0.211501,0.290841,-0.090024,-1.145722
20200331,1031,-0.211501,0.593883,-0.090024,0.436499
20200331,1032,-0.163421,0.593883,-0.251976,2.01872
20200331,1033,-0.163421,0.290841,-0.251976,-1.145722
20200331,1034,-0.238975,0.290841,-0.211488,0.436499
20200331,1035,-0.238975,0.189827,-0.211488,0.436499
20200331,1036,-0.225238,0.189827,-0.090024,0.436499
20200331,1037,-0.225238,0.391855,-0.090024,0.436499
20200331,1038,-0.225238,0.391855,-0.130512,0.436499
20200331,1039,-0.225238,0.492869,-0.130512,0.436499
20200331,1040,-0.204632,0.492869,-0.090024,0.436499
20200331,1041,-0.204632,0.694897,-0.090024,-1.145722
20200331,1042,-0.218369,0.694897,-0.130512,-1.145722
20200331,1043,-0.218369,0.391855,-0.130512,0.436499
20200331,1044,-0.218369,0.391855,-0.251976,-1.145722
20200331,1045,-0.218369,1.199967,-0.251976,2.01872
20200331,1046,-0.225238,1.199967,-0.292465,0.436499
20200331,1047,-0.225238,0.896925,-0.292465,0.436499
20200331,1048,-0.232107,0.896925,-0.211488,0.436499
20200331,1049,-0.232107,0.896925,-0.211488,0.436499
20200331,1050,-0.238975,0.896925,0.03144,0.436499
20200331,1051,-0.238975,0.896925,0.03144,0.436499
20200331,1052,-0.252712,0.896925,0.193393,0.436499
20200331,1053,-0.252712,0.997939,0.193393,0.436499
20200331,1054,-0.245844,0.997939,0.193393,0.436499
20200331,1055,-0.245844,0.896925,0.193393,-1.145722
20200331,1056,-0.26645,0.896925,0.03144,-1.145722
20200331,1057,-0.26645,0.694897,0.03144,0.436499
20200331,1058,-0.273318,0.694897,0.03144,-1.145722
20200331,1059,-0.273318,0.997939,0.03144,2.01872
20200331,1060,-0.26645,0.997939,-0.171,0.436499
20200331,1061,-0.26645,1.300981,-0.171,0.436499
20200331,1062,-0.273318,1.300981,-0.292465,0.436499
20200331,1063,-0.273318,1.199967,-0.292465,0.436499
20200331,1064,-0.280187,1.199967,-0.332953,0.436499
20200331,1065,-0.280187,0.997939,-0.332953,-1.145722
20200331,1066,-0.259581,0.997939,-0.171,0.436499
20200331,1067,-0.259581,0.997939,-0.171,0.436499
20200331,1068,-0.26645,0.997939,0.152905,-1.145722
20200331,1069,-0.26645,1.401995,0.152905,0.436499
20200331,1070,-0.26645,1.401995,0.355345,-2.727943
20200331,1071,-0.26645,1.300981,0.355345,-1.145722
20200331,1072,-0.211501,1.300981,-0.009048,0.436499
20200331,1073,-0.211501,1.098953,-0.009048,0.436499
20200331,1074,-0.218369,1.098953,-0.211488,0.436499
20200331,1075,-0.218369,1.199967,-0.211488,2.01872
20200331,1076,-0.211501,1.199967,-0.211488,-1.145722
20200331,1077,-0.211501,1.401995,-0.211488,-1.145722
20200331,1078,-0.197764,1.401995,-0.211488,0.436499
20200331,1079,-0.197764,1.199967,-0.211488,0.436499
20200331,1080,-0.218369,1.199967,-0.130512,0.436499
20200331,1081,-0.218369,1.098953,-0.130512,0.436499
20200331,1082,-0.204632,1.098953,-0.009048,-1.145722
20200331,1083,-0.204632,1.401995,-0.009048,0.436499
20200331,1084,-0.218369,1.401995,0.193393,0.436499
20200331,1085,-0.218369,1.705037,0.193393,-1.145722
20200331,1086,-0.190895,1.705037,0.152905,0.436499
20200331,1087,-0.190895,2.614163,0.152905,-2.727943
20200331,1088,-0.197764,2.614163,0.03144,-1.145722
20200331,1089,-0.197764,2.311121,0.03144,0.436499
20200331,1090,-0.225238,2.311121,-0.049536,0.436499
20200331,1091,-0.225238,2.008079,-0.049536,0.436499
20200331,1092,-0.225238,2.008079,-0.171,2.01872
20200331,1093,-0.225238,2.210107,-0.171,-1.145722
20200331,1094,-0.225238,2.210107,-0.251976,-1.145722
20200331,1095,-0.225238,2.816191,-0.251976,0.436499
20200331,1096,-0.197764,2.816191,-0.292465,0.436499
20200331,1097,-0.197764,3.624302,-0.292465,0.436499
20200331,1098,-0.204632,3.624302,-0.049536,0.436499
20200331,1099,-0.204632,2.210107,-0.049536,0.436499
20200331,1100,-0.204632,2.210107,0.071928,0.436499
20200331,1101,-0.204632,2.311121,0.071928,0.436499
20200331,1102,-0.211501,2.311121,0.193393,-1.145722
20200331,1103,-0.211501,1.806051,0.193393,-1.145722
20200331,1104,-0.190895,1.806051,-0.049536,-1.145722
20200331,1105,-0.190895,2.412135,-0.049536,-1.145722
20200331,1106,-0.238975,2.412135,-0.332953,-1.145722
20200331,1107,-0.238975,0.290841,-0.332953,0.436499
20200331,1108,-0.204632,0.290841,-0.090024,2.01872
20200331,1109,-0.204632,0.189827,-0.090024,-1.145722
20200331,1110,-0.211501,0.189827,-0.251976,0.436499
20200331,1111,-0.211501,0.088813,-0.251976,-1.145722
20200331,1112,-0.211501,0.088813,-0.332953,0.436499
20200331,1113,-0.211501,-0.012201,-0.332953,2.01872
20200331,1114,-0.225238,-0.012201,-0.009048,-1.145722
20200331,1115,-0.225238,0.189827,-0.009048,0.436499
20200331,1116,-0.184027,0.189827,0.03144,0.436499
20200331,1117,-0.184027,0.290841,0.03144,0.436499
20200331,1118,-0.204632,0.290841,0.071928,-1.145722
20200331,1119,-0.204632,0.290841,0.071928,0.436499
20200331,1120,-0.204632,0.290841,-0.211488,0.436499
20200331,1121,-0.204632,0.189827,-0.211488,-1.145722
20200331,1122,-0.197764,0.189827,-0.251976,0.436499
20200331,1123,-0.197764,0.290841,-0.251976,-2.727943
20200331,1124,-0.211501,0.290841,-0.413929,-1.145722
20200331,1125,-0.211501,0.593883,-0.413929,0.436499
20200331,1126,-0.211501,0.593883,-0.130512,0.436499
20200331,1127,-0.211501,0.290841,-0.130512,0.436499
20200331,1128,-0.204632,0.290841,-6.568119,2.01872
20200331,1129,-0.204632,0.189827,-6.568119,-1.145722
20200331,1130,-0.204632,0.189827,-9.037893,-1.145722
20200331,1131,-0.204632,0.391855,-9.037893,0.436499
20200331,1132,5.324574,0.391855,-9.240333,0.436499
20200331,1133,5.324574,0.492869,-9.240333,0.436499
20200331,1134,4.452264,0.492869,-9.32131,0.436499
20200331,1135,4.452264,0.694897,-9.32131,0.436499
20200331,1136,4.314893,0.694897,-9.564238,0.436499
20200331,1137,4.314893,0.391855,-9.564238,0.436499
20200331,1138,4.273681,0.391855,-9.726191,-1.145722
20200331,1139,4.273681,1.199967,-9.726191,-1.145722
20200331,1140,4.301155,1.199967,-9.604726,-1.145722
20200331,1141,4.301155,0.896925,-9.604726,-1.145722
20200331,1142,4.294287,0.896925,-8.430571,-1.145722
20200331,1143,4.294287,0.896925,-8.430571,0.436499
20200331,1144,4.253075,0.896925,-6.649095,2.01872
20200331,1145,4.253075,0.896925,-6.649095,-1.145722
20200331,1146,4.23247,0.896925,-4.017369,0.436499
20200331,1147,4.23247,0.997939,-4.017369,-1.145722
20200331,1148,4.122572,0.997939,-1.264179,0.436499
20200331,1149,4.122572,0.896925,-1.264179,2.01872
20200331,1150,3.978332,0.896925,0.638762,-1.145722
20200331,1151,3.978332,0.694897,0.638762,0.436499
20200331,1152,3.751669,0.694897,1.650964,0.436499
20200331,1153,3.751669,0.997939,1.650964,0.436499
20200331,1154,3.525006,0.997939,1.893893,0.436499
20200331,1155,3.525006,1.300981,1.893893,0.436499
20200331,1156,3.31208,1.300981,2.096333,0.436499
20200331,1157,3.31208,1.199967,2.096333,0.436499
20200331,1158,3.11976,1.199967,1.772428,-1.145722
20200331,1159,3.11976,0.997939,1.772428,-1.145722
20200331,1160,3.016731,0.997939,1.489012,0.436499
20200331,1161,3.016731,0.997939,1.489012,-1.145722
20200331,1162,2.92744,0.997939,1.246083,2.01872
20200331,1163,2.92744,1.401995,1.246083,0.436499
20200331,1164,2.893097,1.401995,0.962666,0.436499
20200331,1165,2.893097,1.300981,0.962666,0.436499
20200331,1166,2.845017,1.300981,0.638762,0.436499
20200331,1167,2.845017,1.098953,0.638762,0.436499
20200331,1168,2.817542,1.098953,0.112416,0.436499
20200331,1169,2.817542,1.199967,0.112416,0.436499
20200331,1170,2.817542,1.199967,-0.211488,0.436499
20200331,1171,2.652696,1.401995,-0.413929,0.436499
20200331,1172,2.673302,1.401995,-0.778322,-1.145722
20200331,1173,2.687039,1.199967,-1.102226,-1.145722
20200331,1174,2.714514,1.199967,-1.385643,0.436499
20200331,1175,2.700777,1.098953,-1.66906,-1.145722
20200331,1176,2.741988,1.098953,-1.8715,2.01872
20200331,1177,2.604616,1.401995,-2.195405,0.436499
20200331,1178,2.625222,1.401995,-2.276381,0.436499
20200331,1179,2.590879,1.705037,-2.195405,0.436499
20200331,1180,2.597748,1.705037,-2.154917,0.436499
20200331,1181,2.645828,2.614163,-2.033453,0.436499
20200331,1182,2.638959,2.614163,-1.911988,-1.145722
20200331,1183,2.666434,2.311121,-1.992964,0.436499
20200331,1184,2.707645,2.311121,-1.952476,0.436499
20200331,1185,2.687039,2.008079,-2.114429,-1.145722
20200331,1186,2.638959,2.008079,-2.073941,0.436499
20200331,1187,2.645828,2.210107,-2.478822,-2.727943
20200331,1188,2.666434,2.210107,-2.033453,-1.145722
20200331,1189,2.687039,2.816191,-2.033453,0.436499
20200331,1190,2.714514,2.816191,-1.992964,0.436499
20200331,1191,2.769462,3.624302,-1.952476,0.436499
20200331,1192,2.714514,3.624302,-2.073941,-1.145722
20200331,1193,2.741988,2.210107,-2.033453,0.436499
20200331,1194,2.83128,2.210107,-2.235893,0.436499
20200331,1195,2.824411,2.311121,-2.276381,-1.145722
20200331,1196,2.851885,2.311121,-2.154917,0.436499
20200331,1197,2.838148,1.806051,-2.114429,-2.727943
20200331,1198,2.810674,1.806051,-2.033453,-1.145722
20200331,1199,2.790068,2.412135,-2.114429,0.436499
20200331,1200,2.790068,2.412135,-2.033453,0.436499
20200331,1201,2.776331,0.290841,-1.992964,0.436499
20200331,1202,2.783199,0.290841,-2.114429,2.01872
20200331,1203,2.776331,0.189827,-2.114429,-1.145722
20200331,1204,2.776331,0.189827,-2.195405,-1.145722
20200331,1205,2.906834,0.391855,-2.235893,0.436499
20200331,1206,2.899965,0.391855,-2.235893,0.436499
20200331,1207,2.913702,0.492869,-2.478822,0.436499
20200331,1208,2.872491,0.492869,-2.154917,0.436499
20200331,1209,2.851885,0.694897,-2.114429,0.436499
20200331,1210,2.83128,0.694897,-2.235893,0.436499
20200331,1211,2.858754,0.391855,-2.478822,0.436499
20200331,1212,3.689852,0.391855,-2.478822,-1.145722
20200331,1213,2.996125,1.199967,-1.911988,-1.145722
20200331,1214,2.87936,1.199967,-1.952476,-1.145722
20200331,1215,2.858754,0.896925,-1.831012,-1.145722
20200331,1216,2.796937,0.896925,-1.831012,-1.145722
20200331,1217,2.790068,0.896925,-1.8715,0.436499
20200331,1218,2.803805,0.896925,-2.154917,2.01872
20200331,1219,2.810674,0.896925,-2.276381,-1.145722
20200331,1220,2.803805,0.896925,-1.831012,0.436499
20200331,1221,2.803805,0.997939,-0.454417,-1.145722
20200331,1222,2.755725,0.997939,1.367547,0.436499
20200331,1223,1.107266,0.896925,3.068047,2.01872
20200331,1224,1.107266,0.896925,3.958785,-1.145722
20200331,1225,1.031712,0.694897,4.323178,0.436499
20200331,1226,0.908077,0.694897,4.323178,0.436499
20200331,1227,0.5097,0.997939,4.161226,0.436499
20200331,1228,0.70202,0.997939,3.837321,-1.145722
20200331,1229,0.736363,1.300981,3.553904,0.436499
20200331,1230,0.640203,1.300981,3.149024,0.436499
20200331,1231,0.626466,1.199967,2.865607,-1.145722
20200331,1232,0.626466,1.199967,2.58219,0.436499
20200331,1233,0.647071,0.997939,2.136821,-2.727943
20200331,1234,0.65394,0.997939,1.853404,-1.145722
20200331,1235,0.55778,0.997939,1.569988,0.436499
20200331,1236,0.585254,0.997939,1.448524,0.436499
20200331,1237,0.585254,1.401995,1.812916,0.436499
20200331,1238,0.585254,1.401995,2.420238,2.01872
20200331,1239,0.647071,1.300981,2.906095,-1.145722
20200331,1240,0.633334,1.300981,2.946583,-1.145722
20200331,1241,0.592123,1.098953,2.906095,0.436499
20200331,1242,0.60586,1.098953,2.663166,0.436499
20200331,1243,0.585254,1.199967,2.258285,0.436499
20200331,1244,0.550911,1.199967,2.015357,0.436499
20200331,1245,0.60586,1.401995,1.772428,0.436499
20200331,1246,0.592123,1.401995,1.448524,0.436499
20200331,1247,0.592123,1.199967,1.73194,0.436499
20200331,1248,0.619597,1.199967,2.055845,-1.145722
20200331,1249,0.585254,1.098953,2.37975,-1.145722
20200331,1250,0.578386,1.098953,2.501214,-1.145722
20200331,1251,0.399803,1.401995,1.772428,-1.145722
20200331,1252,2.240582,1.401995,2.015357,-1.145722
20200331,1253,0.193745,1.705037,2.420238,0.436499
20200331,1254,0.152534,1.705037,2.339262,2.01872
20200331,1255,0.083848,2.614163,2.298774,-1.145722
20200331,1256,0.063242,2.614163,2.055845,0.436499
20200331,1257,0.104454,2.311121,1.812916,-1.145722
20200331,1258,0.070111,2.311121,1.691452,0.436499
20200331,1259,0.001425,2.008079,1.73194,2.01872
20200331,1260,0.070111,2.008079,1.974869,-1.145722
20200331,1261,0.049505,2.210107,2.258285,0.436499
20200331,1262,0.241825,2.210107,2.258285,0.436499
20200331,1263,0.207482,2.816191,2.136821,0.436499
20200331,1264,0.331117,2.816191,-0.090024,0.436499
20200331,1265,3.703589,3.624302,-0.211488,0.436499
20200331,1266,4.204995,3.624302,-0.535393,0.436499
20200331,1267,2.34361,2.210107,0.355345,0.436499
20200331,1268,2.206239,2.210107,1.003155,-1.145722
20200331,1269,2.144422,2.311121,2.906095,-1.145722
20200331,1270,1.608672,2.311121,4.606595,0.436499
20200331,1271,1.615541,1.806051,5.659285,-1.145722
20200331,1272,1.615541,1.806051,6.185631,2.01872
20200331,1273,1.581198,2.412135,6.347583,0.436499
20200331,1274,0.880603,2.412135,6.064166,0.436499
20200331,1275,1.182821,0.290841,5.78075,0.436499
20200331,1276,1.237769,0.189827,5.416357,0.436499
20200331,1277,1.217163,0.189827,5.092452,0.436499
20200331,1278,1.189689,0.189827,4.687571,0.436499
20200331,1279,1.175952,0.189827,4.28269,0.436499
20200331,1280,1.169083,0.088813,3.958785,0.436499
20200331,1281,1.210295,0.088813,3.513416,0.436499
20200331,1282,1.615541,-0.012201,3.149024,-1.145722
20200331,1283,1.533118,-0.012201,2.825119,-1.145722
20200331,1284,1.430089,0.189827,2.460726,0.436499
20200331,1285,1.416352,0.189827,2.136821,0.436499
20200331,1286,1.62241,0.189827,1.812916,-1.145722
20200331,1287,1.773518,0.189827,1.448524,0.436499
20200331,1288,1.828467,0.290841,1.812916,0.436499
20200331,1289,3.21592,0.290841,2.136821,-1.145722
20200331,1290,3.181577,-0.012201,2.298774,0.436499
20200331,1291,3.181577,-0.012201,2.339262,-2.727943
20200331,1292,3.69672,0.189827,2.37975,-1.145722
20200331,1293,2.123816,0.189827,2.055845,0.436499
20200331,1294,4.362973,0.088813,1.73194,0.436499
20200331,1295,4.452264,0.088813,1.73194,0.436499
20200331,1296,3.875304,-0.012201,1.934381,2.01872
20200331,1297,3.861566,-0.012201,2.217797,-1.145722
20200331,1298,3.854698,0.189827,2.420238,-1.145722
20200331,1299,3.840961,0.189827,2.298774,0.436499
20200331,1300,3.277737,0.290841,2.136821,0.436499
20200331,1301,3.277737,0.290841,1.934381,0.436499
20200331,1302,3.264,0.290841,1.73194,0.436499
20200331,1303,3.016731,0.290841,1.650964,0.436499
20200331,1304,2.755725,0.189827,2.015357,0.436499
20200331,1305,2.769462,0.189827,2.298774,0.436499
20200331,1306,2.741988,0.290841,2.460726,-1.145722
20200331,1307,2.316136,0.290841,2.37975,-1.145722
20200331,1308,2.137553,0.593883,2.177309,-1.145722
20200331,1309,2.061999,0.593883,1.974869,-1.145722
20200331,1310,1.423221,0.290841,1.73194,-1.145722
20200331,1311,1.485038,0.290841,1.772428,0.436499
20200331,1312,1.491907,0.189827,1.974869,2.01872
20200331,1313,1.52625,0.189827,2.136821,-1.145722
20200331,1314,1.491907,0.391855,2.37975,0.436499
20200331,1315,1.539987,0.391855,2.258285,-1.145722
20200331,1316,3.057943,0.492869,2.055845,0.436499
20200331,1317,3.009863,0.492869,1.853404,2.01872
20200331,1318,2.851885,0.694897,1.853404,-1.145722
20200331,1319,3.525006,0.694897,1.812916,0.436499
20200331,1320,4.211864,0.391855,1.893893,0.436499
20200331,1321,3.840961,0.391855,2.096333,0.436499
20200331,1322,3.799749,1.199967,2.177309,-1.145722
20200331,1323,3.64864,1.199967,2.136821,0.436499
20200331,1324,3.662378,0.896925,1.974869,0.436499
20200331,1325,3.511269,0.896925,1.853404,-1.145722
20200331,1326,3.518137,0.896925,1.691452,0.436499
20200331,1327,3.525006,0.896925,1.73194,-2.727943
20200331,1328,3.518137,0.896925,2.055845,-1.145722
20200331,1329,3.518137,0.896925,2.339262,0.436499
20200331,1330,3.531875,0.997939,2.37975,0.436499
20200331,1331,3.545612,0.997939,2.339262,0.436499
20200331,1332,3.531875,0.896925,2.055845,2.01872
20200331,1333,3.525006,0.896925,1.974869,-1.145722
20200331,1334,3.518137,0.694897,1.812916,-1.145722
20200331,1335,3.5044,0.694897,1.73194,0.436499
20200331,1336,3.518137,0.997939,1.812916,0.436499
20200331,1337,3.511269,0.997939,1.974869,0.436499
20200331,1338,3.511269,1.300981,2.258285,0.436499
20200331,1339,3.531875,1.300981,2.217797,0.436499
20200331,1340,3.538743,1.199967,2.177309,0.436499
20200331,1341,3.518137,1.199967,2.015357,0.436499
20200331,1342,3.525006,0.997939,1.974869,-1.145722
20200331,1343,3.511269,0.997939,1.73194,-1.145722
20200331,1344,3.5044,0.997939,1.73194,-1.145722
20200331,1345,3.518137,0.997939,1.974869,-1.145722
20200331,1346,3.518137,1.401995,2.217797,-1.145722
20200331,1347,3.525006,1.401995,2.339262,0.436499
20200331,1348,3.525006,1.300981,2.177309,2.01872
20200331,1349,3.531875,1.300981,1.974869,-1.145722
20200331,1350,3.518137,1.098953,1.73194,0.436499
20200331,1351,3.518137,1.098953,1.73194,-1.145722
20200331,1352,3.518137,1.199967,1.772428,0.436499
20200331,1353,3.511269,1.199967,2.136821,2.01872
20200331,1354,3.531875,1.401995,2.258285,-1.145722
20200331,1355,3.518137,1.401995,2.37975,0.436499
20200331,1356,3.531875,1.199967,2.258285,0.436499
20200331,1357,3.538743,1.199967,1.934381,0.436499
20200331,1358,3.511269,1.098953,1.853404,0.436499
20200331,1359,3.511269,1.098953,1.650964,0.436499
20200331,1360,3.5044,1.401995,1.691452,0.436499
20200331,1361,3.5044,1.401995,1.934381,0.436499
20200331,1362,3.518137,1.705037,2.136821,-1.145722
20200331,1363,3.531875,1.705037,2.339262,-1.145722
20200331,1364,3.518137,2.614163,2.258285,0.436499
20200331,1365,3.525006,2.614163,2.136821,-1.145722
20200331,1366,3.511269,2.311121,1.934381,2.01872
20200331,1367,3.511269,2.311121,1.610476,0.436499
20200331,1368,3.5044,2.008079,1.408035,0.436499
20200331,1369,3.5044,2.008079,1.812916,0.436499
20200331,1370,3.5044,2.210107,2.015357,0.436499
20200331,1371,3.511269,2.210107,2.136821,0.436499
20200331,1372,3.518137,2.816191,2.217797,0.436499
20200331,1373,3.525006,2.816191,2.096333,0.436499
20200331,1374,3.518137,3.624302,1.974869,0.436499
20200331,1375,3.511269,3.624302,1.772428,0.436499
20200331,1376,3.511269,2.210107,1.73194,-1.145722
20200331,1377,3.497532,2.210107,1.812916,-1.145722
20200331,1378,3.497532,2.311121,2.015357,0.436499
20200331,1379,3.518137,2.311121,2.136821,-1.145722
20200331,1380,3.518137,1.806051,2.136821,2.01872
20200331,1381,3.525006,1.806051,2.055845,0.436499
20200331,1382,3.5044,2.412135,1.853404,0.436499
20200331,1383,3.5044,2.412135,1.772428,0.436499
20200331,1384,3.511269,2.210107,1.812916,0.436499
20200331,1385,3.5044,2.816191,1.650964,0.436499
20200331,1386,3.518137,2.816191,2.055845,-1.145722
20200331,1387,3.511269,3.624302,2.096333,0.436499
20200331,1388,3.511269,3.624302,2.096333,0.436499
20200331,1389,3.518137,2.210107,1.934381,-1.145722
20200331,1390,3.511269,2.210107,1.73194,0.436499
20200331,1391,3.5044,2.311121,1.772428,-2.727943
20200331,1392,3.511269,2.311121,1.610476,-1.145722
20200331,1393,3.5044,1.806051,1.974869,0.436499
20200331,1394,3.497532,1.806051,2.136821,0.436499
20200331,1395,3.518137,2.412135,2.136821,0.436499
20200331,1396,3.511269,2.412135,1.974869,2.01872
20200331,1397,3.511269,0.290841,1.853404,-1.145722
20200331,1398,3.5044,0.290841,1.772428,-1.145722
20200331,1399,3.5044,0.189827,1.772428,0.436499
20200331,1400,3.5044,0.189827,1.934381,0.436499
20200331,1401,3.511269,0.391855,1.934381,0.436499
20200331,1402,3.511269,0.391855,2.015357,0.436499
20200331,1403,3.5044,3.624302,2.015357,0.436499
20200331,1404,3.518137,3.624302,1.812916,0.436499
20200331,1405,3.518137,2.210107,1.772428,0.436499
20200331,1406,3.5044,2.210107,1.772428,-1.145722
20200331,1407,3.511269,2.311121,1.812916,-1.145722
20200331,1408,3.518137,2.311121,2.096333,-1.145722
20200331,1409,3.511269,1.806051,2.217797,-1.145722
20200331,1410,3.511269,1.806051,2.015357,-1.145722
20200331,1411,3.511269,2.412135,1.934381,0.436499
20200331,1412,3.5044,2.412135,1.610476,2.01872
20200331,1413,3.5044,2.210107,1.489012,-1.145722
20200331,1414,3.490663,2.816191,1.772428,0.436499
20200331,1415,3.497532,2.816191,1.974869,-1.145722
20200331,1416,3.5044,3.624302,2.217797,0.436499
20200331,1417,3.518137,3.624302,2.217797,2.01872
20200331,1418,3.511269,2.210107,2.136821,-1.145722
20200331,1419,3.511269,2.210107,2.015357,0.436499
20200331,1420,3.5044,2.311121,1.934381,0.436499
20200331,1421,3.497532,2.311121,1.73194,0.436499
20200331,1422,3.518137,1.806051,1.73194,0.436499
20200331,1423,3.525006,1.806051,1.853404,0.436499
20200331,1424,3.518137,2.412135,2.096333,0.436499
20200331,1425,3.525006,2.412135,2.217797,0.436499
20200331,1426,3.531875,0.290841,2.460726,-1.145722
20200331,1427,3.531875,0.290841,2.258285,-1.145722
20200331,1428,3.545612,0.189827,2.136821,0.436499
20200331,1429,3.538743,0.189827,1.934381,-1.145722
20200331,1430,-0.273318,-1.426396,-0.009048,0.436499
20200331,1431,-0.273318,-1.426396,-0.009048,-1.145722
20200331,1432,-0.280187,-1.426396,-0.049536,0.436499
20200331,1433,-0.280187,-1.426396,-0.049536,2.01872
20200331,1434,-0.280187,-1.52741,-0.332953,-1.145722
20200331,1435,-0.280187,-1.52741,-0.332953,0.436499
20200331,1436,-0.273318,-1.224368,-0.251976,0.436499
20200331,1437,-0.273318,-1.224368,-0.251976,0.436499
20200331,1438,-0.287055,-1.325382,-0.171,0.436499
20200331,1439,-0.287055,-1.325382,-0.171,0.436499
20200331,1440,-0.280187,-1.729438,0.03144,0.436499
20200331,1441,-0.280187,-1.729438,0.03144,0.436499
20200331,1442,-0.280187,-1.729438,-0.009048,-1.145722
20200331,1443,-0.280187,-1.729438,-0.009048,-1.145722
20200331,1444,-0.273318,-1.52741,0.193393,0.436499
20200331,1445,-0.273318,-1.52741,0.193393,-1.145722
20200331,1446,-0.280187,-1.931466,0.112416,2.01872
20200331,1447,-0.280187,-1.931466,0.112416,0.436499
20200331,1448,-0.287055,-1.224368,-0.049536,0.436499
20200331,1449,-0.287055,-1.224368,-0.049536,0.436499
20200331,1450,-0.280187,-1.426396,-0.211488,0.752943
20200331,1451,-0.280187,-1.426396,-0.211488,0.752943
20200331,1452,-0.287055,-1.224368,-0.332953,0.721299
20200331,1453,-0.287055,-1.224368,-0.332953,0.721299
20200331,1454,-0.287055,-1.426396,-0.292465,0.689654
20200331,1455,-0.287055,-1.426396,-0.292465,0.689654
20200331,1456,-0.287055,-1.325382,-0.251976,0.816232
20200331,1457,-0.287055,-1.325382,-0.251976,0.816232
20200331,1458,-0.273318,-1.325382,0.193393,0.816232
20200331,1459,-0.273318,-1.325382,0.193393,0.816232
20200331,1460,-0.280187,-1.628424,0.274369,0.816232
20200331,1461,-0.280187,-1.628424,0.274369,0.816232
20200331,1462,-0.280187,-1.52741,0.152905,0.816232
20200331,1463,-0.280187,-1.52741,0.152905,0.816232
20200331,1464,-0.280187,-1.224368,-0.049536,0.721299
20200331,1465,-0.280187,-1.224368,-0.049536,0.721299
20200331,1466,-0.293924,-1.325382,-0.130512,0.689654
20200331,1467,-0.293924,-1.325382,-0.130512,0.689654
20200331,1468,-0.280187,-1.426396,-0.292465,0.721299
20200331,1469,-0.280187,-1.426396,-0.292465,0.721299
20200331,1470,-0.293924,-1.123354,-0.413929,0.689654
20200331,1471,-0.293924,-1.123354,-0.413929,0.689654
20200331,1472,-0.273318,-1.325382,-0.130512,0.721299
20200331,1473,-0.273318,-1.325382,-0.130512,0.721299
20200331,1474,-0.280187,-1.426396,-0.009048,0.752943
20200331,1475,-0.280187,-1.426396,-0.009048,0.752943
20200331,1476,-0.273318,-1.729438,0.152905,0.721299
20200331,1477,-0.273318,-1.729438,0.152905,0.436499
20200331,1478,-0.280187,-1.123354,0.112416,0.436499
20200331,1479,-0.280187,-1.123354,0.112416,-1.145722
20200331,1480,-0.293924,-1.224368,-0.049536,0.436499
20200331,1481,-0.293924,-1.224368,-0.049536,0.436499
20200331,1482,-0.293924,-1.426396,-0.171,-1.145722
20200331,1483,-0.293924,-1.426396,-0.171,0.436499
20200331,1484,-0.287055,-1.224368,-0.171,-2.727943
20200331,1485,-0.287055,-1.224368,-0.171,-1.145722
20200331,1486,-0.293924,-0.719298,-0.211488,0.436499
20200331,1487,-0.293924,-0.719298,-0.211488,0.436499
20200331,1488,-0.280187,-1.224368,-0.130512,0.436499
20200331,1489,-0.280187,-1.224368,-0.130512,2.01872
20200331,1490,-0.280187,-1.426396,-0.171,-1.145722
20200331,1491,-0.280187,-1.426396,-0.171,-1.145722
20200331,1492,-0.287055,-1.52741,-0.009048,0.436499
20200331,1493,-0.287055,-1.52741,-0.009048,0.436499
20200331,1494,-0.287055,-1.325382,-0.049536,0.436499
20200331,1495,-0.287055,-1.325382,-0.049536,0.436499
20200331,1496,-0.280187,-1.426396,-0.090024,0.436499
20200331,1497,-0.280187,-1.426396,-0.090024,0.436499
20200331,1498,-0.287055,-1.123354,-0.211488,0.436499
20200331,1499,-0.287055,-1.123354,-0.211488,-1.145722
20200331,1500,-0.293924,-1.426396,-0.292465,-1.145722
20200331,1501,-0.293924,-1.426396,-0.292465,-1.145722
20200331,1502,-0.273318,-1.224368,-0.292465,-1.145722
20200331,1503,-0.273318,-1.224368,-0.292465,-1.145722
20200331,1504,-0.280187,-1.224368,-0.049536,0.436499
20200331,1505,-0.280187,-1.224368,-0.049536,2.01872
20200331,1506,-0.293924,-1.224368,0.233881,-1.145722
20200331,1507,-0.293924,-1.224368,0.233881,0.436499
20200331,1508,-0.280187,-1.224368,0.193393,-1.145722
20200331,1509,-0.280187,-1.224368,0.193393,0.436499
20200331,1510,-0.280187,-1.628424,0.03144,2.01872
20200331,1511,-0.280187,-1.628424,0.03144,-1.145722
20200331,1512,-0.280187,-1.123354,-0.049536,0.436499
20200331,1513,-0.280187,-1.123354,-0.049536,0.436499
20200331,1514,-0.293924,-1.224368,-0.130512,0.436499
20200331,1515,-0.293924,-1.224368,-0.130512,-1.145722
20200331,1516,-0.293924,-1.325382,-0.454417,0.436499
20200331,1517,-0.293924,-1.325382,-0.454417,0.436499
20200331,1518,-0.280187,-1.426396,-0.292465,-1.145722
20200331,1519,-0.280187,-1.426396,-0.292465,0.436499
20200331,1520,-0.287055,-1.52741,-0.171,-2.727943
20200331,1521,-0.287055,-1.52741,-0.171,-1.145722
20200331,1522,-0.287055,-1.628424,-0.130512,0.436499
20200331,1523,-0.287055,-1.628424,-0.130512,0.436499
20200331,1524,-0.273318,-1.52741,0.314857,0.436499
20200331,1525,-0.273318,-1.52741,0.314857,2.01872
20200331,1526,-0.280187,-1.830452,0.274369,-1.145722
20200331,1527,-0.280187,-1.830452,0.274369,-1.145722
20200331,1528,-0.287055,-1.325382,0.152905,0.436499
20200331,1529,-0.287055,-1.325382,0.152905,0.436499
20200331,1530,-0.307661,-1.325382,-0.090024,0.436499
20200331,1531,-0.307661,-1.325382,-0.090024,0.436499
20200331,1532,-0.300792,-1.123354,-0.251976,0.436499
20200331,1533,-0.300792,-1.123354,-0.251976,0.436499
20200331,1534,-0.293924,-0.921326,-0.292465,0.436499
20200331,1535,-0.293924,-0.921326,-0.292465,-1.145722
20200331,1536,-0.307661,-1.325382,-0.171,-1.145722
20200331,1537,-0.307661,-1.325382,-0.171,-1.145722
20200331,1538,-0.287055,-1.224368,-0.090024,-1.145722
20200331,1539,-0.287055,-1.224368,-0.090024,-1.145722
20200331,1540,-0.280187,-1.52741,0.193393,0.436499
20200331,1541,-0.280187,-1.52741,0.193393,2.01872
20200331,1542,-0.287055,-1.325382,0.233881,-1.145722
20200331,1543,-0.287055,-1.325382,0.233881,0.436499
20200331,1544,-0.287055,-1.52741,0.071928,-1.145722
20200331,1545,-0.287055,-1.52741,0.071928,0.436499
20200331,1546,-0.293924,-1.628424,-0.130512,2.01872
20200331,1547,-0.293924,-1.628424,-0.130512,-1.145722
20200331,1548,-0.293924,-1.325382,-0.251976,0.436499
20200331,1549,-0.293924,-1.325382,-0.251976,0.436499
20200331,1550,-0.287055,-1.325382,-0.130512,0.436499
20200331,1551,-0.287055,-1.325382,-0.130512,0.436499
20200331,1552,-0.293924,-1.02234,-0.332953,0.436499
20200331,1553,-0.293924,-1.02234,-0.332953,0.436499
20200331,1554,-0.280187,-1.02234,0.03144,0.436499
20200331,1555,-0.280187,-1.02234,0.03144,-1.145722
20200331,1556,-0.280187,-1.325382,0.152905,-1.145722
20200331,1557,-0.280187,-1.325382,0.152905,0.436499
20200331,1558,-0.280187,-1.123354,0.193393,-1.145722
20200331,1559,-0.280187,-1.123354,0.193393,2.01872
20200331,1560,-0.293924,-1.426396,-0.009048,0.436499
20200331,1561,-0.293924,-1.426396,-0.009048,0.436499
20200331,1562,-0.280187,-1.325382,-0.171,0.436499
20200331,1563,-0.280187,-1.325382,-0.171,0.436499
20200331,1564,-0.287055,-0.921326,-0.171,0.436499
20200331,1565,-0.287055,-0.921326,-0.171,0.436499
20200331,1566,-0.300792,-1.325382,-0.251976,0.436499
20200331,1567,-0.300792,-1.325382,-0.251976,0.436499
20200331,1568,-0.280187,-1.02234,-0.130512,0.436499
20200331,1569,-0.280187,-1.02234,-0.130512,-1.145722
20200331,1570,-0.287055,-1.123354,-0.130512,-1.145722
20200331,1571,-0.287055,-1.123354,-0.130512,0.436499
20200331,1572,-0.287055,-1.224368,-0.171,-1.145722
20200331,1573,-0.287055,-1.224368,-0.171,2.01872
20200331,1574,-0.287055,-1.325382,-0.049536,0.436499
20200331,1575,-0.287055,-1.325382,-0.049536,0.436499
20200331,1576,-0.293924,-1.123354,-0.454417,0.436499
20200331,1577,-0.293924,-1.123354,-0.454417,0.436499
20200331,1578,-0.293924,-1.02234,-0.251976,0.436499
20200331,1579,-0.293924,-1.02234,-0.251976,-1.145722
20200331,1580,-0.287055,-0.921326,-0.171,0.436499
20200331,1581,-0.287055,-0.921326,-0.171,0.436499
20200331,1582,-0.293924,-1.123354,0.071928,-1.145722
20200331,1583,-0.293924,-1.123354,0.071928,0.436499
20200331,1584,-0.287055,-1.02234,0.112416,-2.727943
20200331,1585,-0.287055,-1.02234,0.112416,-1.145722
20200331,1586,-0.293924,-0.618284,0.071928,0.436499
20200331,1587,-0.293924,-0.618284,0.071928,0.436499
20200331,1588,-0.300792,-1.123354,-0.090024,0.436499
20200331,1589,-0.300792,-1.123354,-0.090024,2.01872
20200331,1590,-0.300792,-0.921326,-0.454417,-1.145722
20200331,1591,-0.300792,-0.921326,-0.454417,-1.145722
20200331,1592,-0.300792,-1.52741,-0.292465,0.436499
20200331,1593,-0.300792,-1.52741,-0.292465,0.436499
20200331,1594,-0.307661,-1.224368,-0.211488,0.436499
20200331,1595,-0.307661,-1.224368,-0.211488,0.436499
20200331,1596,-0.287055,-1.628424,-0.090024,0.436499
20200331,1597,-0.287055,-1.628424,-0.090024,0.436499
20200331,1598,-0.287055,-1.123354,0.314857,0.436499
20200331,1599,-0.287055,-1.123354,0.314857,-1.145722
20200331,1600,-0.300792,-1.830452,0.314857,-1.145722
20200331,1601,-0.300792,-1.830452,0.314857,-1.145722
20200331,1602,-0.280187,-1.628424,0.274369,-1.145722
20200331,1603,-0.280187,-1.628424,0.274369,-1.145722
20200331,1604,-0.300792,-1.52741,-0.090024,0.436499
20200331,1605,-0.300792,-1.52741,-0.090024,2.01872
20200331,1606,-0.31453,-1.325382,-0.130512,-1.145722
20200331,1607,-0.31453,-1.325382,-0.130512,0.436499
20200331,1608,-0.293924,-1.426396,-0.251976,-1.145722
20200331,1609,-0.293924,-1.426396,-0.251976,0.436499
20200331,1610,-0.300792,-1.729438,-0.332953,2.01872
20200331,1611,-0.300792,-1.729438,-0.332953,-1.145722
20200331,1612,-0.293924,-1.52741,-0.171,0.436499
20200331,1613,-0.293924,-1.52741,-0.171,0.436499
20200331,1614,-0.293924,-1.628424,0.112416,0.436499
20200331,1615,-0.293924,-1.628424,0.112416,-1.145722
20200331,1616,-0.280187,-1.729438,0.274369,0.436499
20200331,1617,-0.280187,-1.729438,0.274369,0.436499
20200331,1618,-0.280187,-1.224368,0.233881,-1.145722
20200331,1619,-0.280187,-1.224368,0.233881,0.436499
20200331,1620,-0.307661,-1.325382,0.152905,-2.727943
20200331,1621,-0.307661,-1.325382,0.152905,-1.145722
20200331,1622,-0.300792,-1.02234,-0.090024,0.436499
20200331,1623,-0.300792,-1.02234,-0.090024,0.436499
20200331,1624,-0.31453,-1.123354,-0.535393,0.436499
20200331,1625,-0.31453,-1.123354,-0.535393,2.01872
20200331,1626,-0.293924,-1.224368,-0.373441,-1.145722
20200331,1627,-0.293924,-1.224368,-0.373441,-1.145722
20200331,1628,-0.293924,-0.719298,-0.171,0.436499
20200331,1629,-0.293924,-0.719298,-0.171,0.436499
20200331,1630,-0.300792,-0.921326,0.152905,0.436499
20200331,1631,-0.300792,-0.921326,0.152905,0.436499
20200331,1632,-0.280187,-1.52741,0.314857,0.436499
20200331,1633,-0.280187,-1.52741,0.314857,0.436499
20200331,1634,-0.287055,-1.224368,0.355345,0.436499
20200331,1635,-0.287055,-1.224368,0.355345,-1.145722
20200331,1636,-0.287055,-1.426396,0.152905,-1.145722
20200331,1637,-0.287055,-1.426396,0.152905,-1.145722
20200331,1638,-0.328267,-1.123354,-0.049536,-1.145722
20200331,1639,-0.328267,-1.123354,-0.049536,-1.145722
20200331,1640,-0.300792,-1.224368,-0.049536,0.436499
20200331,1641,-0.300792,-1.224368,-0.049536,2.01872
20200331,1642,-0.307661,-1.325382,-0.251976,-1.145722
20200331,1643,-0.307661,-1.325382,-0.251976,0.436499
20200331,1644,-0.300792,-1.224368,-0.130512,-1.145722
20200331,1645,-0.300792,-1.224368,-0.130512,0.436499
20200331,1646,-0.280187,-1.325382,-0.049536,2.01872
20200331,1647,-0.280187,-1.325382,-0.049536,-1.145722
20200331,1648,-0.293924,-1.325382,0.03144,0.436499
20200331,1649,-0.293924,-1.325382,0.03144,0.436499
20200331,1650,-0.293924,-0.921326,-0.049536,0.436499
20200331,1651,-0.293924,-0.921326,-0.049536,0.436499
20200331,1652,-0.287055,-1.426396,-0.049536,0.436499
20200331,1653,-0.287055,-1.426396,-0.049536,0.436499
20200331,1654,-0.293924,-1.224368,-0.171,0.436499
20200331,1655,-0.293924,-1.224368,-0.171,-1.145722
20200331,1656,-0.307661,-1.224368,-0.211488,-1.145722
20200331,1657,-0.307661,-1.224368,-0.211488,0.436499
20200331,1658,-0.307661,-1.123354,-0.211488,-1.145722
20200331,1659,-0.307661,-1.123354,-0.211488,2.01872
20200331,1660,-0.300792,-0.820312,-0.009048,0.436499
20200331,1661,-0.300792,-0.820312,-0.009048,0.436499
20200331,1662,-0.300792,-1.02234,-0.049536,0.436499
20200331,1663,-0.300792,-1.02234,-0.049536,0.436499
20200331,1664,-0.293924,-1.224368,0.152905,0.436499
20200331,1665,-0.293924,-1.224368,0.152905,0.436499
20200331,1666,-0.287055,-1.628424,0.071928,0.436499
20200331,1667,-0.287055,-1.628424,0.071928,0.436499
20200331,1668,-0.307661,-1.628424,-0.090024,0.436499
20200331,1669,-0.307661,-1.628424,-0.090024,-1.145722
20200331,1670,-0.293924,-1.02234,-0.292465,-1.145722
20200331,1671,-0.293924,-1.02234,-0.292465,0.436499
20200331,1672,-0.300792,-1.02234,-0.171,-1.145722
20200331,1673,-0.300792,-1.02234,-0.171,2.01872
20200331,1674,-0.293924,-1.628424,-0.090024,0.436499
20200331,1675,-0.293924,-1.628424,-0.090024,0.436499
20200331,1676,-0.287055,-1.123354,-0.130512,0.436499
20200331,1677,-0.287055,-1.123354,-0.130512,0.436499
20200331,1678,-0.293924,-1.426396,-0.130512,0.436499
20200331,1679,-0.293924,-1.426396,-0.130512,-1.145722
20200331,1680,-0.287055,-1.325382,-0.130512,0.436499
20200331,1681,-0.287055,-1.325382,-0.130512,0.436499
20200331,1682,-0.287055,-1.224368,-0.171,-1.145722
20200331,1683,-0.287055,-1.224368,-0.171,0.436499
20200331,1684,-0.31453,-1.628424,-0.130512,-2.727943
20200331,1685,-0.31453,-1.628424,-0.130512,-1.145722
20200331,1686,-0.293924,-1.123354,-0.090024,0.436499
20200331,1687,-0.293924,-1.123354,-0.090024,0.436499
20200331,1688,-0.287055,-1.123354,-0.332953,0.436499
20200331,1689,-0.287055,-1.123354,-0.332953,2.01872
20200331,1690,-0.287055,-1.224368,-0.090024,-1.145722
20200331,1691,-0.287055,-1.224368,-0.090024,-1.145722
20200331,1692,-0.300792,-1.02234,-0.090024,0.436499
20200331,1693,-0.300792,-1.02234,-0.090024,0.436499
20200331,1694,-0.307661,-1.224368,-0.090024,0.436499
20200331,1695,-0.307661,-1.224368,-0.090024,0.436499
20200331,1696,-0.293924,-0.719298,-0.211488,0.436499
20200331,1697,-0.293924,-0.719298,-0.211488,0.436499
20200331,1698,-0.307661,-0.315242,-0.171,0.436499
20200331,1699,-0.307661,-0.315242,-0.171,-1.145722
20200331,1700,-0.300792,-0.618284,-0.130512,-1.145722
20200331,1701,-0.300792,-0.618284,-0.130512,-1.145722
20200331,1702,-0.287055,-0.719298,-0.130512,-1.145722
20200331,1703,-0.287055,-0.719298,-0.130512,-1.145722
20200331,1704,-0.287055,-0.719298,-0.130512,0.436499
20200331,1705,-0.287055,-0.719298,-0.130512,2.01872
20200331,1706,-0.300792,-0.113214,-0.009048,-1.145722
20200331,1707,-0.300792,-0.113214,-0.009048,0.436499
20200331,1708,-0.287055,-0.416256,-0.090024,-1.145722
20200331,1709,-0.287055,-0.416256,-0.090024,0.436499
20200331,1710,-0.300792,-0.51727,-0.171,2.01872
20200331,1711,-0.300792,-0.51727,-0.171,-1.145722
20200331,1712,-0.293924,-0.416256,-0.373441,0.436499
20200331,1713,-0.293924,-0.416256,-0.373441,0.436499
20200331,1714,-0.293924,-0.51727,-0.171,0.436499
20200331,1715,-0.293924,-0.51727,-0.171,0.436499
20200331,1716,-0.293924,-0.315242,-0.009048,0.436499
20200331,1717,-0.293924,-0.315242,-0.009048,0.436499
20200331,1718,-0.300792,-0.51727,0.03144,0.436499
20200331,1719,-0.300792,-0.51727,0.03144,-1.145722
20200331,1720,-0.293924,-0.012201,-0.211488,-1.145722
20200331,1721,-0.293924,-0.012201,-0.211488,0.436499
20200331,1722,-0.307661,-0.113214,-0.049536,-1.145722
20200331,1723,-0.307661,-0.113214,-0.049536,2.01872
20200331,1724,-0.300792,-0.113214,-0.251976,0.436499
20200331,1725,-0.300792,-0.113214,-0.251976,0.436499
20200331,1726,-0.300792,0.088813,-0.009048,0.436499
20200331,1727,-0.300792,0.088813,-0.009048,0.436499
20200331,1728,-0.300792,-0.416256,-0.130512,0.436499
20200331,1729,-0.300792,-0.416256,-0.130512,0.436499
20200331,1730,-0.293924,-0.012201,-0.130512,0.436499
20200331,1731,-0.293924,-0.012201,-0.130512,0.436499
20200331,1732,-0.300792,-0.113214,-0.090024,0.436499
20200331,1733,-0.300792,-0.113214,-0.090024,-1.145722
20200331,1734,-0.293924,-0.012201,-0.171,-1.145722
20200331,1735,-0.293924,-0.012201,-0.171,0.436499
20200331,1736,-0.321398,-0.113214,-0.211488,-1.145722
20200331,1737,-0.321398,-0.113214,-0.211488,2.01872
20200331,1738,-0.31453,0.290841,-0.211488,0.436499
20200331,1739,-0.31453,0.290841,-0.211488,0.436499
20200331,1740,-0.307661,0.088813,-0.130512,0.436499
20200331,1741,-0.307661,0.088813,-0.130512,0.436499
20200331,1742,-0.31453,-0.012201,-0.090024,0.436499
20200331,1743,-0.31453,-0.012201,-0.090024,-1.145722
20200331,1744,-0.31453,0.189827,-0.009048,0.436499
20200331,1745,-0.31453,0.189827,-0.009048,0.436499
20200331,1746,-0.307661,-0.315242,-0.171,-1.145722
20200331,1747,-0.307661,-0.315242,-0.171,0.436499
20200331,1748,-0.31453,-0.113214,-0.211488,-2.727943
20200331,1749,-0.31453,-0.113214,-0.211488,-1.145722
20200331,1750,-0.321398,-0.012201,-0.211488,0.436499
20200331,1751,-0.321398,-0.012201,-0.211488,0.436499
20200331,1752,-0.321398,-0.416256,-0.332953,0.436499
20200331,1753,-0.321398,-0.416256,-0.332953,0.436499
20200331,1754,-0.31453,-0.416256,0.03144,-1.145722
20200331,1755,-0.31453,-0.416256,0.03144,0.436499
20200331,1756,-0.31453,0.189827,-0.009048,0.436499
20200331,1757,-0.31453,0.189827,-0.009048,-1.145722
20200331,1758,-0.31453,-0.113214,-0.090024,0.436499
20200331,1759,-0.31453,-0.113214,-0.090024,-2.727943
20200331,1760,-0.321398,0.290841,-0.090024,-1.145722
20200331,1761,-0.321398,0.290841,-0.090024,0.436499
20200331,1762,-0.321398,0.189827,-0.130512,0.436499
20200331,1763,-0.321398,0.189827,-0.130512,0.436499
20200331,1764,-0.321398,0.290841,-0.373441,2.01872
20200331,1765,-0.321398,0.290841,-0.373441,-1.145722
20200331,1766,-0.321398,-0.012201,-0.211488,-1.145722
20200331,1767,-0.321398,-0.012201,-0.211488,0.436499
20200331,1768,-0.31453,0.189827,-0.130512,0.436499
20200331,1769,-0.31453,0.189827,-0.130512,0.436499
20200331,1770,-0.321398,0.088813,0.03144,0.436499
20200331,1771,-0.321398,0.088813,0.03144,0.436499
20200331,1772,-0.328267,-0.012201,-0.049536,0.436499
20200331,1773,-0.328267,-0.012201,-0.049536,0.436499
20200331,1774,-0.328267,0.088813,0.03144,-1.145722
20200331,1775,-0.328267,0.088813,0.03144,-1.145722
20200331,1776,-0.328267,0.189827,-0.130512,-1.145722
20200331,1777,-0.328267,0.189827,-0.130512,-1.145722
20200331,1778,-0.335135,0.290841,-0.130512,-1.145722
20200331,1779,-0.335135,0.290841,-0.130512,0.436499
20200331,1780,-0.300792,0.593883,-0.171,2.01872
20200331,1781,-0.300792,0.593883,-0.171,-1.145722
20200331,1782,-0.293924,0.290841,-0.171,0.436499
20200331,1783,-0.293924,0.290841,-0.171,-1.145722
20200331,1784,-0.300792,0.290841,-0.130512,0.436499
20200331,1785,-0.300792,0.290841,-0.130512,2.01872
20200331,1786,-0.307661,-0.012201,-0.090024,-1.145722
20200331,1787,-0.307661,-0.012201,-0.090024,0.436499
20200331,1788,-0.287055,0.189827,0.03144,0.436499
20200331,1789,-0.287055,0.189827,0.03144,0.436499
20200331,1790,-0.300792,0.290841,-0.090024,-1.145722
20200331,1791,-0.300792,0.290841,-0.090024,0.436499
20200331,1792,-0.300792,0.391855,-0.130512,0.436499
20200331,1793,-0.300792,0.391855,-0.130512,-1.145722
20200331,1794,-0.307661,0.492869,-0.171,0.436499
20200331,1795,-0.307661,0.492869,-0.171,-2.727943
20200331,1796,-0.300792,0.391855,-0.171,-1.145722
20200331,1797,-0.300792,0.391855,-0.171,0.436499
20200331,1798,-0.300792,0.088813,-0.251976,0.436499
20200331,1799,-0.300792,0.088813,-0.251976,0.436499
20200331,1800,-0.293924,0.290841,-0.090024,2.01872
20200402,1,-0.293924,0.290841,-0.090024,-1.145722
20200402,2,-0.300792,0.189827,0.152905,-1.145722
20200402,3,-0.300792,0.189827,0.152905,0.436499
20200402,4,-0.300792,0.189827,0.03144,0.436499
20200402,5,-0.300792,0.189827,0.03144,0.436499
20200402,6,-0.31453,0.391855,-0.130512,0.436499
20200402,7,-0.31453,0.391855,-0.130512,0.436499
20200402,8,-0.31453,0.492869,-0.211488,0.436499
20200402,9,-0.31453,0.492869,-0.211488,0.436499
20200402,10,-0.31453,0.088813,-0.251976,-1.145722
20200402,11,-0.31453,0.088813,-0.251976,-1.145722
20200402,12,-0.31453,0.189827,-0.171,-1.145722
20200402,13,-0.31453,0.189827,-0.171,-1.145722
20200402,14,-0.300792,0.694897,-0.009048,-1.145722
20200402,15,-0.300792,0.694897,-0.009048,0.436499
20200402,16,-0.307661,0.088813,0.233881,2.01872
20200402,17,-0.307661,0.088813,0.233881,-1.145722
20200402,18,-0.300792,0.391855,0.03144,0.436499
20200402,19,-0.300792,0.391855,0.03144,-1.145722
20200402,20,-0.307661,0.492869,0.03144,0.436499
20200402,21,-0.307661,0.492869,0.03144,2.01872
20200402,22,-0.328267,0.189827,-0.130512,-1.145722
20200402,23,-0.328267,0.189827,-0.130512,0.436499
20200402,24,-0.31453,0.290841,-0.251976,0.436499
20200402,25,-0.31453,0.290841,-0.251976,0.436499
20200402,26,-0.321398,0.189827,-0.251976,0.436499
20200402,27,-0.321398,0.189827,-0.251976,0.436499
20200402,28,-0.31453,0.088813,-0.049536,0.436499
20200402,29,-0.31453,0.088813,-0.049536,0.436499
20200402,30,-0.31453,0.189827,0.03144,-1.145722
20200402,31,-0.31453,0.189827,0.03144,-1.145722
20200402,32,-0.300792,-0.012201,0.112416,0.436499
20200402,33,-0.300792,-0.012201,0.112416,-1.145722
20200402,34,-0.31453,0.290841,0.03144,2.01872
20200402,35,-0.31453,0.290841,0.03144,0.436499
20200402,36,-0.300792,0.290841,-0.090024,0.436499
20200402,37,-0.300792,0.290841,-0.090024,0.436499
20200402,38,-0.321398,0.391855,-0.292465,0.436499
20200402,39,-0.321398,0.391855,-0.292465,0.436499
20200402,40,-0.321398,0.290841,-0.251976,0.436499
20200402,41,-0.321398,0.290841,-0.251976,0.436499
20200402,42,-0.31453,0.492869,-0.454417,0.436499
20200402,43,-0.31453,0.492869,-0.454417,0.436499
20200402,44,-0.31453,0.290841,-0.049536,-1.145722
20200402,45,-0.31453,0.290841,-0.049536,-1.145722
20200402,46,-0.307661,0.391855,0.071928,0.436499
20200402,47,-0.307661,0.391855,0.071928,-1.145722
20200402,48,-0.307661,0.290841,0.071928,2.01872
20200402,49,-0.307661,0.290841,0.071928,0.436499
20200402,50,-0.328267,0.391855,0.071928,0.436499
20200402,51,-0.328267,0.391855,0.071928,0.436499
20200402,52,-0.321398,0.088813,-0.049536,0.436499
20200402,53,-0.321398,0.088813,-0.049536,0.436499
20200402,54,-0.31453,-0.012201,-0.332953,-1.145722
20200402,55,-0.31453,-0.012201,-0.332953,0.436499
20200402,56,-0.321398,0.492869,-0.211488,0.436499
20200402,57,-0.321398,0.492869,-0.211488,-1.145722
20200402,58,-0.321398,0.391855,-0.251976,0.436499
20200402,59,-0.321398,0.391855,-0.251976,-2.727943
20200402,60,-0.31453,0.189827,-0.171,-1.145722
20200402,61,-0.31453,0.189827,-0.171,0.436499
20200402,62,-0.328267,0.290841,0.03144,0.436499
20200402,63,-0.328267,0.290841,0.03144,0.436499
20200402,64,-0.31453,0.189827,0.03144,2.01872
20200402,65,-0.31453,0.189827,0.03144,-1.145722
20200402,66,-0.307661,0.189827,-0.009048,-1.145722
20200402,67,-0.307661,0.189827,-0.009048,0.436499
20200402,68,-0.31453,0.391855,-0.049536,0.436499
20200402,69,-0.31453,0.391855,-0.049536,0.436499
20200402,70,-0.328267,0.391855,-0.171,0.436499
20200402,71,-0.328267,0.391855,-0.171,0.436499
20200402,72,-0.321398,0.088813,-0.211488,0.436499
20200402,73,-0.321398,0.088813,-0.211488,0.436499
20200402,74,-0.31453,0.189827,-0.211488,-1.145722
20200402,75,-0.31453,0.189827,-0.211488,-1.145722
20200402,76,-0.321398,0.189827,-0.090024,-1.145722
20200402,77,-0.321398,0.189827,-0.090024,-1.145722
20200402,78,-0.31453,-0.012201,0.152905,-1.145722
20200402,79,-0.31453,-0.012201,0.152905,0.436499
20200402,80,-0.31453,0.290841,0.274369,2.01872
20200402,81,-0.31453,0.290841,0.274369,-1.145722
20200402,82,-0.307661,-0.113214,0.03144,0.436499
20200402,83,-0.307661,-0.113214,0.03144,-1.145722
20200402,84,-0.31453,0.189827,-0.049536,0.436499
20200402,85,-0.31453,0.189827,-0.049536,2.01872
20200402,86,-0.328267,-0.113214,-0.130512,-1.145722
20200402,87,-0.328267,-0.113214,-0.130512,0.436499
20200402,88,-0.321398,0.290841,-0.171,0.436499
20200402,89,-0.321398,0.290841,-0.171,0.436499
20200402,90,-0.31453,0.391855,-0.171,0.436499
20200402,91,-0.31453,0.391855,-0.171,0.436499
20200402,92,-0.307661,0.593883,-0.211488,0.436499
20200402,93,-0.307661,0.593883,-0.211488,0.436499
20200402,94,-0.31453,0.290841,-0.130512,-1.145722
20200402,95,-0.31453,0.290841,-0.130512,-1.145722
20200402,96,-0.300792,0.290841,-0.009048,0.436499
20200402,97,-0.300792,0.290841,-0.009048,-1.145722
20200402,98,-0.307661,0.189827,-0.090024,2.01872
20200402,99,-0.307661,0.189827,-0.090024,0.436499
20200402,100,-0.31453,0.088813,-0.130512,0.436499
20200402,101,-0.31453,0.088813,-0.130512,0.436499
20200402,102,-0.307661,0.290841,-0.171,0.436499
20200402,103,-0.307661,0.290841,-0.171,0.436499
20200402,104,-0.321398,0.290841,-0.211488,-1.145722
20200402,105,-0.321398,0.290841,-0.211488,0.436499
20200402,106,-0.307661,-0.012201,-0.211488,0.436499
20200402,107,-0.307661,-0.012201,-0.211488,-1.145722
20200402,108,-0.31453,0.088813,-0.130512,0.436499
20200402,109,-0.31453,0.088813,-0.130512,-2.727943
20200402,110,-0.31453,0.189827,0.152905,-1.145722
20200402,111,-0.31453,0.189827,0.152905,0.436499
20200402,112,-0.31453,0.593883,0.193393,0.436499
20200402,113,-0.31453,0.593883,0.193393,0.436499
20200402,114,-0.273318,-1.426396,-0.009048,0.436499
20200402,115,-0.273318,-1.426396,-0.009048,-1.145722
20200402,116,-0.280187,-1.426396,-0.049536,0.436499
20200402,117,-0.280187,-1.426396,-0.049536,2.01872
20200402,118,-0.280187,-1.52741,-0.332953,-1.145722
20200402,119,-0.280187,-1.52741,-0.332953,0.436499
20200402,120,-0.273318,-1.224368,-0.251976,0.436499
20200402,121,-0.273318,-1.224368,-0.251976,0.436499
20200402,122,-0.287055,-1.325382,-0.171,0.436499
20200402,123,-0.287055,-1.325382,-0.171,0.436499
20200402,124,-0.280187,-1.729438,0.03144,0.436499
20200402,125,-0.280187,-1.729438,0.03144,0.436499
20200402,126,-0.280187,-1.729438,-0.009048,-1.145722
20200402,127,-0.280187,-1.729438,-0.009048,-1.145722
20200402,128,-0.273318,-1.52741,0.193393,0.436499
20200402,129,-0.273318,-1.52741,0.193393,-1.145722
20200402,130,-0.280187,-1.931466,0.112416,2.01872
20200402,131,-0.280187,-1.931466,0.112416,0.436499
20200402,132,-0.287055,-1.224368,-0.049536,0.436499
20200402,133,-0.287055,-1.224368,-0.049536,0.436499
20200402,134,-0.280187,-1.426396,-0.211488,0.752943
20200402,135,-0.280187,-1.426396,-0.211488,0.752943
20200402,136,-0.287055,-1.224368,-0.332953,0.721299
20200402,137,-0.287055,-1.224368,-0.332953,0.721299
20200402,138,-0.287055,-1.426396,-0.292465,0.689654
20200402,139,-0.287055,-1.426396,-0.292465,0.689654
20200402,140,-0.287055,-1.325382,-0.251976,0.816232
20200402,141,-0.287055,-1.325382,-0.251976,0.816232
20200402,142,-0.273318,-1.325382,0.193393,0.816232
20200402,143,-0.273318,-1.325382,0.193393,0.816232
20200402,144,-0.280187,-1.628424,0.274369,0.816232
20200402,145,-0.280187,-1.628424,0.274369,0.816232
20200402,146,-0.280187,-1.52741,0.152905,0.816232
20200402,147,-0.280187,-1.52741,0.152905,0.816232
20200402,148,-0.280187,-1.224368,-0.049536,0.721299
20200402,149,-0.280187,-1.224368,-0.049536,0.721299
20200402,150,-0.293924,-1.325382,-0.130512,0.689654
20200402,151,-0.293924,-1.325382,-0.130512,0.689654
20200402,152,-0.280187,-1.426396,-0.292465,0.721299
20200402,153,-0.280187,-1.426396,-0.292465,0.721299
20200402,154,-0.293924,-1.123354,-0.413929,0.689654
20200402,155,-0.293924,-1.123354,-0.413929,0.689654
20200402,156,-0.273318,-1.325382,-0.130512,0.721299
20200402,157,-0.273318,-1.325382,-0.130512,0.721299
20200402,158,-0.280187,-1.426396,-0.009048,0.752943
20200402,159,-0.280187,-1.426396,-0.009048,0.752943
20200402,160,-0.273318,-1.729438,0.152905,0.721299
20200402,161,-0.273318,-1.729438,0.152905,0.436499
20200402,162,-0.280187,-1.123354,0.112416,0.436499
20200402,163,-0.280187,-1.123354,0.112416,-1.145722
20200402,164,-0.293924,-1.224368,-0.049536,0.436499
20200402,165,-0.293924,-1.224368,-0.049536,0.436499
20200402,166,-0.293924,-1.426396,-0.171,-1.145722
20200402,167,-0.293924,-1.426396,-0.171,0.436499
20200402,168,-0.287055,-1.224368,-0.171,-2.727943
20200402,169,-0.287055,-1.224368,-0.171,-1.145722
20200402,170,-0.293924,-0.719298,-0.211488,0.436499
20200402,171,-0.293924,-0.719298,-0.211488,0.436499
20200402,172,-0.280187,-1.224368,-0.130512,0.436499
20200402,173,-0.280187,-1.224368,-0.130512,2.01872
20200402,174,-0.280187,-1.426396,-0.171,-1.145722
20200402,175,-0.280187,-1.426396,-0.171,-1.145722
20200402,176,-0.287055,-1.52741,-0.009048,0.436499
20200402,177,-0.287055,-1.52741,-0.009048,0.436499
20200402,178,-0.287055,-1.325382,-0.049536,0.436499
20200402,179,-0.287055,-1.325382,-0.049536,0.436499
20200402,180,-0.280187,-1.426396,-0.090024,0.436499
20200402,181,-0.280187,-1.426396,-0.090024,0.436499
20200402,182,-0.287055,-1.123354,-0.211488,0.436499
20200402,183,-0.287055,-1.123354,-0.211488,-1.145722
20200402,184,-0.293924,-1.426396,-0.292465,-1.145722
20200402,185,-0.293924,-1.426396,-0.292465,-1.145722
20200402,186,-0.273318,-1.224368,-0.292465,-1.145722
20200402,187,-0.273318,-1.224368,-0.292465,-1.145722
20200402,188,-0.280187,-1.224368,-0.049536,0.436499
20200402,189,-0.280187,-1.224368,-0.049536,2.01872
20200402,190,-0.293924,-1.224368,0.233881,-1.145722
20200402,191,-0.293924,-1.224368,0.233881,0.436499
20200402,192,-0.280187,-1.224368,0.193393,-1.145722
20200402,193,-0.280187,-1.224368,0.193393,0.436499
20200402,194,-0.280187,-1.628424,0.03144,2.01872
20200402,195,-0.280187,-1.628424,0.03144,-1.145722
20200402,196,-0.280187,-1.123354,-0.049536,0.436499
20200402,197,-0.280187,-1.123354,-0.049536,0.436499
20200402,198,-0.293924,-1.224368,-0.130512,0.436499
20200402,199,-0.293924,-1.224368,-0.130512,-1.145722
20200402,200,-0.293924,-1.325382,-0.454417,0.436499
20200402,201,-0.293924,-1.325382,-0.454417,0.436499
20200402,202,-0.280187,-1.426396,-0.292465,-1.145722
20200402,203,-0.280187,-1.426396,-0.292465,0.436499
20200402,204,-0.287055,-1.52741,-0.171,-2.727943
20200402,205,-0.287055,-1.52741,-0.171,-1.145722
20200402,206,-0.287055,-1.628424,-0.130512,0.436499
20200402,207,-0.287055,-1.628424,-0.130512,0.436499
20200402,208,-0.273318,-1.52741,0.314857,0.436499
20200402,209,-0.273318,-1.52741,0.314857,2.01872
20200402,210,-0.280187,-1.830452,0.274369,-1.145722
20200402,211,-0.280187,-1.830452,0.274369,-1.145722
20200402,212,-0.287055,-1.325382,0.152905,0.436499
20200402,213,-0.287055,-1.325382,0.152905,0.436499
20200402,214,-0.307661,-1.325382,-0.090024,0.436499
20200402,215,-0.307661,-1.325382,-0.090024,0.436499
20200402,216,-0.300792,-1.123354,-0.251976,0.436499
20200402,217,-0.300792,-1.123354,-0.251976,0.436499
20200402,218,-0.293924,-0.921326,-0.292465,0.436499
20200402,219,-0.293924,-0.921326,-0.292465,-1.145722
20200402,220,-0.307661,-1.325382,-0.171,-1.145722
20200402,221,-0.307661,-1.325382,-0.171,-1.145722
20200402,222,-0.287055,-1.224368,-0.090024,-1.145722
20200402,223,-0.287055,-1.224368,-0.090024,-1.145722
20200402,224,-0.280187,-1.52741,0.193393,0.436499
20200402,225,-0.280187,-1.52741,0.193393,2.01872
20200402,226,-0.287055,-1.325382,0.233881,-1.145722
20200402,227,-0.287055,-1.325382,0.233881,0.436499
20200402,228,-0.287055,-1.52741,0.071928,-1.145722
20200402,229,-0.287055,-1.52741,0.071928,0.436499
20200402,230,-0.293924,-1.628424,-0.130512,2.01872
20200402,231,-0.293924,-1.628424,-0.130512,-1.145722
20200402,232,-0.293924,-1.325382,-0.251976,0.436499
20200402,233,-0.293924,-1.325382,-0.251976,0.436499
20200402,234,-0.287055,-1.325382,-0.130512,0.436499
20200402,235,-0.287055,-1.325382,-0.130512,0.436499
20200402,236,-0.293924,-1.02234,-0.332953,0.436499
20200402,237,-0.293924,-1.02234,-0.332953,0.436499
20200402,238,-0.280187,-1.02234,0.03144,0.436499
20200402,239,-0.280187,-1.02234,0.03144,-1.145722
20200402,240,-0.280187,-1.325382,0.152905,-1.145722
20200402,241,-0.280187,-1.325382,0.152905,0.436499
20200402,242,-0.280187,-1.123354,0.193393,-1.145722
20200402,243,-0.280187,-1.123354,0.193393,2.01872
20200402,244,-0.293924,-1.426396,-0.009048,0.436499
20200402,245,-0.293924,-1.426396,-0.009048,0.436499
20200402,246,-0.280187,-1.325382,-0.171,0.436499
20200402,247,-0.280187,-1.325382,-0.171,0.436499
20200402,248,-0.287055,-0.921326,-0.171,0.436499
20200402,249,-0.287055,-0.921326,-0.171,0.436499
20200402,250,-0.300792,-1.325382,-0.251976,0.436499
20200402,251,-0.300792,-1.325382,-0.251976,0.436499
20200402,252,-0.280187,-1.02234,-0.130512,0.436499
20200402,253,-0.280187,-1.02234,-0.130512,-1.145722
20200402,254,-0.287055,-1.123354,-0.130512,-1.145722
20200402,255,-0.287055,-1.123354,-0.130512,0.436499
20200402,256,-0.287055,-1.224368,-0.171,-1.145722
20200402,257,-0.287055,-1.224368,-0.171,2.01872
20200402,258,-0.287055,-1.325382,-0.049536,0.436499
20200402,259,-0.287055,-1.325382,-0.049536,0.436499
20200402,260,-0.293924,-1.123354,-0.454417,0.436499
20200402,261,-0.293924,-1.123354,-0.454417,0.436499
20200402,262,-0.293924,-1.02234,-0.251976,0.436499
20200402,263,-0.293924,-1.02234,-0.251976,-1.145722
20200402,264,-0.287055,-0.921326,-0.171,0.436499
20200402,265,-0.287055,-0.921326,-0.171,0.436499
20200402,266,-0.293924,-1.123354,0.071928,-1.145722
20200402,267,-0.293924,-1.123354,0.071928,0.436499
20200402,268,-0.287055,-1.02234,0.112416,-2.727943
20200402,269,-0.287055,-1.02234,0.112416,-1.145722
20200402,270,-0.293924,-0.618284,0.071928,0.436499
20200402,271,-0.293924,-0.618284,0.071928,0.436499
20200402,272,-0.300792,-1.123354,-0.090024,0.436499
20200402,273,-0.300792,-1.123354,-0.090024,2.01872
20200402,274,-0.300792,-0.921326,-0.454417,-1.145722
20200402,275,-0.300792,-0.921326,-0.454417,-1.145722
20200402,276,-0.300792,-1.52741,-0.292465,0.436499
20200402,277,-0.300792,-1.52741,-0.292465,0.436499
20200402,278,-0.307661,-1.224368,-0.211488,0.436499
20200402,279,-0.307661,-1.224368,-0.211488,0.436499
20200402,280,-0.287055,-1.628424,-0.090024,0.436499
20200402,281,-0.287055,-1.628424,-0.090024,0.436499
20200402,282,-0.287055,-1.123354,0.314857,0.436499
20200402,283,-0.287055,-1.123354,0.314857,-1.145722
20200402,284,-0.300792,-1.830452,0.314857,-1.145722
20200402,285,-0.300792,-1.830452,0.314857,-1.145722
20200402,286,-0.280187,-1.628424,0.274369,-1.145722
20200402,287,-0.280187,-1.628424,0.274369,-1.145722
20200402,288,-0.300792,-1.52741,-0.090024,0.436499
20200402,289,-0.300792,-1.52741,-0.090024,2.01872
20200402,290,-0.31453,-1.325382,-0.130512,-1.145722
20200402,291,-0.31453,-1.325382,-0.130512,0.436499
20200402,292,-0.293924,-1.426396,-0.251976,-1.145722
20200402,293,-0.293924,-1.426396,-0.251976,0.436499
20200402,294,-0.300792,-1.729438,-0.332953,2.01872
20200402,295,-0.300792,-1.729438,-0.332953,-1.145722
20200402,296,-0.293924,-1.52741,-0.171,0.436499
20200402,297,-0.293924,-1.52741,-0.171,0.436499
20200402,298,-0.293924,-1.628424,0.112416,0.436499
20200402,299,-0.293924,-1.628424,0.112416,-1.145722
20200402,300,-0.280187,-1.729438,0.274369,0.436499
20200402,301,-0.280187,-1.729438,0.274369,0.436499
20200402,302,-0.280187,-1.224368,0.233881,-1.145722
20200402,303,-0.280187,-1.224368,0.233881,0.436499
20200402,304,-0.307661,-1.325382,0.152905,-2.727943
20200402,305,-0.307661,-1.325382,0.152905,-1.145722
20200402,306,-0.300792,-1.02234,-0.090024,0.436499
20200402,307,-0.300792,-1.02234,-0.090024,0.436499
20200402,308,-0.31453,-1.123354,-0.535393,0.436499
20200402,309,-0.31453,-1.123354,-0.535393,2.01872
20200402,310,-0.293924,-1.224368,-0.373441,-1.145722
20200402,311,-0.293924,-1.224368,-0.373441,-1.145722
20200402,312,-0.293924,-0.719298,-0.171,0.436499
20200402,313,-0.293924,-0.719298,-0.171,0.436499
20200402,314,-0.300792,-0.921326,0.152905,0.436499
20200402,315,-0.300792,-0.921326,0.152905,0.436499
20200402,316,-0.280187,-1.52741,0.314857,0.436499
20200402,317,-0.280187,-1.52741,0.314857,0.436499
20200402,318,-0.287055,-1.224368,0.355345,0.436499
20200402,319,-0.287055,-1.224368,0.355345,-1.145722
20200402,320,-0.287055,-1.426396,0.152905,-1.145722
20200402,321,-0.287055,-1.426396,0.152905,-1.145722
20200402,322,-0.328267,-1.123354,-0.049536,-1.145722
20200402,323,-0.328267,-1.123354,-0.049536,-1.145722
20200402,324,-0.300792,-1.224368,-0.049536,0.436499
20200402,325,-0.300792,-1.224368,-0.049536,2.01872
20200402,326,-0.307661,-1.325382,-0.251976,-1.145722
20200402,327,-0.307661,-1.325382,-0.251976,0.436499
20200402,328,-0.300792,-1.224368,-0.130512,-1.145722
20200402,329,-0.300792,-1.224368,-0.130512,0.436499
20200402,330,-0.280187,-1.325382,-0.049536,2.01872
20200402,331,-0.287055,-1.325382,-0.130512,0.436499
20200402,332,-0.287055,-1.224368,-0.171,-1.145722
20200402,333,-0.287055,-1.224368,-0.171,0.436499
20200402,334,-0.31453,-1.628424,-0.130512,-2.727943
20200402,335,-0.31453,-1.628424,-0.130512,-1.145722
20200402,336,-0.293924,-1.123354,-0.090024,0.436499
20200402,337,-0.293924,-1.123354,-0.090024,0.436499
20200402,338,-0.287055,-1.123354,-0.332953,0.436499
20200402,339,-0.287055,-1.123354,-0.332953,2.01872
20200402,340,-0.287055,-1.224368,-0.090024,-1.145722
20200402,341,-0.287055,-1.224368,-0.090024,-1.145722
20200402,342,-0.300792,-1.02234,-0.090024,0.436499
20200402,343,-0.300792,-1.02234,-0.090024,0.436499
20200402,344,-0.307661,-1.224368,-0.090024,0.436499
20200402,345,-0.307661,-1.224368,-0.090024,0.436499
20200402,346,-0.293924,-0.719298,-0.211488,0.436499
20200402,347,-0.293924,-0.719298,-0.211488,0.436499
20200402,348,-0.307661,-0.315242,-0.171,0.436499
20200402,349,-0.307661,-0.315242,-0.171,-1.145722
20200402,350,-0.300792,-0.618284,-0.130512,-1.145722
20200402,351,-0.300792,-0.618284,-0.130512,-1.145722
20200402,352,-0.287055,-0.719298,-0.130512,-1.145722
20200402,353,-0.287055,-0.719298,-0.130512,-1.145722
20200402,354,-0.287055,-0.719298,-0.130512,0.436499
20200402,355,-0.287055,-0.719298,-0.130512,2.01872
20200402,356,-0.300792,-0.113214,-0.009048,-1.145722
20200402,357,-0.300792,-0.113214,-0.009048,0.436499
20200402,358,-0.287055,-0.416256,-0.090024,-1.145722
20200402,359,-0.287055,-0.416256,-0.090024,0.436499
20200402,360,-0.300792,-0.51727,-0.171,2.01872
20200402,361,-0.300792,-0.51727,-0.171,-1.145722
20200402,362,-0.293924,-0.416256,-0.373441,0.436499
20200402,363,-0.293924,-0.416256,-0.373441,0.436499
20200402,364,-0.293924,-0.51727,-0.171,0.436499
20200402,365,-0.293924,-0.51727,-0.171,0.436499
20200402,366,-0.293924,-0.315242,-0.009048,0.436499
20200402,367,-0.293924,-0.315242,-0.009048,0.436499
20200402,368,-0.300792,-0.51727,0.03144,0.436499
20200402,369,-0.300792,-0.51727,0.03144,-1.145722
20200402,370,-0.293924,-0.012201,-0.211488,-1.145722
20200402,371,-0.293924,-0.012201,-0.211488,0.436499
20200402,372,-0.307661,-0.113214,-0.049536,-1.145722
20200402,373,-0.307661,-0.113214,-0.049536,2.01872
20200402,374,-0.300792,-0.113214,-0.251976,0.436499
20200402,375,-0.300792,-0.113214,-0.251976,0.436499
20200402,376,-0.300792,0.088813,-0.009048,0.436499
20200402,377,-0.300792,0.088813,-0.009048,0.436499
20200402,378,-0.300792,-0.416256,-0.130512,0.436499
20200402,379,-0.300792,-0.416256,-0.130512,0.436499
20200402,380,-0.293924,-0.012201,-0.130512,0.436499
20200402,381,-0.293924,-0.012201,-0.130512,0.436499
20200402,382,-0.300792,-0.113214,-0.090024,0.436499
20200402,383,-0.300792,-0.113214,-0.090024,-1.145722
20200402,384,-0.293924,-0.012201,-0.171,-1.145722
20200402,385,-0.293924,-0.012201,-0.171,0.436499
20200402,386,-0.321398,-0.113214,-0.211488,-1.145722
20200402,387,-0.321398,-0.113214,-0.211488,2.01872
20200402,388,-0.31453,0.290841,-0.211488,0.436499
20200402,389,-0.31453,0.290841,-0.211488,0.436499
20200402,390,-0.307661,0.088813,-0.130512,0.436499
20200402,391,-0.307661,0.088813,-0.130512,0.436499
20200402,392,-0.31453,-0.012201,-0.090024,0.436499
20200402,393,-0.31453,-0.012201,-0.090024,-1.145722
20200402,394,-0.31453,0.189827,-0.009048,0.436499
20200402,395,-0.31453,0.189827,-0.009048,0.436499
20200402,396,-0.307661,-0.315242,-0.171,-1.145722
20200402,397,-0.307661,-0.315242,-0.171,0.436499
20200402,398,-0.31453,-0.113214,-0.211488,-2.727943
20200402,399,-0.31453,-0.113214,-0.211488,-1.145722
20200402,400,-0.321398,-0.012201,-0.211488,0.436499
20200402,401,-0.321398,-0.012201,-0.211488,0.436499
20200402,402,-0.321398,-0.416256,-0.332953,0.436499
20200402,403,-0.321398,-0.416256,-0.332953,0.436499
20200402,404,-0.31453,-0.416256,0.03144,-1.145722
20200402,405,-0.31453,-0.416256,0.03144,0.436499
20200402,406,-0.31453,0.189827,-0.009048,0.436499
20200402,407,-0.31453,0.189827,-0.009048,-1.145722
20200402,408,-0.31453,-0.113214,-0.090024,0.436499
20200402,409,-0.31453,-0.113214,-0.090024,-2.727943
20200402,410,-0.321398,0.290841,-0.090024,-1.145722
20200402,411,-0.321398,0.290841,-0.090024,0.436499
20200402,412,-0.321398,0.189827,-0.130512,0.436499
20200402,413,-0.321398,0.189827,-0.130512,0.436499
20200402,414,-0.321398,0.290841,-0.373441,2.01872
20200402,415,-0.321398,0.290841,-0.373441,-1.145722
20200402,416,-0.321398,-0.012201,-0.211488,-1.145722
20200402,417,-0.321398,-0.012201,-0.211488,0.436499
20200402,418,-0.31453,0.189827,-0.130512,0.436499
20200402,419,-0.31453,0.189827,-0.130512,0.436499
20200402,420,-0.321398,0.088813,0.03144,0.436499
20200402,421,-0.321398,0.088813,0.03144,0.436499
20200402,422,-0.328267,-0.012201,-0.049536,0.436499
20200402,423,-0.328267,-0.012201,-0.049536,0.436499
20200402,424,-0.328267,0.088813,0.03144,-1.145722
20200402,425,-0.328267,0.088813,0.03144,-1.145722
20200402,426,-0.328267,0.189827,-0.130512,-1.145722
20200402,427,-0.328267,0.189827,-0.130512,-1.145722
20200402,428,-0.335135,0.290841,-0.130512,-1.145722
20200402,429,-0.335135,0.290841,-0.130512,0.436499
20200402,430,-0.300792,0.593883,-0.171,2.01872
20200402,431,-0.300792,0.593883,-0.171,-1.145722
20200402,432,-0.293924,0.290841,-0.171,0.436499
20200402,433,-0.293924,0.290841,-0.171,-1.145722
20200402,434,-0.300792,0.290841,-0.130512,0.436499
20200402,435,-0.300792,0.290841,-0.130512,2.01872
20200402,436,-0.307661,-0.012201,-0.090024,-1.145722
20200402,437,-0.307661,-0.012201,-0.090024,0.436499
20200402,438,-0.287055,0.189827,0.03144,0.436499
20200402,439,-0.287055,0.189827,0.03144,0.436499
20200402,440,-0.300792,0.290841,-0.090024,-1.145722
20200402,441,-0.300792,0.290841,-0.090024,0.436499
20200402,442,-0.300792,0.391855,-0.130512,0.436499
20200402,443,-0.300792,0.391855,-0.130512,-1.145722
20200402,444,-0.307661,0.492869,-0.171,0.436499
20200402,445,-0.307661,0.492869,-0.171,-2.727943
20200402,446,-0.300792,0.391855,-0.171,-1.145722
20200402,447,-0.300792,0.391855,-0.171,0.436499
20200402,448,-0.300792,0.088813,-0.251976,0.436499
20200402,449,-0.300792,0.088813,-0.251976,0.436499
20200402,450,-0.293924,0.290841,-0.090024,2.01872
20200402,451,-0.293924,0.290841,-0.090024,-1.145722
20200402,452,-0.300792,0.189827,0.152905,-1.145722
20200402,453,-0.300792,0.189827,0.152905,0.436499
20200402,454,-0.300792,0.189827,0.03144,0.436499
20200402,455,-0.300792,0.189827,0.03144,0.436499
20200402,456,-0.31453,0.391855,-0.130512,0.436499
20200402,457,-0.31453,0.391855,-0.130512,0.436499
20200402,458,-0.31453,0.492869,-0.211488,0.436499
20200402,459,-0.31453,0.492869,-0.211488,0.436499
20200402,460,-0.31453,0.088813,-0.251976,-1.145722
20200402,461,-0.31453,0.088813,-0.251976,-1.145722
20200402,462,-0.31453,0.189827,-0.171,-1.145722
20200402,463,-0.31453,0.189827,-0.171,-1.145722
20200402,464,-0.300792,0.694897,-0.009048,-1.145722
20200402,465,-0.300792,0.694897,-0.009048,0.436499
20200402,466,-0.307661,0.088813,0.233881,2.01872
20200402,467,-0.307661,0.088813,0.233881,-1.145722
20200402,468,-0.300792,0.391855,0.03144,0.436499
20200402,469,-0.300792,0.391855,0.03144,-1.145722
20200402,470,-0.307661,0.492869,0.03144,0.436499
20200402,471,-0.307661,0.492869,0.03144,2.01872
20200402,472,-0.328267,0.189827,-0.130512,-1.145722
20200402,473,-0.328267,0.189827,-0.130512,0.436499
20200402,474,-0.31453,0.290841,-0.251976,0.436499
20200402,475,-0.31453,0.290841,-0.251976,0.436499
20200402,476,-0.321398,0.189827,-0.251976,0.436499
20200402,477,-0.321398,0.189827,-0.251976,0.436499
20200402,478,-0.31453,0.088813,-0.049536,0.436499
20200402,479,-0.273318,-1.426396,-0.009048,0.436499
20200402,480,-0.273318,-1.426396,-0.009048,-1.145722
20200402,481,-0.280187,-1.426396,-0.049536,0.436499
20200402,482,-0.280187,-1.426396,-0.049536,2.01872
20200402,483,-0.280187,-1.52741,-0.332953,-1.145722
20200402,484,-0.280187,-1.52741,-0.332953,0.436499
20200402,485,-0.273318,-1.224368,-0.251976,0.436499
20200402,486,-0.273318,-1.224368,-0.251976,0.436499
20200402,487,-0.287055,-1.325382,-0.171,0.436499
20200402,488,-0.287055,-1.325382,-0.171,0.436499
20200402,489,-0.280187,-1.729438,0.03144,0.436499
20200402,490,-0.280187,-1.729438,0.03144,0.436499
20200402,491,-0.280187,-1.729438,-0.009048,-1.145722
20200402,492,-0.280187,-1.729438,-0.009048,-1.145722
20200402,493,-0.273318,-1.52741,0.193393,0.436499
20200402,494,-0.273318,-1.52741,0.193393,-1.145722
20200402,495,-0.280187,-1.931466,0.112416,2.01872
20200402,496,-0.280187,-1.931466,0.112416,0.436499
20200402,497,-0.287055,-1.224368,-0.049536,0.436499
20200402,498,-0.287055,-1.224368,-0.049536,0.436499
20200402,499,-0.280187,-1.426396,-0.211488,0.752943
20200402,500,-0.280187,-1.426396,-0.211488,0.752943
20200402,501,-0.287055,-1.224368,-0.332953,0.721299
20200402,502,-0.287055,-1.224368,-0.332953,0.721299
20200402,503,-0.287055,-1.426396,-0.292465,0.689654
20200402,504,-0.287055,-1.426396,-0.292465,0.689654
20200402,505,-0.287055,-1.325382,-0.251976,0.816232
20200402,506,-0.287055,-1.325382,-0.251976,0.816232
20200402,507,-0.273318,-1.325382,0.193393,0.816232
20200402,508,-0.273318,-1.325382,0.193393,0.816232
20200402,509,-0.280187,-1.628424,0.274369,0.816232
20200402,510,-0.280187,-1.628424,0.274369,0.816232
20200402,511,-0.280187,-1.52741,0.152905,0.816232
20200402,512,-0.280187,-1.52741,0.152905,0.816232
20200402,513,-0.280187,-1.224368,-0.049536,0.721299
20200402,514,-0.280187,-1.224368,-0.049536,0.721299
20200402,515,-0.293924,-1.325382,-0.130512,0.689654
20200402,516,-0.293924,-1.325382,-0.130512,0.689654
20200402,517,-0.280187,-1.426396,-0.292465,0.721299
20200402,518,-0.280187,-1.426396,-0.292465,0.721299
20200402,519,-0.293924,-1.123354,-0.413929,0.689654
20200402,520,-0.293924,-1.123354,-0.413929,0.689654
20200402,521,-0.273318,-1.325382,-0.130512,0.721299
20200402,522,-0.273318,-1.325382,-0.130512,0.721299
20200402,523,-0.280187,-1.426396,-0.009048,0.752943
20200402,524,-0.280187,-1.426396,-0.009048,0.752943
20200402,525,-0.273318,-1.729438,0.152905,0.721299
20200402,526,-0.273318,-1.729438,0.152905,0.436499
20200402,527,-0.280187,-1.123354,0.112416,0.436499
20200402,528,-0.280187,-1.123354,0.112416,-1.145722
20200402,529,-0.293924,-1.224368,-0.049536,0.436499
20200402,530,-0.293924,-1.224368,-0.049536,0.436499
20200402,531,-0.293924,-1.426396,-0.171,-1.145722
20200402,532,-0.293924,-1.426396,-0.171,0.436499
20200402,533,-0.287055,-1.224368,-0.171,-2.727943
20200402,534,-0.287055,-1.224368,-0.171,-1.145722
20200402,535,-0.293924,-0.719298,-0.211488,0.436499
20200402,536,-0.293924,-0.719298,-0.211488,0.436499
20200402,537,-0.280187,-1.224368,-0.130512,0.436499
20200402,538,-0.280187,-1.224368,-0.130512,2.01872
20200402,539,-0.280187,-1.426396,-0.171,-1.145722
20200402,540,-0.280187,-1.426396,-0.171,-1.145722
20200402,541,-0.287055,-1.52741,-0.009048,0.436499
20200402,542,-0.287055,-1.52741,-0.009048,0.436499
20200402,543,-0.287055,-1.325382,-0.049536,0.436499
20200402,544,-0.287055,-1.325382,-0.049536,0.436499
20200402,545,-0.280187,-1.426396,-0.090024,0.436499
20200402,546,-0.280187,-1.426396,-0.090024,0.436499
20200402,547,-0.287055,-1.123354,-0.211488,0.436499
20200402,548,-0.287055,-1.123354,-0.211488,-1.145722
20200402,549,-0.293924,-1.426396,-0.292465,-1.145722
20200402,550,-0.293924,-1.426396,-0.292465,-1.145722
20200402,551,-0.273318,-1.224368,-0.292465,-1.145722
20200402,552,-0.273318,-1.224368,-0.292465,-1.145722
20200402,553,-0.280187,-1.224368,-0.049536,0.436499
20200402,554,-0.280187,-1.224368,-0.049536,2.01872
20200402,555,-0.293924,-1.224368,0.233881,-1.145722
20200402,556,-0.293924,-1.224368,0.233881,0.436499
20200402,557,-0.280187,-1.224368,0.193393,-1.145722
20200402,558,-0.280187,-1.224368,0.193393,0.436499
20200402,559,-0.280187,-1.628424,0.03144,2.01872
20200402,560,-0.280187,-1.628424,0.03144,-1.145722
20200402,561,-0.280187,-1.123354,-0.049536,0.436499
20200402,562,-0.280187,-1.123354,-0.049536,0.436499
20200402,563,-0.293924,-1.224368,-0.130512,0.436499
20200402,564,-0.293924,-1.224368,-0.130512,-1.145722
20200402,565,-0.293924,-1.325382,-0.454417,0.436499
20200402,566,-0.293924,-1.325382,-0.454417,0.436499
20200402,567,-0.280187,-1.426396,-0.292465,-1.145722
20200402,568,-0.280187,-1.426396,-0.292465,0.436499
20200402,569,-0.287055,-1.52741,-0.171,-2.727943
20200402,570,-0.287055,-1.52741,-0.171,-1.145722
20200402,571,-0.287055,-1.628424,-0.130512,0.436499
20200402,572,-0.287055,-1.628424,-0.130512,0.436499
20200402,573,-0.273318,-1.52741,0.314857,0.436499
20200402,574,-0.273318,-1.52741,0.314857,2.01872
20200402,575,-0.280187,-1.830452,0.274369,-1.145722
20200402,576,-0.280187,-1.830452,0.274369,-1.145722
20200402,577,-0.287055,-1.325382,0.152905,0.436499
20200402,578,-0.287055,-1.325382,0.152905,0.436499
20200402,579,-0.307661,-1.325382,-0.090024,0.436499
20200402,580,-0.307661,-1.325382,-0.090024,0.436499
20200402,581,-0.300792,-1.123354,-0.251976,0.436499
20200402,582,-0.300792,-1.123354,-0.251976,0.436499
20200402,583,-0.293924,-0.921326,-0.292465,0.436499
20200402,584,-0.293924,-0.921326,-0.292465,-1.145722
20200402,585,-0.307661,-1.325382,-0.171,-1.145722
20200402,586,-0.307661,-1.325382,-0.171,-1.145722
20200402,587,-0.287055,-1.224368,-0.090024,-1.145722
20200402,588,-0.287055,-1.224368,-0.090024,-1.145722
20200402,589,-0.280187,-1.52741,0.193393,0.436499
20200402,590,-0.280187,-1.52741,0.193393,2.01872
20200402,591,-0.287055,-1.325382,0.233881,-1.145722
20200402,592,-0.287055,-1.325382,0.233881,0.436499
20200402,593,-0.287055,-1.52741,0.071928,-1.145722
20200402,594,-0.287055,-1.52741,0.071928,0.436499
20200402,595,-0.293924,-1.628424,-0.130512,2.01872
20200402,596,-0.293924,-1.628424,-0.130512,-1.145722
20200402,597,-0.293924,-1.325382,-0.251976,0.436499
20200402,598,-0.293924,-1.325382,-0.251976,0.436499
20200402,599,-0.287055,-1.325382,-0.130512,0.436499
20200402,600,-0.287055,-1.325382,-0.130512,0.436499
20200402,601,-0.293924,-1.02234,-0.332953,0.436499
20200402,602,-0.293924,-1.02234,-0.332953,0.436499
20200402,603,-0.280187,-1.02234,0.03144,0.436499
20200402,604,-0.280187,-1.02234,0.03144,-1.145722
20200402,605,-0.280187,-1.325382,0.152905,-1.145722
20200402,606,-0.280187,-1.325382,0.152905,0.436499
20200402,607,-0.280187,-1.123354,0.193393,-1.145722
20200402,608,-0.280187,-1.123354,0.193393,2.01872
20200402,609,-0.293924,-1.426396,-0.009048,0.436499
20200402,610,-0.293924,-1.426396,-0.009048,0.436499
20200402,611,-0.280187,-1.325382,-0.171,0.436499
20200402,612,-0.280187,-1.325382,-0.171,0.436499
20200402,613,-0.287055,-0.921326,-0.171,0.436499
20200402,614,-0.287055,-0.921326,-0.171,0.436499
20200402,615,-0.300792,-1.325382,-0.251976,0.436499
20200402,616,-0.300792,-1.325382,-0.251976,0.436499
20200402,617,-0.280187,-1.02234,-0.130512,0.436499
20200402,618,-0.280187,-1.02234,-0.130512,-1.145722
20200402,619,-0.287055,-1.123354,-0.130512,-1.145722
20200402,620,-0.287055,-1.123354,-0.130512,0.436499
20200402,621,-0.287055,-1.224368,-0.171,-1.145722
20200402,622,-0.287055,-1.224368,-0.171,2.01872
20200402,623,-0.287055,-1.325382,-0.049536,0.436499
20200402,624,-0.287055,-1.325382,-0.049536,0.436499
20200402,625,-0.293924,-1.123354,-0.454417,0.436499
20200402,626,-0.293924,-1.123354,-0.454417,0.436499
20200402,627,-0.293924,-1.02234,-0.251976,0.436499
20200402,628,-0.293924,-1.02234,-0.251976,-1.145722
20200402,629,-0.287055,-0.921326,-0.171,0.436499
20200402,630,-0.287055,-0.921326,-0.171,0.436499
20200402,631,-0.293924,-1.123354,0.071928,-1.145722
20200402,632,-0.293924,-1.123354,0.071928,0.436499
20200402,633,-0.287055,-1.02234,0.112416,-2.727943
20200402,634,-0.287055,-1.02234,0.112416,-1.145722
20200402,635,-0.293924,-0.618284,0.071928,0.436499
20200402,636,-0.293924,-0.618284,0.071928,0.436499
20200402,637,-0.300792,-1.123354,-0.090024,0.436499
20200402,638,-0.300792,-1.123354,-0.090024,2.01872
20200402,639,-0.300792,-0.921326,-0.454417,-1.145722
20200402,640,-0.300792,-0.921326,-0.454417,-1.145722
20200402,641,-0.300792,-1.52741,-0.292465,0.436499
20200402,642,-0.300792,-1.52741,-0.292465,0.436499
20200402,643,-0.307661,-1.224368,-0.211488,0.436499
20200402,644,-0.307661,-1.224368,-0.211488,0.436499
20200402,645,-0.287055,-1.628424,-0.090024,0.436499
20200402,646,-0.287055,-1.628424,-0.090024,0.436499
20200402,647,-0.287055,-1.123354,0.314857,0.436499
20200402,648,-0.287055,-1.123354,0.314857,-1.145722
20200402,649,-0.300792,-1.830452,0.314857,-1.145722
20200402,650,-0.300792,-1.830452,0.314857,-1.145722
20200402,651,-0.280187,-1.628424,0.274369,-1.145722
20200402,652,-0.280187,-1.628424,0.274369,-1.145722
20200402,653,-0.300792,-1.52741,-0.090024,0.436499
20200402,654,-0.300792,-1.52741,-0.090024,2.01872
20200402,655,-0.31453,-1.325382,-0.130512,-1.145722
20200402,656,-0.31453,-1.325382,-0.130512,0.436499
20200402,657,-0.293924,-1.426396,-0.251976,-1.145722
20200402,658,-0.293924,-1.426396,-0.251976,0.436499
20200402,659,-0.300792,-1.729438,-0.332953,2.01872
20200402,660,-0.300792,-1.729438,-0.332953,-1.145722
20200402,661,-0.293924,-1.52741,-0.171,0.436499
20200402,662,-0.293924,-1.52741,-0.171,0.436499
20200402,663,-0.293924,-1.628424,0.112416,0.436499
20200402,664,-0.293924,-1.628424,0.112416,-1.145722
20200402,665,-0.280187,-1.729438,0.274369,0.436499
20200402,666,-0.280187,-1.729438,0.274369,0.436499
20200402,667,-0.280187,-1.224368,0.233881,-1.145722
20200402,668,-0.280187,-1.224368,0.233881,0.436499
20200402,669,-0.307661,-1.325382,0.152905,-2.727943
20200402,670,-0.307661,-1.325382,0.152905,-1.145722
20200402,671,-0.300792,-1.02234,-0.090024,0.436499
20200402,672,-0.300792,-1.02234,-0.090024,0.436499
20200402,673,-0.31453,-1.123354,-0.535393,0.436499
20200402,674,-0.31453,-1.123354,-0.535393,2.01872
20200402,675,-0.293924,-1.224368,-0.373441,-1.145722
20200402,676,-0.293924,-1.224368,-0.373441,-1.145722
20200402,677,-0.293924,-0.719298,-0.171,0.436499
20200402,678,-0.293924,-0.719298,-0.171,0.436499
20200402,679,-0.300792,-0.921326,0.152905,0.436499
20200402,680,-0.300792,-0.921326,0.152905,0.436499
20200402,681,-0.280187,-1.52741,0.314857,0.436499
20200402,682,-0.280187,-1.52741,0.314857,0.436499
20200402,683,-0.287055,-1.224368,0.355345,0.436499
20200402,684,-0.287055,-1.224368,0.355345,-1.145722
20200402,685,-0.287055,-1.426396,0.152905,-1.145722
20200402,686,-0.287055,-1.426396,0.152905,-1.145722
20200402,687,-0.328267,-1.123354,-0.049536,-1.145722
20200402,688,-0.328267,-1.123354,-0.049536,-1.145722
20200402,689,-0.300792,-1.224368,-0.049536,0.436499
20200402,690,-0.300792,-1.224368,-0.049536,2.01872
20200402,691,-0.307661,-1.325382,-0.251976,-1.145722
20200402,692,-0.307661,-1.325382,-0.251976,0.436499
20200402,693,-0.300792,-1.224368,-0.130512,-1.145722
20200402,694,-0.300792,-1.224368,-0.130512,0.436499
20200402,695,-0.280187,-1.325382,-0.049536,2.01872
20200402,696,-0.280187,-1.325382,-0.049536,-1.145722
20200402,697,-0.293924,-1.325382,0.03144,0.436499
20200402,698,-0.293924,-1.325382,0.03144,0.436499
20200402,699,-0.293924,-0.921326,-0.049536,0.436499
20200402,700,-0.293924,-0.921326,-0.049536,0.436499
20200402,701,-0.287055,-1.426396,-0.049536,0.436499
20200402,702,-0.287055,-1.426396,-0.049536,0.436499
20200402,703,-0.293924,-1.224368,-0.171,0.436499
20200402,704,-0.293924,-1.224368,-0.171,-1.145722
20200402,705,-0.307661,-1.224368,-0.211488,-1.145722
20200402,706,-0.307661,-1.224368,-0.211488,0.436499
20200402,707,-0.307661,-1.123354,-0.211488,-1.145722
20200402,708,-0.307661,-1.123354,-0.211488,2.01872
20200402,709,-0.300792,-0.820312,-0.009048,0.436499
20200402,710,-0.300792,-0.820312,-0.009048,0.436499
20200402,711,-0.300792,-1.02234,-0.049536,0.436499
20200402,712,-0.300792,-1.02234,-0.049536,0.436499
20200402,713,-0.293924,-1.224368,0.152905,0.436499
20200402,714,-0.293924,-1.224368,0.152905,0.436499
20200402,715,-0.287055,-1.628424,0.071928,0.436499
20200402,716,-0.287055,-1.628424,0.071928,0.436499
20200402,717,-0.307661,-1.628424,-0.090024,0.436499
20200402,718,-0.307661,-1.628424,-0.090024,-1.145722
20200402,719,-0.293924,-1.02234,-0.292465,-1.145722
20200402,720,-0.293924,-1.02234,-0.292465,0.436499
20200402,721,-0.300792,-1.02234,-0.171,-1.145722
20200402,722,-0.300792,-1.02234,-0.171,2.01872
20200402,723,-0.293924,-1.628424,-0.090024,0.436499
20200402,724,-0.293924,-1.628424,-0.090024,0.436499
20200402,725,-0.287055,-1.123354,-0.130512,0.436499
20200402,726,-0.287055,-1.123354,-0.130512,0.436499
20200402,727,-0.293924,-1.426396,-0.130512,0.436499
20200402,728,-0.293924,-1.426396,-0.130512,-1.145722
20200402,729,-0.287055,-1.325382,-0.130512,0.436499
20200402,730,-0.287055,-1.325382,-0.130512,0.436499
20200402,731,-0.287055,-1.224368,-0.171,-1.145722
20200402,732,-0.287055,-1.224368,-0.171,0.436499
20200402,733,-0.31453,-1.628424,-0.130512,-2.727943
20200402,734,-0.31453,-1.628424,-0.130512,-1.145722
20200402,735,-0.293924,-1.123354,-0.090024,0.436499
20200402,736,-0.293924,-1.123354,-0.090024,0.436499
20200402,737,-0.287055,-1.123354,-0.332953,0.436499
20200402,738,-0.287055,-1.123354,-0.332953,2.01872
20200402,739,-0.287055,-1.224368,-0.090024,-1.145722
20200402,740,-0.287055,-1.224368,-0.090024,-1.145722
20200402,741,-0.300792,-1.02234,-0.090024,0.436499
20200402,742,-0.300792,-1.02234,-0.090024,0.436499
20200402,743,-0.307661,-1.224368,-0.090024,0.436499
20200402,744,-0.307661,-1.224368,-0.090024,0.436499
20200402,745,-0.293924,-0.719298,-0.211488,0.436499
20200402,746,-0.293924,-0.719298,-0.211488,0.436499
20200402,747,-0.307661,-0.315242,-0.171,0.436499
20200402,748,-0.307661,-0.315242,-0.171,-1.145722
20200402,749,-0.300792,-0.618284,-0.130512,-1.145722
20200402,750,-0.300792,-0.618284,-0.130512,-1.145722
20200402,751,-0.287055,-0.719298,-0.130512,-1.145722
20200402,752,-0.287055,-0.719298,-0.130512,-1.145722
20200402,753,-0.287055,-0.719298,-0.130512,0.436499
20200402,754,-0.287055,-0.719298,-0.130512,2.01872
20200402,755,-0.300792,-0.113214,-0.009048,-1.145722
20200402,756,-0.300792,-0.113214,-0.009048,0.436499
20200402,757,-0.287055,-0.416256,-0.090024,-1.145722
20200402,758,-0.287055,-0.416256,-0.090024,0.436499
20200402,759,-0.300792,-0.51727,-0.171,2.01872
20200402,760,-0.300792,-0.51727,-0.171,-1.145722
20200402,761,-0.293924,-0.416256,-0.373441,0.436499
20200402,762,-0.293924,-0.416256,-0.373441,0.436499
20200402,763,-0.293924,-0.51727,-0.171,0.436499
20200402,764,-0.293924,-0.51727,-0.171,0.436499
20200402,765,-0.293924,-0.315242,-0.009048,0.436499
20200402,766,-0.293924,-0.315242,-0.009048,0.436499
20200402,767,-0.300792,-0.51727,0.03144,0.436499
20200402,768,-0.300792,-0.51727,0.03144,-1.145722
20200402,769,-0.293924,-0.012201,-0.211488,-1.145722
20200402,770,-0.293924,-0.012201,-0.211488,0.436499
20200402,771,-0.307661,-0.113214,-0.049536,-1.145722
20200402,772,-0.307661,-0.113214,-0.049536,2.01872
20200402,773,-0.300792,-0.113214,-0.251976,0.436499
20200402,774,-0.300792,-0.113214,-0.251976,0.436499
20200402,775,-0.300792,0.088813,-0.009048,0.436499
20200402,776,-0.300792,0.088813,-0.009048,0.436499
20200402,777,-0.300792,-0.416256,-0.130512,0.436499
20200402,778,-0.300792,-0.416256,-0.130512,0.436499
20200402,779,-0.293924,-0.012201,-0.130512,0.436499
20200402,780,-0.293924,-0.012201,-0.130512,0.436499
20200402,781,-0.300792,-0.113214,-0.090024,0.436499
20200402,782,-0.300792,-0.113214,-0.090024,-1.145722
20200402,783,-0.293924,-0.012201,-0.171,-1.145722
20200402,784,-0.293924,-0.012201,-0.171,0.436499
20200402,785,-0.321398,-0.113214,-0.211488,-1.145722
20200402,786,-0.321398,-0.113214,-0.211488,2.01872
20200402,787,-0.31453,0.290841,-0.211488,0.436499
20200402,788,-0.31453,0.290841,-0.211488,0.436499
20200402,789,-0.307661,0.088813,-0.130512,0.436499
20200402,790,-0.307661,0.088813,-0.130512,0.436499
20200402,791,-0.31453,-0.012201,-0.090024,0.436499
20200402,792,-0.31453,-0.012201,-0.090024,-1.145722
20200402,793,-0.31453,0.189827,-0.009048,0.436499
20200402,794,-0.31453,0.189827,-0.009048,0.436499
20200402,795,-0.307661,-0.315242,-0.171,-1.145722
20200402,796,-0.307661,-0.315242,-0.171,0.436499
20200402,797,-0.31453,-0.113214,-0.211488,-2.727943
20200402,798,-0.31453,-0.113214,-0.211488,-1.145722
20200402,799,-0.321398,-0.012201,-0.211488,0.436499
20200402,800,-0.321398,-0.012201,-0.211488,0.436499
20200402,801,-0.321398,-0.416256,-0.332953,0.436499
20200402,802,-0.321398,-0.416256,-0.332953,0.436499
20200402,803,-0.31453,-0.416256,0.03144,-1.145722
20200402,804,-0.31453,-0.416256,0.03144,0.436499
20200402,805,-0.31453,0.189827,-0.009048,0.436499
20200402,806,-0.31453,0.189827,-0.009048,-1.145722
20200402,807,-0.31453,-0.113214,-0.090024,0.436499
20200402,808,-0.31453,-0.113214,-0.090024,-2.727943
20200402,809,-0.321398,0.290841,-0.090024,-1.145722
20200402,810,-0.321398,0.290841,-0.090024,0.436499
20200402,811,-0.321398,0.189827,-0.130512,0.436499
20200402,812,-0.321398,0.189827,-0.130512,0.436499
20200402,813,-0.321398,0.290841,-0.373441,2.01872
20200402,814,-0.321398,0.290841,-0.373441,-1.145722
20200402,815,-0.321398,-0.012201,-0.211488,-1.145722
20200402,816,-0.321398,-0.012201,-0.211488,0.436499
20200402,817,-0.31453,0.189827,-0.130512,0.436499
20200402,818,-0.31453,0.189827,-0.130512,0.436499
20200402,819,-0.321398,0.088813,0.03144,0.436499
20200402,820,-0.321398,0.088813,0.03144,0.436499
20200402,821,-0.328267,-0.012201,-0.049536,0.436499
20200402,822,-0.328267,-0.012201,-0.049536,0.436499
20200402,823,-0.328267,0.088813,0.03144,-1.145722
20200402,824,-0.328267,0.088813,0.03144,-1.145722
20200402,825,-0.328267,0.189827,-0.130512,-1.145722
20200402,826,-0.328267,0.189827,-0.130512,-1.145722
20200402,827,-0.335135,0.290841,-0.130512,-1.145722
20200402,828,-0.335135,0.290841,-0.130512,0.436499
20200402,829,-0.300792,0.593883,-0.171,2.01872
20200402,830,-0.300792,0.593883,-0.171,-1.145722
20200402,831,-0.293924,0.290841,-0.171,0.436499
20200402,832,-0.293924,0.290841,-0.171,-1.145722
20200402,833,-0.300792,0.290841,-0.130512,0.436499
20200402,834,-0.300792,0.290841,-0.130512,2.01872
20200402,835,-0.307661,-0.012201,-0.090024,-1.145722
20200402,836,-0.307661,-0.012201,-0.090024,0.436499
20200402,837,-0.287055,0.189827,0.03144,0.436499
20200402,838,-0.287055,0.189827,0.03144,0.436499
20200402,839,-0.300792,0.290841,-0.090024,-1.145722
20200402,840,-0.300792,0.290841,-0.090024,0.436499
20200402,841,-0.300792,0.391855,-0.130512,0.436499
20200402,842,-0.300792,0.391855,-0.130512,-1.145722
20200402,843,-0.307661,0.492869,-0.171,0.436499
20200402,844,-0.307661,0.492869,-0.171,-2.727943
20200402,845,-0.300792,0.391855,-0.171,-1.145722
20200402,846,-0.300792,0.391855,-0.171,0.436499
20200402,847,-0.300792,0.088813,-0.251976,0.436499
20200402,848,-0.300792,0.088813,-0.251976,0.436499
20200402,849,-0.293924,0.290841,-0.090024,2.01872
20200402,850,-0.293924,0.290841,-0.090024,-1.145722
20200402,851,-0.300792,0.189827,0.152905,-1.145722
20200402,852,-0.300792,0.189827,0.152905,0.436499
20200402,853,-0.300792,0.189827,0.03144,0.436499
20200402,854,-0.300792,0.189827,0.03144,0.436499
20200402,855,-0.31453,0.391855,-0.130512,0.436499
20200402,856,-0.31453,0.391855,-0.130512,0.436499
20200402,857,-0.31453,0.492869,-0.211488,0.436499
20200402,858,-0.31453,0.492869,-0.211488,0.436499
20200402,859,-0.31453,0.088813,-0.251976,-1.145722
20200402,860,-0.31453,0.088813,-0.251976,-1.145722
20200402,861,-0.31453,0.189827,-0.171,-1.145722
20200402,862,-0.31453,0.189827,-0.171,-1.145722
20200402,863,-0.300792,0.694897,-0.009048,-1.145722
20200402,864,-0.300792,0.694897,-0.009048,0.436499
20200402,865,-0.307661,0.088813,0.233881,2.01872
20200402,866,-0.307661,0.088813,0.233881,-1.145722
20200402,867,-0.300792,0.391855,0.03144,0.436499
20200402,868,-0.300792,0.391855,0.03144,-1.145722
20200402,869,-0.307661,0.492869,0.03144,0.436499
20200402,870,-0.307661,0.492869,0.03144,2.01872
20200402,871,-0.328267,0.189827,-0.130512,-1.145722
20200402,872,-0.328267,0.189827,-0.130512,0.436499
20200402,873,-0.31453,0.290841,-0.251976,0.436499
20200402,874,-0.31453,0.290841,-0.251976,0.436499
20200402,875,-0.321398,0.189827,-0.251976,0.436499
20200402,876,-0.321398,0.189827,-0.251976,0.436499
20200402,877,-0.31453,0.088813,-0.049536,0.436499
20200402,878,-0.31453,0.088813,-0.049536,0.436499
20200402,879,-0.31453,0.189827,0.03144,-1.145722
20200402,880,-0.31453,0.189827,0.03144,-1.145722
20200402,881,-0.300792,-0.012201,0.112416,0.436499
20200402,882,-0.300792,-0.012201,0.112416,-1.145722
20200402,883,-0.31453,0.290841,0.03144,2.01872
20200402,884,-0.31453,0.290841,0.03144,0.436499
20200402,885,-0.300792,0.290841,-0.090024,0.436499
20200402,886,-0.300792,0.290841,-0.090024,0.436499
20200402,887,-0.321398,0.391855,-0.292465,0.436499
20200402,888,-0.321398,0.391855,-0.292465,0.436499
20200402,889,-0.321398,0.290841,-0.251976,0.436499
20200402,890,-0.321398,0.290841,-0.251976,0.436499
20200402,891,-0.31453,0.492869,-0.454417,0.436499
20200402,892,-0.31453,0.492869,-0.454417,0.436499
20200402,893,-0.31453,0.290841,-0.049536,-1.145722
20200402,894,-0.31453,0.290841,-0.049536,-1.145722
20200402,895,-0.307661,0.391855,0.071928,0.436499
20200402,896,-0.307661,0.391855,0.071928,-1.145722
20200402,897,-0.307661,0.290841,0.071928,2.01872
20200402,898,-0.307661,0.290841,0.071928,0.436499
20200402,899,-0.328267,0.391855,0.071928,0.436499
20200402,900,-0.328267,0.391855,0.071928,0.436499
20200402,901,-0.321398,0.088813,-0.049536,0.436499
20200402,902,-0.321398,0.088813,-0.049536,0.436499
20200402,903,-0.31453,-0.012201,-0.332953,-1.145722
20200402,904,-0.31453,-0.012201,-0.332953,0.436499
20200402,905,-0.321398,0.492869,-0.211488,0.436499
20200402,906,-0.321398,0.492869,-0.211488,-1.145722
20200402,907,-0.321398,0.391855,-0.251976,0.436499
20200402,908,-0.321398,0.391855,-0.251976,-2.727943
20200402,909,-0.31453,0.189827,-0.171,-1.145722
20200402,910,-0.31453,0.189827,-0.171,0.436499
20200402,911,-0.328267,0.290841,0.03144,0.436499
20200402,912,-0.328267,0.290841,0.03144,0.436499
20200402,913,-0.31453,0.189827,0.03144,2.01872
20200402,914,-0.31453,0.189827,0.03144,-1.145722
20200402,915,-0.307661,0.189827,-0.009048,-1.145722
20200402,916,-0.307661,0.189827,-0.009048,0.436499
20200402,917,-0.31453,0.391855,-0.049536,0.436499
20200402,918,-0.31453,0.391855,-0.049536,0.436499
20200402,919,-0.328267,0.391855,-0.171,0.436499
20200402,920,-0.328267,0.391855,-0.171,0.436499
20200402,921,-0.321398,0.088813,-0.211488,0.436499
20200402,922,-0.321398,0.088813,-0.211488,0.436499
20200402,923,-0.31453,0.189827,-0.211488,-1.145722
20200402,924,-0.31453,0.189827,-0.211488,-1.145722
20200402,925,-0.321398,0.189827,-0.090024,-1.145722
20200402,926,-0.321398,0.189827,-0.090024,-1.145722
20200402,927,-0.31453,-0.012201,0.152905,-1.145722
20200402,928,-0.31453,-0.012201,0.152905,0.436499
20200402,929,-0.31453,0.290841,0.274369,2.01872
20200402,930,-0.31453,0.290841,0.274369,-1.145722
20200402,931,-0.307661,-0.113214,0.03144,0.436499
20200402,932,-0.307661,-0.113214,0.03144,-1.145722
20200402,933,-0.31453,0.189827,-0.049536,0.436499
20200402,934,-0.31453,0.189827,-0.049536,2.01872
20200402,935,-0.328267,-0.113214,-0.130512,-1.145722
20200402,936,-0.328267,-0.113214,-0.130512,0.436499
20200402,937,-0.321398,0.290841,-0.171,0.436499
20200402,938,-0.321398,0.290841,-0.171,0.436499
20200402,939,-0.31453,0.391855,-0.171,0.436499
20200402,940,-0.31453,0.391855,-0.171,0.436499
20200402,941,-0.307661,0.593883,-0.211488,0.436499
20200402,942,-0.307661,0.593883,-0.211488,0.436499
20200402,943,-0.31453,0.290841,-0.130512,-1.145722
20200402,944,-0.31453,0.290841,-0.130512,-1.145722
20200402,945,-0.300792,0.290841,-0.009048,0.436499
20200402,946,-0.300792,0.290841,-0.009048,-1.145722
20200402,947,-0.307661,0.189827,-0.090024,2.01872
20200402,948,-0.307661,0.189827,-0.090024,0.436499
20200402,949,-0.31453,0.088813,-0.130512,0.436499
20200402,950,-0.31453,0.088813,-0.130512,0.436499
20200402,951,-0.307661,0.290841,-0.171,0.436499
20200402,952,-0.307661,0.290841,-0.171,0.436499
20200402,953,-0.321398,0.290841,-0.211488,-1.145722
20200402,954,-0.321398,0.290841,-0.211488,0.436499
20200402,955,-0.307661,-0.012201,-0.211488,0.436499
20200402,956,-0.307661,-0.012201,-0.211488,-1.145722
20200402,957,-0.31453,0.088813,-0.130512,0.436499
20200402,958,-0.31453,0.088813,-0.130512,-2.727943
20200402,959,-0.31453,0.189827,0.152905,-1.145722
20200402,960,-0.31453,0.189827,0.152905,0.436499
20200402,961,-0.31453,0.593883,0.193393,0.436499
20200402,962,-0.31453,0.593883,0.193393,0.436499
20200402,963,-0.31453,0.088813,-0.090024,2.01872
20200402,964,-0.31453,0.088813,-0.090024,-1.145722
20200402,965,-0.321398,0.290841,-0.373441,-1.145722
20200402,966,-0.321398,0.290841,-0.373441,0.436499
20200402,967,-0.328267,0.391855,-0.171,0.436499
20200402,968,-0.328267,0.391855,-0.171,0.436499
20200402,969,-0.321398,0.189827,-0.090024,0.436499
20200402,970,-0.321398,0.189827,-0.090024,0.436499
20200402,971,-0.328267,0.189827,-0.211488,0.436499
20200402,972,-0.328267,0.189827,-0.211488,0.436499
20200402,973,-0.307661,0.391855,-0.130512,-1.145722
20200402,974,-0.307661,0.391855,-0.130512,-1.145722
20200402,975,-0.321398,0.189827,-0.332953,-1.145722
20200402,976,-0.321398,0.189827,-0.332953,-1.145722
20200402,977,-0.321398,0.189827,-0.373441,-1.145722
20200402,978,-0.321398,0.189827,-0.373441,0.436499
20200402,979,-0.307661,0.088813,-0.130512,2.01872
20200402,980,-0.307661,0.088813,-0.130512,-1.145722
20200402,981,-0.321398,0.391855,-0.130512,0.436499
20200402,982,-0.321398,0.391855,-0.130512,-1.145722
20200402,983,-0.328267,-0.012201,-0.130512,0.436499
20200402,984,-0.328267,-0.012201,-0.130512,2.01872
20200402,985,-0.328267,0.290841,-0.292465,-1.145722
20200402,986,-0.328267,0.290841,-0.292465,0.436499
20200402,987,-0.321398,0.088813,-0.211488,0.436499
20200402,988,-0.321398,0.088813,-0.211488,0.436499
20200402,989,-0.321398,0.391855,-0.171,0.436499
20200402,990,-0.321398,0.391855,-0.171,0.436499
20200402,991,-0.31453,0.189827,-0.090024,0.436499
20200402,992,-0.31453,0.189827,-0.090024,0.436499
20200402,993,-0.31453,0.088813,-0.009048,-1.145722
20200402,994,-0.31453,0.088813,-0.009048,-1.145722
20200402,995,-0.328267,0.593883,0.071928,0.436499
20200402,996,-0.328267,0.593883,0.071928,-1.145722
20200402,997,-0.321398,-0.012201,0.03144,2.01872
20200402,998,-0.321398,-0.012201,0.03144,0.436499
20200402,999,-0.328267,0.290841,-0.009048,0.436499
20200402,1000,-0.328267,0.290841,-0.009048,0.436499
20200402,1001,-0.328267,0.391855,-0.090024,-1.145722
20200402,1002,-0.328267,0.391855,-0.090024,0.436499
20200402,1003,-0.321398,0.391855,-0.130512,0.436499
20200402,1004,-0.321398,0.391855,-0.130512,-1.145722
20200402,1005,-0.328267,0.391855,-0.090024,0.436499
20200402,1006,-0.328267,0.391855,-0.090024,-2.727943
20200402,1007,-0.321398,0.189827,-0.211488,-1.145722
20200402,1008,-0.321398,0.189827,-0.211488,0.436499
20200402,1009,-0.328267,0.694897,-0.211488,0.436499
20200402,1010,-0.328267,0.694897,-0.211488,0.436499
20200402,1011,-0.321398,0.189827,-0.049536,2.01872
20200402,1012,-0.321398,0.189827,-0.049536,-1.145722
20200402,1013,-0.321398,0.290841,0.193393,-1.145722
20200402,1014,-0.321398,0.290841,0.193393,0.436499
20200402,1015,-0.321398,0.088813,0.112416,0.436499
20200402,1016,-0.321398,0.088813,0.112416,0.436499
20200402,1017,-0.31453,0.088813,-0.049536,0.436499
20200402,1018,-0.31453,0.088813,-0.049536,0.436499
20200402,1019,-0.321398,0.189827,-0.090024,0.436499
20200402,1020,-0.321398,0.189827,-0.090024,0.436499
20200402,1021,-0.321398,0.290841,0.03144,-1.145722
20200402,1022,-0.321398,0.290841,0.03144,-1.145722
20200402,1023,-0.293924,-1.426396,-0.130512,0.436499
20200402,1024,-0.293924,-1.426396,-0.130512,-1.145722
20200402,1025,-0.287055,-1.325382,-0.130512,0.436499
20200402,1026,-0.287055,-1.325382,-0.130512,0.436499
20200402,1027,-0.287055,-1.224368,-0.171,-1.145722
20200402,1028,-0.287055,-1.224368,-0.171,0.436499
20200402,1029,-0.31453,-1.628424,-0.130512,-2.727943
20200402,1030,-0.31453,-1.628424,-0.130512,-1.145722
20200402,1031,-0.293924,-1.123354,-0.090024,0.436499
20200402,1032,-0.293924,-1.123354,-0.090024,0.436499
20200402,1033,-0.287055,-1.123354,-0.332953,0.436499
20200402,1034,-0.287055,-1.123354,-0.332953,2.01872
20200402,1035,-0.287055,-1.224368,-0.090024,-1.145722
20200402,1036,-0.287055,-1.224368,-0.090024,-1.145722
20200402,1037,-0.300792,-1.02234,-0.090024,0.436499
20200402,1038,-0.300792,-1.02234,-0.090024,0.436499
20200402,1039,-0.307661,-1.224368,-0.090024,0.436499
20200402,1040,-0.307661,-1.224368,-0.090024,0.436499
20200402,1041,-0.293924,-0.719298,-0.211488,0.436499
20200402,1042,-0.293924,-0.719298,-0.211488,0.436499
20200402,1043,-0.307661,-0.315242,-0.171,0.436499
20200402,1044,-0.307661,-0.315242,-0.171,-1.145722
20200402,1045,-0.300792,-0.618284,-0.130512,-1.145722
20200402,1046,-0.300792,-0.618284,-0.130512,-1.145722
20200402,1047,-0.287055,-0.719298,-0.130512,-1.145722
20200402,1048,-0.287055,-0.719298,-0.130512,-1.145722
20200402,1049,-0.287055,-0.719298,-0.130512,0.436499
20200402,1050,-0.287055,-0.719298,-0.130512,2.01872
20200402,1051,-0.300792,-0.113214,-0.009048,-1.145722
20200402,1052,-0.300792,-0.113214,-0.009048,0.436499
20200402,1053,-0.287055,-0.416256,-0.090024,-1.145722
20200402,1054,-0.287055,-0.416256,-0.090024,0.436499
20200402,1055,-0.300792,-0.51727,-0.171,2.01872
20200402,1056,-0.300792,-0.51727,-0.171,-1.145722
20200402,1057,-0.293924,-0.416256,-0.373441,0.436499
20200402,1058,-0.293924,-0.416256,-0.373441,0.436499
20200402,1059,-0.293924,-0.51727,-0.171,0.436499
20200402,1060,-0.293924,-0.51727,-0.171,0.436499
20200402,1061,-0.293924,-0.315242,-0.009048,0.436499
20200402,1062,-0.293924,-0.315242,-0.009048,0.436499
20200402,1063,-0.300792,-0.51727,0.03144,0.436499
20200402,1064,-0.300792,-0.51727,0.03144,-1.145722
20200402,1065,-0.293924,-0.012201,-0.211488,-1.145722
20200402,1066,-0.293924,-0.012201,-0.211488,0.436499
20200402,1067,-0.307661,-0.113214,-0.049536,-1.145722
20200402,1068,-0.307661,-0.113214,-0.049536,2.01872
20200402,1069,-0.300792,-0.113214,-0.251976,0.436499
20200402,1070,-0.300792,-0.113214,-0.251976,0.436499
20200402,1071,-0.300792,0.088813,-0.009048,0.436499
20200402,1072,-0.300792,0.088813,-0.009048,0.436499
20200402,1073,-0.300792,-0.416256,-0.130512,0.436499
20200402,1074,-0.300792,-0.416256,-0.130512,0.436499
20200402,1075,-0.293924,-0.012201,-0.130512,0.436499
20200402,1076,-0.293924,-0.012201,-0.130512,0.436499
20200402,1077,-0.300792,-0.113214,-0.090024,0.436499
20200402,1078,-0.300792,-0.113214,-0.090024,-1.145722
20200402,1079,-0.293924,-0.012201,-0.171,-1.145722
20200402,1080,-0.293924,-0.012201,-0.171,0.436499
20200402,1081,-0.321398,-0.113214,-0.211488,-1.145722
20200402,1082,-0.321398,-0.113214,-0.211488,2.01872
20200402,1083,-0.31453,0.290841,-0.211488,0.436499
20200402,1084,-0.31453,0.290841,-0.211488,0.436499
20200402,1085,-0.307661,0.088813,-0.130512,0.436499
20200402,1086,-0.307661,0.088813,-0.130512,0.436499
20200402,1087,-0.31453,-0.012201,-0.090024,0.436499
20200402,1088,-0.31453,-0.012201,-0.090024,-1.145722
20200402,1089,-0.31453,0.189827,-0.009048,0.436499
20200402,1090,-0.31453,0.189827,-0.009048,0.436499
20200402,1091,-0.307661,-0.315242,-0.171,-1.145722
20200402,1092,-0.307661,-0.315242,-0.171,0.436499
20200402,1093,-0.31453,-0.113214,-0.211488,-2.727943
20200402,1094,-0.31453,-0.113214,-0.211488,-1.145722
20200402,1095,-0.321398,-0.012201,-0.211488,0.436499
20200402,1096,-0.321398,-0.012201,-0.211488,0.436499
20200402,1097,-0.321398,-0.416256,-0.332953,0.436499
20200402,1098,-0.321398,-0.416256,-0.332953,0.436499
20200402,1099,-0.31453,-0.416256,0.03144,-1.145722
20200402,1100,-0.31453,-0.416256,0.03144,0.436499
20200402,1101,-0.31453,0.189827,-0.009048,0.436499
20200402,1102,-0.31453,0.189827,-0.009048,-1.145722
20200402,1103,-0.31453,-0.113214,-0.090024,0.436499
20200402,1104,-0.31453,-0.113214,-0.090024,-2.727943
20200402,1105,-0.321398,0.290841,-0.090024,-1.145722
20200402,1106,-0.321398,0.290841,-0.090024,0.436499
20200402,1107,-0.321398,0.189827,-0.130512,0.436499
20200402,1108,-0.321398,0.189827,-0.130512,0.436499
20200402,1109,-0.321398,0.290841,-0.373441,2.01872
20200402,1110,-0.321398,0.290841,-0.373441,-1.145722
20200402,1111,-0.321398,-0.012201,-0.211488,-1.145722
20200402,1112,-0.321398,-0.012201,-0.211488,0.436499
20200402,1113,-0.31453,0.189827,-0.130512,0.436499
20200402,1114,-0.31453,0.189827,-0.130512,0.436499
20200402,1115,-0.321398,0.088813,0.03144,0.436499
20200402,1116,-0.321398,0.088813,0.03144,0.436499
20200402,1117,-0.328267,-0.012201,-0.049536,0.436499
20200402,1118,-0.328267,-0.012201,-0.049536,0.436499
20200402,1119,-0.328267,0.088813,0.03144,-1.145722
20200402,1120,-0.328267,0.088813,0.03144,-1.145722
20200402,1121,-0.328267,0.189827,-0.130512,-1.145722
20200402,1122,-0.328267,0.189827,-0.130512,-1.145722
20200402,1123,-0.335135,0.290841,-0.130512,-1.145722
20200402,1124,-0.335135,0.290841,-0.130512,0.436499
20200402,1125,-0.300792,0.593883,-0.171,2.01872
20200402,1126,-0.300792,0.593883,-0.171,-1.145722
20200402,1127,-0.293924,0.290841,-0.171,0.436499
20200402,1128,-0.293924,0.290841,-0.171,-1.145722
20200402,1129,-0.300792,0.290841,-0.130512,0.436499
20200402,1130,-0.300792,0.290841,-0.130512,2.01872
20200402,1131,-0.307661,-0.012201,-0.090024,-1.145722
20200402,1132,-0.307661,-0.012201,-0.090024,0.436499
20200402,1133,-0.287055,0.189827,0.03144,0.436499
20200402,1134,-0.287055,0.189827,0.03144,0.436499
20200402,1135,-0.300792,0.290841,-0.090024,-1.145722
20200402,1136,-0.300792,0.290841,-0.090024,0.436499
20200402,1137,-0.300792,0.391855,-0.130512,0.436499
20200402,1138,-0.300792,0.391855,-0.130512,-1.145722
20200402,1139,-0.307661,0.492869,-0.171,0.436499
20200402,1140,-0.307661,0.492869,-0.171,-2.727943
20200402,1141,-0.300792,0.391855,-0.171,-1.145722
20200402,1142,-0.300792,0.391855,-0.171,0.436499
20200402,1143,-0.300792,0.088813,-0.251976,0.436499
20200402,1144,-0.300792,0.088813,-0.251976,0.436499
20200402,1145,-0.293924,0.290841,-0.090024,2.01872
20200402,1146,-0.293924,0.290841,-0.090024,-1.145722
20200402,1147,-0.300792,0.189827,0.152905,-1.145722
20200402,1148,-0.300792,0.189827,0.152905,0.436499
20200402,1149,-0.300792,0.189827,0.03144,0.436499
20200402,1150,-0.300792,0.189827,0.03144,0.436499
20200402,1151,-0.31453,0.391855,-0.130512,0.436499
20200402,1152,-0.31453,0.391855,-0.130512,0.436499
20200402,1153,-0.31453,0.492869,-0.211488,0.436499
20200402,1154,-0.31453,0.492869,-0.211488,0.436499
20200402,1155,-0.31453,0.088813,-0.251976,-1.145722
20200402,1156,-0.31453,0.088813,-0.251976,-1.145722
20200402,1157,-0.31453,0.189827,-0.171,-1.145722
20200402,1158,-0.31453,0.189827,-0.171,-1.145722
20200402,1159,-0.300792,0.694897,-0.009048,-1.145722
20200402,1160,-0.300792,0.694897,-0.009048,0.436499
20200402,1161,-0.307661,0.088813,0.233881,2.01872
20200402,1162,-0.307661,0.088813,0.233881,-1.145722
20200402,1163,-0.300792,0.391855,0.03144,0.436499
20200402,1164,-0.300792,0.391855,0.03144,-1.145722
20200402,1165,-0.307661,0.492869,0.03144,0.436499
20200402,1166,-0.307661,0.492869,0.03144,2.01872
20200402,1167,-0.328267,0.189827,-0.130512,-1.145722
20200402,1168,-0.328267,0.189827,-0.130512,0.436499
20200402,1169,-0.31453,0.290841,-0.251976,0.436499
20200402,1170,-0.31453,0.290841,-0.251976,0.436499
20200402,1171,-0.321398,0.189827,-0.251976,0.436499
20200402,1172,-0.321398,0.189827,-0.251976,0.436499
20200402,1173,-0.31453,0.088813,-0.049536,0.436499
20200402,1174,-0.31453,0.088813,-0.049536,0.436499
20200402,1175,-0.31453,0.189827,0.03144,-1.145722
20200402,1176,-0.31453,0.189827,0.03144,-1.145722
20200402,1177,-0.300792,-0.012201,0.112416,0.436499
20200402,1178,-0.300792,-0.012201,0.112416,-1.145722
20200402,1179,-0.31453,0.290841,0.03144,2.01872
20200402,1180,-0.31453,0.290841,0.03144,0.436499
20200402,1181,-0.300792,0.290841,-0.090024,0.436499
20200402,1182,-0.300792,0.290841,-0.090024,0.436499
20200402,1183,-0.321398,0.391855,-0.292465,0.436499
20200402,1184,-0.321398,0.391855,-0.292465,0.436499
20200402,1185,-0.321398,0.290841,-0.251976,0.436499
20200402,1186,-0.321398,0.290841,-0.251976,0.436499
20200402,1187,-0.31453,0.492869,-0.454417,0.436499
20200402,1188,-0.31453,0.492869,-0.454417,0.436499
20200402,1189,-0.31453,0.290841,-0.049536,-1.145722
20200402,1190,-0.31453,0.290841,-0.049536,-1.145722
20200402,1191,-0.307661,0.391855,0.071928,0.436499
20200402,1192,-0.307661,0.391855,0.071928,-1.145722
20200402,1193,-0.307661,0.290841,0.071928,2.01872
20200402,1194,-0.307661,0.290841,0.071928,0.436499
20200402,1195,-0.328267,0.391855,0.071928,0.436499
20200402,1196,-0.328267,0.391855,0.071928,0.436499
20200402,1197,-0.321398,0.088813,-0.049536,0.436499
20200402,1198,-0.321398,0.088813,-0.049536,0.436499
20200402,1199,-0.31453,-0.012201,-0.332953,-1.145722
20200402,1200,-0.31453,-0.012201,-0.332953,0.436499
20200402,1201,-0.321398,0.492869,-0.211488,0.436499
20200402,1202,-0.321398,0.492869,-0.211488,-1.145722
20200402,1203,-0.321398,0.391855,-0.251976,0.436499
20200402,1204,-0.321398,0.391855,-0.251976,-2.727943
20200402,1205,-0.31453,0.189827,-0.171,-1.145722
20200402,1206,-0.31453,0.189827,-0.171,0.436499
20200402,1207,-0.328267,0.290841,0.03144,0.436499
20200402,1208,-0.328267,0.290841,0.03144,0.436499
20200402,1209,-0.31453,0.189827,0.03144,2.01872
20200402,1210,-0.31453,0.189827,0.03144,-1.145722
20200402,1211,-0.307661,0.189827,-0.009048,-1.145722
20200402,1212,-0.307661,0.189827,-0.009048,0.436499
20200402,1213,-0.31453,0.391855,-0.049536,0.436499
20200402,1214,-0.31453,0.391855,-0.049536,0.436499
20200402,1215,-0.328267,0.391855,-0.171,0.436499
20200402,1216,-0.328267,0.391855,-0.171,0.436499
20200402,1217,-0.321398,0.088813,-0.211488,0.436499
20200402,1218,-0.321398,0.088813,-0.211488,0.436499
20200402,1219,-0.31453,0.189827,-0.211488,-1.145722
20200402,1220,-0.31453,0.189827,-0.211488,-1.145722
20200402,1221,-0.321398,0.189827,-0.090024,-1.145722
20200402,1222,-0.321398,0.189827,-0.090024,-1.145722
20200402,1223,-0.31453,-0.012201,0.152905,-1.145722
20200402,1224,-0.31453,-0.012201,0.152905,0.436499
20200402,1225,-0.31453,0.290841,0.274369,2.01872
20200402,1226,-0.31453,0.290841,0.274369,-1.145722
20200402,1227,-0.307661,-0.113214,0.03144,0.436499
20200402,1228,-0.307661,-0.113214,0.03144,-1.145722
20200402,1229,-0.31453,0.189827,-0.049536,0.436499
20200402,1230,-0.31453,0.189827,-0.049536,2.01872
20200402,1231,-0.328267,-0.113214,-0.130512,-1.145722
20200402,1232,-0.328267,-0.113214,-0.130512,0.436499
20200402,1233,-0.321398,0.290841,-0.171,0.436499
20200402,1234,-0.321398,0.290841,-0.171,0.436499
20200402,1235,-0.31453,0.391855,-0.171,0.436499
20200402,1236,-0.31453,0.391855,-0.171,0.436499
20200402,1237,-0.307661,0.593883,-0.211488,0.436499
20200402,1238,-0.307661,0.593883,-0.211488,0.436499
20200402,1239,-0.31453,0.290841,-0.130512,-1.145722
20200402,1240,-0.31453,0.290841,-0.130512,-1.145722
20200402,1241,-0.300792,0.290841,-0.009048,0.436499
20200402,1242,-0.300792,0.290841,-0.009048,-1.145722
20200402,1243,-0.307661,0.189827,-0.090024,2.01872
20200402,1244,-0.307661,0.189827,-0.090024,0.436499
20200402,1245,-0.31453,0.088813,-0.130512,0.436499
20200402,1246,-0.31453,0.088813,-0.130512,0.436499
20200402,1247,-0.307661,0.290841,-0.171,0.436499
20200402,1248,-0.307661,0.290841,-0.171,0.436499
20200402,1249,-0.321398,0.290841,-0.211488,-1.145722
20200402,1250,-0.321398,0.290841,-0.211488,0.436499
20200402,1251,-0.307661,-0.012201,-0.211488,0.436499
20200402,1252,-0.307661,-0.012201,-0.211488,-1.145722
20200402,1253,-0.31453,0.088813,-0.130512,0.436499
20200402,1254,-0.31453,0.088813,-0.130512,-2.727943
20200402,1255,-0.31453,0.189827,0.152905,-1.145722
20200402,1256,-0.31453,0.189827,0.152905,0.436499
20200402,1257,-0.31453,0.593883,0.193393,0.436499
20200402,1258,-0.31453,0.593883,0.193393,0.436499
20200402,1259,-0.31453,0.088813,-0.090024,2.01872
20200402,1260,-0.31453,0.088813,-0.090024,-1.145722
20200402,1261,-0.321398,0.290841,-0.373441,-1.145722
20200402,1262,-0.321398,0.290841,-0.373441,0.436499
20200402,1263,-0.328267,0.391855,-0.171,0.436499
20200402,1264,-0.328267,0.391855,-0.171,0.436499
20200402,1265,-0.321398,0.189827,-0.090024,0.436499
20200402,1266,-0.321398,0.189827,-0.090024,0.436499
20200402,1267,-0.328267,0.189827,-0.211488,0.436499
20200402,1268,-0.328267,0.189827,-0.211488,0.436499
20200402,1269,-0.307661,0.391855,-0.130512,-1.145722
20200402,1270,-0.307661,0.391855,-0.130512,-1.145722
20200402,1271,-0.321398,0.189827,-0.332953,-1.145722
20200402,1272,-0.321398,0.189827,-0.332953,-1.145722
20200402,1273,-0.321398,0.189827,-0.373441,-1.145722
20200402,1274,-0.321398,0.189827,-0.373441,0.436499
20200402,1275,-0.307661,0.088813,-0.130512,2.01872
20200402,1276,-0.307661,0.088813,-0.130512,-1.145722
20200402,1277,-0.321398,0.391855,-0.130512,0.436499
20200402,1278,-0.321398,0.391855,-0.130512,-1.145722
20200402,1279,-0.328267,-0.012201,-0.130512,0.436499
20200402,1280,-0.328267,-0.012201,-0.130512,2.01872
20200402,1281,-0.328267,0.290841,-0.292465,-1.145722
20200402,1282,-0.328267,0.290841,-0.292465,0.436499
20200402,1283,-0.321398,0.088813,-0.211488,0.436499
20200402,1284,-0.321398,0.088813,-0.211488,0.436499
20200402,1285,-0.321398,0.391855,-0.171,0.436499
20200402,1286,-0.321398,0.391855,-0.171,0.436499
20200402,1287,-0.31453,0.189827,-0.090024,0.436499
20200402,1288,-0.31453,0.189827,-0.090024,0.436499
20200402,1289,-0.31453,0.088813,-0.009048,-1.145722
20200402,1290,-0.31453,0.088813,-0.009048,-1.145722
20200402,1291,-0.328267,0.593883,0.071928,0.436499
20200402,1292,-0.328267,0.593883,0.071928,-1.145722
20200402,1293,-0.321398,-0.012201,0.03144,2.01872
20200402,1294,-0.321398,-0.012201,0.03144,0.436499
20200402,1295,-0.328267,0.290841,-0.009048,0.436499
20200402,1296,-0.328267,0.290841,-0.009048,0.436499
20200402,1297,-0.328267,0.391855,-0.090024,-1.145722
20200402,1298,-0.328267,0.391855,-0.090024,0.436499
20200402,1299,-0.321398,0.391855,-0.130512,0.436499
20200402,1300,-0.321398,0.391855,-0.130512,-1.145722
20200402,1301,-0.328267,0.391855,-0.090024,0.436499
20200402,1302,-0.328267,0.391855,-0.090024,-2.727943
20200402,1303,-0.321398,0.189827,-0.211488,-1.145722
20200402,1304,-0.321398,0.189827,-0.211488,0.436499
20200402,1305,-0.328267,0.694897,-0.211488,0.436499
20200402,1306,-0.328267,0.694897,-0.211488,0.436499
20200402,1307,-0.321398,0.189827,-0.049536,2.01872
20200402,1308,-0.321398,0.189827,-0.049536,-1.145722
20200402,1309,-0.321398,0.290841,0.193393,-1.145722
20200402,1310,-0.321398,0.290841,0.193393,0.436499
20200402,1311,-0.321398,0.088813,0.112416,0.436499
20200402,1312,-0.321398,0.088813,0.112416,0.436499
20200402,1313,-0.31453,0.088813,-0.049536,0.436499
20200402,1314,-0.31453,0.088813,-0.049536,0.436499
20200402,1315,-0.321398,0.189827,-0.090024,0.436499
20200402,1316,-0.321398,0.189827,-0.090024,0.436499
20200402,1317,-0.321398,0.290841,0.03144,-1.145722
20200402,1318,-0.321398,0.290841,0.03144,-1.145722
20200402,1319,-0.328267,0.391855,-0.130512,-1.145722
20200402,1320,-0.328267,0.391855,-0.130512,-1.145722
20200402,1321,-0.328267,0.593883,-0.130512,-1.145722
20200402,1322,-0.328267,0.593883,-0.130512,0.436499
20200402,1323,-0.328267,-0.51727,0.03144,-1.145722
20200402,1324,-0.328267,-0.51727,0.03144,-1.145722
20200402,1325,-0.321398,-0.315242,-0.090024,0.436499
20200402,1326,-0.321398,-0.315242,-0.090024,-1.145722
20200402,1327,-0.31453,-0.214228,-0.211488,2.01872
20200402,1328,-0.31453,-0.214228,-0.211488,0.436499
20200402,1329,-0.328267,0.391855,-0.494905,0.436499
20200402,1330,-0.328267,0.391855,-0.494905,0.436499
20200402,1331,-0.321398,-0.012201,-0.413929,0.436499
20200402,1332,-0.321398,-0.012201,-0.413929,0.436499
20200402,1333,-0.300792,0.290841,-0.251976,0.436499
20200402,1334,-0.300792,0.290841,-0.251976,-1.145722
20200402,1335,-0.321398,0.290841,0.112416,-1.145722
20200402,1336,-0.321398,0.290841,0.112416,0.436499
20200402,1337,-0.307661,-0.012201,0.193393,-1.145722
20200402,1338,-0.307661,-0.012201,0.193393,2.01872
20200402,1339,-0.321398,0.492869,0.071928,0.436499
20200402,1340,-0.321398,0.492869,0.071928,0.436499
20200402,1341,-0.328267,0.290841,-0.090024,0.436499
20200402,1342,-0.328267,0.290841,-0.090024,0.436499
20200402,1343,-0.328267,0.492869,-0.494905,-1.145722
20200402,1344,-0.328267,0.492869,-0.494905,0.436499
20200402,1345,-0.321398,0.694897,-0.494905,0.436499
20200402,1346,-0.321398,0.694897,-0.494905,-1.145722
20200402,1347,-0.321398,0.088813,-0.130512,0.436499
20200402,1348,-0.321398,0.088813,-0.130512,-2.727943
20200402,1349,-0.307661,0.391855,0.193393,-1.145722
20200402,1350,-0.307661,0.391855,0.193393,0.436499
20200402,1351,-0.31453,-0.012201,0.517297,0.436499
20200402,1352,-0.31453,-0.012201,0.517297,0.436499
20200402,1353,-0.307661,0.290841,0.395833,2.01872
20200402,1354,-0.307661,0.290841,0.395833,-1.145722
20200402,1355,-0.31453,-0.214228,0.112416,-1.145722
20200402,1356,-0.31453,-0.214228,0.112416,0.436499
20200402,1357,-0.328267,0.088813,-0.130512,0.436499
20200402,1358,-0.328267,0.088813,-0.130512,0.436499
20200402,1359,-0.328267,0.290841,-0.292465,0.436499
20200402,1360,-0.328267,0.290841,-0.292465,0.436499
20200402,1361,-0.321398,-0.113214,-0.535393,0.436499
20200402,1362,-0.321398,-0.113214,-0.535393,0.436499
20200402,1363,-0.335135,0.290841,-0.332953,-1.145722
20200402,1364,-0.335135,0.290841,-0.332953,-1.145722
20200402,1365,-0.328267,-0.113214,0.152905,-1.145722
20200402,1366,-0.328267,-0.113214,0.152905,-1.145722
20200402,1367,-0.321398,-0.113214,0.314857,-1.145722
20200402,1368,-0.321398,-0.113214,0.314857,0.436499
20200402,1369,-0.328267,0.088813,0.274369,2.01872
20200402,1370,-0.328267,0.088813,0.274369,-1.145722
20200402,1371,-0.328267,0.088813,0.152905,0.436499
20200402,1372,-0.328267,0.088813,0.152905,0.436499
20200402,1373,-0.342004,0.290841,-0.049536,-1.145722
20200402,1374,-0.342004,0.290841,-0.049536,0.436499
20200402,1375,-0.321398,0.290841,-0.332953,0.436499
20200402,1376,-0.321398,0.290841,-0.332953,-1.145722
20200402,1377,-0.328267,0.593883,-0.292465,0.436499
20200402,1378,-0.328267,0.593883,-0.292465,-2.727943
20200402,1379,-0.328267,-0.113214,-0.251976,-1.145722
20200402,1380,-0.328267,-0.113214,-0.251976,0.436499
20200402,1381,-0.328267,0.088813,0.03144,0.436499
20200402,1382,-0.328267,0.088813,0.03144,0.436499
20200402,1383,-0.31453,-0.113214,0.152905,2.01872
20200402,1384,-0.31453,-0.113214,0.152905,-1.145722
20200402,1385,-0.31453,-0.012201,0.314857,-1.145722
20200402,1386,-0.31453,-0.012201,0.314857,0.436499
20200402,1387,-0.307661,-0.113214,0.152905,0.436499
20200402,1388,-0.307661,-0.113214,0.152905,0.436499
20200402,1389,-0.31453,0.088813,0.03144,0.436499
20200402,1390,-0.31453,0.088813,0.03144,0.436499
20200402,1391,-0.328267,0.290841,-0.171,0.436499
20200402,1392,-0.328267,0.290841,-0.171,0.436499
20200402,1393,-0.328267,0.391855,-0.251976,-1.145722
20200402,1394,-0.328267,0.391855,-0.251976,-1.145722
20200402,1395,-0.328267,0.694897,-0.292465,-1.145722
20200402,1396,-0.328267,0.694897,-0.292465,-1.145722
20200402,1397,-0.31453,0.088813,-0.090024,-1.145722
20200402,1398,-0.31453,0.088813,-0.090024,0.436499
20200402,1399,-0.300792,-0.214228,0.112416,2.01872
20200402,1400,-0.300792,-0.214228,0.112416,-1.145722
20200402,1401,-0.307661,-0.012201,0.233881,0.436499
20200402,1402,-0.307661,-0.012201,0.233881,-1.145722
20200402,1403,-0.31453,-0.113214,0.233881,0.436499
20200402,1404,-0.31453,-0.113214,0.233881,2.01872
20200402,1405,-0.307661,0.189827,-0.009048,-1.145722
20200402,1406,-0.307661,0.189827,-0.009048,0.436499
20200402,1407,-0.328267,0.088813,-0.009048,0.436499
20200402,1408,-0.328267,0.088813,-0.009048,0.436499
20200402,1409,-0.31453,0.189827,-0.494905,-1.145722
20200402,1410,-0.31453,0.189827,-0.494905,0.436499
20200402,1411,-0.328267,0.088813,-0.292465,0.436499
20200402,1412,-0.328267,0.088813,-0.292465,-1.145722
20200402,1413,-0.328267,0.694897,-0.130512,0.436499
20200402,1414,-0.328267,0.694897,-0.130512,-2.727943
20200402,1415,-0.321398,0.088813,0.071928,-1.145722
20200402,1416,-0.321398,0.088813,0.071928,0.436499
20200402,1417,-0.31453,0.492869,0.112416,0.436499
20200402,1418,-0.31453,0.492869,0.112416,0.436499
20200402,1419,-0.321398,-0.012201,0.071928,2.01872
20200402,1420,-0.321398,-0.012201,0.071928,-1.145722
20200402,1421,-0.321398,-0.113214,-0.049536,-1.145722
20200402,1422,-0.321398,-0.113214,-0.049536,0.436499
20200402,1423,-0.321398,0.189827,-0.171,0.436499
20200402,1424,-0.321398,0.189827,-0.171,0.436499
20200402,1425,-0.328267,0.290841,-0.373441,0.436499
20200402,1426,-0.328267,0.290841,-0.373441,0.436499
20200402,1427,-0.321398,0.391855,-0.494905,0.436499
20200402,1428,-0.321398,0.391855,-0.494905,0.436499
20200402,1429,-0.31453,0.290841,-0.049536,-1.145722
20200402,1430,-0.31453,0.290841,-0.049536,-1.145722
20200402,1431,-0.31453,0.593883,0.03144,-1.145722
20200402,1432,-0.31453,0.593883,0.03144,-1.145722
20200402,1433,-0.300792,0.492869,0.112416,-1.145722
20200402,1434,-0.300792,0.492869,0.112416,0.436499
20200402,1435,-0.335135,0.189827,0.03144,2.01872
20200402,1436,-0.335135,0.189827,0.03144,-1.145722
20200402,1437,-0.293924,0.088813,-0.009048,0.436499
20200402,1438,-0.293924,0.088813,-0.009048,-1.145722
20200402,1439,-0.328267,0.189827,-0.373441,0.436499
20200402,1440,-0.328267,0.189827,-0.373441,2.01872
20200402,1441,-0.328267,0.189827,-0.332953,-1.145722
20200402,1442,-0.328267,0.189827,-0.332953,0.436499
20200402,1443,-0.321398,0.492869,-0.251976,0.436499
20200402,1444,-0.321398,0.492869,-0.251976,0.436499
20200402,1445,-0.321398,0.189827,0.152905,0.436499
20200402,1446,-0.321398,0.189827,0.152905,0.436499
20200402,1447,-0.328267,0.290841,0.395833,0.436499
20200402,1448,-0.328267,0.290841,0.395833,0.436499
20200402,1449,-0.307661,0.290841,0.314857,-1.145722
20200402,1450,-0.307661,0.290841,0.314857,-1.145722
20200402,1451,-0.321398,0.189827,0.233881,0.436499
20200402,1452,-0.321398,0.189827,0.233881,-1.145722
20200402,1453,-0.342004,0.492869,-0.049536,2.01872
20200402,1454,-0.342004,0.492869,-0.049536,0.436499
20200402,1455,-0.328267,0.290841,-0.332953,0.436499
20200402,1456,-0.328267,0.290841,-0.332953,0.436499
20200402,1457,-0.342004,0.391855,-0.292465,0.436499
20200402,1458,-0.342004,0.391855,-0.292465,0.436499
20200402,1459,-0.328267,0.088813,-0.454417,0.436499
20200402,1460,-0.328267,0.088813,-0.454417,0.436499
20200402,1461,-0.321398,0.391855,0.03144,0.436499
20200402,1462,-0.321398,0.391855,0.03144,0.436499
20200402,1463,-0.328267,0.088813,0.112416,-1.145722
20200402,1464,-0.328267,0.088813,0.112416,-1.145722
20200402,1465,-0.307661,0.290841,0.152905,0.436499
20200402,1466,-0.307661,0.290841,0.152905,-1.145722
20200402,1467,-0.321398,0.593883,0.071928,2.01872
20200402,1468,-0.321398,0.593883,0.071928,0.436499
20200402,1469,-0.335135,0.492869,-0.049536,0.436499
20200402,1470,-0.335135,0.492869,-0.049536,0.436499
20200402,1471,-0.328267,0.492869,-0.171,0.436499
20200402,1472,-0.328267,0.492869,-0.171,0.436499
20200402,1473,-0.321398,0.492869,-0.251976,-1.145722
20200402,1474,-0.321398,0.492869,-0.251976,0.436499
20200402,1475,-0.335135,0.795911,-0.211488,0.436499
20200402,1476,-0.335135,0.795911,-0.211488,-1.145722
20200402,1477,-0.321398,0.391855,-0.211488,0.436499
20200402,1478,-0.321398,0.391855,-0.211488,-2.727943
20200402,1479,-0.328267,0.391855,0.193393,-1.145722
20200402,1480,-0.328267,0.391855,0.193393,0.436499
20200402,1481,-0.321398,0.088813,0.152905,0.436499
20200402,1482,-0.321398,0.088813,0.152905,0.436499
20200402,1483,-0.31453,0.492869,-0.009048,2.01872
20200402,1484,-0.31453,0.492869,-0.009048,-1.145722
20200402,1485,-0.328267,0.189827,-0.171,-1.145722
20200402,1486,-0.328267,0.189827,-0.171,0.436499
20200402,1487,-0.321398,0.694897,-0.211488,0.436499
20200402,1488,-0.321398,0.694897,-0.211488,0.436499
20200402,1489,-0.328267,0.593883,-0.211488,0.436499
20200402,1490,-0.328267,0.593883,-0.211488,0.436499
20200402,1491,-0.335135,0.391855,-0.130512,0.436499
20200402,1492,-0.335135,0.391855,-0.130512,0.436499
20200402,1493,-0.321398,0.391855,-0.049536,-1.145722
20200402,1494,-0.321398,0.391855,-0.049536,-1.145722
20200402,1495,-0.321398,0.189827,0.112416,-1.145722
20200402,1496,-0.321398,0.189827,0.112416,-1.145722
20200402,1497,-0.328267,0.391855,0.03144,-1.145722
20200402,1498,-0.328267,0.391855,0.03144,0.436499
20200402,1499,-0.321398,0.088813,-0.090024,2.01872
20200402,1500,-0.321398,0.088813,-0.090024,-1.145722
20200402,1501,-0.335135,0.088813,-0.171,0.436499
20200402,1502,-0.335135,0.088813,-0.171,-1.145722
20200402,1503,-0.335135,0.492869,-0.211488,0.436499
20200402,1504,-0.335135,0.492869,-0.211488,2.01872
20200402,1505,-0.321398,0.492869,-0.090024,-1.145722
20200402,1506,-0.321398,0.492869,-0.090024,0.436499
20200402,1507,-0.328267,0.189827,-0.171,0.436499
20200402,1508,-0.328267,0.189827,-0.171,0.436499
20200402,1509,-0.321398,0.290841,-0.251976,0.436499
20200402,1510,-0.321398,0.290841,-0.251976,0.436499
20200402,1511,-0.321398,0.694897,-0.413929,0.436499
20200402,1512,-0.321398,0.694897,-0.413929,0.436499
20200402,1513,-0.328267,0.492869,-0.171,-1.145722
20200402,1514,-0.328267,0.492869,-0.171,-1.145722
20200402,1515,-0.328267,0.391855,-0.009048,0.436499
20200402,1516,-0.328267,0.391855,-0.009048,-1.145722
20200402,1517,-0.321398,0.391855,0.071928,2.01872
20200402,1518,-0.321398,0.391855,0.071928,0.436499
20200402,1519,-0.328267,0.492869,0.03144,0.436499
20200402,1520,-0.328267,0.492869,0.03144,-1.145722
20200402,1521,-0.328267,0.088813,-0.049536,0.436499
20200402,1522,-0.328267,0.088813,-0.049536,-1.145722
20200402,1523,-0.328267,0.492869,-0.211488,0.436499
20200402,1524,-0.328267,0.492869,-0.211488,2.01872
20200402,1525,-0.328267,0.391855,-0.211488,-1.145722
20200402,1526,-0.328267,0.391855,-0.211488,0.436499
20200402,1527,-0.328267,0.694897,-0.211488,0.436499
20200402,1528,-0.328267,0.694897,-0.211488,0.436499
20200402,1529,-0.335135,0.492869,-0.009048,-1.145722
20200402,1530,-0.335135,0.492869,-0.009048,0.436499
20200402,1531,-0.31453,0.189827,0.152905,0.436499
20200402,1532,-0.31453,0.189827,0.152905,-1.145722
20200402,1533,-0.328267,0.391855,0.152905,0.436499
20200402,1534,-0.328267,0.391855,0.152905,-2.727943
20200402,1535,-0.328267,0.391855,-0.009048,-1.145722
20200402,1536,-0.328267,0.391855,-0.009048,0.436499
20200402,1537,-0.328267,0.290841,-0.373441,0.436499
20200402,1538,-0.328267,0.290841,-0.373441,0.436499
20200402,1539,-0.335135,0.290841,-0.211488,2.01872
20200402,1540,-0.335135,0.290841,-0.211488,-1.145722
20200402,1541,-0.328267,0.290841,-0.332953,-1.145722
20200402,1542,-0.328267,0.290841,-0.332953,0.436499
20200402,1543,-0.321398,0.189827,-0.090024,0.436499
20200402,1544,-0.321398,0.189827,-0.090024,0.436499
20200402,1545,-0.31453,0.290841,0.193393,0.436499
20200402,1546,-0.31453,0.290841,0.193393,0.436499
20200402,1547,-0.321398,0.290841,0.436321,0.436499
20200402,1548,-0.321398,0.290841,0.436321,0.436499
20200402,1549,-0.321398,0.189827,0.274369,-1.145722
20200402,1550,-0.321398,0.189827,0.274369,-1.145722
20200402,1551,-0.328267,0.492869,0.112416,-1.145722
20200402,1552,-0.328267,0.492869,0.112416,-1.145722
20200402,1553,-0.328267,-0.012201,-0.090024,-1.145722
20200402,1554,-0.328267,-0.012201,-0.090024,0.436499
20200402,1555,-0.342004,0.391855,-0.211488,2.01872
20200402,1556,-0.342004,0.391855,-0.211488,-1.145722
20200402,1557,-0.342004,0.694897,-0.292465,0.436499
20200402,1558,-0.342004,0.694897,-0.292465,-1.145722
20200402,1559,-0.321398,0.492869,-0.292465,0.436499
20200402,1560,-0.321398,0.492869,-0.292465,2.01872
20200402,1561,-0.335135,0.290841,0.071928,-1.145722
20200402,1562,-0.335135,0.290841,0.071928,0.436499
20200402,1563,-0.328267,0.290841,0.233881,0.436499
20200402,1564,-0.328267,0.290841,0.233881,0.436499
20200402,1565,-0.328267,-0.113214,0.112416,0.436499
20200402,1566,-0.328267,-0.113214,0.112416,0.436499
20200402,1567,-0.328267,0.189827,-0.171,0.436499
20200402,1568,-0.328267,0.189827,-0.171,0.436499
20200402,1569,-0.342004,0.088813,-0.332953,-1.145722
20200402,1570,-0.342004,0.088813,-0.332953,-1.145722
20200402,1571,-0.335135,0.391855,-0.251976,0.436499
20200402,1572,-0.335135,0.391855,-0.251976,-1.145722
20200402,1573,-0.335135,0.088813,-0.171,2.01872
20200402,1574,-0.335135,0.088813,-0.171,0.436499
20200402,1575,-0.328267,0.492869,-0.049536,0.436499
20200402,1576,-0.328267,0.492869,-0.049536,0.436499
20200402,1577,-0.335135,0.189827,0.071928,0.436499
20200402,1578,-0.335135,0.189827,0.071928,0.436499
20200402,1579,-0.328267,0.391855,0.071928,0.436499
20200402,1580,-0.328267,0.391855,0.071928,0.436499
20200402,1581,-0.328267,0.088813,0.152905,0.436499
20200402,1582,-0.328267,0.088813,0.152905,0.436499
20200402,1583,-0.335135,0.189827,-0.049536,-1.145722
20200402,1584,-0.335135,0.189827,-0.049536,-1.145722
20200402,1585,-0.342004,0.290841,-0.211488,0.436499
20200402,1586,-0.342004,0.290841,-0.211488,-1.145722
20200402,1587,-0.328267,0.492869,-0.171,2.01872
20200402,1588,-0.328267,0.492869,-0.171,0.436499
20200402,1589,-0.342004,0.189827,-0.171,0.436499
20200402,1590,-0.342004,0.189827,-0.171,0.436499
20200402,1591,-0.335135,0.391855,-0.171,0.436499
20200402,1592,-0.335135,0.391855,-0.171,0.436499
20200402,1593,-0.328267,0.492869,-0.049536,-1.145722
20200402,1594,-0.328267,0.492869,-0.049536,0.436499
20200402,1595,-0.321398,0.391855,0.03144,0.436499
20200402,1596,-0.321398,0.391855,0.03144,-1.145722
20200402,1597,-0.328267,0.290841,-0.009048,0.436499
20200402,1598,-0.328267,0.290841,-0.009048,-2.727943
20200402,1599,-0.328267,0.290841,-0.009048,-1.145722
20200402,1600,-0.328267,0.290841,-0.009048,0.436499
20200402,1601,-0.335135,0.593883,-0.130512,0.436499
20200402,1602,-0.335135,0.593883,-0.130512,0.436499
20200402,1603,-0.342004,0.391855,-0.251976,2.01872
20200402,1604,-0.342004,0.391855,-0.251976,-1.145722
20200402,1605,-0.335135,0.593883,-0.171,-1.145722
20200402,1606,-0.335135,0.593883,-0.171,0.436499
20200402,1607,-0.335135,0.795911,-0.292465,0.436499
20200402,1608,-0.335135,0.795911,-0.292465,0.436499
20200402,1609,-0.321398,0.189827,-0.009048,0.436499
20200402,1610,-0.321398,0.189827,-0.009048,0.436499
20200402,1611,-0.335135,0.492869,0.03144,0.436499
20200402,1612,-0.335135,0.492869,0.03144,0.436499
20200402,1613,-0.335135,-0.012201,-0.130512,-1.145722
20200402,1614,-0.335135,-0.012201,-0.130512,-1.145722
20200402,1615,-0.328267,0.492869,-0.373441,-1.145722
20200402,1616,-0.328267,0.492869,-0.373441,-1.145722
20200402,1617,-0.342004,0.290841,-0.211488,-1.145722
20200402,1618,-0.342004,0.290841,-0.211488,0.436499
20200402,1619,-0.335135,0.290841,-0.211488,2.01872
20200402,1620,-0.335135,0.290841,-0.211488,-1.145722
20200402,1621,-0.328267,0.088813,-0.332953,0.436499
20200402,1622,-0.328267,0.088813,-0.332953,-1.145722
20200402,1623,-0.335135,0.492869,-0.049536,0.436499
20200402,1624,-0.335135,0.492869,-0.049536,2.01872
20200402,1625,-0.328267,0.492869,-0.009048,-1.145722
20200402,1626,-0.328267,0.492869,-0.009048,0.436499
20200402,1627,-0.328267,0.290841,0.03144,0.436499
20200402,1628,-0.328267,0.290841,0.03144,0.436499
20200402,1629,-0.342004,0.492869,-0.090024,0.436499
20200402,1630,-0.342004,0.492869,-0.090024,0.436499
20200402,1631,-0.335135,0.088813,-0.171,0.436499
20200402,1632,-0.335135,0.088813,-0.171,0.436499
20200402,1633,-0.335135,0.694897,-0.211488,-1.145722
20200402,1634,-0.335135,0.694897,-0.211488,0.436499
20200402,1635,-0.342004,-0.012201,-0.211488,0.436499
20200402,1636,-0.342004,-0.012201,-0.211488,-1.145722
20200402,1637,-0.342004,0.290841,-0.049536,0.436499
20200402,1638,-0.342004,0.290841,-0.049536,0.436499
20200402,1639,-0.328267,0.492869,0.03144,-1.145722
20200402,1640,-0.328267,0.492869,0.03144,0.436499
20200402,1641,-0.335135,0.593883,0.071928,-2.727943
20200402,1642,-0.335135,0.593883,0.071928,-1.145722
20200402,1643,-0.328267,0.088813,-0.009048,0.436499
20200402,1644,-0.328267,0.088813,-0.009048,0.436499
20200402,1645,-0.335135,0.189827,-0.049536,0.436499
20200402,1646,-0.335135,0.189827,-0.049536,2.01872
20200402,1647,-0.335135,0.391855,-0.373441,-1.145722
20200402,1648,-0.335135,0.391855,-0.373441,-1.145722
20200402,1649,-0.335135,0.391855,-0.211488,0.436499
20200402,1650,-0.335135,0.391855,-0.211488,0.436499
20200402,1651,-0.335135,0.694897,-0.130512,0.436499
20200402,1652,-0.335135,0.694897,-0.130512,0.436499
20200402,1653,-0.328267,0.391855,-0.009048,0.436499
20200402,1654,-0.328267,0.391855,-0.009048,0.436499
20200402,1655,-0.335135,0.593883,-0.009048,0.436499
20200402,1656,-0.335135,0.593883,-0.009048,-1.145722
20200402,1657,-0.328267,0.593883,-0.009048,-1.145722
20200402,1658,-0.328267,0.593883,-0.009048,-1.145722
20200402,1659,-0.328267,0.088813,-0.130512,-1.145722
20200402,1660,-0.328267,0.088813,-0.130512,-1.145722
20200402,1661,-0.335135,0.391855,-0.332953,0.436499
20200402,1662,-0.335135,0.391855,-0.332953,2.01872
20200402,1663,-0.335135,0.088813,-0.373441,-1.145722
20200402,1664,-0.335135,0.088813,-0.373441,0.436499
20200402,1665,-0.321398,0.189827,-0.049536,-1.145722
20200402,1666,-0.321398,0.189827,-0.049536,0.436499
20200402,1667,-0.321398,0.391855,0.152905,2.01872
20200402,1668,-0.321398,0.391855,0.152905,-1.145722
20200402,1669,-0.328267,0.290841,0.112416,0.436499
20200402,1670,-0.328267,0.290841,0.112416,0.436499
20200402,1671,-0.328267,0.593883,-0.049536,0.436499
20200402,1672,-0.328267,0.593883,-0.049536,-1.145722
20200402,1673,-0.342004,0.391855,-0.171,0.436499
20200402,1674,-0.342004,0.391855,-0.171,0.436499
20200402,1675,-0.348872,0.088813,-0.171,-1.145722
20200402,1676,-0.348872,0.088813,-0.171,0.436499
20200402,1677,-0.342004,0.391855,-0.130512,-2.727943
20200402,1678,-0.342004,0.391855,-0.130512,-1.145722
20200402,1679,-0.342004,0.492869,-0.130512,0.436499
20200402,1680,-0.342004,0.492869,-0.130512,0.436499
20200402,1681,-0.321398,0.694897,-0.049536,0.436499
20200402,1682,-0.321398,0.694897,-0.049536,2.01872
20200402,1683,-0.342004,0.391855,-0.090024,-1.145722
20200402,1684,-0.342004,0.391855,-0.090024,-1.145722
20200402,1685,-0.342004,0.290841,-0.171,0.436499
20200402,1686,-0.342004,0.290841,-0.171,0.436499
20200402,1687,-0.335135,0.694897,-0.171,0.436499
20200402,1688,-0.335135,0.694897,-0.171,0.436499
20200402,1689,-0.335135,0.189827,-0.211488,0.436499
20200402,1690,-0.335135,0.189827,-0.211488,0.436499
20200402,1691,-0.335135,0.391855,-0.049536,0.436499
20200402,1692,-0.335135,0.391855,-0.049536,-1.145722
20200402,1693,-0.335135,-0.012201,-0.130512,-1.145722
20200402,1694,-0.335135,-0.012201,-0.130512,-1.145722
20200402,1695,-0.335135,0.391855,-0.090024,-1.145722
20200402,1696,-0.335135,0.391855,-0.090024,-1.145722
20200402,1697,-0.328267,0.189827,-0.090024,0.436499
20200402,1698,-0.328267,0.189827,-0.090024,2.01872
20200402,1699,-0.335135,0.492869,-0.171,-1.145722
20200402,1700,-0.335135,0.492869,-0.171,0.436499
20200402,1701,-0.328267,0.391855,-0.211488,-1.145722
20200402,1702,-0.328267,0.391855,-0.211488,0.436499
20200402,1703,-0.321398,0.189827,-0.211488,2.01872
20200402,1704,-0.321398,0.189827,-0.211488,-1.145722
20200402,1705,-0.328267,0.593883,-0.090024,0.436499
20200402,1706,-0.328267,0.593883,-0.090024,0.436499
20200402,1707,-0.342004,0.492869,-0.130512,0.436499
20200402,1708,-0.342004,0.492869,-0.130512,0.436499
20200402,1709,-0.328267,0.391855,0.071928,0.436499
20200402,1710,-0.328267,0.391855,0.071928,0.436499
20200402,1711,-0.335135,-0.012201,0.112416,0.436499
20200402,1712,-0.335135,-0.012201,0.112416,-1.145722
20200402,1713,-0.348872,0.189827,-0.049536,-1.145722
20200402,1714,-0.348872,0.189827,-0.049536,0.436499
20200402,1715,-0.342004,0.391855,-0.130512,-1.145722
20200402,1716,-0.342004,0.391855,-0.130512,2.01872
20200402,1717,-0.335135,0.391855,-0.413929,0.436499
20200402,1718,-0.335135,0.391855,-0.413929,0.436499
20200402,1719,-0.342004,0.492869,-0.211488,0.436499
20200402,1720,-0.342004,0.492869,-0.211488,0.436499
20200402,1721,-0.335135,0.492869,-0.049536,0.436499
20200402,1722,-0.335135,0.492869,-0.049536,0.436499
20200402,1723,-0.328267,0.391855,0.112416,0.436499
20200402,1724,-0.328267,0.391855,0.112416,0.436499
20200402,1725,-0.335135,0.391855,0.193393,0.436499
20200402,1726,-0.335135,0.391855,0.193393,-1.145722
20200402,1727,-0.335135,0.492869,0.152905,-1.145722
20200402,1728,-0.335135,0.492869,0.152905,0.436499
20200402,1729,-0.36261,0.189827,-0.090024,-1.145722
20200402,1730,-0.36261,0.189827,-0.090024,2.01872
20200402,1731,-0.342004,0.290841,-0.251976,0.436499
20200402,1732,-0.342004,0.290841,-0.251976,0.436499
20200402,1733,-0.342004,0.795911,-0.292465,0.436499
20200402,1734,-0.342004,0.795911,-0.292465,0.436499
20200402,1735,-0.355741,0.391855,-0.171,0.436499
20200402,1736,-0.355741,0.391855,-0.171,-1.145722
20200402,1737,-0.335135,0.290841,0.071928,0.436499
20200402,1738,-0.335135,0.290841,0.071928,0.436499
20200402,1739,-0.328267,0.189827,0.274369,-1.145722
20200402,1740,-0.328267,0.189827,0.274369,0.436499
20200402,1741,-0.342004,0.492869,0.233881,-2.727943
20200402,1742,-0.342004,0.492869,0.233881,-1.145722
20200402,1743,-0.335135,0.290841,0.071928,0.436499
20200402,1744,-0.335135,0.290841,0.071928,0.436499
20200402,1745,-0.348872,0.694897,-0.130512,0.436499
20200402,1746,-0.348872,0.694897,-0.130512,2.01872
20200402,1747,-0.355741,0.694897,-0.332953,-1.145722
20200402,1748,-0.355741,0.694897,-0.332953,-1.145722
20200402,1749,-0.342004,0.896925,-0.332953,0.436499
20200402,1750,-0.342004,0.896925,-0.332953,0.436499
20200402,1751,-0.348872,0.593883,-0.049536,0.436499
20200402,1752,-0.348872,0.593883,-0.049536,0.436499
20200402,1753,-0.321398,0.492869,0.274369,0.436499
20200402,1754,-0.321398,0.492869,0.274369,0.436499
20200402,1755,-0.342004,0.088813,0.395833,0.436499
20200402,1756,-0.342004,0.088813,0.395833,-1.145722
20200402,1757,-0.342004,0.189827,0.314857,-1.145722
20200402,1758,-0.342004,0.189827,0.314857,-1.145722
20200402,1759,-0.355741,0.189827,0.193393,-1.145722
20200402,1760,-0.355741,0.189827,0.193393,-1.145722
20200402,1761,-0.355741,0.492869,-0.090024,0.436499
20200402,1762,-0.355741,0.492869,-0.090024,2.01872
20200402,1763,-0.36261,0.492869,-0.251976,-1.145722
20200402,1764,-0.36261,0.492869,-0.251976,0.436499
20200402,1765,-0.355741,0.795911,-0.292465,-1.145722
20200402,1766,-0.355741,0.795911,-0.292465,0.436499
20200402,1767,-0.355741,0.492869,-0.130512,2.01872
20200402,1768,-0.355741,0.492869,-0.130512,-1.145722
20200402,1769,-0.335135,0.391855,0.193393,0.436499
20200402,1770,-0.335135,0.391855,0.193393,0.436499
20200402,1771,-0.342004,0.189827,0.314857,0.436499
20200402,1772,-0.342004,0.189827,0.314857,0.436499
20200402,1773,-0.348872,0.088813,0.193393,0.436499
20200402,1774,-0.348872,0.088813,0.193393,0.436499
20200402,1775,-0.335135,0.290841,-0.090024,0.436499
20200402,1776,-0.335135,0.290841,-0.090024,-1.145722
20200402,1777,-0.36261,0.189827,-0.292465,-1.145722
20200402,1778,-0.36261,0.189827,-0.292465,0.436499
20200402,1779,-0.348872,0.088813,-0.535393,-1.145722
20200402,1780,-0.348872,0.088813,-0.535393,2.01872
20200402,1781,-0.342004,0.492869,-0.211488,0.436499
20200402,1782,-0.342004,0.492869,-0.211488,0.436499
20200402,1783,-0.348872,0.088813,0.03144,-1.145722
20200402,1784,-0.348872,0.088813,0.03144,0.436499
20200402,1785,-0.335135,0.290841,0.395833,0.436499
20200402,1786,-0.335135,0.290841,0.395833,0.436499
20200402,1787,-0.342004,0.088813,0.476809,0.436499
20200402,1788,-0.342004,0.088813,0.476809,0.436499
20200402,1789,-0.348872,-0.012201,0.274369,0.436499
20200402,1790,-0.348872,-0.012201,0.274369,0.436499
20200402,1791,-0.342004,0.189827,-0.009048,-1.145722
20200402,1792,-0.342004,0.189827,-0.009048,-1.145722
20200402,1793,-0.36261,0.189827,-0.171,-1.145722
20200402,1794,-0.36261,0.189827,-0.171,-1.145722
20200402,1795,-0.348872,0.391855,-0.332953,-1.145722
20200402,1796,-0.348872,0.391855,-0.332953,0.436499
20200402,1797,-0.335135,0.189827,-0.130512,2.01872
20200402,1798,-0.335135,0.189827,-0.130512,-1.145722
20200402,1799,-0.342004,0.290841,-0.049536,0.436499
20200402,1800,-0.342004,0.290841,-0.049536,-1.145722
20200402,1801,-0.335135,0.290841,0.152905,0.436499
20200402,1802,-0.335135,0.290841,0.152905,2.01872
20200402,1803,-0.328267,-0.012201,0.152905,-1.145722
20200402,1804,-0.328267,-0.012201,0.152905,0.436499
20200402,1805,-0.342004,0.088813,-0.009048,0.436499
20200402,1806,-0.342004,0.088813,-0.130512,0.436499
20200402,1807,-0.342004,0.088813,-0.130512,-1.145722
20200402,1808,-0.348872,0.088813,-0.251976,0.436499
20200402,1809,-0.348872,0.088813,-0.251976,0.436499
20200402,1810,-0.342004,0.593883,-0.211488,-1.145722
20200402,1811,-0.342004,0.593883,-0.211488,0.436499
20200402,1812,-0.342004,0.391855,-0.009048,-2.727943
20200402,1813,-0.342004,0.391855,-0.009048,-1.145722
20200402,1814,-0.335135,0.492869,0.193393,0.436499
20200402,1815,-0.335135,0.492869,0.193393,0.436499
20200402,1816,-0.335135,0.189827,0.233881,0.436499
20200402,1817,-0.335135,0.189827,0.233881,2.01872
20200402,1818,-0.328267,0.189827,0.112416,-1.145722
20200402,1819,-0.328267,0.189827,0.112416,-1.145722
20200402,1820,-0.348872,0.189827,-0.090024,0.436499
20200402,1821,-0.348872,0.189827,-0.090024,0.436499
20200402,1822,-0.348872,0.290841,-0.171,0.436499
20200402,1823,-0.348872,0.290841,-0.171,0.436499
20200402,1824,-0.328267,0.492869,-0.171,0.436499
20200402,1825,-0.328267,0.492869,-0.171,0.436499
20200402,1826,-0.348872,0.593883,-0.211488,0.436499
20200402,1827,-0.348872,0.593883,-0.211488,-1.145722
20200402,1828,-0.335135,0.290841,-0.009048,-1.145722
20200402,1829,-0.335135,0.290841,-0.009048,-1.145722
20200402,1830,-0.335135,0.391855,0.112416,-1.145722
20200402,1831,-0.335135,0.391855,0.112416,-1.145722
20200402,1832,-0.342004,0.290841,0.152905,0.436499
20200402,1833,-0.342004,0.290841,0.152905,2.01872
20200402,1834,-0.342004,0.593883,0.03144,-1.145722
20200402,1835,-0.342004,0.593883,0.03144,0.436499
20200402,1836,-0.348872,0.391855,-0.090024,-1.145722
20200402,1837,-0.348872,0.391855,-0.090024,0.436499
20200402,1838,-0.348872,0.189827,-0.454417,2.01872
20200402,1839,-0.348872,0.189827,-0.454417,-1.145722
20200402,1840,-0.348872,0.694897,-0.171,0.436499
20200402,1841,-0.348872,0.694897,-0.171,0.436499
20200402,1842,-0.342004,0.088813,-0.171,0.436499
20200402,1843,-0.342004,0.088813,-0.171,0.436499
20200402,1844,-0.342004,0.593883,0.112416,0.436499
20200402,1845,-0.342004,0.593883,0.112416,0.436499
20200402,1846,-0.321398,0.492869,0.395833,0.436499
20200402,1847,-0.321398,0.492869,0.395833,-1.145722
20200402,1848,-0.342004,0.189827,0.314857,-1.145722
20200402,1849,-0.342004,0.189827,0.314857,0.436499
20200402,1850,-0.348872,0.290841,-0.049536,-1.145722
20200402,1851,-0.348872,0.290841,-0.049536,2.01872
20200402,1852,-0.328267,0.290841,-0.049536,0.436499
20200402,1853,-0.328267,0.290841,-0.049536,0.436499
20200402,1854,-0.355741,0.290841,-0.171,0.436499
20200402,1855,-0.355741,0.290841,-0.171,0.436499
20200402,1856,-0.335135,0.593883,-0.251976,0.436499
20200402,1857,-0.335135,0.593883,-0.251976,0.436499
20200402,1858,-0.335135,0.492869,-0.292465,0.436499
20200402,1859,-0.335135,0.492869,-0.292465,0.436499
20200402,1860,-0.328267,0.694897,-0.049536,0.436499
20200402,1861,-0.328267,0.694897,-0.049536,-1.145722
20200402,1862,-0.335135,0.593883,0.193393,-1.145722
20200402,1863,-0.335135,0.593883,0.193393,0.436499
20200402,1864,-0.328267,0.593883,0.193393,-1.145722
20200402,1865,-0.328267,0.593883,0.193393,2.01872
20200402,1866,-0.342004,-0.214228,0.314857,0.436499
20200402,1867,-0.342004,-0.214228,0.314857,0.436499
20200402,1868,-0.342004,0.088813,0.152905,0.436499
20200402,1869,-0.342004,0.088813,0.152905,0.436499
20200402,1870,-0.36261,0.290841,-0.090024,0.436499
20200402,1871,-0.36261,0.290841,-0.090024,-1.145722
20200402,1872,-0.355741,0.391855,-0.251976,0.436499
20200402,1873,-0.355741,0.391855,-0.251976,0.436499
20200402,1874,-0.335135,0.391855,-0.049536,-1.145722
20200402,1875,-0.335135,0.391855,-0.049536,0.436499
20200402,1876,-0.355741,0.088813,-0.090024,-2.727943
20200402,1877,-0.355741,0.088813,-0.090024,-1.145722
20200402,1878,-0.335135,0.492869,-0.049536,0.436499
20200402,1879,-0.335135,0.492869,-0.049536,0.436499
20200402,1880,-0.335135,0.391855,-0.090024,0.436499
20200402,1881,-0.335135,0.391855,-0.090024,2.01872
20200402,1882,-0.348872,0.088813,-0.049536,-1.145722
20200402,1883,-0.348872,0.088813,-0.049536,-1.145722
20200402,1884,-0.335135,0.492869,-0.171,0.436499
20200402,1885,-0.335135,0.492869,-0.171,0.436499
20200402,1886,-0.328267,0.290841,-0.211488,0.436499
20200402,1887,-0.328267,0.290841,-0.211488,0.436499
20200402,1888,-0.342004,0.391855,-0.171,0.436499
20200402,1889,-0.342004,0.391855,-0.171,0.436499
20200402,1890,-0.335135,0.189827,-0.009048,0.436499
20200402,1891,-0.335135,0.189827,-0.009048,-1.145722
20200402,1892,-0.328267,0.189827,0.03144,-1.145722
20200402,1893,-0.328267,0.189827,0.03144,0.436499
20200402,1894,-0.342004,0.593883,-0.009048,0.436499
20200402,1895,-0.342004,0.593883,-0.009048,-1.145722
20200402,1896,-0.328267,0.290841,-0.130512,0.436499
20200402,1897,-0.328267,0.290841,-0.130512,0.436499
20200402,1898,-0.342004,0.593883,-0.251976,-1.145722
20200402,1899,-0.342004,0.593883,-0.251976,0.436499
20200402,1900,-0.342004,0.189827,-0.292465,-2.727943
20200402,1901,-0.342004,0.189827,-0.292465,-1.145722
20200402,1902,-0.328267,0.694897,-0.130512,0.436499
20200402,1903,-0.328267,0.694897,-0.130512,0.436499
20200402,1904,-0.348872,0.391855,0.112416,0.436499
20200402,1905,-0.348872,0.391855,0.112416,2.01872
20200402,1906,-0.335135,0.189827,0.112416,-1.145722
20200402,1907,-0.335135,0.189827,0.112416,-1.145722
20200402,1908,-0.335135,0.189827,0.152905,0.436499
20200402,1909,-0.335135,0.189827,0.152905,0.436499
20200402,1910,-0.335135,0.290841,-0.009048,0.436499
20200402,1911,-0.335135,0.290841,-0.009048,0.436499
20200402,1912,-0.348872,0.391855,-0.090024,0.436499
20200402,1913,-0.348872,0.391855,-0.090024,0.436499
20200402,1914,-0.348872,0.391855,-0.413929,0.436499
20200402,1915,-0.348872,0.391855,-0.413929,-1.145722
20200402,1916,-0.36261,0.593883,-0.211488,-1.145722
20200402,1917,-0.36261,0.593883,-0.211488,-1.145722
20200402,1918,-0.328267,0.391855,-0.211488,-1.145722
20200402,1919,-0.328267,0.391855,-0.211488,-1.145722
20200402,1920,-0.335135,0.593883,-0.049536,0.436499
20200402,1921,-0.335135,0.593883,-0.049536,2.01872
20200402,1922,-0.342004,0.290841,0.274369,-1.145722
20200402,1923,-0.342004,0.290841,0.274369,0.436499
20200402,1924,-0.328267,0.189827,0.274369,-1.145722
20200402,1925,-0.328267,0.189827,0.274369,0.436499
20200402,1926,-0.355741,0.189827,0.193393,2.01872
20200402,1927,-0.355741,0.189827,0.193393,-1.145722
20200402,1928,-0.342004,-0.012201,-0.090024,0.436499
20200402,1929,-0.342004,-0.012201,-0.090024,0.436499
20200402,1930,-0.348872,0.189827,-0.251976,0.436499
20200402,1931,-0.348872,0.189827,-0.251976,-1.145722
20200402,1932,-0.342004,0.795911,-0.332953,0.436499
20200402,1933,-0.342004,0.795911,-0.332953,0.436499
20200402,1934,-0.342004,0.997939,-0.171,-1.145722
20200402,1935,-0.342004,0.997939,-0.171,0.436499
20200402,1936,-0.348872,0.290841,-0.049536,-2.727943
20200402,1937,-0.348872,0.290841,-0.049536,-1.145722
20200402,1938,-0.335135,0.189827,0.395833,0.436499
20200402,1939,-0.335135,0.189827,0.395833,0.436499
20200402,1940,-0.328267,-0.012201,0.436321,0.436499
20200402,1941,-0.328267,-0.012201,0.436321,2.01872
20200402,1942,-0.348872,0.391855,0.314857,-1.145722
20200402,1943,-0.348872,0.391855,0.314857,-1.145722
20200402,1944,-0.355741,0.694897,0.03144,0.436499
20200402,1945,-0.355741,0.694897,0.03144,0.436499
20200402,1946,-0.355741,0.593883,-0.171,0.436499
20200402,1947,-0.355741,0.593883,-0.171,0.436499
20200402,1948,-0.369478,0.492869,-0.292465,0.436499
20200402,1949,-0.369478,0.492869,-0.292465,0.436499
20200402,1950,-0.355741,0.391855,-0.373441,0.436499
20200402,1951,-0.355741,0.391855,-0.373441,-1.145722
20200402,1952,-0.335135,0.189827,-0.090024,-1.145722
20200402,1953,-0.335135,0.189827,-0.090024,-1.145722
20200402,1954,-0.335135,0.391855,0.112416,-1.145722
20200402,1955,-0.335135,0.391855,0.112416,-1.145722
20200402,1956,-0.335135,-0.012201,0.314857,0.436499
20200402,1957,-0.335135,-0.012201,0.314857,2.01872
20200402,1958,-0.348872,0.391855,0.314857,-1.145722
20200402,1959,-0.348872,0.391855,0.314857,0.436499
20200402,1960,-0.328267,0.391855,0.071928,-1.145722
20200402,1961,-0.328267,0.391855,0.071928,0.436499
20200402,1962,-0.36261,0.492869,-0.049536,2.01872
20200402,1963,-0.36261,0.492869,-0.049536,-1.145722
20200402,1964,-0.348872,0.391855,-0.130512,0.436499
20200402,1965,-0.348872,0.391855,-0.130512,0.436499
20200402,1966,-0.348872,0.694897,-0.292465,0.436499
20200402,1967,-0.348872,0.694897,-0.292465,0.436499
20200402,1968,-0.355741,0.391855,-0.049536,0.436499
20200402,1969,-0.355741,0.391855,-0.049536,0.436499
20200402,1970,-0.342004,0.290841,-0.049536,0.436499
20200402,1971,-0.342004,0.290841,-0.049536,-1.145722
20200402,1972,-0.348872,0.492869,0.112416,-1.145722
20200402,1973,-0.348872,0.492869,0.112416,0.436499
20200402,1974,-0.348872,0.088813,0.233881,-1.145722
20200402,1975,-0.348872,0.088813,0.233881,2.01872
20200402,1976,-0.342004,0.391855,-0.009048,0.436499
20200402,1977,-0.342004,0.391855,-0.009048,0.436499
20200402,1978,-0.335135,0.896925,-0.090024,0.436499
20200402,1979,-0.335135,0.896925,-0.090024,0.436499
20200402,1980,-0.36261,0.391855,-0.251976,0.436499
20200402,1981,-0.36261,0.391855,-0.251976,0.436499
20200402,1982,-0.335135,0.795911,-0.292465,0.436499
20200402,1983,-0.335135,0.795911,-0.292465,0.436499
20200402,1984,-0.36261,0.290841,-0.171,0.436499
20200402,1985,-0.36261,0.290841,-0.171,-1.145722
20200402,1986,-0.355741,0.290841,-0.009048,-1.145722
20200402,1987,-0.355741,0.290841,-0.009048,0.436499
20200402,1988,-0.348872,0.694897,-0.009048,-1.145722
20200402,1989,-0.348872,0.694897,-0.009048,2.01872
20200402,1990,-0.342004,0.694897,-0.090024,0.436499
20200402,1991,-0.342004,0.694897,-0.090024,0.436499
20200402,1992,-0.348872,0.896925,-0.130512,0.436499
20200402,1993,-0.348872,0.896925,-0.130512,0.436499
20200402,1994,-0.335135,0.694897,-0.171,0.436499
20200402,1995,-0.335135,0.694897,-0.171,-1.145722
20200402,1996,-0.355741,0.593883,-0.211488,0.436499
20200402,1997,-0.355741,0.593883,-0.211488,0.436499
20200402,1998,-0.348872,0.088813,-0.090024,-1.145722
20200402,1999,-0.348872,0.088813,-0.090024,0.436499
20200402,2000,-0.342004,0.694897,-0.090024,-2.727943
20200403,1,-0.342004,0.694897,-0.090024,-1.145722
20200403,2,-0.355741,0.391855,-0.090024,0.436499
20200403,3,-0.355741,0.391855,-0.090024,0.436499
20200403,4,-0.335135,0.492869,-0.049536,0.436499
20200403,5,-0.335135,0.492869,-0.049536,2.01872
20200403,6,-0.348872,0.290841,-0.211488,-1.145722
20200403,7,-0.348872,0.290841,-0.211488,-1.145722
20200403,8,-0.342004,0.189827,-0.251976,0.436499
20200403,9,-0.342004,0.189827,-0.251976,0.436499
20200403,10,-0.355741,0.492869,-0.211488,-1.145722
20200403,11,-0.355741,0.492869,-0.211488,0.436499
20200403,12,-0.355741,0.391855,-0.251976,0.436499
20200403,13,-0.355741,0.391855,-0.251976,-1.145722
20200403,14,-0.342004,0.189827,0.03144,0.436499
20200403,15,-0.342004,0.189827,0.03144,-2.727943
20200403,16,-0.335135,0.088813,0.112416,-1.145722
20200403,17,-0.335135,0.088813,0.112416,0.436499
20200403,18,-0.328267,0.492869,0.193393,0.436499
20200403,19,-0.328267,0.492869,0.193393,0.436499
20200403,20,-0.335135,0.391855,0.112416,2.01872
20200403,21,-0.335135,0.391855,0.112416,-1.145722
20200403,22,-0.36261,0.795911,-0.049536,-1.145722
20200403,23,-0.36261,0.795911,-0.049536,0.436499
20200403,24,-0.36261,0.593883,-0.211488,0.436499
20200403,25,-0.36261,0.593883,-0.211488,0.436499
20200403,26,-0.342004,0.189827,-0.251976,0.436499
20200403,27,-0.342004,0.189827,-0.251976,0.436499
20200403,28,-0.355741,0.391855,-0.292465,0.436499
20200403,29,-0.355741,0.391855,-0.292465,0.436499
20200403,30,-0.355741,0.088813,-0.171,-1.145722
20200403,31,-0.355741,0.088813,-0.171,-1.145722
20200403,32,-0.355741,0.492869,-0.049536,-1.145722
20200403,33,-0.355741,0.492869,-0.049536,-1.145722
20200403,34,-0.328267,-0.012201,-0.130512,-1.145722
20200403,35,-0.328267,-0.012201,-0.130512,0.436499
20200403,36,-0.348872,0.290841,-0.373441,2.01872
20200403,37,-0.348872,0.290841,-0.373441,-1.145722
20200403,38,-0.348872,0.290841,-0.171,0.436499
20200403,39,-0.348872,0.290841,-0.171,-1.145722
20200403,40,-0.335135,0.391855,-0.130512,0.436499
20200403,41,-0.335135,0.391855,-0.130512,2.01872
20200403,42,-0.335135,0.088813,-0.130512,-1.145722
20200403,43,-0.335135,0.088813,-0.130512,0.436499
20200403,44,-0.348872,0.290841,-0.090024,0.436499
20200403,45,-0.348872,0.290841,-0.090024,0.436499
20200403,46,-0.335135,0.189827,-0.049536,-1.145722
20200403,47,-0.335135,0.189827,-0.049536,0.436499
20200403,48,-0.342004,0.189827,-0.090024,0.436499
20200403,49,-0.342004,0.189827,-0.090024,-1.145722
20200403,50,-0.348872,0.189827,-0.130512,0.436499
20200403,51,-0.348872,0.189827,-0.130512,-2.727943
20200403,52,-0.348872,0.492869,-0.373441,-1.145722
20200403,53,-0.348872,0.492869,-0.373441,0.436499
20200403,54,-0.328267,0.391855,-0.211488,0.436499
20200403,55,-0.328267,0.391855,-0.211488,0.436499
20200403,56,-0.342004,0.290841,-0.211488,2.01872
20200403,57,-0.342004,0.290841,-0.211488,-1.145722
20200403,58,-0.335135,0.290841,-0.130512,-1.145722
20200403,59,-0.335135,0.290841,-0.130512,0.436499
20200403,60,-0.348872,0.189827,-0.090024,0.436499
20200403,61,-0.348872,0.189827,-0.090024,0.436499
20200403,62,-0.335135,0.391855,-0.171,0.436499
20200403,63,-0.335135,0.391855,-0.171,0.436499
20200403,64,-0.342004,0.492869,-0.130512,0.436499
20200403,65,-0.342004,0.492869,-0.130512,0.436499
20200403,66,-0.335135,0.088813,-0.090024,-1.145722
20200403,67,-0.335135,0.088813,-0.090024,-1.145722
20200403,68,-0.335135,0.290841,-0.130512,-1.145722
20200403,69,-0.335135,0.290841,-0.130512,-1.145722
20200403,70,-0.348872,0.492869,-0.171,-1.145722
20200403,71,-0.348872,0.492869,-0.171,0.436499
20200403,72,-0.36261,0.593883,-0.413929,2.01872
20200403,73,-0.36261,0.593883,-0.413929,-1.145722
20200403,74,-0.348872,0.290841,-0.332953,0.436499
20200403,75,-0.348872,0.290841,-0.332953,-1.145722
20200403,76,-0.335135,0.189827,-0.090024,0.436499
20200403,77,-0.335135,0.189827,-0.090024,2.01872
20200403,78,-0.335135,0.391855,0.03144,-1.145722
20200403,79,-0.335135,0.391855,0.03144,0.436499
20200403,80,-0.342004,0.391855,0.112416,0.436499
20200403,81,-0.342004,0.391855,0.112416,0.436499
20200403,82,-0.348872,0.795911,0.071928,0.436499
20200403,83,-0.348872,0.795911,0.071928,0.436499
20200403,84,-0.342004,0.290841,-0.090024,0.436499
20200403,85,-0.342004,0.290841,-0.090024,0.436499
20200403,86,-0.36261,0.694897,-0.211488,-1.145722
20200403,87,-0.36261,0.694897,-0.211488,-1.145722
20200403,88,-0.36261,0.492869,-0.251976,0.436499
20200403,89,-0.36261,0.492869,-0.251976,-1.145722
20200403,90,-0.335135,0.290841,-0.171,2.01872
20200403,91,-0.335135,0.290841,-0.171,0.436499
20200403,92,-0.355741,0.189827,-0.090024,0.436499
20200403,93,-0.355741,0.189827,-0.090024,0.436499
20200403,94,-0.342004,0.189827,0.233881,0.436499
20200403,95,-0.342004,0.189827,0.233881,0.436499
20200403,96,-0.335135,0.088813,0.193393,0.436499
20200403,97,-0.335135,0.088813,0.193393,0.436499
20200403,98,-0.355741,-0.012201,0.112416,0.436499
20200403,99,-0.355741,-0.012201,0.112416,0.436499
20200403,100,-0.342004,0.189827,-0.130512,-1.145722
20200403,101,-0.342004,0.189827,-0.130512,-1.145722
20200403,102,-0.36261,0.189827,-0.251976,0.436499
20200403,103,-0.36261,0.189827,-0.251976,-1.145722
20200403,104,-0.348872,0.290841,-0.171,0.436499
20200403,105,-0.348872,0.290841,-0.171,0.436499
20200403,106,-0.342004,-0.012201,-0.171,-1.145722
20200403,107,-0.342004,-0.012201,-0.171,0.436499
20200403,108,-0.342004,0.189827,-0.251976,0.436499
20200403,109,-0.342004,0.189827,-0.251976,-1.145722
20200403,110,-0.335135,0.088813,0.071928,0.436499
20200403,111,-0.335135,0.088813,0.071928,-2.727943
20200403,112,-0.328267,-0.012201,0.112416,-1.145722
20200403,113,-0.328267,-0.012201,0.112416,0.436499
20200403,114,-0.355741,0.189827,0.03144,0.436499
20200403,115,-0.355741,0.189827,0.03144,0.436499
20200403,116,-0.348872,0.290841,-0.130512,2.01872
20200403,117,-0.348872,0.290841,-0.130512,-1.145722
20200403,118,-0.342004,0.290841,-0.171,-1.145722
20200403,119,-0.342004,0.290841,-0.171,0.436499
20200403,120,-0.348872,0.189827,-0.373441,0.436499
20200403,121,-0.348872,0.189827,-0.373441,0.436499
20200403,122,-0.342004,0.290841,-0.332953,0.436499
20200403,123,-0.342004,0.290841,-0.332953,0.436499
20200403,124,-0.335135,0.593883,0.03144,0.436499
20200403,125,-0.335135,0.593883,0.03144,0.436499
20200403,126,-0.348872,0.290841,0.071928,-1.145722
20200403,127,-0.348872,0.290841,0.071928,-1.145722
20200403,128,-0.348872,0.189827,-0.049536,-1.145722
20200403,129,-0.348872,0.189827,-0.049536,-1.145722
20200403,130,-0.348872,0.391855,-0.211488,-1.145722
20200403,131,-0.348872,0.391855,-0.211488,0.436499
20200403,132,-0.348872,0.492869,-0.211488,2.01872
20200403,133,-0.348872,0.492869,-0.211488,-1.145722
20200403,134,-0.342004,0.694897,-0.494905,0.436499
20200403,135,-0.342004,0.694897,-0.494905,-1.145722
20200403,136,-0.342004,0.391855,-0.211488,0.436499
20200403,137,-0.342004,0.391855,-0.211488,2.01872
20200403,138,-0.342004,1.199967,-0.049536,-1.145722
20200403,139,-0.342004,1.199967,-0.049536,0.436499
20200403,140,-0.335135,0.896925,0.152905,0.436499
20200403,141,-0.335135,0.896925,0.152905,0.436499
20200403,142,-0.328267,0.896925,0.112416,-1.145722
20200403,143,-0.328267,0.896925,0.112416,0.436499
20200403,144,-0.328267,0.896925,0.071928,0.436499
20200403,145,-0.328267,0.896925,0.071928,-1.145722
20200403,146,-0.328267,0.997939,-0.090024,0.436499
20200403,147,-0.328267,0.997939,-0.090024,-2.727943
20200403,148,-0.335135,0.896925,-0.171,-1.145722
20200403,149,-0.335135,0.896925,-0.171,0.436499
20200403,150,-0.328267,0.694897,-0.535393,0.436499
20200403,151,-0.328267,0.694897,-0.535393,0.436499
20200403,152,-0.335135,0.997939,-0.171,2.01872
20200403,153,-0.335135,0.997939,-0.171,-1.145722
20200403,154,-0.328267,1.300981,0.112416,-1.145722
20200403,155,-0.328267,1.300981,0.112416,0.436499
20200403,156,-0.328267,1.199967,0.193393,0.436499
20200403,157,-0.328267,1.199967,0.193393,0.436499
20200403,158,-0.335135,0.997939,0.193393,0.436499
20200403,159,-0.335135,0.997939,0.193393,0.436499
20200403,160,-0.335135,0.997939,0.03144,0.436499
20200403,161,-0.335135,0.997939,0.03144,0.436499
20200403,162,-0.328267,1.401995,-0.332953,-1.145722
20200403,163,-0.328267,1.401995,-0.332953,-1.145722
20200403,164,-0.335135,1.300981,-0.332953,-1.145722
20200403,165,-0.335135,1.300981,-0.332953,-1.145722
20200403,166,-0.342004,1.098953,-0.251976,-1.145722
20200403,167,-0.342004,1.098953,-0.251976,0.436499
20200403,168,-0.342004,1.199967,-0.130512,2.01872
20200403,169,-0.342004,1.199967,-0.130512,-1.145722
20200403,170,-0.328267,1.401995,-0.009048,0.436499
20200403,171,-0.328267,1.401995,-0.009048,-1.145722
20200403,172,-0.31453,1.199967,-0.049536,0.436499
20200403,173,-0.31453,1.199967,-0.049536,2.01872
20200403,174,-0.321398,1.098953,-0.090024,-1.145722
20200403,175,-0.321398,1.098953,-0.090024,0.436499
20200403,176,-0.335135,1.401995,-0.251976,0.436499
20200403,177,-0.335135,1.401995,-0.251976,0.436499
20200403,178,-0.328267,1.705037,-0.211488,0.436499
20200403,179,-0.328267,1.705037,-0.211488,0.436499
20200403,180,-0.335135,2.614163,-0.171,0.436499
20200403,181,-0.335135,2.614163,-0.171,0.436499
20200403,182,-0.321398,2.311121,0.03144,-1.145722
20200403,183,-0.321398,2.311121,0.03144,-1.145722
20200403,184,-0.307661,2.008079,0.355345,0.436499
20200403,185,-0.307661,2.008079,0.355345,-1.145722
20200403,186,-0.307661,2.210107,0.233881,2.01872
20200403,187,-0.307661,2.210107,0.233881,0.436499
20200403,188,-0.300792,2.816191,0.112416,0.436499
20200403,189,-0.300792,2.816191,0.112416,0.436499
20200403,190,-0.328267,3.624302,-0.211488,0.436499
20200403,191,-0.328267,3.624302,-0.211488,0.436499
20200403,192,-0.31453,2.210107,-0.292465,0.436499
20200403,193,-0.31453,2.210107,-0.292465,0.436499
20200403,194,-0.293924,2.311121,-0.171,0.436499
20200403,195,-0.293924,2.311121,-0.171,0.436499
20200403,196,-0.31453,1.806051,-0.090024,-1.145722
20200403,197,-0.31453,1.806051,-0.090024,-1.145722
20200403,198,-0.300792,2.412135,0.071928,0.436499
20200403,199,-0.300792,2.412135,0.071928,-1.145722
20200403,200,-0.307661,0.290841,-0.009048,2.01872
20200403,201,-0.307661,0.290841,-0.009048,0.436499
20200403,202,-0.31453,0.189827,-0.130512,0.436499
20200403,203,-0.31453,0.189827,-0.130512,0.436499
20200403,204,-0.307661,0.391855,-0.251976,0.436499
20200403,205,-0.307661,0.391855,-0.251976,0.436499
20200403,206,-0.328267,0.492869,-0.211488,-1.145722
20200403,207,-0.328267,0.492869,-0.211488,0.436499
20200403,208,-0.328267,0.694897,-0.049536,0.436499
20200403,209,-0.328267,0.694897,-0.049536,-1.145722
20200403,210,-0.321398,0.391855,0.112416,0.436499
20200403,211,-0.321398,0.391855,0.112416,-2.727943
20200403,212,-0.300792,1.199967,0.112416,-1.145722
20200403,213,-0.300792,1.199967,0.112416,0.436499
20200403,214,-0.307661,0.896925,-0.171,0.436499
20200403,215,-0.307661,0.896925,-0.171,0.436499
20200403,216,-0.26645,0.896925,-0.292465,2.01872
20200403,217,-0.26645,0.896925,-0.292465,-1.145722
20200403,218,-0.31453,0.896925,-0.211488,-1.145722
20200403,219,-0.31453,0.896925,-0.211488,0.436499
20200403,220,-0.328267,0.997939,-0.090024,0.436499
20200403,221,-0.328267,0.997939,-0.090024,0.436499
20200403,222,-0.321398,0.896925,0.152905,0.436499
20200403,223,-0.321398,0.896925,0.152905,0.436499
20200403,224,-0.31453,0.694897,0.314857,0.436499
20200403,225,-0.31453,0.694897,0.314857,0.436499
20200403,226,-0.321398,0.997939,0.193393,-1.145722
20200403,227,-0.321398,0.997939,0.193393,-1.145722
20200403,228,-0.31453,1.300981,0.112416,-1.145722
20200403,229,-0.31453,1.300981,0.112416,-1.145722
20200403,230,-0.335135,1.199967,-0.130512,-1.145722
20200403,231,-0.335135,1.199967,-0.130512,0.436499
20200403,232,-0.31453,0.997939,-0.292465,2.01872
20200403,233,-0.31453,0.997939,-0.292465,-1.145722
20200403,234,-0.328267,0.997939,-0.211488,0.436499
20200403,235,-0.328267,0.997939,-0.211488,-1.145722
20200403,236,-0.328267,1.401995,-0.090024,0.436499
20200403,237,-0.328267,1.401995,-0.090024,2.01872
20200403,238,-0.31453,1.300981,0.112416,-1.145722
20200403,239,-0.31453,1.300981,0.112416,0.436499
20200403,240,-0.31453,1.098953,0.233881,0.436499
20200403,241,-0.31453,1.098953,0.233881,-1.145722
20200403,242,-0.31453,1.199967,0.193393,0.436499
20200403,243,-0.31453,1.199967,0.193393,0.436499
20200403,244,-0.328267,1.401995,0.112416,-1.145722
20200403,245,-0.328267,1.401995,0.112416,0.436499
20200403,246,-0.321398,1.199967,-0.211488,-2.727943
20200403,247,-0.321398,1.199967,-0.211488,-1.145722
20200403,248,-0.280187,1.098953,-0.251976,0.436499
20200403,249,-0.280187,1.098953,-0.251976,0.436499
20200403,250,-0.328267,1.401995,-0.009048,0.436499
20200403,251,-0.328267,1.401995,-0.009048,2.01872
20200403,252,-0.300792,1.705037,0.112416,-1.145722
20200403,253,-0.300792,1.705037,0.112416,-1.145722
20200403,254,-0.287055,2.614163,0.071928,0.436499
20200403,255,-0.287055,2.614163,0.071928,0.436499
20200403,256,-0.307661,2.311121,-0.211488,0.436499
20200403,257,-0.307661,2.311121,-0.211488,0.436499
20200403,258,-0.287055,2.008079,-0.251976,0.436499
20200403,259,-0.287055,2.008079,-0.251976,0.436499
20200403,260,-0.348872,2.210107,-0.454417,0.436499
20200403,261,-0.348872,2.210107,-0.454417,-1.145722
20200403,262,-0.348872,2.816191,-0.171,-1.145722
20200403,263,-0.348872,2.816191,-0.171,-1.145722
20200403,264,-0.342004,3.624302,-0.130512,-1.145722
20200403,265,-0.342004,3.624302,-0.130512,-1.145722
20200403,266,-0.335135,2.210107,-0.009048,0.436499
20200403,267,-0.335135,2.210107,-0.009048,2.01872
20200403,268,-0.335135,2.311121,0.071928,-1.145722
20200403,269,-0.335135,2.311121,0.071928,0.436499
20200403,270,-0.355741,1.806051,-0.009048,-1.145722
20200403,271,-0.355741,1.806051,-0.009048,0.436499
20200403,272,-0.328267,2.412135,-0.049536,2.01872
20200403,273,-0.328267,2.412135,-0.049536,-1.145722
20200403,274,-0.335135,0.290841,-0.171,0.436499
20200403,275,-0.335135,0.189827,-0.171,0.436499
20200403,276,-0.300792,0.189827,-0.211488,0.436499
20200403,277,-0.300792,0.189827,-0.211488,-1.145722
20200403,278,-0.300792,0.189827,-0.049536,0.436499
20200403,279,-0.300792,0.088813,-0.049536,0.436499
20200403,280,-0.719776,0.088813,-0.090024,-1.145722
20200403,281,-0.719776,-0.012201,-0.090024,0.436499
20200403,282,-0.396953,-0.012201,-0.575881,-2.727943
20200403,283,-0.396953,0.189827,-0.575881,-1.145722
20200403,284,-0.300792,0.189827,-0.130512,0.436499
20200403,285,-0.300792,0.189827,-0.130512,0.436499
20200403,286,-0.211501,0.189827,0.152905,0.436499
20200403,287,-0.211501,0.290841,0.152905,2.01872
20200403,288,-0.26645,0.290841,0.314857,-1.145722
20200403,289,-0.26645,-0.012201,0.314857,-1.145722
20200403,290,-0.245844,-0.012201,0.395833,0.436499
20200403,291,-0.245844,0.189827,0.395833,0.436499
20200403,292,-0.225238,0.189827,0.112416,0.436499
20200403,293,-0.225238,0.088813,0.112416,0.436499
20200403,294,-0.232107,0.088813,-0.049536,0.436499
20200403,295,-0.232107,-0.012201,-0.049536,0.436499
20200403,296,-0.225238,-0.012201,-0.251976,0.436499
20200403,297,-0.225238,0.189827,-0.251976,-1.145722
20200403,298,-0.232107,0.189827,-0.292465,-1.145722
20200403,299,-0.232107,0.290841,-0.292465,-1.145722
20200403,300,-0.225238,0.290841,-0.090024,-1.145722
20200403,301,-0.225238,0.290841,-0.090024,-1.145722
20200403,302,-0.149684,0.290841,0.152905,0.436499
20200403,303,-0.149684,0.189827,0.152905,2.01872
20200403,304,-0.211501,0.189827,0.152905,-1.145722
20200403,305,-0.211501,0.290841,0.152905,0.436499
20200403,306,-0.211501,0.290841,-0.090024,-1.145722
20200403,307,-0.211501,0.593883,-0.090024,0.436499
20200403,308,-0.163421,0.593883,-0.251976,2.01872
20200403,309,-0.163421,0.290841,-0.251976,-1.145722
20200403,310,-0.238975,0.290841,-0.211488,0.436499
20200403,311,-0.238975,0.189827,-0.211488,0.436499
20200403,312,-0.225238,0.189827,-0.090024,0.436499
20200403,313,-0.225238,0.391855,-0.090024,0.436499
20200403,314,-0.225238,0.391855,-0.130512,0.436499
20200403,315,-0.225238,0.492869,-0.130512,0.436499
20200403,316,-0.204632,0.492869,-0.090024,0.436499
20200403,317,-0.204632,0.694897,-0.090024,-1.145722
20200403,318,-0.218369,0.694897,-0.130512,-1.145722
20200403,319,-0.218369,0.391855,-0.130512,0.436499
20200403,320,-0.218369,0.391855,-0.251976,-1.145722
20200403,321,-0.218369,1.199967,-0.251976,2.01872
20200403,322,-0.225238,1.199967,-0.292465,0.436499
20200403,323,-0.225238,0.896925,-0.292465,0.436499
20200403,324,-0.232107,0.896925,-0.211488,0.436499
20200403,325,-0.232107,0.896925,-0.211488,0.436499
20200403,326,-0.238975,0.896925,0.03144,0.436499
20200403,327,-0.238975,0.896925,0.03144,0.436499
20200403,328,-0.252712,0.896925,0.193393,0.436499
20200403,329,-0.252712,0.997939,0.193393,0.436499
20200403,330,-0.245844,0.997939,0.193393,0.436499
20200403,331,-0.245844,0.896925,0.193393,-1.145722
20200403,332,-0.26645,0.896925,0.03144,-1.145722
20200403,333,-0.26645,0.694897,0.03144,0.436499
20200403,334,-0.273318,0.694897,0.03144,-1.145722
20200403,335,-0.273318,0.997939,0.03144,2.01872
20200403,336,-0.26645,0.997939,-0.171,0.436499
20200403,337,-0.26645,1.300981,-0.171,0.436499
20200403,338,-0.273318,1.300981,-0.292465,0.436499
20200403,339,-0.273318,1.199967,-0.292465,0.436499
20200403,340,-0.280187,1.199967,-0.332953,0.436499
20200403,341,-0.280187,0.997939,-0.332953,-1.145722
20200403,342,-0.259581,0.997939,-0.171,0.436499
20200403,343,-0.259581,0.997939,-0.171,0.436499
20200403,344,-0.26645,0.997939,0.152905,-1.145722
20200403,345,-0.26645,1.401995,0.152905,0.436499
20200403,346,-0.26645,1.401995,0.355345,-2.727943
20200403,347,-0.26645,1.300981,0.355345,-1.145722
20200403,348,-0.211501,1.300981,-0.009048,0.436499
20200403,349,-0.211501,1.098953,-0.009048,0.436499
20200403,350,-0.218369,1.098953,-0.211488,0.436499
20200403,351,-0.218369,1.199967,-0.211488,2.01872
20200403,352,-0.211501,1.199967,-0.211488,-1.145722
20200403,353,-0.211501,1.401995,-0.211488,-1.145722
20200403,354,-0.197764,1.401995,-0.211488,0.436499
20200403,355,-0.197764,1.199967,-0.211488,0.436499
20200403,356,-0.218369,1.199967,-0.130512,0.436499
20200403,357,-0.218369,1.098953,-0.130512,0.436499
20200403,358,-0.204632,1.098953,-0.009048,-1.145722
20200403,359,-0.204632,1.401995,-0.009048,0.436499
20200403,360,-0.218369,1.401995,0.193393,0.436499
20200403,361,-0.218369,1.705037,0.193393,-1.145722
20200403,362,-0.190895,1.705037,0.152905,0.436499
20200403,363,-0.190895,2.614163,0.152905,-2.727943
20200403,364,-0.197764,2.614163,0.03144,-1.145722
20200403,365,-0.197764,2.311121,0.03144,0.436499
20200403,366,-0.225238,2.311121,-0.049536,0.436499
20200403,367,-0.225238,2.008079,-0.049536,0.436499
20200403,368,-0.225238,2.008079,-0.171,2.01872
20200403,369,-0.225238,2.210107,-0.171,-1.145722
20200403,370,-0.225238,2.210107,-0.251976,-1.145722
20200403,371,-0.225238,2.816191,-0.251976,0.436499
20200403,372,-0.197764,2.816191,-0.292465,0.436499
20200403,373,-0.197764,3.624302,-0.292465,0.436499
20200403,374,-0.204632,3.624302,-0.049536,0.436499
20200403,375,-0.204632,2.210107,-0.049536,0.436499
20200403,376,-0.204632,2.210107,0.071928,0.436499
20200403,377,-0.204632,2.311121,0.071928,0.436499
20200403,378,-0.211501,2.311121,0.193393,-1.145722
20200403,379,-0.211501,1.806051,0.193393,-1.145722
20200403,380,-0.190895,1.806051,-0.049536,-1.145722
20200403,381,-0.190895,2.412135,-0.049536,-1.145722
20200403,382,-0.238975,2.412135,-0.332953,-1.145722
20200403,383,-0.238975,0.290841,-0.332953,0.436499
20200403,384,-0.204632,0.290841,-0.090024,2.01872
20200403,385,-0.204632,0.189827,-0.090024,-1.145722
20200403,386,-0.211501,0.189827,-0.251976,0.436499
20200403,387,-0.211501,0.088813,-0.251976,-1.145722
20200403,388,-0.211501,0.088813,-0.332953,0.436499
20200403,389,-0.211501,-0.012201,-0.332953,2.01872
20200403,390,-0.225238,-0.012201,-0.009048,-1.145722
20200403,391,-0.225238,0.189827,-0.009048,0.436499
20200403,392,-0.184027,0.189827,0.03144,0.436499
20200403,393,-0.184027,0.290841,0.03144,0.436499
20200403,394,-0.204632,0.290841,0.071928,-1.145722
20200403,395,-0.204632,0.290841,0.071928,0.436499
20200403,396,-0.204632,0.290841,-0.211488,0.436499
20200403,397,-0.204632,0.189827,-0.211488,-1.145722
20200403,398,-0.197764,0.189827,-0.251976,0.436499
20200403,399,-0.197764,0.290841,-0.251976,-2.727943
20200403,400,-0.211501,0.290841,-0.413929,-1.145722
20200403,401,-0.211501,0.593883,-0.413929,0.436499
20200403,402,-0.211501,0.593883,-0.130512,0.436499
20200403,403,-0.211501,0.290841,-0.130512,0.436499
20200403,404,-0.204632,0.290841,-6.568119,2.01872
20200403,405,-0.204632,0.189827,-6.568119,-1.145722
20200403,406,-0.204632,0.189827,-9.037893,-1.145722
20200403,407,-0.204632,0.391855,-9.037893,0.436499
20200403,408,5.324574,0.391855,-9.240333,0.436499
20200403,409,5.324574,0.492869,-9.240333,0.436499
20200403,410,4.452264,0.492869,-9.32131,0.436499
20200403,411,4.452264,0.694897,-9.32131,0.436499
20200403,412,4.314893,0.694897,-9.564238,0.436499
20200403,413,4.314893,0.391855,-9.564238,0.436499
20200403,414,4.273681,0.391855,-9.726191,-1.145722
20200403,415,4.273681,1.199967,-9.726191,-1.145722
20200403,416,4.301155,1.199967,-9.604726,-1.145722
20200403,417,4.301155,0.896925,-9.604726,-1.145722
20200403,418,4.294287,0.896925,-8.430571,-1.145722
20200403,419,4.294287,0.896925,-8.430571,0.436499
20200403,420,4.253075,0.896925,-6.649095,2.01872
20200403,421,4.253075,0.896925,-6.649095,-1.145722
20200403,422,4.23247,0.896925,-4.017369,0.436499
20200403,423,4.23247,0.997939,-4.017369,-1.145722
20200403,424,4.122572,0.997939,-1.264179,0.436499
20200403,425,4.122572,0.896925,-1.264179,2.01872
20200403,426,3.978332,0.896925,0.638762,-1.145722
20200403,427,3.978332,0.694897,0.638762,0.436499
20200403,428,3.751669,0.694897,1.650964,0.436499
20200403,429,3.751669,0.997939,1.650964,0.436499
20200403,430,3.525006,0.997939,1.893893,0.436499
20200403,431,3.525006,1.300981,1.893893,0.436499
20200403,432,3.31208,1.300981,2.096333,0.436499
20200403,433,3.31208,1.199967,2.096333,0.436499
20200403,434,3.11976,1.199967,1.772428,-1.145722
20200403,435,3.11976,0.997939,1.772428,-1.145722
20200403,436,3.016731,0.997939,1.489012,0.436499
20200403,437,3.016731,0.997939,1.489012,-1.145722
20200403,438,2.92744,0.997939,1.246083,2.01872
20200403,439,2.92744,1.401995,1.246083,0.436499
20200403,440,2.893097,1.401995,0.962666,0.436499
20200403,441,2.893097,1.300981,0.962666,0.436499
20200403,442,2.845017,1.300981,0.638762,0.436499
20200403,443,2.845017,1.098953,0.638762,0.436499
20200403,444,2.817542,1.098953,0.112416,0.436499
20200403,445,2.817542,1.199967,0.112416,0.436499
20200403,446,2.817542,1.199967,-0.211488,0.436499
20200403,447,2.652696,1.401995,-0.413929,0.436499
20200403,448,2.673302,1.401995,-0.778322,-1.145722
20200403,449,2.687039,1.199967,-1.102226,-1.145722
20200403,450,2.714514,1.199967,-1.385643,0.436499
20200403,451,2.700777,1.098953,-1.66906,-1.145722
20200403,452,2.741988,1.098953,-1.8715,2.01872
20200403,453,2.604616,1.401995,-2.195405,0.436499
20200403,454,2.625222,1.401995,-2.276381,0.436499
20200403,455,2.590879,1.705037,-2.195405,0.436499
20200403,456,2.597748,1.705037,-2.154917,0.436499
20200403,457,2.645828,2.614163,-2.033453,0.436499
20200403,458,2.638959,2.614163,-1.911988,-1.145722
20200403,459,2.666434,2.311121,-1.992964,0.436499
20200403,460,2.707645,2.311121,-1.952476,0.436499
20200403,461,2.687039,2.008079,-2.114429,-1.145722
20200403,462,2.638959,2.008079,-2.073941,0.436499
20200403,463,2.645828,2.210107,-2.478822,-2.727943
20200403,464,2.666434,2.210107,-2.033453,-1.145722
20200403,465,2.687039,2.816191,-2.033453,0.436499
20200403,466,2.714514,2.816191,-1.992964,0.436499
20200403,467,2.769462,3.624302,-1.952476,0.436499
20200403,468,2.714514,3.624302,-2.073941,-1.145722
20200403,469,2.741988,2.210107,-2.033453,0.436499
20200403,470,2.83128,2.210107,-2.235893,0.436499
20200403,471,2.824411,2.311121,-2.276381,-1.145722
20200403,472,2.851885,2.311121,-2.154917,0.436499
20200403,473,2.838148,1.806051,-2.114429,-2.727943
20200403,474,2.810674,1.806051,-2.033453,-1.145722
20200403,475,2.790068,2.412135,-2.114429,0.436499
20200403,476,2.790068,2.412135,-2.033453,0.436499
20200403,477,2.776331,0.290841,-1.992964,0.436499
20200403,478,2.783199,0.290841,-2.114429,2.01872
20200403,479,2.776331,0.189827,-2.114429,-1.145722
20200403,480,2.776331,0.189827,-2.195405,-1.145722
20200403,481,2.906834,0.391855,-2.235893,0.436499
20200403,482,2.899965,0.391855,-2.235893,0.436499
20200403,483,2.913702,0.492869,-2.478822,0.436499
20200403,484,2.872491,0.492869,-2.154917,0.436499
20200403,485,2.851885,0.694897,-2.114429,0.436499
20200403,486,2.83128,0.694897,-2.235893,0.436499
20200403,487,2.858754,0.391855,-2.478822,0.436499
20200403,488,3.689852,0.391855,-2.478822,-1.145722
20200403,489,2.996125,1.199967,-1.911988,-1.145722
20200403,490,2.87936,1.199967,-1.952476,-1.145722
20200403,491,2.858754,0.896925,-1.831012,-1.145722
20200403,492,2.796937,0.896925,-1.831012,-1.145722
20200403,493,2.790068,0.896925,-1.8715,0.436499
20200403,494,2.803805,0.896925,-2.154917,2.01872
20200403,495,2.810674,0.896925,-2.276381,-1.145722
20200403,496,2.803805,0.896925,-1.831012,0.436499
20200403,497,2.803805,0.997939,-0.454417,-1.145722
20200403,498,2.755725,0.997939,1.367547,0.436499
20200403,499,1.107266,0.896925,3.068047,2.01872
20200403,500,1.107266,0.896925,3.958785,-1.145722
20200403,501,1.031712,0.694897,4.323178,0.436499
20200403,502,0.908077,0.694897,4.323178,0.436499
20200403,503,0.5097,0.997939,4.161226,0.436499
20200403,504,0.70202,0.997939,3.837321,-1.145722
20200403,505,0.736363,1.300981,3.553904,0.436499
20200403,506,0.640203,1.300981,3.149024,0.436499
20200403,507,0.626466,1.199967,2.865607,-1.145722
20200403,508,0.626466,1.199967,2.58219,0.436499
20200403,509,0.647071,0.997939,2.136821,-2.727943
20200403,510,0.65394,0.997939,1.853404,-1.145722
20200403,511,0.55778,0.997939,1.569988,0.436499
20200403,512,0.585254,0.997939,1.448524,0.436499
20200403,513,0.585254,1.401995,1.812916,0.436499
20200403,514,0.585254,1.401995,2.420238,2.01872
20200403,515,0.647071,1.300981,2.906095,-1.145722
20200403,516,0.633334,1.300981,2.946583,-1.145722
20200403,517,0.592123,1.098953,2.906095,0.436499
20200403,518,0.60586,1.098953,2.663166,0.436499
20200403,519,0.585254,1.199967,2.258285,0.436499
20200403,520,0.550911,1.199967,2.015357,0.436499
20200403,521,0.60586,1.401995,1.772428,0.436499
20200403,522,0.592123,1.401995,1.448524,0.436499
20200403,523,0.592123,1.199967,1.73194,0.436499
20200403,524,0.619597,1.199967,2.055845,-1.145722
20200403,525,0.585254,1.098953,2.37975,-1.145722
20200403,526,0.578386,1.098953,2.501214,-1.145722
20200403,527,0.399803,1.401995,1.772428,-1.145722
20200403,528,2.240582,1.401995,2.015357,-1.145722
20200403,529,0.193745,1.705037,2.420238,0.436499
20200403,530,0.152534,1.705037,2.339262,2.01872
20200403,531,0.083848,2.614163,2.298774,-1.145722
20200403,532,0.063242,2.614163,2.055845,0.436499
20200403,533,0.104454,2.311121,1.812916,-1.145722
20200403,534,0.070111,2.311121,1.691452,0.436499
20200403,535,0.001425,2.008079,1.73194,2.01872
20200403,536,0.070111,2.008079,1.974869,-1.145722
20200403,537,0.049505,2.210107,2.258285,0.436499
20200403,538,0.241825,2.210107,2.258285,0.436499
20200403,539,0.207482,2.816191,2.136821,0.436499
20200403,540,0.331117,2.816191,-0.090024,0.436499
20200403,541,3.703589,3.624302,-0.211488,0.436499
20200403,542,4.204995,3.624302,-0.535393,0.436499
20200403,543,2.34361,2.210107,0.355345,0.436499
20200403,544,2.206239,2.210107,1.003155,-1.145722
20200403,545,2.144422,2.311121,2.906095,-1.145722
20200403,546,1.608672,2.311121,4.606595,0.436499
20200403,547,1.615541,1.806051,5.659285,-1.145722
20200403,548,1.615541,1.806051,6.185631,2.01872
20200403,549,1.581198,2.412135,6.347583,0.436499
20200403,550,0.880603,2.412135,6.064166,0.436499
20200403,551,1.182821,0.290841,5.78075,0.436499
20200403,552,1.237769,0.189827,5.416357,0.436499
20200403,553,1.217163,0.189827,5.092452,0.436499
20200403,554,1.189689,0.189827,4.687571,0.436499
20200403,555,1.175952,0.189827,4.28269,0.436499
20200403,556,1.169083,0.088813,3.958785,0.436499
20200403,557,1.210295,0.088813,3.513416,0.436499
20200403,558,1.615541,-0.012201,3.149024,-1.145722
20200403,559,1.533118,-0.012201,2.825119,-1.145722
20200403,560,1.430089,0.189827,2.460726,0.436499
20200403,561,1.416352,0.189827,2.136821,0.436499
20200403,562,1.62241,0.189827,1.812916,-1.145722
20200403,563,1.773518,0.189827,1.448524,0.436499
20200403,564,1.828467,0.290841,1.812916,0.436499
20200403,565,3.21592,0.290841,2.136821,-1.145722
20200403,566,3.181577,-0.012201,2.298774,0.436499
20200403,567,3.181577,-0.012201,2.339262,-2.727943
20200403,568,3.69672,0.189827,2.37975,-1.145722
20200403,569,2.123816,0.189827,2.055845,0.436499
20200403,570,4.362973,0.088813,1.73194,0.436499
20200403,571,4.452264,0.088813,1.73194,0.436499
20200403,572,3.875304,-0.012201,1.934381,2.01872
20200403,573,3.861566,-0.012201,2.217797,-1.145722
20200403,574,3.854698,0.189827,2.420238,-1.145722
20200403,575,3.840961,0.189827,2.298774,0.436499
20200403,576,3.277737,0.290841,2.136821,0.436499
20200403,577,3.277737,0.290841,1.934381,0.436499
20200403,578,3.264,0.290841,1.73194,0.436499
20200403,579,3.016731,0.290841,1.650964,0.436499
20200403,580,2.755725,0.189827,2.015357,0.436499
20200403,581,2.769462,0.189827,2.298774,0.436499
20200403,582,2.741988,0.290841,2.460726,-1.145722
20200403,583,2.316136,0.290841,2.37975,-1.145722
20200403,584,2.137553,0.593883,2.177309,-1.145722
20200403,585,2.061999,0.593883,1.974869,-1.145722
20200403,586,1.423221,0.290841,1.73194,-1.145722
20200403,587,1.485038,0.290841,1.772428,0.436499
20200403,588,1.491907,0.189827,1.974869,2.01872
20200403,589,1.52625,0.189827,2.136821,-1.145722
20200403,590,1.491907,0.391855,2.37975,0.436499
20200403,591,1.539987,0.391855,2.258285,-1.145722
20200403,592,3.057943,0.492869,2.055845,0.436499
20200403,593,3.009863,0.492869,1.853404,2.01872
20200403,594,2.851885,0.694897,1.853404,-1.145722
20200403,595,3.525006,0.694897,1.812916,0.436499
20200403,596,4.211864,0.391855,1.893893,0.436499
20200403,597,3.840961,0.391855,2.096333,0.436499
20200403,598,3.799749,1.199967,2.177309,-1.145722
20200403,599,3.64864,1.199967,2.136821,0.436499
20200403,600,3.662378,0.896925,1.974869,0.436499
20200403,601,3.511269,0.896925,1.853404,-1.145722
20200403,602,3.518137,0.896925,1.691452,0.436499
20200403,603,3.525006,0.896925,1.73194,-2.727943
20200403,604,3.518137,0.896925,2.055845,-1.145722
20200403,605,3.518137,0.896925,2.339262,0.436499
20200403,606,3.531875,0.997939,2.37975,0.436499
20200403,607,3.545612,0.997939,2.339262,0.436499
20200403,608,3.531875,0.896925,2.055845,2.01872
20200403,609,3.525006,0.896925,1.974869,-1.145722
20200403,610,3.518137,0.694897,1.812916,-1.145722
20200403,611,3.5044,0.694897,1.73194,0.436499
20200403,612,3.518137,0.997939,1.812916,0.436499
20200403,613,3.511269,0.997939,1.974869,0.436499
20200403,614,3.511269,1.300981,2.258285,0.436499
20200403,615,3.531875,1.300981,2.217797,0.436499
20200403,616,3.538743,1.199967,2.177309,0.436499
20200403,617,3.518137,1.199967,2.015357,0.436499
20200403,618,3.525006,0.997939,1.974869,-1.145722
20200403,619,3.511269,0.997939,1.73194,-1.145722
20200403,620,3.5044,0.997939,1.73194,-1.145722
20200403,621,3.518137,0.997939,1.974869,-1.145722
20200403,622,3.518137,1.401995,2.217797,-1.145722
20200403,623,3.525006,1.401995,2.339262,0.436499
20200403,624,3.525006,1.300981,2.177309,2.01872
20200403,625,3.531875,1.300981,1.974869,-1.145722
20200403,626,3.518137,1.098953,1.73194,0.436499
20200403,627,3.518137,1.098953,1.73194,-1.145722
20200403,628,3.518137,1.199967,1.772428,0.436499
20200403,629,3.511269,1.199967,2.136821,2.01872
20200403,630,3.531875,1.401995,2.258285,-1.145722
20200403,631,3.518137,1.401995,2.37975,0.436499
20200403,632,3.531875,1.199967,2.258285,0.436499
20200403,633,3.538743,1.199967,1.934381,0.436499
20200403,634,3.511269,1.098953,1.853404,0.436499
20200403,635,3.511269,1.098953,1.650964,0.436499
20200403,636,3.5044,1.401995,1.691452,0.436499
20200403,637,3.5044,1.401995,1.934381,0.436499
20200403,638,3.518137,1.705037,2.136821,-1.145722
20200403,639,3.531875,1.705037,2.339262,-1.145722
20200403,640,3.518137,2.614163,2.258285,0.436499
20200403,641,3.525006,2.614163,2.136821,-1.145722
20200403,642,3.511269,2.311121,1.934381,2.01872
20200403,643,3.511269,2.311121,1.610476,0.436499
20200403,644,3.5044,2.008079,1.408035,0.436499
20200403,645,3.5044,2.008079,1.812916,0.436499
20200403,646,3.5044,2.210107,2.015357,0.436499
20200403,647,3.511269,2.210107,2.136821,0.436499
20200403,648,3.518137,2.816191,2.217797,0.436499
20200403,649,3.525006,2.816191,2.096333,0.436499
20200403,650,3.518137,3.624302,1.974869,0.436499
20200403,651,3.511269,3.624302,1.772428,0.436499
20200403,652,3.511269,2.210107,1.73194,-1.145722
20200403,653,3.497532,2.210107,1.812916,-1.145722
20200403,654,3.497532,2.311121,2.015357,0.436499
20200403,655,3.518137,2.311121,2.136821,-1.145722
20200403,656,3.518137,1.806051,2.136821,2.01872
20200403,657,3.525006,1.806051,2.055845,0.436499
20200403,658,3.5044,2.412135,1.853404,0.436499
20200403,659,3.5044,2.412135,1.772428,0.436499
20200403,660,3.511269,2.210107,1.812916,0.436499
20200403,661,3.5044,2.816191,1.650964,0.436499
20200403,662,3.518137,2.816191,2.055845,-1.145722
20200403,663,3.511269,3.624302,2.096333,0.436499
20200403,664,3.511269,3.624302,2.096333,0.436499
20200403,665,3.518137,2.210107,1.934381,-1.145722
20200403,666,3.511269,2.210107,1.73194,0.436499
20200403,667,3.5044,2.311121,1.772428,-2.727943
20200403,668,3.511269,2.311121,1.610476,-1.145722
20200403,669,3.5044,1.806051,1.974869,0.436499
20200403,670,3.497532,1.806051,2.136821,0.436499
20200403,671,3.518137,2.412135,2.136821,0.436499
20200403,672,3.511269,2.412135,1.974869,2.01872
20200403,673,3.511269,0.290841,1.853404,-1.145722
20200403,674,3.5044,0.290841,1.772428,-1.145722
20200403,675,3.5044,0.189827,1.772428,0.436499
20200403,676,3.5044,0.189827,1.934381,0.436499
20200403,677,3.511269,0.391855,1.934381,0.436499
20200403,678,3.511269,0.391855,2.015357,0.436499
20200403,679,3.5044,3.624302,2.015357,0.436499
20200403,680,3.518137,3.624302,1.812916,0.436499
20200403,681,3.518137,2.210107,1.772428,0.436499
20200403,682,3.5044,2.210107,1.772428,-1.145722
20200403,683,3.511269,2.311121,1.812916,-1.145722
20200403,684,3.518137,2.311121,2.096333,-1.145722
20200403,685,3.511269,1.806051,2.217797,-1.145722
20200403,686,3.511269,1.806051,2.015357,-1.145722
20200403,687,3.511269,2.412135,1.934381,0.436499
20200403,688,3.5044,2.412135,1.610476,2.01872
20200403,689,3.5044,2.210107,1.489012,-1.145722
20200403,690,3.490663,2.816191,1.772428,0.436499
20200403,691,3.497532,2.816191,1.974869,-1.145722
20200403,692,3.5044,3.624302,2.217797,0.436499
20200403,693,3.518137,3.624302,2.217797,2.01872
20200403,694,3.511269,2.210107,2.136821,-1.145722
20200403,695,3.511269,2.210107,2.015357,0.436499
20200403,696,3.5044,2.311121,1.934381,0.436499
20200403,697,3.497532,2.311121,1.73194,0.436499
20200403,698,3.518137,1.806051,1.73194,0.436499
20200403,699,3.525006,1.806051,1.853404,0.436499
20200403,700,3.518137,2.412135,2.096333,0.436499
20200403,701,3.525006,2.412135,2.217797,0.436499
20200403,702,3.531875,0.290841,2.460726,-1.145722
20200403,703,3.531875,0.290841,2.258285,-1.145722
20200403,704,3.545612,0.189827,2.136821,0.436499
20200403,705,3.538743,0.189827,1.934381,-1.145722
20200403,706,-0.273318,-1.426396,-0.009048,0.436499
20200403,707,-0.273318,-1.426396,-0.009048,-1.145722
20200403,708,-0.280187,-1.426396,-0.049536,0.436499
20200403,709,-0.280187,-1.426396,-0.049536,2.01872
20200403,710,-0.280187,-1.52741,-0.332953,-1.145722
20200403,711,-0.280187,-1.52741,-0.332953,0.436499
20200403,712,-0.273318,-1.224368,-0.251976,0.436499
20200403,713,-0.273318,-1.224368,-0.251976,0.436499
20200403,714,-0.287055,-1.325382,-0.171,0.436499
20200403,715,-0.287055,-1.325382,-0.171,0.436499
20200403,716,-0.280187,-1.729438,0.03144,0.436499
20200403,717,-0.280187,-1.729438,0.03144,0.436499
20200403,718,-0.280187,-1.729438,-0.009048,-1.145722
20200403,719,-0.280187,-1.729438,-0.009048,-1.145722
20200403,720,-0.273318,-1.52741,0.193393,0.436499
20200403,721,-0.273318,-1.52741,0.193393,-1.145722
20200403,722,-0.280187,-1.931466,0.112416,2.01872
20200403,723,-0.280187,-1.931466,0.112416,0.436499
20200403,724,-0.287055,-1.224368,-0.049536,0.436499
20200403,725,-0.287055,-1.224368,-0.049536,0.436499
20200403,726,-0.280187,-1.426396,-0.211488,0.752943
20200403,727,-0.280187,-1.426396,-0.211488,0.752943
20200403,728,-0.287055,-1.224368,-0.332953,0.721299
20200403,729,-0.287055,-1.224368,-0.332953,0.721299
20200403,730,-0.287055,-1.426396,-0.292465,0.689654
20200403,731,-0.287055,-1.426396,-0.292465,0.689654
20200403,732,-0.287055,-1.325382,-0.251976,0.816232
20200403,733,-0.287055,-1.325382,-0.251976,0.816232
20200403,734,-0.273318,-1.325382,0.193393,0.816232
20200403,735,-0.273318,-1.325382,0.193393,0.816232
20200403,736,-0.280187,-1.628424,0.274369,0.816232
20200403,737,-0.280187,-1.628424,0.274369,0.816232
20200403,738,-0.280187,-1.52741,0.152905,0.816232
20200403,739,-0.280187,-1.52741,0.152905,0.816232
20200403,740,-0.280187,-1.224368,-0.049536,0.721299
20200403,741,-0.280187,-1.224368,-0.049536,0.721299
20200403,742,-0.293924,-1.325382,-0.130512,0.689654
20200403,743,-0.293924,-1.325382,-0.130512,0.689654
20200403,744,-0.280187,-1.426396,-0.292465,0.721299
20200403,745,-0.280187,-1.426396,-0.292465,0.721299
20200403,746,-0.293924,-1.123354,-0.413929,0.689654
20200403,747,-0.293924,-1.123354,-0.413929,0.689654
20200403,748,-0.273318,-1.325382,-0.130512,0.721299
20200403,749,-0.273318,-1.325382,-0.130512,0.721299
20200403,750,-0.280187,-1.426396,-0.009048,0.752943
20200403,751,-0.280187,-1.426396,-0.009048,0.752943
20200403,752,-0.273318,-1.729438,0.152905,0.721299
20200403,753,-0.273318,-1.729438,0.152905,0.436499
20200403,754,-0.280187,-1.123354,0.112416,0.436499
20200403,755,-0.280187,-1.123354,0.112416,-1.145722
20200403,756,-0.293924,-1.224368,-0.049536,0.436499
20200403,757,-0.293924,-1.224368,-0.049536,0.436499
20200403,758,-0.293924,-1.426396,-0.171,-1.145722
20200403,759,-0.293924,-1.426396,-0.171,0.436499
20200403,760,-0.287055,-1.224368,-0.171,-2.727943
20200403,761,-0.287055,-1.224368,-0.171,-1.145722
20200403,762,-0.293924,-0.719298,-0.211488,0.436499
20200403,763,-0.293924,-0.719298,-0.211488,0.436499
20200403,764,-0.280187,-1.224368,-0.130512,0.436499
20200403,765,-0.280187,-1.224368,-0.130512,2.01872
20200403,766,-0.280187,-1.426396,-0.171,-1.145722
20200403,767,-0.280187,-1.426396,-0.171,-1.145722
20200403,768,-0.287055,-1.52741,-0.009048,0.436499
20200403,769,-0.287055,-1.52741,-0.009048,0.436499
20200403,770,-0.287055,-1.325382,-0.049536,0.436499
20200403,771,-0.287055,-1.325382,-0.049536,0.436499
20200403,772,-0.280187,-1.426396,-0.090024,0.436499
20200403,773,-0.280187,-1.426396,-0.090024,0.436499
20200403,774,-0.287055,-1.123354,-0.211488,0.436499
20200403,775,-0.287055,-1.123354,-0.211488,-1.145722
20200403,776,-0.293924,-1.426396,-0.292465,-1.145722
20200403,777,-0.293924,-1.426396,-0.292465,-1.145722
20200403,778,-0.273318,-1.224368,-0.292465,-1.145722
20200403,779,-0.273318,-1.224368,-0.292465,-1.145722
20200403,780,-0.280187,-1.224368,-0.049536,0.436499
20200403,781,-0.280187,-1.224368,-0.049536,2.01872
20200403,782,-0.293924,-1.224368,0.233881,-1.145722
20200403,783,-0.293924,-1.224368,0.233881,0.436499
20200403,784,-0.280187,-1.224368,0.193393,-1.145722
20200403,785,-0.280187,-1.224368,0.193393,0.436499
20200403,786,-0.280187,-1.628424,0.03144,2.01872
20200403,787,-0.280187,-1.628424,0.03144,-1.145722
20200403,788,-0.280187,-1.123354,-0.049536,0.436499
20200403,789,-0.280187,-1.123354,-0.049536,0.436499
20200403,790,-0.293924,-1.224368,-0.130512,0.436499
20200403,791,-0.293924,-1.224368,-0.130512,-1.145722
20200403,792,-0.293924,-1.325382,-0.454417,0.436499
20200403,793,-0.293924,-1.325382,-0.454417,0.436499
20200403,794,-0.280187,-1.426396,-0.292465,-1.145722
20200403,795,-0.280187,-1.426396,-0.292465,0.436499
20200403,796,-0.287055,-1.52741,-0.171,-2.727943
20200403,797,-0.287055,-1.52741,-0.171,-1.145722
20200403,798,-0.287055,-1.628424,-0.130512,0.436499
20200403,799,-0.287055,-1.628424,-0.130512,0.436499
20200403,800,-0.273318,-1.52741,0.314857,0.436499
20200407,1,-0.273318,-1.52741,0.314857,2.01872
20200407,2,-0.280187,-1.830452,0.274369,-1.145722
20200407,3,-0.280187,-1.830452,0.274369,-1.145722
20200407,4,-0.287055,-1.325382,0.152905,0.436499
20200407,5,-0.287055,-1.325382,0.152905,0.436499
20200407,6,-0.307661,-1.325382,-0.090024,0.436499
20200407,7,-0.307661,-1.325382,-0.090024,0.436499
20200407,8,-0.300792,-1.123354,-0.251976,0.436499
20200407,9,-0.300792,-1.123354,-0.251976,0.436499
20200407,10,-0.293924,-0.921326,-0.292465,0.436499
20200407,11,-0.293924,-0.921326,-0.292465,-1.145722
20200407,12,-0.307661,-1.325382,-0.171,-1.145722
20200407,13,-0.307661,-1.325382,-0.171,-1.145722
20200407,14,-0.287055,-1.224368,-0.090024,-1.145722
20200407,15,-0.287055,-1.224368,-0.090024,-1.145722
20200407,16,-0.280187,-1.52741,0.193393,0.436499
20200407,17,-0.280187,-1.52741,0.193393,2.01872
20200407,18,-0.287055,-1.325382,0.233881,-1.145722
20200407,19,-0.287055,-1.325382,0.233881,0.436499
20200407,20,-0.287055,-1.52741,0.071928,-1.145722
20200407,21,-0.287055,-1.52741,0.071928,0.436499
20200407,22,-0.293924,-1.628424,-0.130512,2.01872
20200407,23,-0.293924,-1.628424,-0.130512,-1.145722
20200407,24,-0.293924,-1.325382,-0.251976,0.436499
20200407,25,-0.293924,-1.325382,-0.251976,0.436499
20200407,26,-0.287055,-1.325382,-0.130512,0.436499
20200407,27,-0.287055,-1.325382,-0.130512,0.436499
20200407,28,-0.293924,-1.02234,-0.332953,0.436499
20200407,29,-0.293924,-1.02234,-0.332953,0.436499
20200407,30,-0.280187,-1.02234,0.03144,0.436499
20200407,31,-0.280187,-1.02234,0.03144,-1.145722
20200407,32,-0.280187,-1.325382,0.152905,-1.145722
20200407,33,-0.280187,-1.325382,0.152905,0.436499
20200407,34,-0.280187,-1.123354,0.193393,-1.145722
20200407,35,-0.280187,-1.123354,0.193393,2.01872
20200407,36,-0.293924,-1.426396,-0.009048,0.436499
20200407,37,-0.293924,-1.426396,-0.009048,0.436499
20200407,38,-0.280187,-1.325382,-0.171,0.436499
20200407,39,-0.280187,-1.325382,-0.171,0.436499
20200407,40,-0.287055,-0.921326,-0.171,0.436499
20200407,41,-0.287055,-0.921326,-0.171,0.436499
20200407,42,-0.300792,-1.325382,-0.251976,0.436499
20200407,43,-0.300792,-1.325382,-0.251976,0.436499
20200407,44,-0.280187,-1.02234,-0.130512,0.436499
20200407,45,-0.280187,-1.02234,-0.130512,-1.145722
20200407,46,-0.287055,-1.123354,-0.130512,-1.145722
20200407,47,-0.287055,-1.123354,-0.130512,0.436499
20200407,48,-0.287055,-1.224368,-0.171,-1.145722
20200407,49,-0.287055,-1.224368,-0.171,2.01872
20200407,50,-0.287055,-1.325382,-0.049536,0.436499
20200407,51,-0.287055,-1.325382,-0.049536,0.436499
20200407,52,-0.293924,-1.123354,-0.454417,0.436499
20200407,53,-0.293924,-1.123354,-0.454417,0.436499
20200407,54,-0.293924,-1.02234,-0.251976,0.436499
20200407,55,-0.293924,-1.02234,-0.251976,-1.145722
20200407,56,-0.287055,-0.921326,-0.171,0.436499
20200407,57,-0.287055,-0.921326,-0.171,0.436499
20200407,58,-0.293924,-1.123354,0.071928,-1.145722
20200407,59,-0.293924,-1.123354,0.071928,0.436499
20200407,60,-0.287055,-1.02234,0.112416,-2.727943
20200407,61,-0.287055,-1.02234,0.112416,-1.145722
20200407,62,-0.293924,-0.618284,0.071928,0.436499
20200407,63,-0.293924,-0.618284,0.071928,0.436499
20200407,64,-0.300792,-1.123354,-0.090024,0.436499
20200407,65,-0.300792,-1.123354,-0.090024,2.01872
20200407,66,-0.300792,-0.921326,-0.454417,-1.145722
20200407,67,-0.300792,-0.921326,-0.454417,-1.145722
20200407,68,-0.300792,-1.52741,-0.292465,0.436499
20200407,69,-0.300792,-1.52741,-0.292465,0.436499
20200407,70,-0.307661,-1.224368,-0.211488,0.436499
20200407,71,-0.307661,-1.224368,-0.211488,0.436499
20200407,72,-0.287055,-1.628424,-0.090024,0.436499
20200407,73,-0.287055,-1.628424,-0.090024,0.436499
20200407,74,-0.287055,-1.123354,0.314857,0.436499
20200407,75,-0.287055,-1.123354,0.314857,-1.145722
20200407,76,-0.300792,-1.830452,0.314857,-1.145722
20200407,77,-0.300792,-1.830452,0.314857,-1.145722
20200407,78,-0.280187,-1.628424,0.274369,-1.145722
20200407,79,-0.280187,-1.628424,0.274369,-1.145722
20200407,80,-0.300792,-1.52741,-0.090024,0.436499
20200407,81,-0.300792,-1.52741,-0.090024,2.01872
20200407,82,-0.31453,-1.325382,-0.130512,-1.145722
20200407,83,-0.31453,-1.325382,-0.130512,0.436499
20200407,84,-0.293924,-1.426396,-0.251976,-1.145722
20200407,85,-0.293924,-1.426396,-0.251976,0.436499
20200407,86,-0.300792,-1.729438,-0.332953,2.01872
20200407,87,-0.300792,-1.729438,-0.332953,-1.145722
20200407,88,-0.293924,-1.52741,-0.171,0.436499
20200407,89,-0.293924,-1.52741,-0.171,0.436499
20200407,90,-0.293924,-1.628424,0.112416,0.436499
20200407,91,-0.293924,-1.628424,0.112416,-1.145722
20200407,92,-0.280187,-1.729438,0.274369,0.436499
20200407,93,-0.280187,-1.729438,0.274369,0.436499
20200407,94,-0.280187,-1.224368,0.233881,-1.145722
20200407,95,-0.280187,-1.224368,0.233881,0.436499
20200407,96,-0.307661,-1.325382,0.152905,-2.727943
20200407,97,-0.307661,-1.325382,0.152905,-1.145722
20200407,98,-0.300792,-1.02234,-0.090024,0.436499
20200407,99,-0.300792,-1.02234,-0.090024,0.436499
20200407,100,-0.31453,-1.123354,-0.535393,0.436499
20200407,101,-0.31453,-1.123354,-0.535393,2.01872
20200407,102,-0.293924,-1.224368,-0.373441,-1.145722
20200407,103,-0.293924,-1.224368,-0.373441,-1.145722
20200407,104,-0.293924,-0.719298,-0.171,0.436499
20200407,105,-0.293924,-0.719298,-0.171,0.436499
20200407,106,-0.300792,-0.921326,0.152905,0.436499
20200407,107,-0.300792,-0.921326,0.152905,0.436499
20200407,108,-0.280187,-1.52741,0.314857,0.436499
20200407,109,-0.280187,-1.52741,0.314857,0.436499
20200407,110,-0.287055,-1.224368,0.355345,0.436499
20200407,111,-0.287055,-1.224368,0.355345,-1.145722
20200407,112,-0.287055,-1.426396,0.152905,-1.145722
20200407,113,-0.287055,-1.426396,0.152905,-1.145722
20200407,114,-0.328267,-1.123354,-0.049536,-1.145722
20200407,115,-0.328267,-1.123354,-0.049536,-1.145722
20200407,116,-0.300792,-1.224368,-0.049536,0.436499
20200407,117,-0.300792,-1.224368,-0.049536,2.01872
20200407,118,-0.307661,-1.325382,-0.251976,-1.145722
20200407,119,-0.307661,-1.325382,-0.251976,0.436499
20200407,120,-0.300792,-1.224368,-0.130512,-1.145722
20200407,121,-0.300792,-1.224368,-0.130512,0.436499
20200407,122,-0.280187,-1.325382,-0.049536,2.01872
20200407,123,-0.280187,-1.325382,-0.049536,-1.145722
20200407,124,-0.293924,-1.325382,0.03144,0.436499
20200407,125,-0.293924,-1.325382,0.03144,0.436499
20200407,126,-0.293924,-0.921326,-0.049536,0.436499
20200407,127,-0.293924,-0.921326,-0.049536,0.436499
20200407,128,-0.287055,-1.426396,-0.049536,0.436499
20200407,129,-0.287055,-1.426396,-0.049536,0.436499
20200407,130,-0.293924,-1.224368,-0.171,0.436499
20200407,131,-0.293924,-1.224368,-0.171,-1.145722
20200407,132,-0.307661,-1.224368,-0.211488,-1.145722
20200407,133,-0.307661,-1.224368,-0.211488,0.436499
20200407,134,-0.307661,-1.123354,-0.211488,-1.145722
20200407,135,-0.307661,-1.123354,-0.211488,2.01872
20200407,136,-0.300792,-0.820312,-0.009048,0.436499
20200407,137,-0.300792,-0.820312,-0.009048,0.436499
20200407,138,-0.300792,-1.02234,-0.049536,0.436499
20200407,139,-0.300792,-1.02234,-0.049536,0.436499
20200407,140,-0.293924,-1.224368,0.152905,0.436499
20200407,141,-0.293924,-1.224368,0.152905,0.436499
20200407,142,-0.287055,-1.628424,0.071928,0.436499
20200407,143,-0.287055,-1.628424,0.071928,0.436499
20200407,144,-0.307661,-1.628424,-0.090024,0.436499
20200407,145,-0.307661,-1.628424,-0.090024,-1.145722
20200407,146,-0.293924,-1.02234,-0.292465,-1.145722
20200407,147,-0.293924,-1.02234,-0.292465,0.436499
20200407,148,-0.300792,-1.02234,-0.171,-1.145722
20200407,149,-0.300792,-1.02234,-0.171,2.01872
20200407,150,-0.293924,-1.628424,-0.090024,0.436499
20200407,151,-0.293924,-1.628424,-0.090024,0.436499
20200407,152,-0.287055,-1.123354,-0.130512,0.436499
20200407,153,-0.287055,-1.123354,-0.130512,0.436499
20200407,154,-0.293924,-1.426396,-0.130512,0.436499
20200407,155,-0.293924,-1.426396,-0.130512,-1.145722
20200407,156,-0.287055,-1.325382,-0.130512,0.436499
20200407,157,-0.287055,-1.325382,-0.130512,0.436499
20200407,158,-0.287055,-1.224368,-0.171,-1.145722
20200407,159,-0.287055,-1.224368,-0.171,0.436499
20200407,160,-0.31453,-1.628424,-0.130512,-2.727943
20200407,161,-0.31453,-1.628424,-0.130512,-1.145722
20200407,162,-0.293924,-1.123354,-0.090024,0.436499
20200407,163,-0.293924,-1.123354,-0.090024,0.436499
20200407,164,-0.287055,-1.123354,-0.332953,0.436499
20200407,165,-0.287055,-1.123354,-0.332953,2.01872
20200407,166,-0.287055,-1.224368,-0.090024,-1.145722
20200407,167,-0.287055,-1.224368,-0.090024,-1.145722
20200407,168,-0.300792,-1.02234,-0.090024,0.436499
20200407,169,-0.300792,-1.02234,-0.090024,0.436499
20200407,170,-0.307661,-1.224368,-0.090024,0.436499
20200407,171,-0.307661,-1.224368,-0.090024,0.436499
20200407,172,-0.293924,-0.719298,-0.211488,0.436499
20200407,173,-0.293924,-0.719298,-0.211488,0.436499
20200407,174,-0.307661,-0.315242,-0.171,0.436499
20200407,175,-0.307661,-0.315242,-0.171,-1.145722
20200407,176,-0.300792,-0.618284,-0.130512,-1.145722
20200407,177,-0.300792,-0.618284,-0.130512,-1.145722
20200407,178,-0.287055,-0.719298,-0.130512,-1.145722
20200407,179,-0.287055,-0.719298,-0.130512,-1.145722
20200407,180,-0.287055,-0.719298,-0.130512,0.436499
20200407,181,-0.287055,-0.719298,-0.130512,2.01872
20200407,182,-0.300792,-0.113214,-0.009048,-1.145722
20200407,183,-0.300792,-0.113214,-0.009048,0.436499
20200407,184,-0.287055,-0.416256,-0.090024,-1.145722
20200407,185,-0.287055,-0.416256,-0.090024,0.436499
20200407,186,-0.300792,-0.51727,-0.171,2.01872
20200407,187,-0.300792,-0.51727,-0.171,-1.145722
20200407,188,-0.293924,-0.416256,-0.373441,0.436499
20200407,189,-0.293924,-0.416256,-0.373441,0.436499
20200407,190,-0.293924,-0.51727,-0.171,0.436499
20200407,191,-0.293924,-0.51727,-0.171,0.436499
20200407,192,-0.293924,-0.315242,-0.009048,0.436499
20200407,193,-0.293924,-0.315242,-0.009048,0.436499
20200407,194,-0.300792,-0.51727,0.03144,0.436499
20200407,195,-0.300792,-0.51727,0.03144,-1.145722
20200407,196,-0.293924,-0.012201,-0.211488,-1.145722
20200407,197,-0.293924,-0.012201,-0.211488,0.436499
20200407,198,-0.307661,-0.113214,-0.049536,-1.145722
20200407,199,-0.307661,-0.113214,-0.049536,2.01872
20200407,200,-0.300792,-0.113214,-0.251976,0.436499
20200407,201,-0.300792,-0.113214,-0.251976,0.436499
20200407,202,-0.300792,0.088813,-0.009048,0.436499
20200407,203,-0.300792,0.088813,-0.009048,0.436499
20200407,204,-0.300792,-0.416256,-0.130512,0.436499
20200407,205,-0.300792,-0.416256,-0.130512,0.436499
20200407,206,-0.293924,-0.012201,-0.130512,0.436499
20200407,207,-0.293924,-0.012201,-0.130512,0.436499
20200407,208,-0.300792,-0.113214,-0.090024,0.436499
20200407,209,-0.300792,-0.113214,-0.090024,-1.145722
20200407,210,-0.293924,-0.012201,-0.171,-1.145722
20200407,211,-0.293924,-0.012201,-0.171,0.436499
20200407,212,-0.321398,-0.113214,-0.211488,-1.145722
20200407,213,-0.321398,-0.113214,-0.211488,2.01872
20200407,214,-0.31453,0.290841,-0.211488,0.436499
20200407,215,-0.31453,0.290841,-0.211488,0.436499
20200407,216,-0.307661,0.088813,-0.130512,0.436499
20200407,217,-0.307661,0.088813,-0.130512,0.436499
20200407,218,-0.31453,-0.012201,-0.090024,0.436499
20200407,219,-0.31453,-0.012201,-0.090024,-1.145722
20200407,220,-0.31453,0.189827,-0.009048,0.436499
20200407,221,-0.31453,0.189827,-0.009048,0.436499
20200407,222,-0.307661,-0.315242,-0.171,-1.145722
20200407,223,-0.307661,-0.315242,-0.171,0.436499
20200407,224,-0.31453,-0.113214,-0.211488,-2.727943
20200407,225,-0.31453,-0.113214,-0.211488,-1.145722
20200407,226,-0.321398,-0.012201,-0.211488,0.436499
20200407,227,-0.321398,-0.012201,-0.211488,0.436499
20200407,228,-0.321398,-0.416256,-0.332953,0.436499
20200407,229,-0.321398,-0.416256,-0.332953,0.436499
20200407,230,-0.31453,-0.416256,0.03144,-1.145722
20200407,231,-0.31453,-0.416256,0.03144,0.436499
20200407,232,-0.31453,0.189827,-0.009048,0.436499
20200407,233,-0.31453,0.189827,-0.009048,-1.145722
20200407,234,-0.31453,-0.113214,-0.090024,0.436499
20200407,235,-0.31453,-0.113214,-0.090024,-2.727943
20200407,236,-0.321398,0.290841,-0.090024,-1.145722
20200407,237,-0.321398,0.290841,-0.090024,0.436499
20200407,238,-0.321398,0.189827,-0.130512,0.436499
20200407,239,-0.321398,0.189827,-0.130512,0.436499
20200407,240,-0.321398,0.290841,-0.373441,2.01872
20200407,241,-0.321398,0.290841,-0.373441,-1.145722
20200407,242,-0.321398,-0.012201,-0.211488,-1.145722
20200407,243,-0.321398,-0.012201,-0.211488,0.436499
20200407,244,-0.31453,0.189827,-0.130512,0.436499
20200407,245,-0.31453,0.189827,-0.130512,0.436499
20200407,246,-0.321398,0.088813,0.03144,0.436499
20200407,247,-0.321398,0.088813,0.03144,0.436499
20200407,248,-0.328267,-0.012201,-0.049536,0.436499
20200407,249,-0.328267,-0.012201,-0.049536,0.436499
20200407,250,-0.328267,0.088813,0.03144,-1.145722
20200407,251,-0.328267,0.088813,0.03144,-1.145722
20200407,252,-0.328267,0.189827,-0.130512,-1.145722
20200407,253,-0.328267,0.189827,-0.130512,-1.145722
20200407,254,-0.335135,0.290841,-0.130512,-1.145722
20200407,255,-0.335135,0.290841,-0.130512,0.436499
20200407,256,-0.300792,0.593883,-0.171,2.01872
20200407,257,-0.300792,0.593883,-0.171,-1.145722
20200407,258,-0.293924,0.290841,-0.171,0.436499
20200407,259,-0.293924,0.290841,-0.171,-1.145722
20200407,260,-0.300792,0.290841,-0.130512,0.436499
20200407,261,-0.300792,0.290841,-0.130512,2.01872
20200407,262,-0.307661,-0.012201,-0.090024,-1.145722
20200407,263,-0.293924,-1.123354,-0.454417,0.436499
20200407,264,-0.293924,-1.02234,-0.251976,0.436499
20200407,265,-0.293924,-1.02234,-0.251976,-1.145722
20200407,266,-0.287055,-0.921326,-0.171,0.436499
20200407,267,-0.287055,-0.921326,-0.171,0.436499
20200407,268,-0.293924,-1.123354,0.071928,-1.145722
20200407,269,-0.293924,-1.123354,0.071928,0.436499
20200407,270,-0.287055,-1.02234,0.112416,-2.727943
20200407,271,-0.287055,-1.02234,0.112416,-1.145722
20200407,272,-0.293924,-0.618284,0.071928,0.436499
20200407,273,-0.293924,-0.618284,0.071928,0.436499
20200407,274,-0.300792,-1.123354,-0.090024,0.436499
20200407,275,-0.300792,-1.123354,-0.090024,2.01872
20200407,276,-0.300792,-0.921326,-0.454417,-1.145722
20200407,277,-0.300792,-0.921326,-0.454417,-1.145722
20200407,278,-0.300792,-1.52741,-0.292465,0.436499
20200407,279,-0.300792,-1.52741,-0.292465,0.436499
20200407,280,-0.307661,-1.224368,-0.211488,0.436499
20200407,281,-0.307661,-1.224368,-0.211488,0.436499
20200407,282,-0.287055,-1.628424,-0.090024,0.436499
20200407,283,-0.287055,-1.628424,-0.090024,0.436499
20200407,284,-0.287055,-1.123354,0.314857,0.436499
20200407,285,-0.287055,-1.123354,0.314857,-1.145722
20200407,286,-0.300792,-1.830452,0.314857,-1.145722
20200407,287,-0.300792,-1.830452,0.314857,-1.145722
20200407,288,-0.280187,-1.628424,0.274369,-1.145722
20200407,289,-0.280187,-1.628424,0.274369,-1.145722
20200407,290,-0.300792,-1.52741,-0.090024,0.436499
20200407,291,-0.300792,-1.52741,-0.090024,2.01872
20200407,292,-0.31453,-1.325382,-0.130512,-1.145722
20200407,293,-0.31453,-1.325382,-0.130512,0.436499
20200407,294,-0.293924,-1.426396,-0.251976,-1.145722
20200407,295,-0.293924,-1.426396,-0.251976,0.436499
20200407,296,-0.300792,-1.729438,-0.332953,2.01872
20200407,297,-0.300792,-1.729438,-0.332953,-1.145722
20200407,298,-0.293924,-1.52741,-0.171,0.436499
20200407,299,-0.293924,-1.52741,-0.171,0.436499
20200407,300,-0.293924,-1.628424,0.112416,0.436499
20200407,301,-0.293924,-1.628424,0.112416,-1.145722
20200407,302,-0.280187,-1.729438,0.274369,0.436499
20200407,303,-0.280187,-1.729438,0.274369,0.436499
20200407,304,-0.280187,-1.224368,0.233881,-1.145722
20200407,305,-0.280187,-1.224368,0.233881,0.436499
20200407,306,-0.307661,-1.325382,0.152905,-2.727943
20200407,307,-0.307661,-1.325382,0.152905,-1.145722
20200407,308,-0.300792,-1.02234,-0.090024,0.436499
20200407,309,-0.300792,-1.02234,-0.090024,0.436499
20200407,310,-0.31453,-1.123354,-0.535393,0.436499
20200407,311,-0.31453,-1.123354,-0.535393,2.01872
20200407,312,-0.293924,-1.224368,-0.373441,-1.145722
20200407,313,-0.293924,-1.224368,-0.373441,-1.145722
20200407,314,-0.31453,-0.113214,-0.090024,0.436499
20200407,315,-0.31453,-0.113214,-0.090024,-2.727943
20200407,316,-0.321398,0.290841,-0.090024,-1.145722
20200407,317,-0.321398,0.290841,-0.090024,0.436499
20200407,318,-0.321398,0.189827,-0.130512,0.436499
20200407,319,-0.321398,0.189827,-0.130512,0.436499
20200407,320,-0.321398,0.290841,-0.373441,2.01872
20200407,321,-0.321398,0.290841,-0.373441,-1.145722
20200407,322,-0.321398,-0.012201,-0.211488,-1.145722
20200407,323,-0.321398,-0.012201,-0.211488,0.436499
20200407,324,-0.31453,0.189827,-0.130512,0.436499
20200407,325,-0.31453,0.189827,-0.130512,0.436499
20200407,326,-0.321398,0.088813,0.03144,0.436499
20200407,327,-0.321398,0.088813,0.03144,0.436499
20200407,328,-0.328267,-0.012201,-0.049536,0.436499
20200407,329,-0.328267,-0.012201,-0.049536,0.436499
20200407,330,-0.328267,0.088813,0.03144,-1.145722
20200407,331,-0.328267,0.088813,0.03144,-1.145722
20200407,332,-0.328267,0.189827,-0.130512,-1.145722
20200407,333,-0.328267,0.189827,-0.130512,-1.145722
20200407,334,-0.335135,0.290841,-0.130512,-1.145722
20200407,335,-0.335135,0.290841,-0.130512,0.436499
20200407,336,-0.300792,0.593883,-0.171,2.01872
20200407,337,-0.300792,0.593883,-0.171,-1.145722
20200407,338,-0.293924,0.290841,-0.171,0.436499
20200407,339,-0.293924,0.290841,-0.171,-1.145722
20200407,340,-0.300792,0.290841,-0.130512,0.436499
20200407,341,-0.300792,0.290841,-0.130512,2.01872
20200407,342,-0.307661,-0.012201,-0.090024,-1.145722
20200407,343,-0.293924,-1.123354,-0.454417,0.436499
20200407,344,-0.293924,-1.02234,-0.251976,0.436499
20200407,345,-0.293924,-1.02234,-0.251976,-1.145722
20200407,346,-0.287055,-0.921326,-0.171,0.436499
20200407,347,-0.287055,-0.921326,-0.171,0.436499
20200407,348,-0.293924,-1.123354,0.071928,-1.145722
20200407,349,-0.293924,-1.123354,0.071928,0.436499
20200407,350,-0.287055,-1.02234,0.112416,-2.727943
20200407,351,-0.287055,-1.02234,0.112416,-1.145722
20200407,352,-0.293924,-0.618284,0.071928,0.436499
20200407,353,-0.293924,-0.618284,0.071928,0.436499
20200407,354,-0.300792,-1.123354,-0.090024,0.436499
20200407,355,-0.300792,-1.123354,-0.090024,2.01872
20200407,356,-0.300792,-0.921326,-0.454417,-1.145722
20200407,357,-0.300792,-0.921326,-0.454417,-1.145722
20200407,358,-0.300792,-1.52741,-0.292465,0.436499
20200407,359,-0.300792,-1.52741,-0.292465,0.436499
20200407,360,-0.307661,-1.224368,-0.211488,0.436499
20200407,361,-0.307661,-1.224368,-0.211488,0.436499
20200407,362,-0.287055,-1.628424,-0.090024,0.436499
20200407,363,-0.287055,-1.628424,-0.090024,0.436499
20200407,364,-0.287055,-1.123354,0.314857,0.436499
20200407,365,-0.287055,-1.123354,0.314857,-1.145722
20200407,366,-0.300792,-1.830452,0.314857,-1.145722
20200407,367,-0.300792,-1.830452,0.314857,-1.145722
20200407,368,-0.280187,-1.628424,0.274369,-1.145722
20200407,369,-0.280187,-1.628424,0.274369,-1.145722
20200407,370,-0.300792,-1.52741,-0.090024,0.436499
20200407,371,-0.300792,-1.52741,-0.090024,2.01872
20200407,372,-0.31453,-1.325382,-0.130512,-1.145722
20200407,373,-0.31453,-1.325382,-0.130512,0.436499
20200407,374,-0.293924,-1.426396,-0.251976,-1.145722
20200407,375,-0.293924,-1.426396,-0.251976,0.436499
20200407,376,-0.300792,-1.729438,-0.332953,2.01872
20200407,377,-0.300792,-1.729438,-0.332953,-1.145722
20200407,378,-0.293924,-1.52741,-0.171,0.436499
20200407,379,-0.293924,-1.52741,-0.171,0.436499
20200407,380,-0.293924,-1.628424,0.112416,0.436499
20200407,381,-0.293924,-1.628424,0.112416,-1.145722
20200407,382,-0.280187,-1.729438,0.274369,0.436499
20200407,383,-0.280187,-1.729438,0.274369,0.436499
20200407,384,-0.280187,-1.224368,0.233881,-1.145722
20200407,385,-0.280187,-1.224368,0.233881,0.436499
20200407,386,-0.307661,-1.325382,0.152905,-2.727943
20200407,387,-0.307661,-1.325382,0.152905,-1.145722
20200407,388,-0.300792,-1.02234,-0.090024,0.436499
20200407,389,-0.300792,-1.02234,-0.090024,0.436499
20200407,390,-0.287055,-1.224368,-0.090024,-1.145722
20200407,391,-0.287055,-1.224368,-0.090024,-1.145722
20200407,392,-0.300792,-1.02234,-0.090024,0.436499
20200407,393,-0.300792,-1.02234,-0.090024,0.436499
20200407,394,-0.307661,-1.224368,-0.090024,0.436499
20200407,395,-0.307661,-1.224368,-0.090024,0.436499
20200407,396,-0.293924,-0.719298,-0.211488,0.436499
20200407,397,-0.293924,-0.719298,-0.211488,0.436499
20200407,398,-0.307661,-0.315242,-0.171,0.436499
20200407,399,-0.307661,-0.315242,-0.171,-1.145722
20200407,400,-0.300792,-0.618284,-0.130512,-1.145722
20200407,401,-0.300792,-0.618284,-0.130512,-1.145722
20200407,402,-0.287055,-0.719298,-0.130512,-1.145722
20200407,403,-0.287055,-0.719298,-0.130512,-1.145722
20200407,404,-0.287055,-0.719298,-0.130512,0.436499
20200407,405,-0.287055,-0.719298,-0.130512,2.01872
20200407,406,-0.300792,-0.113214,-0.009048,-1.145722
20200407,407,-0.300792,-0.113214,-0.009048,0.436499
20200407,408,-0.287055,-0.416256,-0.090024,-1.145722
20200407,409,-0.287055,-0.416256,-0.090024,0.436499
20200407,410,-0.300792,-0.51727,-0.171,2.01872
20200407,411,-0.300792,-0.51727,-0.171,-1.145722
20200407,412,-0.293924,-0.416256,-0.373441,0.436499
20200407,413,-0.293924,-0.416256,-0.373441,0.436499
20200407,414,-0.293924,-0.51727,-0.171,0.436499
20200407,415,-0.293924,-0.51727,-0.171,0.436499
20200407,416,-0.293924,-0.315242,-0.009048,0.436499
20200407,417,-0.293924,-0.315242,-0.009048,0.436499
20200407,418,-0.300792,-0.51727,0.03144,0.436499
20200407,419,-0.300792,-0.51727,0.03144,-1.145722
20200407,420,-0.293924,-0.012201,-0.211488,-1.145722
20200407,421,-0.293924,-0.012201,-0.211488,0.436499
20200407,422,-0.307661,-0.113214,-0.049536,-1.145722
20200407,423,-0.307661,-0.113214,-0.049536,2.01872
20200407,424,-0.300792,-0.113214,-0.251976,0.436499
20200407,425,-0.300792,-0.113214,-0.251976,0.436499
20200407,426,-0.300792,0.088813,-0.009048,0.436499
20200407,427,-0.300792,0.088813,-0.009048,0.436499
20200407,428,-0.300792,-0.416256,-0.130512,0.436499
20200407,429,-0.300792,-0.416256,-0.130512,0.436499
20200407,430,-0.293924,-0.012201,-0.130512,0.436499
20200407,431,-0.293924,-0.012201,-0.130512,0.436499
20200407,432,-0.300792,-0.113214,-0.090024,0.436499
20200407,433,-0.300792,-0.113214,-0.090024,-1.145722
20200407,434,-0.293924,-0.012201,-0.171,-1.145722
20200407,435,-0.293924,-0.012201,-0.171,0.436499
20200407,436,-0.321398,-0.113214,-0.211488,-1.145722
20200407,437,-0.321398,-0.113214,-0.211488,2.01872
20200407,438,-0.31453,0.290841,-0.211488,0.436499
20200407,439,-0.31453,0.290841,-0.211488,0.436499
20200407,440,-0.307661,0.088813,-0.130512,0.436499
20200407,441,-0.307661,0.088813,-0.130512,0.436499
20200407,442,-0.31453,-0.012201,-0.090024,0.436499
20200407,443,-0.31453,-0.012201,-0.090024,-1.145722
20200407,444,-0.31453,0.189827,-0.009048,0.436499
20200407,445,-0.31453,0.189827,-0.009048,0.436499
20200407,446,-0.307661,-0.315242,-0.171,-1.145722
20200407,447,-0.307661,-0.315242,-0.171,0.436499
20200407,448,-0.31453,-0.113214,-0.211488,-2.727943
20200407,449,-0.31453,-0.113214,-0.211488,-1.145722
20200407,450,-0.321398,-0.012201,-0.211488,0.436499
20200407,451,-0.321398,-0.012201,-0.211488,0.436499
20200407,452,-0.321398,-0.416256,-0.332953,0.436499
20200407,453,-0.321398,-0.416256,-0.332953,0.436499
20200407,454,-0.31453,-0.416256,0.03144,-1.145722
20200407,455,-0.31453,-0.416256,0.03144,0.436499
20200407,456,-0.31453,0.189827,-0.009048,0.436499
20200407,457,-0.31453,0.189827,-0.009048,-1.145722
20200407,458,-0.31453,-0.113214,-0.090024,0.436499
20200407,459,-0.31453,-0.113214,-0.090024,-2.727943
20200407,460,-0.321398,0.290841,-0.090024,-1.145722
20200407,461,-0.321398,0.290841,-0.090024,0.436499
20200407,462,-0.321398,0.189827,-0.130512,0.436499
20200407,463,-0.321398,0.189827,-0.130512,0.436499
20200407,464,-0.321398,0.290841,-0.373441,2.01872
20200407,465,-0.321398,0.290841,-0.373441,-1.145722
20200407,466,-0.321398,-0.012201,-0.211488,-1.145722
20200407,467,-0.321398,-0.012201,-0.211488,0.436499
20200407,468,-0.31453,0.189827,-0.130512,0.436499
20200407,469,-0.31453,0.189827,-0.130512,0.436499
20200407,470,-0.321398,0.088813,0.03144,0.436499
20200407,471,-0.321398,0.088813,0.03144,0.436499
20200407,472,-0.328267,-0.012201,-0.049536,0.436499
20200407,473,-0.328267,-0.012201,-0.049536,0.436499
20200407,474,-0.328267,0.088813,0.03144,-1.145722
20200407,475,-0.328267,0.088813,0.03144,-1.145722
20200407,476,-0.328267,0.189827,-0.130512,-1.145722
20200407,477,-0.328267,0.189827,-0.130512,-1.145722
20200407,478,-0.335135,0.290841,-0.130512,-1.145722
20200407,479,-0.335135,0.290841,-0.130512,0.436499
20200407,480,-0.300792,0.593883,-0.171,2.01872
20200407,481,-0.300792,0.593883,-0.171,-1.145722
20200407,482,-0.293924,0.290841,-0.171,0.436499
20200407,483,-0.293924,0.290841,-0.171,-1.145722
20200407,484,-0.300792,0.290841,-0.130512,0.436499
20200407,485,-0.300792,0.290841,-0.130512,2.01872
20200407,486,-0.307661,-0.012201,-0.090024,-1.145722
20200407,487,-0.293924,-1.123354,-0.454417,0.436499
20200407,488,-0.293924,-1.02234,-0.251976,0.436499
20200407,489,-0.293924,-1.02234,-0.251976,-1.145722
20200407,490,-0.287055,-0.921326,-0.171,0.436499
20200407,491,-0.287055,-0.921326,-0.171,0.436499
20200407,492,-0.293924,-1.123354,0.071928,-1.145722
20200407,493,-0.293924,-1.123354,0.071928,0.436499
20200407,494,-0.287055,-1.02234,0.112416,-2.727943
20200407,495,-0.287055,-1.02234,0.112416,-1.145722
20200407,496,-0.293924,-0.618284,0.071928,0.436499
20200407,497,-0.293924,-0.618284,0.071928,0.436499
20200407,498,-0.300792,-1.123354,-0.090024,0.436499
20200407,499,-0.300792,-1.123354,-0.090024,2.01872
20200407,500,-0.300792,-0.921326,-0.454417,-1.145722
20200407,501,-0.300792,-0.921326,-0.454417,-1.145722
20200407,502,-0.300792,-1.52741,-0.292465,0.436499
20200407,503,-0.300792,-1.52741,-0.292465,0.436499
20200407,504,-0.307661,-1.224368,-0.211488,0.436499
20200407,505,-0.307661,-1.224368,-0.211488,0.436499
20200407,506,-0.287055,-1.628424,-0.090024,0.436499
20200407,507,-0.287055,-1.628424,-0.090024,0.436499
20200407,508,-0.287055,-1.123354,0.314857,0.436499
20200407,509,-0.287055,-1.123354,0.314857,-1.145722
20200407,510,-0.300792,-1.830452,0.314857,-1.145722
20200407,511,-0.300792,-1.830452,0.314857,-1.145722
20200407,512,-0.280187,-1.628424,0.274369,-1.145722
20200407,513,-0.280187,-1.628424,0.274369,-1.145722
20200407,514,-0.300792,-1.52741,-0.090024,0.436499
20200407,515,-0.300792,-1.52741,-0.090024,2.01872
20200407,516,-0.31453,-1.325382,-0.130512,-1.145722
20200407,517,-0.31453,-1.325382,-0.130512,0.436499
20200407,518,-0.293924,-1.426396,-0.251976,-1.145722
20200407,519,-0.293924,-1.426396,-0.251976,0.436499
20200407,520,-0.300792,-1.729438,-0.332953,2.01872
20200407,521,-0.300792,-1.729438,-0.332953,-1.145722
20200407,522,-0.293924,-1.52741,-0.171,0.436499
20200407,523,-0.293924,-1.52741,-0.171,0.436499
20200407,524,-0.293924,-1.628424,0.112416,0.436499
20200407,525,-0.293924,-1.628424,0.112416,-1.145722
20200407,526,-0.280187,-1.729438,0.274369,0.436499
20200407,527,-0.280187,-1.729438,0.274369,0.436499
20200407,528,-0.280187,-1.224368,0.233881,-1.145722
20200407,529,-0.280187,-1.224368,0.233881,0.436499
20200407,530,-0.307661,-1.325382,0.152905,-2.727943
20200407,531,-0.307661,-1.325382,0.152905,-1.145722
20200407,532,-0.300792,-1.02234,-0.090024,0.436499
20200407,533,-0.300792,-1.02234,-0.090024,0.436499
20200407,534,-0.31453,-1.123354,-0.535393,0.436499
20200407,535,-0.31453,-1.123354,-0.535393,2.01872
20200407,536,-0.293924,-1.224368,-0.373441,-1.145722
20200407,537,-0.293924,-1.224368,-0.373441,-1.145722
20200407,538,-0.31453,-0.113214,-0.090024,0.436499
20200407,539,-0.31453,-0.113214,-0.090024,-2.727943
20200407,540,-0.321398,0.290841,-0.090024,-1.145722
20200407,541,-0.321398,0.290841,-0.090024,0.436499
20200407,542,-0.321398,0.189827,-0.130512,0.436499
20200407,543,-0.321398,0.189827,-0.130512,0.436499
20200407,544,-0.321398,0.290841,-0.373441,2.01872
20200407,545,-0.321398,0.290841,-0.373441,-1.145722
20200407,546,-0.321398,-0.012201,-0.211488,-1.145722
20200407,547,-0.321398,-0.012201,-0.211488,0.436499
20200407,548,-0.31453,0.189827,-0.130512,0.436499
20200407,549,-0.31453,0.189827,-0.130512,0.436499
20200407,550,-0.321398,0.088813,0.03144,0.436499
20200407,551,-0.321398,0.088813,0.03144,0.436499
20200407,552,-0.328267,-0.012201,-0.049536,0.436499
20200407,553,-0.328267,-0.012201,-0.049536,0.436499
20200407,554,-0.328267,0.088813,0.03144,-1.145722
20200407,555,-0.328267,0.088813,0.03144,-1.145722
20200407,556,-0.328267,0.189827,-0.130512,-1.145722
20200407,557,-0.328267,0.189827,-0.130512,-1.145722
20200407,558,-0.335135,0.290841,-0.130512,-1.145722
20200407,559,-0.335135,0.290841,-0.130512,0.436499
20200407,560,-0.300792,0.593883,-0.171,2.01872
20200407,561,-0.300792,0.593883,-0.171,-1.145722
20200407,562,-0.293924,0.290841,-0.171,0.436499
20200407,563,-0.293924,0.290841,-0.171,-1.145722
20200407,564,-0.300792,0.290841,-0.130512,0.436499
20200407,565,-0.300792,0.290841,-0.130512,2.01872
20200407,566,-0.307661,-0.012201,-0.090024,-1.145722
20200407,567,-0.293924,-1.123354,-0.454417,0.436499
20200407,568,-0.293924,-1.02234,-0.251976,0.436499
20200407,569,-0.293924,-1.02234,-0.251976,-1.145722
20200407,570,-0.287055,-0.921326,-0.171,0.436499
20200407,571,-0.287055,-0.921326,-0.171,0.436499
20200407,572,-0.293924,-1.123354,0.071928,-1.145722
20200407,573,-0.293924,-1.123354,0.071928,0.436499
20200407,574,-0.287055,-1.02234,0.112416,-2.727943
20200407,575,-0.287055,-1.02234,0.112416,-1.145722
20200407,576,-0.293924,-0.618284,0.071928,0.436499
20200407,577,-0.293924,-0.618284,0.071928,0.436499
20200407,578,-0.300792,-1.123354,-0.090024,0.436499
20200407,579,-0.300792,-1.123354,-0.090024,2.01872
20200407,580,-0.300792,-0.921326,-0.454417,-1.145722
20200407,581,-0.300792,-0.921326,-0.454417,-1.145722
20200407,582,-0.300792,-1.52741,-0.292465,0.436499
20200407,583,-0.300792,-1.52741,-0.292465,0.436499
20200407,584,-0.307661,-1.224368,-0.211488,0.436499
20200407,585,-0.307661,-1.224368,-0.211488,0.436499
20200407,586,-0.287055,-1.628424,-0.090024,0.436499
20200407,587,-0.287055,-1.628424,-0.090024,0.436499
20200407,588,-0.287055,-1.123354,0.314857,0.436499
20200407,589,-0.287055,-1.123354,0.314857,-1.145722
20200407,590,-0.300792,-1.830452,0.314857,-1.145722
20200407,591,-0.300792,-1.830452,0.314857,-1.145722
20200407,592,-0.280187,-1.628424,0.274369,-1.145722
20200407,593,-0.280187,-1.628424,0.274369,-1.145722
20200407,594,-0.300792,-1.52741,-0.090024,0.436499
20200407,595,-0.300792,-1.52741,-0.090024,2.01872
20200407,596,-0.31453,-1.325382,-0.130512,-1.145722
20200407,597,-0.31453,-1.325382,-0.130512,0.436499
20200407,598,-0.293924,-1.426396,-0.251976,-1.145722
20200407,599,-0.293924,-1.426396,-0.251976,0.436499
20200407,600,-0.300792,-1.729438,-0.332953,2.01872
20200407,601,-0.300792,-1.729438,-0.332953,-1.145722
20200407,602,-0.293924,-1.52741,-0.171,0.436499
20200407,603,-0.293924,-1.52741,-0.171,0.436499
20200407,604,-0.293924,-1.628424,0.112416,0.436499
20200407,605,-0.293924,-1.628424,0.112416,-1.145722
20200407,606,-0.280187,-1.729438,0.274369,0.436499
20200407,607,-0.280187,-1.729438,0.274369,0.436499
20200407,608,-0.280187,-1.224368,0.233881,-1.145722
20200407,609,-0.280187,-1.224368,0.233881,0.436499
20200407,610,-0.307661,-1.325382,0.152905,-2.727943
20200407,611,-0.307661,-1.325382,0.152905,-1.145722
20200407,612,-0.300792,-1.02234,-0.090024,0.436499
20200407,613,-0.300792,-1.02234,-0.090024,0.436499
20200407,614,-0.31453,0.189827,-0.009048,0.436499
20200407,615,-0.31453,0.189827,-0.009048,-1.145722
20200407,616,-0.31453,-0.113214,-0.090024,0.436499
20200407,617,-0.31453,-0.113214,-0.090024,-2.727943
20200407,618,-0.321398,0.290841,-0.090024,-1.145722
20200407,619,-0.321398,0.290841,-0.090024,0.436499
20200407,620,-0.321398,0.189827,-0.130512,0.436499
20200407,621,-0.321398,0.189827,-0.130512,0.436499
20200407,622,-0.321398,0.290841,-0.373441,2.01872
20200407,623,-0.321398,0.290841,-0.373441,-1.145722
20200407,624,-0.321398,-0.012201,-0.211488,-1.145722
20200407,625,-0.321398,-0.012201,-0.211488,0.436499
20200407,626,-0.31453,0.189827,-0.130512,0.436499
20200407,627,-0.31453,0.189827,-0.130512,0.436499
20200407,628,-0.321398,0.088813,0.03144,0.436499
20200407,629,-0.321398,0.088813,0.03144,0.436499
20200407,630,-0.328267,-0.012201,-0.049536,0.436499
20200407,631,-0.328267,-0.012201,-0.049536,0.436499
20200407,632,-0.328267,0.088813,0.03144,-1.145722
20200407,633,-0.328267,0.088813,0.03144,-1.145722
20200407,634,-0.328267,0.189827,-0.130512,-1.145722
20200407,635,-0.328267,0.189827,-0.130512,-1.145722
20200407,636,-0.335135,0.290841,-0.130512,-1.145722
20200407,637,-0.335135,0.290841,-0.130512,0.436499
20200407,638,-0.300792,0.593883,-0.171,2.01872
20200407,639,-0.300792,0.593883,-0.171,-1.145722
20200407,640,-0.293924,0.290841,-0.171,0.436499
20200407,641,-0.293924,0.290841,-0.171,-1.145722
20200407,642,-0.300792,0.290841,-0.130512,0.436499
20200407,643,-0.300792,0.290841,-0.130512,2.01872
20200407,644,-0.307661,-0.012201,-0.090024,-1.145722
20200407,645,-0.293924,-1.123354,-0.454417,0.436499
20200407,646,-0.293924,-1.02234,-0.251976,0.436499
20200407,647,-0.293924,-1.02234,-0.251976,-1.145722
20200407,648,-0.287055,-0.921326,-0.171,0.436499
20200407,649,-0.287055,-0.921326,-0.171,0.436499
20200407,650,-0.293924,-1.123354,0.071928,-1.145722
20200407,651,-0.293924,-1.123354,0.071928,0.436499
20200407,652,-0.287055,-1.02234,0.112416,-2.727943
20200407,653,-0.287055,-1.02234,0.112416,-1.145722
20200407,654,-0.293924,-0.618284,0.071928,0.436499
20200407,655,-0.293924,-0.618284,0.071928,0.436499
20200407,656,-0.300792,-1.123354,-0.090024,0.436499
20200407,657,-0.300792,-1.123354,-0.090024,2.01872
20200407,658,-0.300792,-0.921326,-0.454417,-1.145722
20200407,659,-0.300792,-0.921326,-0.454417,-1.145722
20200407,660,-0.300792,-1.52741,-0.292465,0.436499
20200407,661,-0.300792,-1.52741,-0.292465,0.436499
20200407,662,-0.307661,-1.224368,-0.211488,0.436499
20200407,663,-0.307661,-1.224368,-0.211488,0.436499
20200407,664,-0.287055,-1.628424,-0.090024,0.436499
20200407,665,-0.287055,-1.628424,-0.090024,0.436499
20200407,666,-0.287055,-1.123354,0.314857,0.436499
20200407,667,-0.287055,-1.123354,0.314857,-1.145722
20200407,668,-0.300792,-1.830452,0.314857,-1.145722
20200407,669,-0.300792,-1.830452,0.314857,-1.145722
