date,idx,용접 가압력(bar),전류(kA),전압(V),통전시간(ms)
20200324,1,0.067045,0.090909,0.596977,0.666667
20200324,2,0.070455,0.090909,0.596977,0.666667
20200324,3,0.071591,0.036364,0.602015,0.333333
20200324,4,0.071591,0.036364,0.602015,0.666667
20200324,5,0.070455,0.072727,0.604534,0.666667
20200324,6,0.068182,0.072727,0.604534,0.333333
20200324,7,0.069318,0.018182,0.594458,0.666667
20200324,8,0.067045,0.018182,0.594458,0.0
20200324,9,0.065909,0.090909,0.596977,0.333333
20200324,10,0.065909,0.090909,0.596977,0.666667
20200324,11,0.067045,0.127273,0.589421,0.666667
20200324,12,0.070455,0.127273,0.589421,0.666667
20200324,13,0.071591,0.127273,0.59194,1.0
20200324,14,0.071591,0.127273,0.59194,0.333333
20200324,15,0.070455,0.127273,0.594458,0.333333
20200324,16,0.070455,0.127273,0.594458,0.666667
20200324,17,0.068182,0.109091,0.607053,0.666667
20200324,18,0.069318,0.109091,0.607053,0.666667
20200324,19,0.070455,0.054545,0.604534,0.666667
20200324,20,0.070455,0.054545,0.604534,0.666667
20200324,21,0.068182,0.054545,0.602015,0.666667
20200324,22,0.068182,0.054545,0.602015,0.666667
20200324,23,0.070455,0.090909,0.596977,0.333333
20200324,24,0.070455,0.090909,0.596977,0.333333
20200324,25,0.072727,0.109091,0.59194,0.333333
20200324,26,0.072727,0.109091,0.59194,0.333333
20200324,27,0.063636,0.163636,0.594458,0.333333
20200324,28,0.063636,0.163636,0.594458,0.666667
20200324,29,0.070455,0.072727,0.604534,1.0
20200324,30,0.070455,0.072727,0.604534,0.333333
20200324,31,0.072727,0.127273,0.619647,0.666667
20200324,32,0.072727,0.127273,0.619647,0.333333
20200324,33,0.070455,0.127273,0.612091,0.666667
20200324,34,0.070455,0.127273,0.612091,1.0
20200324,35,0.067045,0.090909,0.604534,0.333333
20200324,36,0.070455,0.090909,0.604534,0.666667
20200324,37,0.072727,0.181818,0.594458,0.666667
20200324,38,0.064773,0.181818,0.594458,0.666667
20200324,39,0.063636,0.163636,0.589421,0.333333
20200324,40,0.063636,0.163636,0.589421,0.666667
20200324,41,0.068182,0.163636,0.571788,0.666667
20200324,42,0.068182,0.163636,0.571788,0.333333
20200324,43,0.067045,0.163636,0.59194,0.666667
20200324,44,0.067045,0.163636,0.59194,0.0
20200324,45,0.071591,0.145455,0.604534,0.333333
20200324,46,0.071591,0.145455,0.604534,0.666667
20200324,47,0.064773,0.145455,0.619647,0.666667
20200324,48,0.064773,0.145455,0.619647,0.666667
20200324,49,0.070455,0.090909,0.622166,1.0
20200324,50,0.070455,0.090909,0.622166,0.333333
20200324,51,0.069318,0.127273,0.617128,0.333333
20200324,52,0.069318,0.127273,0.617128,0.666667
20200324,53,0.072727,0.127273,0.602015,0.666667
20200324,54,0.072727,0.127273,0.602015,0.666667
20200324,55,0.068182,0.127273,0.586902,0.666667
20200324,56,0.068182,0.127273,0.586902,0.666667
20200324,57,0.069318,0.145455,0.566751,0.666667
20200324,58,0.069318,0.145455,0.566751,0.666667
20200324,59,0.071591,0.127273,0.574307,0.333333
20200324,60,0.071591,0.127273,0.574307,0.333333
20200324,61,0.068182,0.2,0.596977,0.333333
20200324,62,0.068182,0.2,0.596977,0.333333
20200324,63,0.063636,0.109091,0.61461,0.333333
20200324,64,0.063636,0.109091,0.61461,0.666667
20200324,65,0.064773,0.145455,0.619647,1.0
20200324,66,0.064773,0.145455,0.619647,0.333333
20200324,67,0.057955,0.181818,0.622166,0.666667
20200324,68,0.057955,0.181818,0.622166,0.333333
20200324,69,0.051136,0.163636,0.607053,0.666667
20200324,70,0.051136,0.163636,0.607053,1.0
20200324,71,0.048864,0.218182,0.596977,0.333333
20200324,72,0.048864,0.218182,0.596977,0.666667
20200324,73,0.047727,0.218182,0.589421,0.666667
20200324,74,0.047727,0.218182,0.589421,0.666667
20200324,75,0.05,0.236364,0.59194,0.666667
20200324,76,0.05,0.236364,0.59194,0.666667
20200324,77,0.059091,0.145455,0.599496,0.666667
20200324,78,0.059091,0.145455,0.599496,0.666667
20200324,79,0.070455,0.090909,0.596977,0.333333
20200324,80,0.070455,0.090909,0.596977,0.333333
20200324,81,0.071591,0.145455,0.612091,0.666667
20200324,82,0.071591,0.145455,0.612091,0.333333
20200324,83,0.072727,0.127273,0.602015,1.0
20200324,84,0.072727,0.127273,0.602015,0.666667
20200324,85,0.069318,0.054545,0.599496,0.666667
20200324,86,0.069318,0.054545,0.599496,0.666667
20200324,87,0.072727,0.109091,0.589421,0.666667
20200324,88,0.072727,0.109091,0.589421,0.666667
20200324,89,0.069318,0.109091,0.586902,0.666667
20200324,90,0.069318,0.109091,0.586902,0.666667
20200324,91,0.071591,0.054545,0.596977,0.666667
20200324,92,0.071591,0.054545,0.596977,0.666667
20200324,93,0.073864,0.090909,0.609572,0.333333
20200324,94,0.073864,0.090909,0.609572,0.333333
20200324,95,0.069318,0.109091,0.617128,0.666667
20200324,96,0.069318,0.109091,0.617128,0.333333
20200324,97,0.072727,0.054545,0.609572,1.0
20200324,98,0.067045,0.054545,0.609572,0.666667
20200324,99,0.072727,0.127273,0.604534,0.666667
20200324,100,0.067045,0.127273,0.604534,0.666667
20200324,101,0.072727,0.109091,0.602015,0.666667
20200324,102,0.067045,0.109091,0.602015,0.666667
20200324,103,0.071591,0.109091,0.581864,0.333333
20200324,104,0.071591,0.109091,0.581864,0.666667
20200324,105,0.068182,0.145455,0.579345,0.666667
20200324,106,0.070455,0.145455,0.579345,0.333333
20200324,107,0.071591,0.072727,0.589421,0.666667
20200324,108,0.069318,0.072727,0.589421,0.0
20200324,109,0.073864,0.090909,0.604534,0.333333
20200324,110,0.073864,0.090909,0.604534,0.666667
20200324,111,0.072727,0.090909,0.61461,0.666667
20200324,112,0.072727,0.090909,0.61461,0.666667
20200324,113,0.072727,0.036364,0.617128,1.0
20200324,114,0.072727,0.036364,0.617128,0.333333
20200324,115,0.072727,0.054545,0.599496,0.333333
20200324,116,0.072727,0.054545,0.599496,0.666667
20200324,117,0.071591,0.109091,0.602015,0.666667
20200324,118,0.071591,0.109091,0.602015,0.666667
20200324,119,0.070455,0.109091,0.596977,0.666667
20200324,120,0.070455,0.109091,0.596977,0.666667
20200324,121,0.071591,0.163636,0.589421,0.666667
20200324,122,0.071591,0.163636,0.589421,0.666667
20200324,123,0.070455,0.127273,0.589421,0.333333
20200324,124,0.070455,0.127273,0.589421,0.333333
20200324,125,0.071591,0.109091,0.596977,0.333333
20200324,126,0.071591,0.109091,0.596977,0.333333
20200324,127,0.072727,0.127273,0.596977,0.333333
20200324,128,0.072727,0.127273,0.596977,0.666667
20200324,129,0.072727,0.018182,0.607053,1.0
20200324,130,0.072727,0.018182,0.607053,0.333333
20200324,131,0.073864,0.090909,0.604534,0.666667
20200324,132,0.073864,0.090909,0.604534,0.333333
20200324,133,0.072727,0.090909,0.602015,0.666667
20200324,134,0.072727,0.090909,0.602015,1.0
20200324,135,0.072727,0.072727,0.584383,0.333333
20200324,136,0.072727,0.072727,0.584383,0.666667
20200324,137,0.073864,0.127273,0.589421,0.666667
20200324,138,0.073864,0.127273,0.589421,0.666667
20200324,139,0.071591,0.109091,0.594458,0.666667
20200324,140,0.071591,0.109091,0.594458,0.666667
20200324,141,0.072727,0.036364,0.607053,0.666667
20200324,142,0.072727,0.036364,0.607053,0.666667
20200324,143,0.072727,0.036364,0.604534,0.333333
20200324,144,0.072727,0.036364,0.604534,0.333333
20200324,145,0.073864,0.072727,0.617128,0.666667
20200324,146,0.073864,0.072727,0.617128,0.333333
20200324,147,0.072727,0.0,0.612091,1.0
20200324,148,0.072727,0.0,0.612091,0.666667
20200324,149,0.071591,0.127273,0.602015,0.666667
20200324,150,0.071591,0.127273,0.602015,0.666667
20200324,151,0.072727,0.090909,0.59194,0.733333
20200324,152,0.072727,0.090909,0.59194,0.733333
20200324,153,0.071591,0.127273,0.584383,0.726667
20200324,154,0.071591,0.127273,0.584383,0.726667
20200324,155,0.071591,0.090909,0.586902,0.72
20200324,156,0.071591,0.090909,0.586902,0.72
20200324,157,0.071591,0.109091,0.589421,0.746667
20200324,158,0.071591,0.109091,0.589421,0.746667
20200324,159,0.073864,0.109091,0.617128,0.746667
20200324,160,0.073864,0.109091,0.617128,0.746667
20200324,161,0.072727,0.054545,0.622166,0.746667
20200324,162,0.072727,0.054545,0.622166,0.746667
20200324,163,0.072727,0.072727,0.61461,0.746667
20200324,164,0.072727,0.072727,0.61461,0.746667
20200324,165,0.072727,0.127273,0.602015,0.726667
20200324,166,0.072727,0.127273,0.602015,0.726667
20200324,167,0.070455,0.109091,0.596977,0.72
20200324,168,0.070455,0.109091,0.596977,0.72
20200324,169,0.072727,0.090909,0.586902,0.726667
20200324,170,0.072727,0.090909,0.586902,0.726667
20200324,171,0.070455,0.145455,0.579345,0.72
20200324,172,0.070455,0.145455,0.579345,0.72
20200324,173,0.073864,0.109091,0.596977,0.726667
20200324,174,0.073864,0.109091,0.596977,0.726667
20200324,175,0.072727,0.090909,0.604534,0.733333
20200324,176,0.072727,0.090909,0.604534,0.733333
20200324,177,0.073864,0.036364,0.61461,0.726667
20200324,178,0.073864,0.036364,0.61461,0.666667
20200324,179,0.072727,0.145455,0.612091,0.666667
20200324,180,0.072727,0.145455,0.612091,0.333333
20200324,181,0.070455,0.127273,0.602015,0.666667
20200324,182,0.070455,0.127273,0.602015,0.666667
20200324,183,0.070455,0.090909,0.594458,0.333333
20200324,184,0.070455,0.090909,0.594458,0.666667
20200324,185,0.071591,0.127273,0.594458,0.0
20200324,186,0.071591,0.127273,0.594458,0.333333
20200324,187,0.070455,0.218182,0.59194,0.666667
20200324,188,0.070455,0.218182,0.59194,0.666667
20200324,189,0.072727,0.127273,0.596977,0.666667
20200324,190,0.072727,0.127273,0.596977,1.0
20200324,191,0.072727,0.090909,0.594458,0.333333
20200324,192,0.072727,0.090909,0.594458,0.333333
20200324,193,0.071591,0.072727,0.604534,0.666667
20200324,194,0.071591,0.072727,0.604534,0.666667
20200324,195,0.071591,0.109091,0.602015,0.666667
20200324,196,0.071591,0.109091,0.602015,0.666667
20200324,197,0.072727,0.090909,0.599496,0.666667
20200324,198,0.072727,0.090909,0.599496,0.666667
20200324,199,0.071591,0.145455,0.59194,0.666667
20200324,200,0.071591,0.145455,0.59194,0.333333
20200324,201,0.070455,0.090909,0.586902,0.333333
20200324,202,0.070455,0.090909,0.586902,0.333333
20200324,203,0.073864,0.127273,0.586902,0.333333
20200324,204,0.073864,0.127273,0.586902,0.333333
20200324,205,0.072727,0.127273,0.602015,0.666667
20200324,206,0.072727,0.127273,0.602015,1.0
20200324,207,0.070455,0.127273,0.619647,0.333333
20200324,208,0.070455,0.127273,0.619647,0.666667
20200324,209,0.072727,0.127273,0.617128,0.333333
20200324,210,0.072727,0.127273,0.617128,0.666667
20200324,211,0.072727,0.054545,0.607053,1.0
20200324,212,0.072727,0.054545,0.607053,0.333333
20200324,213,0.072727,0.145455,0.602015,0.666667
20200324,214,0.072727,0.145455,0.602015,0.666667
20200324,215,0.070455,0.127273,0.596977,0.666667
20200324,216,0.070455,0.127273,0.596977,0.333333
20200324,217,0.070455,0.109091,0.576826,0.666667
20200324,218,0.070455,0.109091,0.576826,0.666667
20200324,219,0.072727,0.090909,0.586902,0.333333
20200324,220,0.072727,0.090909,0.586902,0.666667
20200324,221,0.071591,0.072727,0.594458,0.0
20200324,222,0.071591,0.072727,0.594458,0.333333
20200324,223,0.071591,0.054545,0.596977,0.666667
20200324,224,0.071591,0.054545,0.596977,0.666667
20200324,225,0.073864,0.072727,0.624685,0.666667
20200324,226,0.073864,0.072727,0.624685,1.0
20200324,227,0.072727,0.018182,0.622166,0.333333
20200324,228,0.072727,0.018182,0.622166,0.333333
20200324,229,0.071591,0.109091,0.61461,0.666667
20200324,230,0.071591,0.109091,0.61461,0.666667
20200324,231,0.068182,0.109091,0.599496,0.666667
20200324,232,0.068182,0.109091,0.599496,0.666667
20200324,233,0.069318,0.145455,0.589421,0.666667
20200324,234,0.069318,0.145455,0.589421,0.666667
20200324,235,0.070455,0.181818,0.586902,0.666667
20200324,236,0.070455,0.181818,0.586902,0.333333
20200324,237,0.068182,0.109091,0.594458,0.333333
20200324,238,0.068182,0.109091,0.594458,0.333333
20200324,239,0.071591,0.127273,0.599496,0.333333
20200324,240,0.071591,0.127273,0.599496,0.333333
20200324,241,0.072727,0.072727,0.617128,0.666667
20200324,242,0.072727,0.072727,0.617128,1.0
20200324,243,0.071591,0.109091,0.619647,0.333333
20200324,244,0.071591,0.109091,0.619647,0.666667
20200324,245,0.071591,0.072727,0.609572,0.333333
20200324,246,0.071591,0.072727,0.609572,0.666667
20200324,247,0.070455,0.054545,0.596977,1.0
20200324,248,0.070455,0.054545,0.596977,0.333333
20200324,249,0.070455,0.109091,0.589421,0.666667
20200324,250,0.070455,0.109091,0.589421,0.666667
20200324,251,0.071591,0.109091,0.596977,0.666667
20200324,252,0.071591,0.109091,0.596977,0.666667
20200324,253,0.070455,0.163636,0.584383,0.666667
20200324,254,0.070455,0.163636,0.584383,0.666667
20200324,255,0.072727,0.163636,0.607053,0.666667
20200324,256,0.072727,0.163636,0.607053,0.333333
20200324,257,0.072727,0.109091,0.61461,0.333333
20200324,258,0.072727,0.109091,0.61461,0.666667
20200324,259,0.072727,0.145455,0.617128,0.333333
20200324,260,0.072727,0.145455,0.617128,1.0
20200324,261,0.070455,0.090909,0.604534,0.666667
20200324,262,0.070455,0.090909,0.604534,0.666667
20200324,263,0.072727,0.109091,0.594458,0.666667
20200324,264,0.072727,0.109091,0.594458,0.666667
20200324,265,0.071591,0.181818,0.594458,0.666667
20200324,266,0.071591,0.181818,0.594458,0.666667
20200324,267,0.069318,0.109091,0.589421,0.666667
20200324,268,0.069318,0.109091,0.589421,0.666667
20200324,269,0.072727,0.163636,0.596977,0.666667
20200324,270,0.072727,0.163636,0.596977,0.333333
20200324,271,0.071591,0.145455,0.596977,0.333333
20200324,272,0.071591,0.145455,0.596977,0.666667
20200324,273,0.071591,0.127273,0.594458,0.333333
20200324,274,0.071591,0.127273,0.594458,1.0
20200324,275,0.071591,0.109091,0.602015,0.666667
20200324,276,0.071591,0.109091,0.602015,0.666667
20200324,277,0.070455,0.145455,0.576826,0.666667
20200324,278,0.070455,0.145455,0.576826,0.666667
20200324,279,0.070455,0.163636,0.589421,0.666667
20200324,280,0.070455,0.163636,0.589421,0.333333
20200324,281,0.071591,0.181818,0.594458,0.666667
20200324,282,0.071591,0.181818,0.594458,0.666667
20200324,283,0.070455,0.145455,0.609572,0.333333
20200324,284,0.070455,0.145455,0.609572,0.666667
20200324,285,0.071591,0.163636,0.612091,0.0
20200324,286,0.071591,0.163636,0.612091,0.333333
20200324,287,0.070455,0.236364,0.609572,0.666667
20200324,288,0.070455,0.236364,0.609572,0.666667
20200324,289,0.069318,0.145455,0.599496,0.666667
20200324,290,0.069318,0.145455,0.599496,1.0
20200324,291,0.069318,0.181818,0.576826,0.333333
20200324,292,0.069318,0.181818,0.576826,0.333333
20200324,293,0.069318,0.072727,0.586902,0.666667
20200324,294,0.069318,0.072727,0.586902,0.666667
20200324,295,0.068182,0.127273,0.59194,0.666667
20200324,296,0.068182,0.127273,0.59194,0.666667
20200324,297,0.071591,0.054545,0.599496,0.666667
20200324,298,0.071591,0.054545,0.599496,0.666667
20200324,299,0.071591,0.145455,0.624685,0.666667
20200324,300,0.071591,0.145455,0.624685,0.333333
20200324,301,0.069318,0.018182,0.624685,0.333333
20200324,302,0.069318,0.018182,0.624685,0.333333
20200324,303,0.072727,0.054545,0.622166,0.333333
20200324,304,0.072727,0.054545,0.622166,0.333333
20200324,305,0.069318,0.072727,0.599496,0.666667
20200324,306,0.069318,0.072727,0.599496,1.0
20200324,307,0.067045,0.109091,0.596977,0.333333
20200324,308,0.067045,0.109091,0.596977,0.666667
20200324,309,0.070455,0.090909,0.589421,0.333333
20200324,310,0.070455,0.090909,0.589421,0.666667
20200324,311,0.069318,0.036364,0.584383,1.0
20200324,312,0.069318,0.036364,0.584383,0.333333
20200324,313,0.070455,0.072727,0.594458,0.666667
20200324,314,0.070455,0.072727,0.594458,0.666667
20200324,315,0.070455,0.054545,0.612091,0.666667
20200324,316,0.070455,0.054545,0.612091,0.333333
20200324,317,0.072727,0.036364,0.622166,0.666667
20200324,318,0.072727,0.036364,0.622166,0.666667
20200324,319,0.072727,0.127273,0.619647,0.333333
20200324,320,0.072727,0.127273,0.619647,0.666667
20200324,321,0.068182,0.109091,0.61461,0.0
20200324,322,0.068182,0.109091,0.61461,0.333333
20200324,323,0.069318,0.163636,0.599496,0.666667
20200324,324,0.069318,0.163636,0.599496,0.666667
20200324,325,0.067045,0.145455,0.571788,0.666667
20200324,326,0.067045,0.145455,0.571788,1.0
20200324,327,0.070455,0.127273,0.581864,0.333333
20200324,328,0.070455,0.127273,0.581864,0.333333
20200324,329,0.070455,0.218182,0.594458,0.666667
20200324,330,0.070455,0.218182,0.594458,0.666667
20200324,331,0.069318,0.181818,0.61461,0.666667
20200324,332,0.069318,0.181818,0.61461,0.666667
20200324,333,0.072727,0.072727,0.624685,0.666667
20200324,334,0.072727,0.072727,0.624685,0.666667
20200324,335,0.071591,0.127273,0.627204,0.666667
20200324,336,0.071591,0.127273,0.627204,0.333333
20200324,337,0.071591,0.090909,0.61461,0.333333
20200324,338,0.071591,0.090909,0.61461,0.333333
20200324,339,0.064773,0.145455,0.602015,0.333333
20200324,340,0.064773,0.145455,0.602015,0.333333
20200324,341,0.069318,0.127273,0.602015,0.666667
20200324,342,0.069318,0.127273,0.602015,1.0
20200324,343,0.068182,0.109091,0.589421,0.333333
20200324,344,0.068182,0.109091,0.589421,0.666667
20200324,345,0.069318,0.127273,0.596977,0.333333
20200324,346,0.069318,0.127273,0.596977,0.666667
20200324,347,0.072727,0.109091,0.602015,1.0
20200324,348,0.072727,0.109091,0.602015,0.333333
20200324,349,0.070455,0.109091,0.607053,0.666667
20200324,350,0.070455,0.109091,0.607053,0.666667
20200324,351,0.070455,0.181818,0.602015,0.666667
20200324,352,0.070455,0.181818,0.602015,0.666667
20200324,353,0.071591,0.090909,0.602015,0.666667
20200324,354,0.071591,0.090909,0.602015,0.666667
20200324,355,0.070455,0.127273,0.594458,0.666667
20200324,356,0.070455,0.127273,0.594458,0.333333
20200324,357,0.068182,0.127273,0.59194,0.333333
20200324,358,0.068182,0.127273,0.59194,0.666667
20200324,359,0.068182,0.145455,0.59194,0.333333
20200324,360,0.068182,0.145455,0.59194,1.0
20200324,361,0.069318,0.2,0.604534,0.666667
20200324,362,0.069318,0.2,0.604534,0.666667
20200324,363,0.069318,0.163636,0.602015,0.666667
20200324,364,0.069318,0.163636,0.602015,0.666667
20200324,365,0.070455,0.127273,0.61461,0.666667
20200324,366,0.070455,0.127273,0.61461,0.666667
20200324,367,0.071591,0.054545,0.609572,0.666667
20200324,368,0.071591,0.054545,0.609572,0.666667
20200324,369,0.068182,0.054545,0.599496,0.666667
20200324,370,0.068182,0.054545,0.599496,0.333333
20200324,371,0.070455,0.163636,0.586902,0.333333
20200324,372,0.070455,0.163636,0.586902,0.666667
20200324,373,0.069318,0.163636,0.594458,0.333333
20200324,374,0.069318,0.163636,0.594458,1.0
20200324,375,0.070455,0.054545,0.599496,0.666667
20200324,376,0.070455,0.054545,0.599496,0.666667
20200324,377,0.071591,0.145455,0.596977,0.666667
20200324,378,0.071591,0.145455,0.596977,0.666667
20200324,379,0.070455,0.090909,0.596977,0.666667
20200324,380,0.070455,0.090909,0.596977,0.333333
20200324,381,0.071591,0.109091,0.596977,0.666667
20200324,382,0.071591,0.109091,0.596977,0.666667
20200324,383,0.071591,0.127273,0.594458,0.333333
20200324,384,0.071591,0.127273,0.594458,0.666667
20200324,385,0.067045,0.054545,0.596977,0.0
20200324,386,0.067045,0.054545,0.596977,0.333333
20200324,387,0.070455,0.145455,0.599496,0.666667
20200324,388,0.070455,0.145455,0.599496,0.666667
20200324,389,0.071591,0.145455,0.584383,0.666667
20200324,390,0.071591,0.145455,0.584383,1.0
20200324,391,0.071591,0.127273,0.599496,0.333333
20200324,392,0.071591,0.127273,0.599496,0.333333
20200324,393,0.069318,0.163636,0.599496,0.666667
20200324,394,0.069318,0.163636,0.599496,0.666667
20200324,395,0.068182,0.127273,0.599496,0.666667
20200324,396,0.068182,0.127273,0.599496,0.666667
20200324,397,0.070455,0.218182,0.59194,0.666667
20200324,398,0.070455,0.218182,0.59194,0.666667
20200324,399,0.068182,0.290909,0.594458,0.666667
20200324,400,0.068182,0.290909,0.594458,0.333333
20200324,401,0.069318,0.236364,0.596977,0.333333
20200324,402,0.069318,0.236364,0.596977,0.333333
20200324,403,0.071591,0.218182,0.596977,0.333333
20200324,404,0.071591,0.218182,0.596977,0.333333
20200324,405,0.071591,0.218182,0.596977,0.666667
20200324,406,0.071591,0.218182,0.596977,1.0
20200324,407,0.069318,0.327273,0.604534,0.333333
20200324,408,0.069318,0.327273,0.604534,0.666667
20200324,409,0.071591,0.272727,0.599496,0.333333
20200324,410,0.071591,0.272727,0.599496,0.666667
20200324,411,0.069318,0.254545,0.594458,1.0
20200324,412,0.069318,0.254545,0.594458,0.333333
20200324,413,0.070455,0.272727,0.581864,0.666667
20200324,414,0.070455,0.272727,0.581864,0.666667
20200324,415,0.070455,0.254545,0.594458,0.666667
20200324,416,0.070455,0.254545,0.594458,0.666667
20200324,417,0.070455,0.290909,0.604534,0.666667
20200324,418,0.070455,0.290909,0.604534,0.666667
20200324,419,0.069318,0.254545,0.607053,0.666667
20200324,420,0.069318,0.254545,0.607053,0.333333
20200324,421,0.070455,0.345455,0.59194,0.333333
20200324,422,0.070455,0.345455,0.59194,0.666667
20200324,423,0.068182,0.327273,0.602015,0.333333
20200324,424,0.068182,0.327273,0.602015,1.0
20200324,425,0.069318,0.327273,0.589421,0.666667
20200324,426,0.069318,0.327273,0.589421,0.666667
20200324,427,0.069318,0.363636,0.604534,0.666667
20200324,428,0.069318,0.363636,0.604534,0.666667
20200324,429,0.069318,0.272727,0.596977,0.666667
20200324,430,0.069318,0.272727,0.596977,0.666667
20200324,431,0.070455,0.345455,0.596977,0.666667
20200324,432,0.070455,0.345455,0.596977,0.666667
20200324,433,0.069318,0.327273,0.599496,0.666667
20200324,434,0.069318,0.327273,0.599496,0.333333
20200324,435,0.070455,0.345455,0.594458,0.333333
20200324,436,0.070455,0.345455,0.594458,0.666667
20200324,437,0.065909,0.327273,0.59194,0.333333
20200324,438,0.065909,0.327273,0.59194,1.0
20200324,439,0.067045,0.4,0.59194,0.666667
20200324,440,0.067045,0.4,0.59194,0.666667
20200324,441,0.068182,0.363636,0.596977,0.666667
20200324,442,0.068182,0.363636,0.596977,0.666667
20200324,443,0.067045,0.345455,0.599496,0.666667
20200324,444,0.067045,0.345455,0.599496,0.333333
20200324,445,0.067045,0.381818,0.604534,0.666667
20200324,446,0.067045,0.381818,0.604534,0.666667
20200324,447,0.068182,0.290909,0.594458,0.333333
20200324,448,0.068182,0.290909,0.594458,0.666667
20200324,449,0.067045,0.327273,0.59194,0.0
20200324,450,0.067045,0.327273,0.59194,0.333333
20200324,451,0.065909,0.345455,0.59194,0.666667
20200324,452,0.065909,0.345455,0.59194,0.666667
20200324,453,0.065909,0.272727,0.584383,0.666667
20200324,454,0.065909,0.272727,0.584383,0.666667
20200324,455,0.067045,0.272727,0.607053,0.333333
20200324,456,0.067045,0.272727,0.607053,0.666667
20200324,457,0.067045,0.381818,0.604534,0.666667
20200324,458,0.067045,0.381818,0.604534,0.333333
20200324,459,0.067045,0.327273,0.599496,0.666667
20200324,460,0.067045,0.327273,0.599496,0.0
20200324,461,0.065909,0.4,0.599496,0.333333
20200324,462,0.065909,0.4,0.599496,0.666667
20200324,463,0.065909,0.381818,0.596977,0.666667
20200324,464,0.065909,0.381818,0.596977,0.666667
20200324,465,0.065909,0.4,0.581864,1.0
20200324,466,0.065909,0.4,0.581864,0.333333
20200324,467,0.065909,0.345455,0.59194,0.333333
20200324,468,0.065909,0.345455,0.59194,0.666667
20200324,469,0.067045,0.381818,0.596977,0.666667
20200324,470,0.067045,0.381818,0.596977,0.666667
20200324,471,0.065909,0.363636,0.607053,0.666667
20200324,472,0.065909,0.363636,0.607053,0.666667
20200324,473,0.064773,0.345455,0.602015,0.666667
20200324,474,0.064773,0.345455,0.602015,0.666667
20200324,475,0.064773,0.363636,0.607053,0.333333
20200324,476,0.064773,0.363636,0.607053,0.333333
20200324,477,0.064773,0.381818,0.596977,0.333333
20200324,478,0.064773,0.381818,0.596977,0.333333
20200324,479,0.063636,0.4,0.596977,0.333333
20200324,480,0.063636,0.4,0.596977,0.666667
20200324,481,0.069318,0.454545,0.594458,1.0
20200324,482,0.069318,0.454545,0.594458,0.333333
20200324,483,0.070455,0.4,0.594458,0.666667
20200324,484,0.070455,0.4,0.594458,0.333333
20200324,485,0.069318,0.4,0.596977,0.666667
20200324,486,0.069318,0.4,0.596977,1.0
20200324,487,0.068182,0.345455,0.599496,0.333333
20200324,488,0.068182,0.345455,0.599496,0.666667
20200324,489,0.071591,0.381818,0.607053,0.666667
20200324,490,0.071591,0.381818,0.607053,0.666667
20200324,491,0.069318,0.4,0.599496,0.333333
20200324,492,0.069318,0.4,0.599496,0.666667
20200324,493,0.069318,0.418182,0.596977,0.666667
20200324,494,0.069318,0.418182,0.596977,0.333333
20200324,495,0.068182,0.436364,0.594458,0.666667
20200324,496,0.068182,0.436364,0.594458,0.0
20200324,497,0.069318,0.418182,0.594458,0.333333
20200324,498,0.069318,0.418182,0.594458,0.666667
20200324,499,0.069318,0.363636,0.589421,0.666667
20200324,500,0.069318,0.363636,0.589421,0.666667
20200324,501,0.070455,0.4,0.599496,1.0
20200324,502,0.070455,0.4,0.599496,0.333333
20200324,503,0.069318,0.381818,0.61461,0.333333
20200324,504,0.069318,0.381818,0.61461,0.666667
20200324,505,0.069318,0.381818,0.607053,0.666667
20200324,506,0.069318,0.381818,0.607053,0.666667
20200324,507,0.067045,0.418182,0.596977,0.666667
20200324,508,0.067045,0.418182,0.596977,0.666667
20200324,509,0.067045,0.436364,0.59194,0.666667
20200324,510,0.067045,0.436364,0.59194,0.666667
20200324,511,0.067045,0.363636,0.589421,0.333333
20200324,512,0.067045,0.363636,0.589421,0.333333
20200324,513,0.067045,0.381818,0.594458,0.333333
20200324,514,0.067045,0.381818,0.594458,0.333333
20200324,515,0.069318,0.472727,0.604534,0.333333
20200324,516,0.069318,0.472727,0.604534,0.666667
20200324,517,0.068182,0.363636,0.619647,1.0
20200324,518,0.068182,0.363636,0.619647,0.333333
20200324,519,0.069318,0.418182,0.607053,0.666667
20200324,520,0.069318,0.418182,0.607053,0.333333
20200324,521,0.068182,0.436364,0.607053,0.666667
20200324,522,0.068182,0.436364,0.607053,1.0
20200324,523,0.064773,0.381818,0.596977,0.333333
20200324,524,0.064773,0.381818,0.596977,0.666667
20200324,525,0.067045,0.4,0.589421,0.666667
20200324,526,0.067045,0.4,0.589421,0.666667
20200324,527,0.065909,0.381818,0.589421,0.666667
20200324,528,0.065909,0.381818,0.589421,0.666667
20200324,529,0.067045,0.363636,0.602015,0.666667
20200324,530,0.067045,0.363636,0.602015,0.666667
20200324,531,0.067045,0.381818,0.607053,0.333333
20200324,532,0.067045,0.381818,0.607053,0.333333
20200324,533,0.069318,0.345455,0.612091,0.666667
20200324,534,0.069318,0.345455,0.612091,0.333333
20200324,535,0.067045,0.4,0.607053,1.0
20200324,536,0.067045,0.4,0.607053,0.666667
20200324,537,0.069318,0.4,0.599496,0.666667
20200324,538,0.069318,0.4,0.599496,0.666667
20200324,539,0.065909,0.418182,0.586902,0.666667
20200324,540,0.065909,0.418182,0.586902,0.666667
20200324,541,0.065909,0.4,0.589421,0.666667
20200324,542,0.065909,0.4,0.589421,0.666667
20200324,543,0.067045,0.436364,0.576826,0.666667
20200324,544,0.067045,0.436364,0.576826,0.666667
20200324,545,0.067045,0.4,0.602015,0.333333
20200324,546,0.067045,0.4,0.602015,0.333333
20200324,547,0.068182,0.418182,0.609572,0.666667
20200324,548,0.068182,0.418182,0.609572,0.333333
20200324,549,0.068182,0.4,0.609572,1.0
20200324,550,0.068182,0.4,0.609572,0.666667
20200324,551,0.064773,0.418182,0.609572,0.666667
20200324,552,0.064773,0.418182,0.609572,0.666667
20200324,553,0.065909,0.363636,0.602015,0.666667
20200324,554,0.065909,0.363636,0.602015,0.666667
20200324,555,0.067045,0.345455,0.584383,0.333333
20200324,556,0.067045,0.345455,0.584383,0.666667
20200324,557,0.065909,0.436364,0.59194,0.666667
20200324,558,0.065909,0.436364,0.59194,0.333333
20200324,559,0.065909,0.418182,0.589421,0.666667
20200324,560,0.065909,0.418182,0.589421,0.0
20200324,561,0.067045,0.381818,0.594458,0.333333
20200324,562,0.067045,0.381818,0.594458,0.666667
20200324,563,0.064773,0.4,0.607053,0.666667
20200324,564,0.064773,0.4,0.607053,0.666667
20200324,565,0.067045,0.381818,0.607053,1.0
20200324,566,0.067045,0.381818,0.607053,0.333333
20200324,567,0.068182,0.381818,0.604534,0.333333
20200324,568,0.068182,0.381818,0.604534,0.666667
20200324,569,0.067045,0.418182,0.602015,0.666667
20200324,570,0.067045,0.418182,0.602015,0.666667
20200324,571,0.064773,0.418182,0.594458,0.666667
20200324,572,0.064773,0.418182,0.594458,0.666667
20200324,573,0.065909,0.363636,0.59194,0.666667
20200324,574,0.065909,0.363636,0.59194,0.666667
20200324,575,0.067045,0.381818,0.59194,0.333333
20200324,576,0.067045,0.381818,0.59194,0.333333
20200324,577,0.065909,0.381818,0.599496,0.333333
20200324,578,0.065909,0.381818,0.599496,0.333333
20200324,579,0.067045,0.345455,0.61461,0.333333
20200324,580,0.067045,0.345455,0.61461,0.666667
20200324,581,0.067045,0.4,0.622166,1.0
20200324,582,0.067045,0.4,0.622166,0.333333
20200324,583,0.068182,0.327273,0.607053,0.666667
20200324,584,0.068182,0.327273,0.607053,0.333333
20200324,585,0.067045,0.381818,0.602015,0.666667
20200324,586,0.067045,0.381818,0.602015,1.0
20200324,587,0.064773,0.327273,0.596977,0.333333
20200324,588,0.064773,0.327273,0.596977,0.666667
20200324,589,0.065909,0.4,0.594458,0.666667
20200324,590,0.065909,0.4,0.594458,0.666667
20200324,591,0.067045,0.418182,0.594458,0.666667
20200324,592,0.067045,0.418182,0.594458,0.666667
20200324,593,0.068182,0.454545,0.59194,0.666667
20200324,594,0.068182,0.454545,0.59194,0.666667
20200324,595,0.067045,0.4,0.596977,0.333333
20200324,596,0.067045,0.4,0.596977,0.333333
20200324,597,0.069318,0.4,0.604534,0.666667
20200324,598,0.069318,0.4,0.604534,0.333333
20200324,599,0.068182,0.381818,0.599496,1.0
20200324,600,0.068182,0.381818,0.599496,0.666667
20200324,601,0.067045,0.363636,0.596977,0.666667
20200324,602,0.067045,0.363636,0.596977,0.666667
20200324,603,0.068182,0.4,0.594458,0.666667
20200324,604,0.068182,0.4,0.594458,0.666667
20200324,605,0.065909,0.4,0.59194,0.333333
20200324,606,0.065909,0.4,0.59194,0.666667
20200324,607,0.068182,0.345455,0.59194,0.666667
20200324,608,0.068182,0.345455,0.59194,0.333333
20200324,609,0.067045,0.363636,0.596977,0.666667
20200324,610,0.067045,0.363636,0.596977,0.0
20200324,611,0.067045,0.381818,0.61461,0.333333
20200324,612,0.067045,0.381818,0.61461,0.666667
20200324,613,0.067045,0.454545,0.617128,0.666667
20200324,614,0.067045,0.454545,0.617128,0.666667
20200324,615,0.067045,0.363636,0.599496,1.0
20200324,616,0.067045,0.363636,0.599496,0.333333
20200324,617,0.065909,0.4,0.581864,0.333333
20200324,618,0.065909,0.4,0.581864,0.666667
20200324,619,0.064773,0.418182,0.594458,0.666667
20200324,620,0.064773,0.418182,0.594458,0.666667
20200324,621,0.065909,0.381818,0.599496,0.666667
20200324,622,0.065909,0.381818,0.599496,0.666667
20200324,623,0.064773,0.381818,0.59194,0.666667
20200324,624,0.064773,0.381818,0.59194,0.666667
20200324,625,0.068182,0.418182,0.596977,0.333333
20200324,626,0.068182,0.418182,0.596977,0.333333
20200324,627,0.065909,0.381818,0.584383,0.333333
20200324,628,0.065909,0.381818,0.584383,0.333333
20200324,629,0.065909,0.381818,0.581864,0.333333
20200324,630,0.065909,0.381818,0.581864,0.666667
20200324,631,0.068182,0.363636,0.596977,1.0
20200324,632,0.068182,0.363636,0.596977,0.333333
20200324,633,0.065909,0.418182,0.596977,0.666667
20200324,634,0.065909,0.418182,0.596977,0.333333
20200324,635,0.064773,0.345455,0.596977,0.666667
20200324,636,0.064773,0.345455,0.596977,1.0
20200324,637,0.064773,0.4,0.586902,0.333333
20200324,638,0.064773,0.4,0.586902,0.666667
20200324,639,0.065909,0.363636,0.59194,0.666667
20200324,640,0.065909,0.363636,0.59194,0.666667
20200324,641,0.065909,0.418182,0.594458,0.666667
20200324,642,0.065909,0.418182,0.594458,0.666667
20200324,643,0.067045,0.381818,0.599496,0.666667
20200324,644,0.067045,0.381818,0.599496,0.666667
20200324,645,0.067045,0.363636,0.604534,0.333333
20200324,646,0.067045,0.363636,0.604534,0.333333
20200324,647,0.064773,0.454545,0.609572,0.666667
20200324,648,0.064773,0.454545,0.609572,0.333333
20200324,649,0.065909,0.345455,0.607053,1.0
20200324,650,0.065909,0.345455,0.607053,0.666667
20200324,651,0.064773,0.4,0.604534,0.666667
20200324,652,0.064773,0.4,0.604534,0.666667
20200324,653,0.064773,0.418182,0.599496,0.333333
20200324,654,0.064773,0.418182,0.599496,0.666667
20200324,655,0.065909,0.418182,0.596977,0.666667
20200324,656,0.065909,0.418182,0.596977,0.333333
20200324,657,0.064773,0.418182,0.599496,0.666667
20200324,658,0.064773,0.418182,0.599496,0.0
20200324,659,0.065909,0.381818,0.59194,0.333333
20200324,660,0.065909,0.381818,0.59194,0.666667
20200324,661,0.064773,0.472727,0.59194,0.666667
20200324,662,0.064773,0.472727,0.59194,0.666667
20200324,663,0.065909,0.381818,0.602015,1.0
20200324,664,0.065909,0.381818,0.602015,0.333333
20200324,665,0.065909,0.4,0.617128,0.333333
20200324,666,0.065909,0.4,0.617128,0.666667
20200324,667,0.065909,0.363636,0.612091,0.666667
20200324,668,0.065909,0.363636,0.612091,0.666667
20200324,669,0.067045,0.363636,0.602015,0.666667
20200324,670,0.067045,0.363636,0.602015,0.666667
20200324,671,0.065909,0.381818,0.599496,0.666667
20200324,672,0.065909,0.381818,0.599496,0.666667
20200324,673,0.065909,0.4,0.607053,0.333333
20200324,674,0.065909,0.4,0.607053,0.333333
20200324,675,0.064773,0.418182,0.596977,0.333333
20200324,676,0.064773,0.418182,0.596977,0.333333
20200324,677,0.064773,0.454545,0.596977,0.333333
20200324,678,0.064773,0.454545,0.596977,0.666667
20200324,679,0.064773,0.472727,0.581864,1.0
20200324,680,0.064773,0.472727,0.581864,0.333333
20200324,681,0.067045,0.436364,0.599496,0.666667
20200324,682,0.067045,0.436364,0.599496,0.333333
20200324,683,0.064773,0.418182,0.604534,0.666667
20200324,684,0.064773,0.418182,0.604534,1.0
20200324,685,0.067045,0.454545,0.599496,0.333333
20200324,686,0.067045,0.454545,0.599496,0.666667
20200324,687,0.064773,0.454545,0.59194,0.666667
20200324,688,0.064773,0.454545,0.59194,0.666667
20200324,689,0.063636,0.436364,0.59194,0.333333
20200324,690,0.063636,0.436364,0.59194,0.666667
20200324,691,0.064773,0.418182,0.586902,0.666667
20200324,692,0.064773,0.418182,0.586902,0.333333
20200324,693,0.064773,0.454545,0.604534,0.666667
20200324,694,0.064773,0.454545,0.604534,0.0
20200324,695,0.067045,0.345455,0.609572,0.333333
20200324,696,0.067045,0.345455,0.609572,0.666667
20200324,697,0.064773,0.4,0.61461,0.666667
20200324,698,0.064773,0.4,0.61461,0.666667
20200324,699,0.064773,0.381818,0.604534,1.0
20200324,700,0.064773,0.381818,0.604534,0.333333
20200324,701,0.065909,0.418182,0.602015,0.333333
20200324,702,0.065909,0.418182,0.602015,0.666667
20200324,703,0.064773,0.418182,0.596977,0.666667
20200324,704,0.064773,0.418182,0.596977,0.666667
20200324,705,0.064773,0.309091,0.599496,0.666667
20200324,706,0.064773,0.309091,0.599496,0.666667
20200324,707,0.065909,0.4,0.599496,0.666667
20200324,708,0.065909,0.4,0.599496,0.666667
20200324,709,0.065909,0.418182,0.609572,0.333333
20200324,710,0.065909,0.418182,0.609572,0.333333
20200324,711,0.064773,0.381818,0.612091,0.333333
20200324,712,0.064773,0.381818,0.612091,0.333333
20200324,713,0.064773,0.418182,0.612091,0.333333
20200324,714,0.064773,0.418182,0.612091,0.666667
20200324,715,0.064773,0.363636,0.607053,1.0
20200324,716,0.064773,0.363636,0.607053,0.333333
20200324,717,0.064773,0.418182,0.596977,0.666667
20200324,718,0.064773,0.418182,0.596977,0.333333
20200324,719,0.063636,0.4,0.589421,0.666667
20200324,720,0.063636,0.4,0.589421,1.0
20200324,721,0.063636,0.418182,0.576826,0.333333
20200324,722,0.063636,0.418182,0.576826,0.666667
20200324,723,0.064773,0.4,0.599496,0.666667
20200324,724,0.064773,0.4,0.599496,0.666667
20200324,725,0.065909,0.418182,0.612091,0.666667
20200324,726,0.065909,0.418182,0.612091,0.666667
20200324,727,0.064773,0.4,0.607053,0.666667
20200324,728,0.064773,0.4,0.607053,0.666667
20200324,729,0.0625,0.4,0.596977,0.333333
20200324,730,0.0625,0.4,0.596977,0.333333
20200324,731,0.0625,0.4,0.594458,0.666667
20200324,732,0.0625,0.4,0.594458,0.333333
20200324,733,0.057955,0.436364,0.59194,1.0
20200324,734,0.057955,0.436364,0.59194,0.666667
20200324,735,0.061364,0.490909,0.594458,0.666667
20200324,736,0.061364,0.490909,0.594458,0.666667
20200324,737,0.055682,0.436364,0.599496,0.666667
20200324,738,0.055682,0.436364,0.599496,0.666667
20200324,739,0.053409,0.454545,0.607053,0.666667
20200324,740,0.053409,0.454545,0.607053,0.666667
20200324,741,0.048864,0.527273,0.589421,0.666667
20200324,742,0.048864,0.527273,0.589421,0.666667
20200324,743,0.05,0.527273,0.599496,0.333333
20200324,744,0.05,0.527273,0.599496,0.333333
20200324,745,0.047727,0.490909,0.594458,0.666667
20200324,746,0.047727,0.490909,0.594458,0.333333
20200324,747,0.048864,0.454545,0.589421,1.0
20200324,748,0.048864,0.454545,0.589421,0.666667
20200324,749,0.05,0.490909,0.596977,0.666667
20200324,750,0.05,0.490909,0.596977,0.666667
20200324,751,0.047727,0.454545,0.607053,0.666667
20200324,752,0.047727,0.454545,0.607053,0.666667
20200324,753,0.05,0.381818,0.599496,0.333333
20200324,754,0.05,0.381818,0.599496,0.666667
20200324,755,0.065909,0.381818,0.596977,0.666667
20200324,756,0.065909,0.381818,0.596977,0.333333
20200324,757,0.065909,0.418182,0.586902,0.666667
20200324,758,0.065909,0.418182,0.586902,0.0
20200324,759,0.065909,0.818182,0.594458,0.333333
20200324,760,0.065909,0.818182,0.594458,0.666667
20200324,761,0.075,0.309091,0.602015,0.666667
20200324,762,0.075,0.309091,0.602015,0.666667
20200324,763,0.065909,0.272727,0.617128,1.0
20200324,764,0.065909,0.272727,0.617128,0.333333
20200324,765,0.065909,0.254545,0.612091,0.333333
20200324,766,0.065909,0.254545,0.612091,0.666667
20200324,767,0.065909,0.290909,0.607053,0.666667
20200324,768,0.065909,0.290909,0.607053,0.666667
20200324,769,0.065909,0.363636,0.594458,0.666667
20200324,770,0.065909,0.363636,0.594458,0.666667
20200324,771,0.065909,0.363636,0.589421,0.666667
20200324,772,0.065909,0.363636,0.589421,0.666667
20200324,773,0.065909,0.418182,0.594458,0.333333
20200324,774,0.065909,0.418182,0.594458,0.333333
20200324,775,0.067045,0.381818,0.596977,0.333333
20200324,776,0.067045,0.381818,0.596977,0.333333
20200324,777,0.068182,0.345455,0.607053,0.333333
20200324,778,0.068182,0.345455,0.607053,0.666667
20200324,779,0.065909,0.418182,0.607053,1.0
20200324,780,0.065909,0.418182,0.607053,0.333333
20200324,781,0.067045,0.4,0.607053,0.666667
20200324,782,0.067045,0.4,0.607053,0.333333
20200324,783,0.065909,0.327273,0.596977,0.666667
20200324,784,0.065909,0.327273,0.596977,1.0
20200324,785,0.064773,0.4,0.59194,0.333333
20200324,786,0.064773,0.4,0.59194,0.666667
20200324,787,0.067045,0.781818,0.594458,0.666667
20200324,788,0.067045,0.781818,0.594458,0.666667
20200324,789,0.073864,0.309091,0.604534,0.666667
20200324,790,0.073864,0.309091,0.604534,0.666667
20200324,791,0.068182,0.309091,0.607053,0.666667
20200324,792,0.068182,0.309091,0.607053,0.666667
20200324,793,0.064773,0.254545,0.607053,0.333333
20200324,794,0.064773,0.254545,0.607053,0.333333
20200324,795,0.065909,0.290909,0.599496,0.666667
20200324,796,0.065909,0.290909,0.599496,0.333333
20200324,797,0.067045,0.309091,0.59194,1.0
20200324,798,0.067045,0.309091,0.59194,0.666667
20200324,799,0.064773,0.418182,0.574307,0.666667
20200324,800,0.064773,0.418182,0.574307,0.666667
20200324,801,0.065909,0.345455,0.579345,0.666667
20200324,802,0.065909,0.345455,0.579345,0.666667
20200324,803,0.069318,0.4,0.589421,0.666667
20200324,804,0.069318,0.4,0.589421,0.333333
20200324,805,0.065909,0.4,0.612091,0.333333
20200324,806,0.065909,0.4,0.612091,0.666667
20200324,807,0.068182,0.345455,0.617128,0.333333
20200324,808,0.068182,0.345455,0.617128,1.0
20200324,809,0.065909,0.436364,0.609572,0.666667
20200324,810,0.065909,0.436364,0.609572,0.666667
20200324,811,0.064773,0.4,0.599496,0.666667
20200324,812,0.064773,0.4,0.599496,0.666667
20200324,813,0.064773,0.436364,0.574307,0.333333
20200324,814,0.064773,0.436364,0.574307,0.666667
20200324,815,0.065909,0.472727,0.574307,0.666667
20200324,816,0.065909,0.472727,0.574307,0.333333
20200324,817,0.065909,0.363636,0.596977,0.666667
20200324,818,0.065909,0.363636,0.596977,0.0
20200324,819,0.068182,0.418182,0.617128,0.333333
20200324,820,0.068182,0.418182,0.617128,0.666667
20200324,821,0.067045,0.345455,0.63728,0.666667
20200324,822,0.067045,0.345455,0.63728,0.666667
20200324,823,0.068182,0.4,0.629723,1.0
20200324,824,0.068182,0.4,0.629723,0.333333
20200324,825,0.067045,0.309091,0.612091,0.333333
20200324,826,0.067045,0.309091,0.612091,0.666667
20200324,827,0.064773,0.363636,0.596977,0.666667
20200324,828,0.064773,0.363636,0.596977,0.666667
20200324,829,0.064773,0.4,0.586902,0.666667
20200324,830,0.064773,0.4,0.586902,0.666667
20200324,831,0.065909,0.327273,0.571788,0.666667
20200324,832,0.065909,0.327273,0.571788,0.666667
20200324,833,0.063636,0.4,0.584383,0.333333
20200324,834,0.063636,0.4,0.584383,0.333333
20200324,835,0.064773,0.327273,0.61461,0.333333
20200324,836,0.064773,0.327273,0.61461,0.333333
20200324,837,0.065909,0.327273,0.624685,0.333333
20200324,838,0.065909,0.327273,0.624685,0.666667
20200324,839,0.064773,0.363636,0.622166,1.0
20200324,840,0.064773,0.363636,0.622166,0.333333
20200324,841,0.064773,0.363636,0.61461,0.666667
20200324,842,0.064773,0.363636,0.61461,0.666667
20200324,843,0.0625,0.4,0.602015,0.333333
20200324,844,0.0625,0.4,0.602015,0.666667
20200324,845,0.065909,0.4,0.584383,0.666667
20200324,846,0.065909,0.4,0.584383,0.333333
20200324,847,0.064773,0.454545,0.586902,0.666667
20200324,848,0.064773,0.454545,0.586902,0.0
20200324,849,0.064773,0.327273,0.589421,0.333333
20200324,850,0.064773,0.327273,0.589421,0.666667
20200324,851,0.064773,0.363636,0.607053,0.666667
20200324,852,0.064773,0.363636,0.607053,0.666667
20200324,853,0.067045,0.327273,0.61461,1.0
20200324,854,0.067045,0.327273,0.61461,0.333333
20200324,855,0.067045,0.345455,0.624685,0.333333
20200324,856,0.067045,0.345455,0.624685,0.666667
20200324,857,0.068182,0.327273,0.61461,0.666667
20200324,858,0.068182,0.327273,0.61461,0.666667
20200324,859,0.067045,0.363636,0.607053,0.666667
20200324,860,0.067045,0.363636,0.607053,0.666667
20200324,861,0.064773,0.4,0.594458,0.666667
20200324,862,0.064773,0.4,0.594458,0.666667
20200324,863,0.064773,0.418182,0.589421,0.333333
20200324,864,0.064773,0.418182,0.589421,0.333333
20200324,865,0.064773,0.472727,0.586902,0.333333
20200324,866,0.064773,0.472727,0.586902,0.333333
20200324,867,0.067045,0.363636,0.599496,0.333333
20200324,868,0.067045,0.363636,0.599496,0.666667
20200324,869,0.069318,0.309091,0.612091,1.0
20200324,870,0.069318,0.309091,0.612091,0.333333
20200324,871,0.068182,0.345455,0.619647,0.666667
20200324,872,0.068182,0.345455,0.619647,0.333333
20200324,873,0.067045,0.327273,0.619647,0.666667
20200324,874,0.067045,0.327273,0.619647,1.0
20200324,875,0.068182,0.381818,0.604534,0.333333
20200324,876,0.068182,0.381818,0.604534,0.666667
20200324,877,0.064773,0.363636,0.604534,0.666667
20200324,878,0.064773,0.363636,0.604534,0.666667
20200324,879,0.067045,0.381818,0.574307,0.333333
20200324,880,0.067045,0.381818,0.574307,0.666667
20200324,881,0.064773,0.363636,0.586902,0.666667
20200324,882,0.064773,0.363636,0.586902,0.333333
20200324,883,0.064773,0.472727,0.596977,0.666667
20200324,884,0.064773,0.472727,0.596977,0.0
20200324,885,0.065909,0.363636,0.609572,0.333333
20200324,886,0.065909,0.363636,0.609572,0.666667
20200324,887,0.067045,0.436364,0.612091,0.666667
20200324,888,0.067045,0.436364,0.612091,0.666667
20200324,889,0.065909,0.345455,0.609572,1.0
20200324,890,0.065909,0.345455,0.609572,0.333333
20200324,891,0.065909,0.327273,0.602015,0.333333
20200324,892,0.065909,0.327273,0.602015,0.666667
20200324,893,0.065909,0.381818,0.594458,0.666667
20200324,894,0.065909,0.381818,0.594458,0.666667
20200324,895,0.064773,0.4,0.581864,0.666667
20200324,896,0.064773,0.4,0.581864,0.666667
20200324,897,0.065909,0.418182,0.574307,0.666667
20200324,898,0.065909,0.418182,0.574307,0.666667
20200324,899,0.067045,0.4,0.602015,0.333333
20200324,900,0.067045,0.4,0.602015,0.333333
20200324,901,0.067045,0.454545,0.607053,0.333333
20200324,902,0.067045,0.454545,0.607053,0.333333
20200324,903,0.069318,0.436364,0.612091,0.333333
20200324,904,0.069318,0.436364,0.612091,0.666667
20200324,905,0.063636,0.381818,0.607053,1.0
20200324,906,0.063636,0.381818,0.607053,0.333333
20200324,907,0.070455,0.363636,0.604534,0.666667
20200324,908,0.070455,0.363636,0.604534,0.333333
20200324,909,0.064773,0.381818,0.581864,0.666667
20200324,910,0.064773,0.381818,0.581864,1.0
20200324,911,0.064773,0.381818,0.584383,0.333333
20200324,912,0.064773,0.381818,0.584383,0.666667
20200324,913,0.065909,0.436364,0.589421,0.666667
20200324,914,0.065909,0.436364,0.589421,0.666667
20200324,915,0.065909,0.381818,0.61461,0.666667
20200324,916,0.065909,0.381818,0.61461,0.666667
20200324,917,0.064773,0.4,0.629723,0.666667
20200324,918,0.064773,0.4,0.629723,0.666667
20200324,919,0.068182,0.4,0.624685,0.333333
20200324,920,0.068182,0.4,0.624685,0.333333
20200324,921,0.065909,0.381818,0.619647,0.666667
20200324,922,0.065909,0.381818,0.619647,0.333333
20200324,923,0.0625,0.436364,0.602015,1.0
20200324,924,0.0625,0.436364,0.602015,0.666667
20200324,925,0.064773,0.4,0.584383,0.666667
20200324,926,0.064773,0.4,0.584383,0.666667
20200324,927,0.0625,0.418182,0.586902,0.666667
20200324,928,0.0625,0.418182,0.586902,0.666667
20200324,929,0.064773,0.363636,0.576826,0.666667
20200324,930,0.064773,0.363636,0.576826,0.666667
20200324,931,0.065909,0.418182,0.607053,0.666667
20200324,932,0.065909,0.418182,0.607053,0.666667
20200324,933,0.064773,0.363636,0.612091,0.333333
20200324,934,0.064773,0.363636,0.612091,0.333333
20200324,935,0.068182,0.4,0.61461,0.666667
20200324,936,0.068182,0.4,0.61461,0.333333
20200324,937,0.065909,0.454545,0.609572,1.0
20200324,938,0.065909,0.454545,0.609572,0.666667
20200324,939,0.063636,0.436364,0.602015,0.666667
20200324,940,0.063636,0.436364,0.602015,0.666667
20200324,941,0.064773,0.436364,0.594458,0.666667
20200324,942,0.064773,0.436364,0.594458,0.666667
20200324,943,0.065909,0.436364,0.589421,0.333333
20200324,944,0.065909,0.436364,0.589421,0.666667
20200324,945,0.063636,0.490909,0.59194,0.666667
20200324,946,0.063636,0.490909,0.59194,0.333333
20200324,947,0.065909,0.418182,0.59194,0.666667
20200324,948,0.065909,0.418182,0.59194,0.0
20200324,949,0.064773,0.418182,0.617128,0.333333
20200324,950,0.064773,0.418182,0.617128,0.666667
20200324,951,0.065909,0.363636,0.61461,0.666667
20200324,952,0.065909,0.363636,0.61461,0.666667
20200324,953,0.067045,0.436364,0.604534,1.0
20200324,954,0.067045,0.436364,0.604534,0.333333
20200324,955,0.064773,0.381818,0.594458,0.333333
20200324,956,0.064773,0.381818,0.594458,0.666667
20200324,957,0.065909,0.472727,0.59194,0.666667
20200324,958,0.065909,0.472727,0.59194,0.666667
20200324,959,0.064773,0.454545,0.59194,0.666667
20200324,960,0.064773,0.454545,0.59194,0.666667
20200324,961,0.063636,0.418182,0.596977,0.666667
20200324,962,0.063636,0.418182,0.596977,0.666667
20200324,963,0.065909,0.418182,0.602015,0.333333
20200324,964,0.065909,0.418182,0.602015,0.333333
20200324,965,0.065909,0.381818,0.612091,0.333333
20200324,966,0.065909,0.381818,0.612091,0.333333
20200324,967,0.064773,0.418182,0.607053,0.333333
20200324,968,0.064773,0.418182,0.607053,0.666667
20200324,969,0.065909,0.363636,0.599496,1.0
20200324,970,0.065909,0.363636,0.599496,0.333333
20200324,971,0.063636,0.363636,0.594458,0.666667
20200324,972,0.063636,0.363636,0.594458,0.333333
20200324,973,0.063636,0.436364,0.59194,0.666667
20200324,974,0.063636,0.436364,0.59194,1.0
20200324,975,0.065909,0.436364,0.599496,0.333333
20200324,976,0.065909,0.436364,0.599496,0.666667
20200324,977,0.064773,0.381818,0.594458,0.666667
20200324,978,0.064773,0.381818,0.594458,0.666667
20200324,979,0.065909,0.4,0.589421,0.666667
20200324,980,0.065909,0.4,0.589421,0.666667
20200324,981,0.065909,0.472727,0.579345,0.666667
20200324,982,0.065909,0.472727,0.579345,0.666667
20200324,983,0.064773,0.436364,0.594458,0.333333
20200324,984,0.064773,0.436364,0.594458,0.333333
20200324,985,0.064773,0.418182,0.604534,0.666667
20200324,986,0.064773,0.418182,0.604534,0.333333
20200324,987,0.065909,0.418182,0.609572,1.0
20200324,988,0.065909,0.418182,0.609572,0.666667
20200324,989,0.064773,0.436364,0.607053,0.666667
20200324,990,0.064773,0.436364,0.607053,0.333333
20200324,991,0.064773,0.363636,0.602015,0.666667
20200324,992,0.064773,0.363636,0.602015,0.333333
20200324,993,0.064773,0.436364,0.59194,0.666667
20200324,994,0.064773,0.436364,0.59194,1.0
20200324,995,0.064773,0.418182,0.59194,0.333333
20200324,996,0.064773,0.418182,0.59194,0.666667
20200324,997,0.064773,0.472727,0.59194,0.666667
20200324,998,0.064773,0.472727,0.59194,0.666667
20200324,999,0.063636,0.436364,0.604534,0.333333
20200324,1000,0.063636,0.436364,0.604534,0.666667
20200324,1001,0.067045,0.381818,0.61461,0.666667
20200324,1002,0.067045,0.381818,0.61461,0.333333
20200324,1003,0.064773,0.418182,0.61461,0.666667
20200324,1004,0.064773,0.418182,0.61461,0.0
20200324,1005,0.064773,0.418182,0.604534,0.333333
20200324,1006,0.064773,0.418182,0.604534,0.666667
20200324,1007,0.064773,0.4,0.581864,0.666667
20200324,1008,0.064773,0.4,0.581864,0.666667
20200324,1009,0.063636,0.4,0.59194,1.0
20200324,1010,0.063636,0.4,0.59194,0.333333
20200324,1011,0.064773,0.4,0.584383,0.333333
20200324,1012,0.064773,0.4,0.584383,0.666667
20200324,1013,0.065909,0.381818,0.599496,0.666667
20200324,1014,0.065909,0.381818,0.599496,0.666667
20200324,1015,0.067045,0.4,0.617128,0.666667
20200324,1016,0.067045,0.4,0.617128,0.666667
20200324,1017,0.065909,0.4,0.632242,0.666667
20200324,1018,0.065909,0.4,0.632242,0.666667
20200324,1019,0.065909,0.381818,0.622166,0.333333
20200324,1020,0.065909,0.381818,0.622166,0.333333
20200324,1021,0.064773,0.436364,0.612091,0.333333
20200324,1022,0.064773,0.436364,0.612091,0.333333
20200324,1023,0.064773,0.345455,0.599496,0.333333
20200324,1024,0.064773,0.345455,0.599496,0.666667
20200324,1025,0.0625,0.418182,0.59194,1.0
20200324,1026,0.0625,0.418182,0.59194,0.333333
20200324,1027,0.0625,0.472727,0.586902,0.666667
20200324,1028,0.0625,0.472727,0.586902,0.333333
20200324,1029,0.065909,0.436364,0.586902,0.666667
20200324,1030,0.065909,0.436364,0.586902,1.0
20200324,1031,0.063636,0.4,0.609572,0.333333
20200324,1032,0.063636,0.4,0.609572,0.666667
20200324,1033,0.064773,0.4,0.619647,0.666667
20200324,1034,0.064773,0.4,0.619647,0.666667
20200324,1035,0.064773,0.327273,0.612091,0.666667
20200324,1036,0.064773,0.327273,0.612091,0.666667
20200324,1037,0.064773,0.381818,0.594458,0.666667
20200324,1038,0.064773,0.381818,0.594458,0.666667
20200324,1039,0.0625,0.363636,0.584383,0.333333
20200324,1040,0.0625,0.363636,0.584383,0.333333
20200324,1041,0.063636,0.418182,0.589421,0.666667
20200324,1042,0.063636,0.418182,0.589421,0.333333
20200324,1043,0.063636,0.363636,0.594458,1.0
20200324,1044,0.063636,0.363636,0.594458,0.666667
20200324,1045,0.064773,0.436364,0.602015,0.666667
20200324,1046,0.064773,0.436364,0.602015,0.666667
20200324,1047,0.063636,0.381818,0.609572,0.666667
20200324,1048,0.063636,0.381818,0.609572,0.666667
20200324,1049,0.064773,0.418182,0.609572,0.666667
20200324,1050,0.064773,0.418182,0.609572,0.666667
20200324,1051,0.064773,0.363636,0.61461,0.666667
20200324,1052,0.064773,0.363636,0.61461,0.666667
20200324,1053,0.063636,0.381818,0.602015,0.333333
20200324,1054,0.063636,0.381818,0.602015,0.333333
20200324,1055,0.0625,0.4,0.59194,0.666667
20200324,1056,0.0625,0.4,0.59194,0.333333
20200324,1057,0.064773,0.436364,0.594458,1.0
20200324,1058,0.064773,0.436364,0.594458,0.666667
20200324,1059,0.0625,0.381818,0.594458,0.666667
20200324,1060,0.0625,0.381818,0.594458,0.666667
20200324,1061,0.063636,0.418182,0.594458,0.666667
20200324,1062,0.063636,0.418182,0.594458,0.666667
20200324,1063,0.064773,0.436364,0.602015,0.333333
20200324,1064,0.064773,0.436364,0.602015,0.666667
20200324,1065,0.065909,0.418182,0.607053,0.666667
20200324,1066,0.065909,0.418182,0.607053,0.333333
20200324,1067,0.064773,0.4,0.604534,0.666667
20200324,1068,0.064773,0.4,0.604534,0.0
20200324,1069,0.064773,0.4,0.604534,0.333333
20200324,1070,0.064773,0.4,0.604534,0.666667
20200324,1071,0.063636,0.454545,0.596977,0.666667
20200324,1072,0.063636,0.454545,0.596977,0.666667
20200324,1073,0.0625,0.418182,0.589421,1.0
20200324,1074,0.0625,0.418182,0.589421,0.333333
20200324,1075,0.063636,0.454545,0.594458,0.333333
20200324,1076,0.063636,0.454545,0.594458,0.666667
20200324,1077,0.063636,0.490909,0.586902,0.666667
20200324,1078,0.063636,0.490909,0.586902,0.666667
20200324,1079,0.065909,0.381818,0.604534,0.666667
20200324,1080,0.065909,0.381818,0.604534,0.666667
20200324,1081,0.063636,0.436364,0.607053,0.666667
20200324,1082,0.063636,0.436364,0.607053,0.666667
20200324,1083,0.063636,0.345455,0.596977,0.333333
20200324,1084,0.063636,0.345455,0.596977,0.333333
20200324,1085,0.064773,0.436364,0.581864,0.333333
20200324,1086,0.064773,0.436364,0.581864,0.333333
20200324,1087,0.0625,0.4,0.59194,0.333333
20200324,1088,0.0625,0.4,0.59194,0.666667
20200324,1089,0.063636,0.4,0.59194,1.0
20200324,1090,0.063636,0.4,0.59194,0.333333
20200324,1091,0.064773,0.363636,0.584383,0.666667
20200324,1092,0.064773,0.363636,0.584383,0.333333
20200324,1093,0.063636,0.436364,0.602015,0.666667
20200324,1094,0.063636,0.436364,0.602015,1.0
20200324,1095,0.064773,0.436364,0.604534,0.333333
20200324,1096,0.064773,0.436364,0.604534,0.666667
20200324,1097,0.064773,0.4,0.607053,0.666667
20200324,1098,0.064773,0.4,0.607053,0.666667
20200324,1099,0.0625,0.436364,0.599496,0.666667
20200324,1100,0.0625,0.436364,0.599496,0.666667
20200324,1101,0.063636,0.363636,0.594458,0.666667
20200324,1102,0.063636,0.363636,0.594458,0.666667
20200324,1103,0.063636,0.472727,0.59194,0.333333
20200324,1104,0.063636,0.472727,0.59194,0.666667
20200324,1105,0.0625,0.345455,0.59194,0.666667
20200324,1106,0.0625,0.345455,0.59194,0.333333
20200324,1107,0.0625,0.4,0.602015,0.666667
20200324,1108,0.0625,0.4,0.602015,0.666667
20200324,1109,0.064773,0.436364,0.607053,0.333333
20200324,1110,0.064773,0.436364,0.607053,0.666667
20200324,1111,0.063636,0.454545,0.609572,0.0
20200324,1112,0.063636,0.454545,0.609572,0.333333
20200324,1113,0.064773,0.363636,0.604534,0.666667
20200324,1114,0.064773,0.363636,0.604534,0.666667
20200324,1115,0.063636,0.381818,0.602015,0.666667
20200324,1116,0.063636,0.381818,0.602015,1.0
20200324,1117,0.063636,0.418182,0.581864,0.333333
20200324,1118,0.063636,0.418182,0.581864,0.333333
20200324,1119,0.063636,0.418182,0.59194,0.666667
20200324,1120,0.063636,0.418182,0.59194,0.666667
20200324,1121,0.063636,0.472727,0.596977,0.666667
20200324,1122,0.063636,0.472727,0.596977,0.666667
20200324,1123,0.064773,0.418182,0.604534,0.666667
20200324,1124,0.064773,0.418182,0.604534,0.666667
20200324,1125,0.063636,0.454545,0.604534,0.666667
20200324,1126,0.063636,0.454545,0.604534,0.333333
20200324,1127,0.064773,0.454545,0.604534,0.333333
20200324,1128,0.064773,0.454545,0.604534,0.333333
20200324,1129,0.064773,0.363636,0.596977,0.333333
20200324,1130,0.064773,0.363636,0.596977,0.333333
20200324,1131,0.063636,0.418182,0.584383,0.666667
20200324,1132,0.063636,0.418182,0.584383,1.0
20200324,1133,0.063636,0.363636,0.581864,0.333333
20200324,1134,0.063636,0.363636,0.581864,0.666667
20200324,1135,0.065909,0.381818,0.602015,0.333333
20200324,1136,0.065909,0.381818,0.602015,0.666667
20200324,1137,0.065909,0.418182,0.61461,1.0
20200324,1138,0.065909,0.418182,0.61461,0.333333
20200324,1139,0.064773,0.4,0.612091,0.666667
20200324,1140,0.064773,0.4,0.612091,0.666667
20200324,1141,0.064773,0.454545,0.602015,0.666667
20200324,1142,0.064773,0.454545,0.602015,0.333333
20200324,1143,0.0625,0.418182,0.594458,0.666667
20200324,1144,0.0625,0.418182,0.594458,0.666667
20200324,1145,0.061364,0.363636,0.594458,0.333333
20200324,1146,0.061364,0.363636,0.594458,0.666667
20200324,1147,0.0625,0.418182,0.596977,0.0
20200324,1148,0.0625,0.418182,0.596977,0.333333
20200324,1149,0.0625,0.436364,0.596977,0.666667
20200324,1150,0.0625,0.436364,0.596977,0.666667
20200324,1151,0.065909,0.472727,0.602015,0.666667
20200324,1152,0.065909,0.472727,0.602015,1.0
20200324,1153,0.0625,0.418182,0.599496,0.333333
20200324,1154,0.0625,0.418182,0.599496,0.333333
20200324,1155,0.0625,0.4,0.594458,0.666667
20200324,1156,0.0625,0.4,0.594458,0.666667
20200324,1157,0.063636,0.472727,0.594458,0.666667
20200324,1158,0.063636,0.472727,0.594458,0.666667
20200324,1159,0.063636,0.381818,0.59194,0.666667
20200324,1160,0.063636,0.381818,0.59194,0.666667
20200324,1161,0.063636,0.418182,0.602015,0.666667
20200324,1162,0.063636,0.418182,0.602015,0.333333
20200324,1163,0.063636,0.345455,0.596977,0.333333
20200324,1164,0.063636,0.345455,0.596977,0.333333
20200324,1165,0.063636,0.418182,0.599496,0.333333
20200324,1166,0.063636,0.418182,0.599496,0.333333
20200324,1167,0.064773,0.381818,0.599496,0.666667
20200324,1168,0.064773,0.381818,0.599496,1.0
20200324,1169,0.063636,0.436364,0.594458,0.333333
20200324,1170,0.063636,0.436364,0.594458,0.666667
20200324,1171,0.064773,0.418182,0.59194,0.333333
20200324,1172,0.064773,0.418182,0.59194,0.666667
20200324,1173,0.065909,0.381818,0.59194,1.0
20200324,1174,0.065909,0.381818,0.59194,0.333333
20200324,1175,0.064773,0.454545,0.599496,0.666667
20200324,1176,0.064773,0.454545,0.599496,0.666667
20200324,1177,0.0625,0.436364,0.596977,0.666667
20200324,1178,0.0625,0.436364,0.596977,0.666667
20200324,1179,0.064773,0.418182,0.609572,0.666667
20200324,1180,0.064773,0.418182,0.609572,0.666667
20200324,1181,0.063636,0.345455,0.612091,0.666667
20200324,1182,0.063636,0.345455,0.612091,0.333333
20200324,1183,0.061364,0.381818,0.602015,0.333333
20200324,1184,0.061364,0.381818,0.602015,0.666667
20200324,1185,0.0625,0.418182,0.596977,0.333333
20200324,1186,0.0625,0.418182,0.596977,1.0
20200324,1187,0.063636,0.418182,0.579345,0.666667
20200324,1188,0.063636,0.418182,0.579345,0.666667
20200324,1189,0.0625,0.436364,0.59194,0.666667
20200324,1190,0.0625,0.436364,0.59194,0.666667
20200324,1191,0.063636,0.436364,0.602015,0.666667
20200324,1192,0.063636,0.436364,0.602015,0.666667
20200324,1193,0.064773,0.418182,0.612091,0.666667
20200324,1194,0.064773,0.418182,0.612091,0.666667
20200324,1195,0.063636,0.418182,0.617128,0.666667
20200324,1196,0.063636,0.418182,0.617128,0.333333
20200324,1197,0.063636,0.436364,0.61461,0.333333
20200324,1198,0.063636,0.436364,0.61461,0.666667
20200324,1199,0.059091,0.381818,0.599496,0.333333
20200324,1200,0.059091,0.381818,0.599496,1.0
20200325,1,0.0625,0.4,0.589421,0.666667
20200325,2,0.0625,0.4,0.589421,0.666667
20200325,3,0.0625,0.490909,0.586902,0.666667
20200325,4,0.0625,0.490909,0.586902,0.666667
20200325,5,0.060227,0.418182,0.594458,0.666667
20200325,6,0.060227,0.418182,0.594458,0.333333
20200325,7,0.063636,0.4,0.609572,0.666667
20200325,8,0.063636,0.4,0.609572,0.666667
20200325,9,0.064773,0.381818,0.622166,0.333333
20200325,10,0.064773,0.381818,0.622166,0.666667
20200325,11,0.0625,0.436364,0.619647,0.0
20200325,12,0.0625,0.436364,0.619647,0.333333
20200325,13,0.063636,0.4,0.609572,0.666667
20200325,14,0.063636,0.4,0.609572,0.666667
20200325,15,0.061364,0.472727,0.596977,0.666667
20200325,16,0.061364,0.472727,0.596977,1.0
20200325,17,0.060227,0.472727,0.584383,0.333333
20200325,18,0.060227,0.472727,0.584383,0.333333
20200325,19,0.0625,0.509091,0.584383,0.666667
20200325,20,0.0625,0.509091,0.584383,0.666667
20200325,21,0.061364,0.454545,0.602015,0.666667
20200325,22,0.061364,0.454545,0.602015,0.666667
20200325,23,0.065909,0.436364,0.622166,0.666667
20200325,24,0.065909,0.436364,0.622166,0.666667
20200325,25,0.0625,0.363636,0.629723,0.666667
20200325,26,0.0625,0.363636,0.629723,0.333333
20200325,27,0.0625,0.381818,0.624685,0.333333
20200325,28,0.0625,0.381818,0.624685,0.333333
20200325,29,0.060227,0.381818,0.617128,0.333333
20200325,30,0.060227,0.381818,0.617128,0.333333
20200325,31,0.060227,0.436364,0.599496,0.666667
20200325,32,0.060227,0.436364,0.599496,1.0
20200325,33,0.059091,0.436364,0.589421,0.333333
20200325,34,0.059091,0.436364,0.589421,0.666667
20200325,35,0.060227,0.490909,0.586902,0.333333
20200325,36,0.060227,0.490909,0.586902,0.666667
20200325,37,0.060227,0.436364,0.596977,1.0
20200325,38,0.060227,0.436364,0.596977,0.333333
20200325,39,0.063636,0.418182,0.617128,0.666667
20200325,40,0.063636,0.418182,0.617128,0.666667
20200325,41,0.0625,0.381818,0.624685,0.666667
20200325,42,0.0625,0.381818,0.624685,0.666667
20200325,43,0.061364,0.363636,0.617128,0.666667
20200325,44,0.061364,0.363636,0.617128,0.666667
20200325,45,0.063636,0.4,0.599496,0.666667
20200325,46,0.063636,0.4,0.599496,0.333333
20200325,47,0.059091,0.381818,0.586902,0.333333
20200325,48,0.059091,0.381818,0.586902,0.666667
20200325,49,0.061364,0.363636,0.571788,0.333333
20200325,50,0.061364,0.363636,0.571788,1.0
20200325,51,0.0625,0.436364,0.59194,0.666667
20200325,52,0.0625,0.436364,0.59194,0.666667
20200325,53,0.061364,0.363636,0.607053,0.333333
20200325,54,0.061364,0.363636,0.607053,0.666667
20200325,55,0.063636,0.4,0.629723,0.666667
20200325,56,0.063636,0.4,0.629723,0.666667
20200325,57,0.0625,0.363636,0.634761,0.666667
20200325,58,0.0625,0.363636,0.634761,0.666667
20200325,59,0.061364,0.345455,0.622166,0.666667
20200325,60,0.061364,0.345455,0.622166,0.666667
20200325,61,0.0625,0.381818,0.604534,0.333333
20200325,62,0.0625,0.381818,0.604534,0.333333
20200325,63,0.059091,0.381818,0.594458,0.333333
20200325,64,0.059091,0.381818,0.594458,0.333333
20200325,65,0.061364,0.418182,0.584383,0.333333
20200325,66,0.061364,0.418182,0.584383,0.666667
20200325,67,0.063636,0.381818,0.596977,1.0
20200325,68,0.063636,0.381818,0.596977,0.333333
20200325,69,0.0625,0.4,0.602015,0.666667
20200325,70,0.0625,0.4,0.602015,0.333333
20200325,71,0.063636,0.4,0.61461,0.666667
20200325,72,0.063636,0.4,0.61461,1.0
20200325,73,0.064773,0.345455,0.61461,0.333333
20200325,74,0.064773,0.345455,0.61461,0.666667
20200325,75,0.0625,0.363636,0.604534,0.666667
20200325,76,0.0625,0.363636,0.596977,0.666667
20200325,77,0.0625,0.363636,0.596977,0.333333
20200325,78,0.061364,0.363636,0.589421,0.666667
20200325,79,0.061364,0.363636,0.589421,0.666667
20200325,80,0.0625,0.454545,0.59194,0.333333
20200325,81,0.0625,0.454545,0.59194,0.666667
20200325,82,0.0625,0.418182,0.604534,0.0
20200325,83,0.0625,0.418182,0.604534,0.333333
20200325,84,0.063636,0.436364,0.617128,0.666667
20200325,85,0.063636,0.436364,0.617128,0.666667
20200325,86,0.063636,0.381818,0.619647,0.666667
20200325,87,0.063636,0.381818,0.619647,1.0
20200325,88,0.064773,0.381818,0.612091,0.333333
20200325,89,0.064773,0.381818,0.612091,0.333333
20200325,90,0.061364,0.381818,0.599496,0.666667
20200325,91,0.061364,0.381818,0.599496,0.666667
20200325,92,0.061364,0.4,0.594458,0.666667
20200325,93,0.061364,0.4,0.594458,0.666667
20200325,94,0.064773,0.436364,0.594458,0.666667
20200325,95,0.064773,0.436364,0.594458,0.666667
20200325,96,0.061364,0.454545,0.59194,0.666667
20200325,97,0.061364,0.454545,0.59194,0.333333
20200325,98,0.063636,0.4,0.604534,0.333333
20200325,99,0.063636,0.4,0.604534,0.333333
20200325,100,0.063636,0.418182,0.612091,0.333333
20200325,101,0.063636,0.418182,0.612091,0.333333
20200325,102,0.0625,0.4,0.61461,0.666667
20200325,103,0.0625,0.4,0.61461,1.0
20200325,104,0.0625,0.454545,0.607053,0.333333
20200325,105,0.0625,0.454545,0.607053,0.666667
20200325,106,0.061364,0.418182,0.599496,0.333333
20200325,107,0.061364,0.418182,0.599496,0.666667
20200325,108,0.061364,0.381818,0.576826,1.0
20200325,109,0.061364,0.381818,0.576826,0.333333
20200325,110,0.061364,0.472727,0.594458,0.666667
20200325,111,0.061364,0.472727,0.594458,0.666667
20200325,112,0.0625,0.363636,0.594458,0.666667
20200325,113,0.0625,0.363636,0.594458,0.666667
20200325,114,0.0625,0.454545,0.612091,0.666667
20200325,115,0.0625,0.454545,0.612091,0.666667
20200325,116,0.065909,0.436364,0.629723,0.666667
20200325,117,0.065909,0.436364,0.629723,0.333333
20200325,118,0.0625,0.381818,0.624685,0.333333
20200325,119,0.0625,0.381818,0.624685,0.666667
20200325,120,0.061364,0.4,0.602015,0.333333
20200325,121,0.061364,0.4,0.602015,1.0
20200325,122,0.064773,0.4,0.602015,0.666667
20200325,123,0.064773,0.4,0.602015,0.666667
20200325,124,0.060227,0.4,0.594458,0.666667
20200325,125,0.060227,0.4,0.594458,0.666667
20200325,126,0.063636,0.454545,0.589421,0.666667
20200325,127,0.063636,0.454545,0.589421,0.666667
20200325,128,0.063636,0.436364,0.586902,0.666667
20200325,129,0.063636,0.436364,0.586902,0.666667
20200325,130,0.064773,0.472727,0.602015,0.666667
20200325,131,0.064773,0.472727,0.602015,0.333333
20200325,132,0.063636,0.454545,0.617128,0.333333
20200325,133,0.063636,0.454545,0.617128,0.666667
20200325,134,0.064773,0.454545,0.617128,0.333333
20200325,135,0.064773,0.454545,0.617128,1.0
20200325,136,0.0625,0.309091,0.624685,0.666667
20200325,137,0.0625,0.309091,0.624685,0.666667
20200325,138,0.0625,0.363636,0.61461,0.666667
20200325,139,0.0625,0.363636,0.61461,0.666667
20200325,140,0.059091,0.4,0.599496,0.666667
20200325,141,0.059091,0.4,0.599496,0.333333
20200325,142,0.060227,0.418182,0.589421,0.666667
20200325,143,0.060227,0.418182,0.589421,0.666667
20200325,144,0.063636,0.418182,0.602015,0.333333
20200325,145,0.063636,0.418182,0.602015,0.666667
20200325,146,0.060227,0.363636,0.599496,0.0
20200325,147,0.060227,0.363636,0.599496,0.333333
20200325,148,0.063636,0.436364,0.602015,0.666667
20200325,149,0.063636,0.436364,0.602015,0.666667
20200325,150,0.063636,0.418182,0.599496,0.666667
20200325,151,0.063636,0.418182,0.599496,1.0
20200325,152,0.061364,0.363636,0.602015,0.333333
20200325,153,0.061364,0.363636,0.602015,0.333333
20200325,154,0.063636,0.436364,0.594458,0.666667
20200325,155,0.063636,0.436364,0.594458,0.666667
20200325,156,0.064773,0.4,0.59194,0.666667
20200325,157,0.064773,0.4,0.59194,0.666667
20200325,158,0.0625,0.418182,0.594458,0.666667
20200325,159,0.0625,0.418182,0.594458,0.666667
20200325,160,0.063636,0.381818,0.604534,0.666667
20200325,161,0.063636,0.381818,0.604534,0.333333
20200325,162,0.064773,0.381818,0.607053,0.333333
20200325,163,0.064773,0.381818,0.607053,0.666667
20200325,164,0.0625,0.454545,0.604534,0.666667
20200325,165,0.0625,0.454545,0.604534,0.333333
20200325,166,0.064773,0.4,0.596977,0.666667
20200325,167,0.064773,0.4,0.596977,0.666667
20200325,168,0.0625,0.454545,0.589421,0.333333
20200325,169,0.0625,0.454545,0.589421,0.666667
20200325,170,0.0625,0.381818,0.586902,0.0
20200325,171,0.0625,0.381818,0.586902,0.333333
20200325,172,0.064773,0.472727,0.596977,0.666667
20200325,173,0.064773,0.472727,0.596977,0.666667
20200325,174,0.061364,0.418182,0.612091,0.666667
20200325,175,0.061364,0.418182,0.612091,1.0
20200325,176,0.063636,0.381818,0.612091,0.333333
20200325,177,0.063636,0.381818,0.612091,0.333333
20200325,178,0.063636,0.381818,0.61461,0.666667
20200325,179,0.063636,0.381818,0.61461,0.666667
20200325,180,0.063636,0.4,0.604534,0.666667
20200325,181,0.063636,0.4,0.604534,0.666667
20200325,182,0.061364,0.418182,0.599496,0.666667
20200325,183,0.061364,0.418182,0.599496,0.666667
20200325,184,0.061364,0.418182,0.579345,0.666667
20200325,185,0.061364,0.418182,0.579345,0.333333
20200325,186,0.059091,0.454545,0.59194,0.333333
20200325,187,0.059091,0.454545,0.59194,0.333333
20200325,188,0.064773,0.418182,0.59194,0.333333
20200325,189,0.064773,0.418182,0.59194,0.333333
20200325,190,0.063636,0.454545,0.602015,0.666667
20200325,191,0.063636,0.454545,0.602015,1.0
20200325,192,0.0625,0.4,0.622166,0.333333
20200325,193,0.0625,0.4,0.622166,0.666667
20200325,194,0.064773,0.381818,0.622166,0.333333
20200325,195,0.064773,0.381818,0.622166,0.666667
20200325,196,0.060227,0.381818,0.617128,1.0
20200325,197,0.060227,0.381818,0.617128,0.333333
20200325,198,0.0625,0.345455,0.599496,0.666667
20200325,199,0.0625,0.345455,0.599496,0.666667
20200325,200,0.061364,0.381818,0.589421,0.666667
20200325,201,0.061364,0.381818,0.589421,0.333333
20200325,202,0.0625,0.490909,0.584383,0.666667
20200325,203,0.0625,0.490909,0.584383,0.666667
20200325,204,0.0625,0.527273,0.594458,0.333333
20200325,205,0.0625,0.527273,0.594458,0.666667
20200325,206,0.061364,0.4,0.602015,0.0
20200325,207,0.061364,0.4,0.602015,0.333333
20200325,208,0.063636,0.381818,0.629723,0.666667
20200325,209,0.063636,0.381818,0.629723,0.666667
20200325,210,0.064773,0.345455,0.632242,0.666667
20200325,211,0.064773,0.345455,0.632242,1.0
20200325,212,0.061364,0.418182,0.624685,0.333333
20200325,213,0.061364,0.418182,0.624685,0.333333
20200325,214,0.060227,0.472727,0.607053,0.666667
20200325,215,0.060227,0.472727,0.607053,0.666667
20200325,216,0.060227,0.454545,0.594458,0.666667
20200325,217,0.060227,0.454545,0.594458,0.666667
20200325,218,0.057955,0.436364,0.586902,0.666667
20200325,219,0.057955,0.436364,0.586902,0.666667
20200325,220,0.060227,0.418182,0.581864,0.666667
20200325,221,0.060227,0.418182,0.581864,0.333333
20200325,222,0.063636,0.381818,0.599496,0.333333
20200325,223,0.063636,0.381818,0.599496,0.333333
20200325,224,0.063636,0.418182,0.612091,0.333333
20200325,225,0.063636,0.418182,0.612091,0.333333
20200325,226,0.063636,0.345455,0.624685,0.666667
20200325,227,0.063636,0.345455,0.624685,1.0
20200325,228,0.061364,0.418182,0.624685,0.333333
20200325,229,0.061364,0.418182,0.624685,0.666667
20200325,230,0.064773,0.418182,0.609572,0.333333
20200325,231,0.064773,0.418182,0.609572,0.666667
20200325,232,0.059091,0.436364,0.602015,1.0
20200325,233,0.059091,0.436364,0.602015,0.333333
20200325,234,0.061364,0.418182,0.596977,0.666667
20200325,235,0.061364,0.418182,0.596977,0.666667
20200325,236,0.061364,0.472727,0.586902,0.666667
20200325,237,0.061364,0.472727,0.586902,0.666667
20200325,238,0.060227,0.418182,0.602015,0.666667
20200325,239,0.060227,0.418182,0.602015,0.666667
20200325,240,0.0625,0.4,0.602015,0.666667
20200325,241,0.0625,0.4,0.602015,0.333333
20200325,242,0.061364,0.436364,0.612091,0.333333
20200325,243,0.061364,0.436364,0.612091,0.666667
20200325,244,0.061364,0.363636,0.619647,0.333333
20200325,245,0.061364,0.363636,0.619647,1.0
20200325,246,0.0625,0.418182,0.604534,0.666667
20200325,247,0.0625,0.418182,0.604534,0.666667
20200325,248,0.063636,0.509091,0.599496,0.666667
20200325,249,0.063636,0.509091,0.599496,0.666667
20200325,250,0.059091,0.418182,0.589421,0.666667
20200325,251,0.059091,0.418182,0.589421,0.666667
20200325,252,0.063636,0.490909,0.586902,0.666667
20200325,253,0.063636,0.490909,0.586902,0.666667
20200325,254,0.059091,0.4,0.594458,0.666667
20200325,255,0.059091,0.4,0.594458,0.333333
20200325,256,0.060227,0.4,0.604534,0.333333
20200325,257,0.060227,0.4,0.604534,0.666667
20200325,258,0.061364,0.472727,0.604534,0.333333
20200325,259,0.061364,0.472727,0.604534,1.0
20200325,260,0.0625,0.472727,0.599496,0.666667
20200325,261,0.0625,0.472727,0.599496,0.666667
20200325,262,0.061364,0.509091,0.596977,0.666667
20200325,263,0.061364,0.509091,0.596977,0.666667
20200325,264,0.063636,0.472727,0.594458,0.666667
20200325,265,0.063636,0.472727,0.594458,0.333333
20200325,266,0.060227,0.454545,0.59194,0.666667
20200325,267,0.060227,0.454545,0.59194,0.666667
20200325,268,0.061364,0.363636,0.599496,0.333333
20200325,269,0.061364,0.363636,0.599496,0.666667
20200325,270,0.0625,0.472727,0.599496,0.0
20200325,271,0.0625,0.472727,0.599496,0.333333
20200325,272,0.060227,0.418182,0.599496,0.666667
20200325,273,0.060227,0.418182,0.599496,0.666667
20200325,274,0.063636,0.436364,0.602015,0.666667
20200325,275,0.063636,0.436364,0.602015,1.0
20200325,276,0.061364,0.4,0.59194,0.333333
20200325,277,0.061364,0.4,0.59194,0.333333
20200325,278,0.0625,0.381818,0.589421,0.666667
20200325,279,0.0625,0.381818,0.589421,0.666667
20200325,280,0.060227,0.436364,0.59194,0.333333
20200325,281,0.060227,0.436364,0.59194,0.666667
20200325,282,0.060227,0.418182,0.589421,0.666667
20200325,283,0.060227,0.418182,0.589421,0.333333
20200325,284,0.0625,0.381818,0.607053,0.666667
20200325,285,0.0625,0.381818,0.607053,0.0
20200325,286,0.063636,0.363636,0.612091,0.333333
20200325,287,0.063636,0.363636,0.612091,0.666667
20200325,288,0.064773,0.436364,0.617128,0.666667
20200325,289,0.064773,0.436364,0.617128,0.666667
20200325,290,0.063636,0.418182,0.612091,1.0
20200325,291,0.063636,0.418182,0.612091,0.333333
20200325,292,0.059091,0.490909,0.602015,0.333333
20200325,293,0.059091,0.490909,0.602015,0.666667
20200325,294,0.059091,0.454545,0.59194,0.666667
20200325,295,0.059091,0.454545,0.59194,0.666667
20200325,296,0.0625,0.381818,0.589421,0.666667
20200325,297,0.0625,0.381818,0.589421,0.666667
20200325,298,0.060227,0.418182,0.586902,0.666667
20200325,299,0.060227,0.418182,0.586902,0.666667
20200325,300,0.060227,0.363636,0.594458,0.333333
20200325,301,0.060227,0.363636,0.594458,0.333333
20200325,302,0.060227,0.436364,0.602015,0.333333
20200325,303,0.060227,0.436364,0.602015,0.333333
20200325,304,0.064773,0.345455,0.596977,0.333333
20200325,305,0.064773,0.345455,0.596977,0.666667
20200325,306,0.061364,0.4,0.581864,1.0
20200325,307,0.061364,0.4,0.581864,0.333333
20200325,308,0.061364,0.4,0.594458,0.666667
20200325,309,0.061364,0.4,0.594458,0.333333
20200325,310,0.063636,0.418182,0.596977,0.666667
20200325,311,0.063636,0.418182,0.596977,1.0
20200325,312,0.063636,0.363636,0.596977,0.333333
20200325,313,0.063636,0.363636,0.596977,0.666667
20200325,314,0.061364,0.4,0.599496,0.666667
20200325,315,0.061364,0.4,0.599496,0.666667
20200325,316,0.063636,0.381818,0.602015,0.333333
20200325,317,0.063636,0.381818,0.602015,0.666667
20200325,318,0.0625,0.381818,0.599496,0.666667
20200325,319,0.0625,0.381818,0.599496,0.333333
20200325,320,0.061364,0.381818,0.596977,0.666667
20200325,321,0.061364,0.381818,0.596977,0.0
20200325,322,0.061364,0.436364,0.581864,0.333333
20200325,323,0.061364,0.436364,0.581864,0.666667
20200325,324,0.064773,0.418182,0.59194,0.666667
20200325,325,0.064773,0.418182,0.59194,0.666667
20200325,326,0.0625,0.4,0.59194,1.0
20200325,327,0.0625,0.4,0.59194,0.333333
20200325,328,0.063636,0.4,0.596977,0.333333
20200325,329,0.063636,0.4,0.596977,0.666667
20200325,330,0.061364,0.381818,0.599496,0.666667
20200325,331,0.061364,0.381818,0.599496,0.666667
20200325,332,0.063636,0.418182,0.594458,0.666667
20200325,333,0.063636,0.418182,0.594458,0.666667
20200325,334,0.0625,0.436364,0.596977,0.666667
20200325,335,0.0625,0.436364,0.596977,0.666667
20200325,336,0.063636,0.363636,0.599496,0.333333
20200325,337,0.063636,0.363636,0.599496,0.333333
20200325,338,0.063636,0.4,0.596977,0.333333
20200325,339,0.063636,0.4,0.596977,0.333333
20200325,340,0.061364,0.436364,0.594458,0.333333
20200325,341,0.061364,0.436364,0.594458,0.666667
20200325,342,0.059091,0.454545,0.579345,1.0
20200325,343,0.059091,0.454545,0.579345,0.333333
20200325,344,0.061364,0.4,0.584383,0.666667
20200325,345,0.061364,0.4,0.584383,0.333333
20200325,346,0.063636,0.381818,0.599496,0.666667
20200325,347,0.063636,0.381818,0.599496,1.0
20200325,348,0.063636,0.418182,0.607053,0.333333
20200325,349,0.063636,0.418182,0.607053,0.666667
20200325,350,0.0625,0.418182,0.612091,0.666667
20200325,351,0.0625,0.418182,0.612091,0.666667
20200325,352,0.061364,0.490909,0.609572,0.666667
20200325,353,0.061364,0.490909,0.609572,0.666667
20200325,354,0.0625,0.4,0.599496,0.666667
20200325,355,0.0625,0.4,0.599496,0.666667
20200325,356,0.059091,0.472727,0.59194,0.333333
20200325,357,0.059091,0.472727,0.59194,0.333333
20200325,358,0.059091,0.436364,0.589421,0.666667
20200325,359,0.059091,0.436364,0.589421,0.333333
20200325,360,0.063636,0.4,0.594458,1.0
20200325,361,0.063636,0.4,0.594458,0.666667
20200325,362,0.060227,0.381818,0.599496,0.666667
20200325,363,0.060227,0.381818,0.599496,0.666667
20200325,364,0.0625,0.381818,0.619647,0.666667
20200325,365,0.0625,0.381818,0.619647,0.666667
20200325,366,0.063636,0.363636,0.617128,0.666667
20200325,367,0.063636,0.363636,0.617128,0.666667
20200325,368,0.060227,0.345455,0.612091,0.666667
20200325,369,0.060227,0.345455,0.612091,0.666667
20200325,370,0.0625,0.381818,0.596977,0.333333
20200325,371,0.0625,0.381818,0.596977,0.333333
20200325,372,0.059091,0.381818,0.589421,0.666667
20200325,373,0.059091,0.381818,0.589421,0.333333
20200325,374,0.061364,0.4,0.594458,0.666667
20200325,375,0.061364,0.4,0.594458,0.666667
20200325,376,0.0625,0.345455,0.594458,0.333333
20200325,377,0.0625,0.345455,0.594458,0.666667
20200325,378,0.0625,0.381818,0.589421,0.666667
20200325,379,0.0625,0.381818,0.589421,0.333333
20200325,380,0.063636,0.363636,0.609572,0.666667
20200325,381,0.063636,0.363636,0.609572,0.0
20200325,382,0.064773,0.345455,0.612091,0.333333
20200325,383,0.064773,0.345455,0.612091,0.666667
20200325,384,0.060227,0.381818,0.607053,0.666667
20200325,385,0.060227,0.381818,0.607053,0.666667
20200325,386,0.061364,0.4,0.596977,1.0
20200325,387,0.061364,0.4,0.596977,0.333333
20200325,388,0.0625,0.4,0.594458,0.333333
20200325,389,0.0625,0.4,0.594458,0.666667
20200325,390,0.061364,0.381818,0.581864,0.666667
20200325,391,0.061364,0.381818,0.581864,0.666667
20200325,392,0.0625,0.4,0.584383,0.666667
20200325,393,0.0625,0.4,0.584383,0.666667
20200325,394,0.063636,0.454545,0.607053,0.666667
20200325,395,0.063636,0.454545,0.607053,0.666667
20200325,396,0.061364,0.4,0.609572,0.333333
20200325,397,0.061364,0.4,0.609572,0.333333
20200325,398,0.061364,0.381818,0.602015,0.333333
20200325,399,0.061364,0.381818,0.602015,0.333333
20200325,400,0.061364,0.418182,0.59194,0.333333
20200325,401,0.061364,0.418182,0.59194,0.666667
20200325,402,0.061364,0.436364,0.59194,1.0
20200325,403,0.061364,0.436364,0.59194,0.333333
20200325,404,0.0625,0.472727,0.574307,0.666667
20200325,405,0.0625,0.472727,0.574307,0.333333
20200325,406,0.0625,0.418182,0.59194,0.666667
20200325,407,0.0625,0.418182,0.59194,1.0
20200325,408,0.0625,0.563636,0.602015,0.333333
20200325,409,0.0625,0.563636,0.602015,0.666667
20200325,410,0.063636,0.509091,0.61461,0.666667
20200325,411,0.063636,0.509091,0.61461,0.666667
20200325,412,0.064773,0.509091,0.612091,0.333333
20200325,413,0.064773,0.509091,0.612091,0.666667
20200325,414,0.064773,0.509091,0.609572,0.666667
20200325,415,0.064773,0.509091,0.609572,0.333333
20200325,416,0.064773,0.527273,0.599496,0.666667
20200325,417,0.064773,0.527273,0.599496,0.0
20200325,418,0.063636,0.509091,0.594458,0.333333
20200325,419,0.063636,0.509091,0.594458,0.666667
20200325,420,0.064773,0.472727,0.571788,0.666667
20200325,421,0.064773,0.472727,0.571788,0.666667
20200325,422,0.063636,0.527273,0.594458,1.0
20200325,423,0.063636,0.527273,0.594458,0.333333
20200325,424,0.064773,0.581818,0.612091,0.333333
20200325,425,0.064773,0.581818,0.612091,0.666667
20200325,426,0.064773,0.563636,0.617128,0.666667
20200325,427,0.064773,0.563636,0.617128,0.666667
20200325,428,0.063636,0.527273,0.617128,0.666667
20200325,429,0.063636,0.527273,0.617128,0.666667
20200325,430,0.063636,0.527273,0.607053,0.666667
20200325,431,0.063636,0.527273,0.607053,0.666667
20200325,432,0.064773,0.6,0.584383,0.333333
20200325,433,0.064773,0.6,0.584383,0.333333
20200325,434,0.063636,0.581818,0.584383,0.333333
20200325,435,0.063636,0.581818,0.584383,0.333333
20200325,436,0.0625,0.545455,0.589421,0.333333
20200325,437,0.0625,0.545455,0.589421,0.666667
20200325,438,0.0625,0.563636,0.596977,1.0
20200325,439,0.0625,0.563636,0.596977,0.333333
20200325,440,0.064773,0.6,0.604534,0.666667
20200325,441,0.064773,0.6,0.604534,0.333333
20200325,442,0.067045,0.563636,0.602015,0.666667
20200325,443,0.067045,0.563636,0.602015,1.0
20200325,444,0.065909,0.545455,0.599496,0.333333
20200325,445,0.065909,0.545455,0.599496,0.666667
20200325,446,0.063636,0.6,0.589421,0.666667
20200325,447,0.063636,0.6,0.589421,0.666667
20200325,448,0.064773,0.654545,0.59194,0.666667
20200325,449,0.064773,0.654545,0.59194,0.666667
20200325,450,0.063636,0.818182,0.594458,0.666667
20200325,451,0.063636,0.818182,0.594458,0.666667
20200325,452,0.065909,0.763636,0.607053,0.333333
20200325,453,0.065909,0.763636,0.607053,0.333333
20200325,454,0.068182,0.709091,0.627204,0.666667
20200325,455,0.068182,0.709091,0.627204,0.333333
20200325,456,0.068182,0.745455,0.619647,1.0
20200325,457,0.068182,0.745455,0.619647,0.666667
20200325,458,0.069318,0.854545,0.612091,0.666667
20200325,459,0.069318,0.854545,0.612091,0.666667
20200325,460,0.064773,1.0,0.59194,0.666667
20200325,461,0.064773,1.0,0.59194,0.666667
20200325,462,0.067045,0.745455,0.586902,0.666667
20200325,463,0.067045,0.745455,0.586902,0.666667
20200325,464,0.070455,0.763636,0.594458,0.666667
20200325,465,0.070455,0.763636,0.594458,0.666667
20200325,466,0.067045,0.672727,0.599496,0.333333
20200325,467,0.067045,0.672727,0.599496,0.333333
20200325,468,0.069318,0.781818,0.609572,0.666667
20200325,469,0.069318,0.781818,0.609572,0.333333
20200325,470,0.068182,0.4,0.604534,1.0
20200325,471,0.068182,0.4,0.604534,0.666667
20200325,472,0.067045,0.381818,0.596977,0.666667
20200325,473,0.067045,0.381818,0.596977,0.666667
20200325,474,0.068182,0.418182,0.589421,0.666667
20200325,475,0.068182,0.418182,0.589421,0.666667
20200325,476,0.064773,0.436364,0.59194,0.333333
20200325,477,0.064773,0.436364,0.59194,0.666667
20200325,478,0.064773,0.472727,0.602015,0.666667
20200325,479,0.064773,0.472727,0.602015,0.333333
20200325,480,0.065909,0.418182,0.612091,0.666667
20200325,481,0.065909,0.418182,0.612091,0.0
20200325,482,0.069318,0.563636,0.612091,0.333333
20200325,483,0.069318,0.563636,0.612091,0.666667
20200325,484,0.068182,0.509091,0.594458,0.666667
20200325,485,0.068182,0.509091,0.594458,0.666667
20200325,486,0.075,0.509091,0.586902,1.0
20200325,487,0.075,0.509091,0.586902,0.333333
20200325,488,0.067045,0.509091,0.59194,0.333333
20200325,489,0.067045,0.509091,0.59194,0.666667
20200325,490,0.064773,0.527273,0.599496,0.666667
20200325,491,0.064773,0.527273,0.599496,0.666667
20200325,492,0.065909,0.509091,0.61461,0.666667
20200325,493,0.065909,0.509091,0.61461,0.666667
20200325,494,0.067045,0.472727,0.624685,0.666667
20200325,495,0.067045,0.472727,0.624685,0.666667
20200325,496,0.065909,0.527273,0.617128,0.333333
20200325,497,0.065909,0.527273,0.617128,0.333333
20200325,498,0.067045,0.581818,0.612091,0.333333
20200325,499,0.067045,0.581818,0.612091,0.333333
20200325,500,0.063636,0.563636,0.596977,0.333333
20200325,501,0.063636,0.563636,0.596977,0.666667
20200325,502,0.067045,0.527273,0.586902,1.0
20200325,503,0.067045,0.527273,0.586902,0.333333
20200325,504,0.064773,0.527273,0.59194,0.666667
20200325,505,0.064773,0.527273,0.59194,0.333333
20200325,506,0.064773,0.6,0.599496,0.666667
20200325,507,0.064773,0.6,0.599496,1.0
20200325,508,0.067045,0.581818,0.612091,0.333333
20200325,509,0.067045,0.581818,0.612091,0.666667
20200325,510,0.067045,0.545455,0.619647,0.666667
20200325,511,0.067045,0.545455,0.619647,0.333333
20200325,512,0.067045,0.563636,0.617128,0.666667
20200325,513,0.067045,0.563636,0.617128,0.666667
20200325,514,0.064773,0.6,0.612091,0.333333
20200325,515,0.064773,0.6,0.612091,0.666667
20200325,516,0.065909,0.563636,0.59194,0.0
20200325,517,0.065909,0.563636,0.59194,0.333333
20200325,518,0.072727,0.545455,0.589421,0.666667
20200325,519,0.072727,0.545455,0.589421,0.666667
20200325,520,0.064773,0.6,0.604534,0.666667
20200325,521,0.064773,0.6,0.604534,1.0
20200325,522,0.069318,0.654545,0.612091,0.333333
20200325,523,0.069318,0.654545,0.612091,0.333333
20200325,524,0.071591,0.818182,0.609572,0.666667
20200325,525,0.071591,0.818182,0.609572,0.666667
20200325,526,0.068182,0.763636,0.59194,0.666667
20200325,527,0.068182,0.763636,0.59194,0.666667
20200325,528,0.071591,0.709091,0.589421,0.666667
20200325,529,0.071591,0.709091,0.589421,0.666667
20200325,530,0.061364,0.745455,0.576826,0.666667
20200325,531,0.061364,0.745455,0.576826,0.333333
20200325,532,0.061364,0.854545,0.594458,0.333333
20200325,533,0.061364,0.854545,0.594458,0.333333
20200325,534,0.0625,1.0,0.596977,0.333333
20200325,535,0.0625,1.0,0.596977,0.333333
20200325,536,0.063636,0.745455,0.604534,0.666667
20200325,537,0.063636,0.745455,0.604534,1.0
20200325,538,0.063636,0.763636,0.609572,0.333333
20200325,539,0.063636,0.763636,0.609572,0.666667
20200325,540,0.060227,0.672727,0.604534,0.333333
20200325,541,0.060227,0.672727,0.604534,0.666667
20200325,542,0.064773,0.781818,0.602015,1.0
20200325,543,0.064773,0.781818,0.602015,0.333333
20200325,544,0.063636,0.4,0.594458,0.666667
20200325,545,0.063636,0.381818,0.594458,0.666667
20200325,546,0.069318,0.381818,0.59194,0.666667
20200325,547,0.069318,0.381818,0.59194,0.333333
20200325,548,0.069318,0.381818,0.602015,0.666667
20200325,549,0.069318,0.363636,0.602015,0.666667
20200325,550,0.0,0.363636,0.599496,0.333333
20200325,551,0.0,0.345455,0.599496,0.666667
20200325,552,0.053409,0.345455,0.56927,0.0
20200325,553,0.053409,0.381818,0.56927,0.333333
20200325,554,0.069318,0.381818,0.596977,0.666667
20200325,555,0.069318,0.381818,0.596977,0.666667
20200325,556,0.084091,0.381818,0.61461,0.666667
20200325,557,0.084091,0.4,0.61461,1.0
20200325,558,0.075,0.4,0.624685,0.333333
20200325,559,0.075,0.345455,0.624685,0.333333
20200325,560,0.078409,0.345455,0.629723,0.666667
20200325,561,0.078409,0.381818,0.629723,0.666667
20200325,562,0.081818,0.381818,0.612091,0.666667
20200325,563,0.081818,0.363636,0.612091,0.666667
20200325,564,0.080682,0.363636,0.602015,0.666667
20200325,565,0.080682,0.345455,0.602015,0.666667
20200325,566,0.081818,0.345455,0.589421,0.666667
20200325,567,0.081818,0.381818,0.589421,0.333333
20200325,568,0.080682,0.381818,0.586902,0.333333
20200325,569,0.080682,0.4,0.586902,0.333333
20200325,570,0.081818,0.4,0.599496,0.333333
20200325,571,0.081818,0.4,0.599496,0.333333
20200325,572,0.094318,0.4,0.61461,0.666667
20200325,573,0.094318,0.381818,0.61461,1.0
20200325,574,0.084091,0.381818,0.61461,0.333333
20200325,575,0.084091,0.4,0.61461,0.666667
20200325,576,0.084091,0.4,0.599496,0.333333
20200325,577,0.084091,0.454545,0.599496,0.666667
20200325,578,0.092045,0.454545,0.589421,1.0
20200325,579,0.092045,0.4,0.589421,0.333333
20200325,580,0.079545,0.4,0.59194,0.666667
20200325,581,0.079545,0.381818,0.59194,0.666667
20200325,582,0.081818,0.381818,0.599496,0.666667
20200325,583,0.081818,0.418182,0.599496,0.666667
20200325,584,0.081818,0.418182,0.596977,0.666667
20200325,585,0.081818,0.436364,0.596977,0.666667
20200325,586,0.085227,0.436364,0.599496,0.666667
20200325,587,0.085227,0.472727,0.599496,0.333333
20200325,588,0.082955,0.472727,0.596977,0.333333
20200325,589,0.082955,0.418182,0.596977,0.666667
20200325,590,0.082955,0.418182,0.589421,0.333333
20200325,591,0.082955,0.563636,0.589421,1.0
20200325,592,0.081818,0.563636,0.586902,0.666667
20200325,593,0.081818,0.509091,0.586902,0.666667
20200325,594,0.080682,0.509091,0.59194,0.666667
20200325,595,0.080682,0.509091,0.59194,0.666667
20200325,596,0.079545,0.509091,0.607053,0.666667
20200325,597,0.079545,0.509091,0.607053,0.666667
20200325,598,0.077273,0.509091,0.617128,0.666667
20200325,599,0.077273,0.527273,0.617128,0.666667
20200325,600,0.078409,0.527273,0.617128,0.666667
20200325,601,0.078409,0.509091,0.617128,0.333333
20200325,602,0.075,0.509091,0.607053,0.333333
20200325,603,0.075,0.472727,0.607053,0.666667
20200325,604,0.073864,0.472727,0.607053,0.333333
20200325,605,0.073864,0.527273,0.607053,1.0
20200325,606,0.075,0.527273,0.594458,0.666667
20200325,607,0.075,0.581818,0.594458,0.666667
20200325,608,0.073864,0.581818,0.586902,0.666667
20200325,609,0.073864,0.563636,0.586902,0.666667
20200325,610,0.072727,0.563636,0.584383,0.666667
20200325,611,0.072727,0.527273,0.584383,0.333333
20200325,612,0.076136,0.527273,0.594458,0.666667
20200325,613,0.076136,0.527273,0.594458,0.666667
20200325,614,0.075,0.527273,0.61461,0.333333
20200325,615,0.075,0.6,0.61461,0.666667
20200325,616,0.075,0.6,0.627204,0.0
20200325,617,0.075,0.581818,0.627204,0.333333
20200325,618,0.084091,0.581818,0.604534,0.666667
20200325,619,0.084091,0.545455,0.604534,0.666667
20200325,620,0.082955,0.545455,0.59194,0.666667
20200325,621,0.082955,0.563636,0.59194,1.0
20200325,622,0.084091,0.563636,0.59194,0.333333
20200325,623,0.084091,0.6,0.59194,0.333333
20200325,624,0.086364,0.6,0.59194,0.666667
20200325,625,0.086364,0.563636,0.59194,0.666667
20200325,626,0.082955,0.563636,0.596977,0.666667
20200325,627,0.082955,0.545455,0.596977,0.666667
20200325,628,0.085227,0.545455,0.604534,0.333333
20200325,629,0.085227,0.6,0.604534,0.666667
20200325,630,0.082955,0.6,0.617128,0.666667
20200325,631,0.082955,0.654545,0.617128,0.333333
20200325,632,0.0875,0.654545,0.61461,0.666667
20200325,633,0.0875,0.818182,0.61461,0.0
20200325,634,0.086364,0.818182,0.607053,0.333333
20200325,635,0.086364,0.763636,0.607053,0.666667
20200325,636,0.081818,0.763636,0.602015,0.666667
20200325,637,0.081818,0.709091,0.602015,0.666667
20200325,638,0.081818,0.709091,0.594458,1.0
20200325,639,0.081818,0.745455,0.594458,0.333333
20200325,640,0.081818,0.745455,0.589421,0.333333
20200325,641,0.081818,0.854545,0.589421,0.666667
20200325,642,0.086364,0.854545,0.586902,0.666667
20200325,643,0.086364,1.0,0.586902,0.666667
20200325,644,0.085227,1.0,0.602015,0.666667
20200325,645,0.085227,0.745455,0.602015,0.666667
20200325,646,0.085227,0.745455,0.609572,0.666667
20200325,647,0.085227,0.763636,0.609572,0.666667
20200325,648,0.084091,0.763636,0.617128,0.333333
20200325,649,0.084091,0.672727,0.617128,0.333333
20200325,650,0.0875,0.672727,0.602015,0.333333
20200325,651,0.0875,0.781818,0.602015,0.333333
20200325,652,0.079545,0.781818,0.584383,0.333333
20200325,653,0.079545,0.4,0.584383,0.666667
20200325,654,0.085227,0.4,0.599496,1.0
20200325,655,0.085227,0.381818,0.599496,0.333333
20200325,656,0.084091,0.381818,0.589421,0.666667
20200325,657,0.084091,0.363636,0.589421,0.333333
20200325,658,0.084091,0.363636,0.584383,0.666667
20200325,659,0.084091,0.345455,0.584383,1.0
20200325,660,0.081818,0.345455,0.604534,0.333333
20200325,661,0.081818,0.381818,0.604534,0.666667
20200325,662,0.088636,0.381818,0.607053,0.666667
20200325,663,0.088636,0.4,0.607053,0.666667
20200325,664,0.085227,0.4,0.609572,0.333333
20200325,665,0.085227,0.4,0.609572,0.666667
20200325,666,0.085227,0.4,0.59194,0.666667
20200325,667,0.085227,0.381818,0.59194,0.333333
20200325,668,0.086364,0.381818,0.589421,0.666667
20200325,669,0.086364,0.4,0.589421,0.0
20200325,670,0.084091,0.4,0.579345,0.333333
20200325,671,0.084091,0.454545,0.579345,0.666667
20200325,672,0.084091,0.454545,0.596977,0.666667
20200325,673,0.084091,0.4,0.596977,0.666667
20200325,674,0.085227,0.4,0.196474,1.0
20200325,675,0.085227,0.381818,0.196474,0.333333
20200325,676,0.085227,0.381818,0.042821,0.333333
20200325,677,0.085227,0.418182,0.042821,0.666667
20200325,678,1.0,0.418182,0.030227,0.666667
20200325,679,1.0,0.436364,0.030227,0.666667
20200325,680,0.855682,0.436364,0.025189,0.666667
20200325,681,0.855682,0.472727,0.025189,0.666667
20200325,682,0.832955,0.472727,0.010076,0.666667
20200325,683,0.832955,0.418182,0.010076,0.666667
20200325,684,0.826136,0.418182,0.0,0.333333
20200325,685,0.826136,0.563636,0.0,0.333333
20200325,686,0.830682,0.563636,0.007557,0.333333
20200325,687,0.830682,0.509091,0.007557,0.333333
20200325,688,0.829545,0.509091,0.080605,0.333333
20200325,689,0.829545,0.509091,0.080605,0.666667
20200325,690,0.822727,0.509091,0.191436,1.0
20200325,691,0.822727,0.509091,0.191436,0.333333
20200325,692,0.819318,0.509091,0.355164,0.666667
20200325,693,0.819318,0.527273,0.355164,0.333333
20200325,694,0.801136,0.527273,0.526448,0.666667
20200325,695,0.801136,0.509091,0.526448,1.0
20200325,696,0.777273,0.509091,0.644836,0.333333
20200325,697,0.777273,0.472727,0.644836,0.666667
20200325,698,0.739773,0.472727,0.707809,0.666667
20200325,699,0.739773,0.527273,0.707809,0.666667
20200325,700,0.702273,0.527273,0.722922,0.666667
20200325,701,0.702273,0.581818,0.722922,0.666667
20200325,702,0.667045,0.581818,0.735516,0.666667
20200325,703,0.667045,0.563636,0.735516,0.666667
20200325,704,0.635227,0.563636,0.715365,0.333333
20200325,705,0.635227,0.527273,0.715365,0.333333
20200325,706,0.618182,0.527273,0.697733,0.666667
20200325,707,0.618182,0.527273,0.697733,0.333333
20200325,708,0.603409,0.527273,0.68262,1.0
20200325,709,0.603409,0.6,0.68262,0.666667
20200325,710,0.597727,0.6,0.664987,0.666667
20200325,711,0.597727,0.581818,0.664987,0.666667
20200325,712,0.589773,0.581818,0.644836,0.666667
20200325,713,0.589773,0.545455,0.644836,0.666667
20200325,714,0.585227,0.545455,0.612091,0.666667
20200325,715,0.585227,0.563636,0.612091,0.666667
20200325,716,0.585227,0.563636,0.59194,0.666667
20200325,717,0.557955,0.6,0.579345,0.666667
20200325,718,0.561364,0.6,0.556675,0.333333
20200325,719,0.563636,0.563636,0.536524,0.333333
20200325,720,0.568182,0.563636,0.518892,0.666667
20200325,721,0.565909,0.545455,0.501259,0.333333
20200325,722,0.572727,0.545455,0.488665,1.0
20200325,723,0.55,0.6,0.468514,0.666667
20200325,724,0.553409,0.6,0.463476,0.666667
20200325,725,0.547727,0.654545,0.468514,0.666667
20200325,726,0.548864,0.654545,0.471033,0.666667
20200325,727,0.556818,0.818182,0.478589,0.666667
20200325,728,0.555682,0.818182,0.486146,0.333333
20200325,729,0.560227,0.763636,0.481108,0.666667
20200325,730,0.567045,0.763636,0.483627,0.666667
20200325,731,0.563636,0.709091,0.473552,0.333333
20200325,732,0.555682,0.709091,0.476071,0.666667
20200325,733,0.556818,0.745455,0.450882,0.0
20200325,734,0.560227,0.745455,0.478589,0.333333
20200325,735,0.563636,0.854545,0.478589,0.666667
20200325,736,0.568182,0.854545,0.481108,0.666667
20200325,737,0.577273,1.0,0.483627,0.666667
20200325,738,0.568182,1.0,0.476071,0.333333
20200325,739,0.572727,0.745455,0.478589,0.666667
20200325,740,0.5875,0.745455,0.465995,0.666667
20200325,741,0.586364,0.763636,0.463476,0.333333
20200325,742,0.590909,0.763636,0.471033,0.666667
20200325,743,0.588636,0.672727,0.473552,0.0
20200325,744,0.584091,0.672727,0.478589,0.333333
20200325,745,0.580682,0.781818,0.473552,0.666667
20200325,746,0.580682,0.781818,0.478589,0.666667
20200325,747,0.578409,0.4,0.481108,0.666667
20200325,748,0.579545,0.4,0.473552,1.0
20200325,749,0.578409,0.381818,0.473552,0.333333
20200325,750,0.578409,0.381818,0.468514,0.333333
20200325,751,0.6,0.418182,0.465995,0.666667
20200325,752,0.598864,0.418182,0.465995,0.666667
20200325,753,0.601136,0.436364,0.450882,0.666667
20200325,754,0.594318,0.436364,0.471033,0.666667
20200325,755,0.590909,0.472727,0.473552,0.666667
20200325,756,0.5875,0.472727,0.465995,0.666667
20200325,757,0.592045,0.418182,0.450882,0.666667
20200325,758,0.729545,0.418182,0.450882,0.333333
20200325,759,0.614773,0.563636,0.486146,0.333333
20200325,760,0.595455,0.563636,0.483627,0.333333
20200325,761,0.592045,0.509091,0.491184,0.333333
20200325,762,0.581818,0.509091,0.491184,0.333333
20200325,763,0.580682,0.509091,0.488665,0.666667
20200325,764,0.582955,0.509091,0.471033,1.0
20200325,765,0.584091,0.509091,0.463476,0.333333
20200325,766,0.582955,0.509091,0.491184,0.666667
20200325,767,0.582955,0.527273,0.576826,0.333333
20200325,768,0.575,0.527273,0.690176,0.666667
20200325,769,0.302273,0.509091,0.79597,1.0
20200325,770,0.302273,0.509091,0.851385,0.333333
20200325,771,0.289773,0.472727,0.874055,0.666667
20200325,772,0.269318,0.472727,0.874055,0.666667
20200325,773,0.203409,0.527273,0.86398,0.666667
20200325,774,0.235227,0.527273,0.843829,0.333333
20200325,775,0.240909,0.581818,0.826196,0.666667
20200325,776,0.225,0.581818,0.801008,0.666667
20200325,777,0.222727,0.563636,0.783375,0.333333
20200325,778,0.222727,0.563636,0.765743,0.666667
20200325,779,0.226136,0.527273,0.738035,0.0
20200325,780,0.227273,0.527273,0.720403,0.333333
20200325,781,0.211364,0.527273,0.702771,0.666667
20200325,782,0.215909,0.527273,0.695214,0.666667
20200325,783,0.215909,0.6,0.717884,0.666667
20200325,784,0.215909,0.6,0.755668,1.0
20200325,785,0.226136,0.581818,0.785894,0.333333
20200325,786,0.223864,0.581818,0.788413,0.333333
20200325,787,0.217045,0.545455,0.785894,0.666667
20200325,788,0.219318,0.545455,0.770781,0.666667
20200325,789,0.215909,0.563636,0.745592,0.666667
20200325,790,0.210227,0.563636,0.730479,0.666667
20200325,791,0.219318,0.6,0.715365,0.666667
20200325,792,0.217045,0.6,0.695214,0.666667
20200325,793,0.217045,0.563636,0.712846,0.666667
20200325,794,0.221591,0.563636,0.732997,0.333333
20200325,795,0.215909,0.545455,0.753149,0.333333
20200325,796,0.214773,0.545455,0.760705,0.333333
20200325,797,0.185227,0.6,0.715365,0.333333
20200325,798,0.489773,0.6,0.730479,0.333333
20200325,799,0.151136,0.654545,0.755668,0.666667
20200325,800,0.144318,0.654545,0.75063,1.0
20200325,801,0.132955,0.818182,0.748111,0.333333
20200325,802,0.129545,0.818182,0.732997,0.666667
20200325,803,0.136364,0.763636,0.717884,0.333333
20200325,804,0.130682,0.763636,0.710327,0.666667
20200325,805,0.119318,0.709091,0.712846,1.0
20200325,806,0.130682,0.709091,0.72796,0.333333
20200325,807,0.127273,0.745455,0.745592,0.666667
20200325,808,0.159091,0.745455,0.745592,0.666667
20200325,809,0.153409,0.854545,0.738035,0.666667
20200325,810,0.173864,0.854545,0.599496,0.666667
20200325,811,0.731818,1.0,0.59194,0.666667
20200325,812,0.814773,1.0,0.571788,0.666667
20200325,813,0.506818,0.745455,0.627204,0.666667
20200325,814,0.484091,0.745455,0.667506,0.333333
20200325,815,0.473864,0.763636,0.785894,0.333333
20200325,816,0.385227,0.763636,0.891688,0.666667
20200325,817,0.386364,0.672727,0.957179,0.333333
20200325,818,0.386364,0.672727,0.989924,1.0
20200325,819,0.380682,0.781818,1.0,0.666667
20200325,820,0.264773,0.781818,0.982368,0.666667
20200325,821,0.314773,0.4,0.964736,0.666667
20200325,822,0.323864,0.381818,0.942065,0.666667
20200325,823,0.320455,0.381818,0.921914,0.666667
20200325,824,0.315909,0.381818,0.896725,0.666667
20200325,825,0.313636,0.381818,0.871537,0.666667
20200325,826,0.3125,0.363636,0.851385,0.666667
20200325,827,0.319318,0.363636,0.823678,0.666667
20200325,828,0.386364,0.345455,0.801008,0.333333
20200325,829,0.372727,0.345455,0.780856,0.333333
20200325,830,0.355682,0.381818,0.758186,0.666667
20200325,831,0.353409,0.381818,0.738035,0.666667
20200325,832,0.3875,0.381818,0.717884,0.333333
20200325,833,0.4125,0.381818,0.695214,0.666667
20200325,834,0.421591,0.4,0.717884,0.666667
20200325,835,0.651136,0.4,0.738035,0.333333
20200325,836,0.645455,0.345455,0.748111,0.666667
20200325,837,0.645455,0.345455,0.75063,0.0
20200325,838,0.730682,0.381818,0.753149,0.333333
20200325,839,0.470455,0.381818,0.732997,0.666667
20200325,840,0.840909,0.363636,0.712846,0.666667
20200325,841,0.855682,0.363636,0.712846,0.666667
20200325,842,0.760227,0.345455,0.725441,1.0
20200325,843,0.757955,0.345455,0.743073,0.333333
20200325,844,0.756818,0.381818,0.755668,0.333333
20200325,845,0.754545,0.381818,0.748111,0.666667
20200325,846,0.661364,0.4,0.738035,0.666667
20200325,847,0.661364,0.4,0.725441,0.666667
20200325,848,0.659091,0.4,0.712846,0.666667
20200325,849,0.618182,0.4,0.707809,0.666667
20200325,850,0.575,0.381818,0.730479,0.666667
20200325,851,0.577273,0.381818,0.748111,0.666667
20200325,852,0.572727,0.4,0.758186,0.333333
20200325,853,0.502273,0.4,0.753149,0.333333
20200325,854,0.472727,0.454545,0.740554,0.333333
20200325,855,0.460227,0.454545,0.72796,0.333333
20200325,856,0.354545,0.4,0.712846,0.333333
20200325,857,0.364773,0.4,0.715365,0.666667
20200325,858,0.365909,0.381818,0.72796,1.0
20200325,859,0.371591,0.381818,0.738035,0.333333
20200325,860,0.365909,0.418182,0.753149,0.666667
20200325,861,0.373864,0.418182,0.745592,0.333333
20200325,862,0.625,0.436364,0.732997,0.666667
20200325,863,0.617045,0.436364,0.720403,1.0
20200325,864,0.590909,0.472727,0.720403,0.333333
20200325,865,0.702273,0.472727,0.717884,0.666667
20200325,866,0.815909,0.418182,0.722922,0.666667
20200325,867,0.754545,0.418182,0.735516,0.666667
20200325,868,0.747727,0.563636,0.740554,0.333333
20200325,869,0.722727,0.563636,0.738035,0.666667
20200325,870,0.725,0.509091,0.72796,0.666667
20200325,871,0.7,0.509091,0.720403,0.333333
20200325,872,0.701136,0.509091,0.710327,0.666667
20200325,873,0.702273,0.509091,0.712846,0.0
20200325,874,0.701136,0.509091,0.732997,0.333333
20200325,875,0.701136,0.509091,0.75063,0.666667
20200325,876,0.703409,0.527273,0.753149,0.666667
20200325,877,0.705682,0.527273,0.75063,0.666667
20200325,878,0.703409,0.509091,0.732997,1.0
20200325,879,0.702273,0.509091,0.72796,0.333333
20200325,880,0.701136,0.472727,0.717884,0.333333
20200325,881,0.698864,0.472727,0.712846,0.666667
20200325,882,0.701136,0.527273,0.717884,0.666667
20200325,883,0.7,0.527273,0.72796,0.666667
20200325,884,0.7,0.581818,0.745592,0.666667
20200325,885,0.703409,0.581818,0.743073,0.666667
20200325,886,0.704545,0.563636,0.740554,0.666667
20200325,887,0.701136,0.563636,0.730479,0.666667
20200325,888,0.702273,0.527273,0.72796,0.333333
20200325,889,0.7,0.527273,0.712846,0.333333
20200325,890,0.698864,0.527273,0.712846,0.333333
20200325,891,0.701136,0.527273,0.72796,0.333333
20200325,892,0.701136,0.6,0.743073,0.333333
20200325,893,0.702273,0.6,0.75063,0.666667
20200325,894,0.702273,0.581818,0.740554,1.0
20200325,895,0.703409,0.581818,0.72796,0.333333
20200325,896,0.701136,0.545455,0.712846,0.666667
20200325,897,0.701136,0.545455,0.712846,0.333333
20200325,898,0.701136,0.563636,0.715365,0.666667
20200325,899,0.7,0.563636,0.738035,1.0
20200325,900,0.703409,0.6,0.745592,0.333333
20200325,901,0.701136,0.6,0.753149,0.666667
20200325,902,0.703409,0.563636,0.745592,0.666667
20200325,903,0.704545,0.563636,0.725441,0.666667
20200325,904,0.7,0.545455,0.720403,0.666667
20200325,905,0.7,0.545455,0.707809,0.666667
20200325,906,0.698864,0.6,0.710327,0.666667
20200325,907,0.698864,0.6,0.725441,0.666667
20200325,908,0.701136,0.654545,0.738035,0.333333
20200325,909,0.703409,0.654545,0.75063,0.333333
20200325,910,0.701136,0.818182,0.745592,0.666667
20200325,911,0.702273,0.818182,0.738035,0.333333
20200325,912,0.7,0.763636,0.725441,1.0
20200325,913,0.7,0.763636,0.70529,0.666667
20200325,914,0.698864,0.709091,0.692695,0.666667
20200325,915,0.698864,0.709091,0.717884,0.666667
20200325,916,0.698864,0.745455,0.730479,0.666667
20200325,917,0.7,0.745455,0.738035,0.666667
20200325,918,0.701136,0.854545,0.743073,0.666667
20200325,919,0.702273,0.854545,0.735516,0.666667
20200325,920,0.701136,1.0,0.72796,0.666667
20200325,921,0.7,1.0,0.715365,0.666667
20200325,922,0.7,0.745455,0.712846,0.333333
20200325,923,0.697727,0.745455,0.717884,0.333333
20200325,924,0.697727,0.763636,0.730479,0.666667
20200325,925,0.701136,0.763636,0.738035,0.333333
20200325,926,0.701136,0.672727,0.738035,1.0
20200325,927,0.702273,0.672727,0.732997,0.666667
20200325,928,0.698864,0.781818,0.720403,0.666667
20200325,929,0.698864,0.781818,0.715365,0.666667
20200325,930,0.7,0.745455,0.717884,0.666667
20200325,931,0.698864,0.854545,0.707809,0.666667
20200325,932,0.701136,0.854545,0.732997,0.333333
20200325,933,0.7,1.0,0.735516,0.666667
20200325,934,0.7,1.0,0.735516,0.666667
20200325,935,0.701136,0.745455,0.725441,0.333333
20200325,936,0.7,0.745455,0.712846,0.666667
20200325,937,0.698864,0.763636,0.715365,0.0
20200325,938,0.7,0.763636,0.70529,0.333333
20200325,939,0.698864,0.672727,0.72796,0.666667
20200325,940,0.697727,0.672727,0.738035,0.666667
20200325,941,0.701136,0.781818,0.738035,0.666667
20200325,942,0.7,0.781818,0.72796,1.0
20200325,943,0.7,0.4,0.720403,0.333333
20200325,944,0.698864,0.4,0.715365,0.333333
20200325,945,0.698864,0.381818,0.715365,0.666667
20200325,946,0.698864,0.381818,0.725441,0.666667
20200325,947,0.7,0.418182,0.725441,0.666667
20200325,948,0.7,0.418182,0.730479,0.666667
20200325,949,0.698864,1.0,0.730479,0.666667
20200325,950,0.701136,1.0,0.717884,0.666667
20200325,951,0.701136,0.745455,0.715365,0.666667
20200325,952,0.698864,0.745455,0.715365,0.333333
20200325,953,0.7,0.763636,0.717884,0.333333
20200325,954,0.701136,0.763636,0.735516,0.333333
20200325,955,0.7,0.672727,0.743073,0.333333
20200325,956,0.7,0.672727,0.730479,0.333333
20200325,957,0.7,0.781818,0.725441,0.666667
20200325,958,0.698864,0.781818,0.70529,1.0
20200325,959,0.698864,0.745455,0.697733,0.333333
20200325,960,0.696591,0.854545,0.715365,0.666667
20200325,961,0.697727,0.854545,0.72796,0.333333
20200325,962,0.698864,1.0,0.743073,0.666667
20200325,963,0.701136,1.0,0.743073,1.0
20200325,964,0.7,0.745455,0.738035,0.333333
20200325,965,0.7,0.745455,0.730479,0.666667
20200325,966,0.698864,0.763636,0.725441,0.666667
20200325,967,0.697727,0.763636,0.712846,0.666667
20200325,968,0.701136,0.672727,0.712846,0.666667
20200325,969,0.702273,0.672727,0.720403,0.666667
20200325,970,0.701136,0.781818,0.735516,0.666667
20200325,971,0.702273,0.781818,0.743073,0.666667
20200325,972,0.703409,0.4,0.758186,0.333333
20200325,973,0.703409,0.4,0.745592,0.333333
20200325,974,0.705682,0.381818,0.738035,0.666667
20200325,975,0.704545,0.381818,0.725441,0.333333
20200325,976,0.073864,0.090909,0.604534,0.666667
20200325,977,0.073864,0.090909,0.604534,0.333333
20200325,978,0.072727,0.090909,0.602015,0.666667
20200325,979,0.072727,0.090909,0.602015,1.0
20200325,980,0.072727,0.072727,0.584383,0.333333
20200325,981,0.072727,0.072727,0.584383,0.666667
20200325,982,0.073864,0.127273,0.589421,0.666667
20200325,983,0.073864,0.127273,0.589421,0.666667
20200325,984,0.071591,0.109091,0.594458,0.666667
20200325,985,0.071591,0.109091,0.594458,0.666667
20200325,986,0.072727,0.036364,0.607053,0.666667
20200325,987,0.072727,0.036364,0.607053,0.666667
20200325,988,0.072727,0.036364,0.604534,0.333333
20200325,989,0.072727,0.036364,0.604534,0.333333
20200325,990,0.073864,0.072727,0.617128,0.666667
20200325,991,0.073864,0.072727,0.617128,0.333333
20200325,992,0.072727,0.0,0.612091,1.0
20200325,993,0.072727,0.0,0.612091,0.666667
20200325,994,0.071591,0.127273,0.602015,0.666667
20200325,995,0.071591,0.127273,0.602015,0.666667
20200325,996,0.072727,0.090909,0.59194,0.733333
20200325,997,0.072727,0.090909,0.59194,0.733333
20200325,998,0.071591,0.127273,0.584383,0.726667
20200325,999,0.071591,0.127273,0.584383,0.726667
20200325,1000,0.071591,0.090909,0.586902,0.72
20200325,1001,0.071591,0.090909,0.586902,0.72
20200325,1002,0.071591,0.109091,0.589421,0.746667
20200325,1003,0.071591,0.109091,0.589421,0.746667
20200325,1004,0.073864,0.109091,0.617128,0.746667
20200325,1005,0.073864,0.109091,0.617128,0.746667
20200325,1006,0.072727,0.054545,0.622166,0.746667
20200325,1007,0.072727,0.054545,0.622166,0.746667
20200325,1008,0.072727,0.072727,0.61461,0.746667
20200325,1009,0.072727,0.072727,0.61461,0.746667
20200325,1010,0.072727,0.127273,0.602015,0.726667
20200325,1011,0.072727,0.127273,0.602015,0.726667
20200325,1012,0.070455,0.109091,0.596977,0.72
20200325,1013,0.070455,0.109091,0.596977,0.72
20200325,1014,0.072727,0.090909,0.586902,0.726667
20200325,1015,0.072727,0.090909,0.586902,0.726667
20200325,1016,0.070455,0.145455,0.579345,0.72
20200325,1017,0.070455,0.145455,0.579345,0.72
20200325,1018,0.073864,0.109091,0.596977,0.726667
20200325,1019,0.073864,0.109091,0.596977,0.726667
20200325,1020,0.072727,0.090909,0.604534,0.733333
20200325,1021,0.072727,0.090909,0.604534,0.733333
20200325,1022,0.073864,0.036364,0.61461,0.726667
20200325,1023,0.073864,0.036364,0.61461,0.666667
20200325,1024,0.072727,0.145455,0.612091,0.666667
20200325,1025,0.072727,0.145455,0.612091,0.333333
20200325,1026,0.070455,0.127273,0.602015,0.666667
20200325,1027,0.070455,0.127273,0.602015,0.666667
20200325,1028,0.070455,0.090909,0.594458,0.333333
20200325,1029,0.070455,0.090909,0.594458,0.666667
20200325,1030,0.071591,0.127273,0.594458,0.0
20200325,1031,0.071591,0.127273,0.594458,0.333333
20200325,1032,0.070455,0.218182,0.59194,0.666667
20200325,1033,0.070455,0.218182,0.59194,0.666667
20200325,1034,0.072727,0.127273,0.596977,0.666667
20200325,1035,0.072727,0.127273,0.596977,1.0
20200325,1036,0.072727,0.090909,0.594458,0.333333
20200325,1037,0.072727,0.090909,0.594458,0.333333
20200325,1038,0.071591,0.072727,0.604534,0.666667
20200325,1039,0.071591,0.072727,0.604534,0.666667
20200325,1040,0.071591,0.109091,0.602015,0.666667
20200325,1041,0.071591,0.109091,0.602015,0.666667
20200325,1042,0.072727,0.090909,0.599496,0.666667
20200325,1043,0.072727,0.090909,0.599496,0.666667
20200325,1044,0.071591,0.145455,0.59194,0.666667
20200325,1045,0.071591,0.145455,0.59194,0.333333
20200325,1046,0.070455,0.090909,0.586902,0.333333
20200325,1047,0.070455,0.090909,0.586902,0.333333
20200325,1048,0.073864,0.127273,0.586902,0.333333
20200325,1049,0.073864,0.127273,0.586902,0.333333
20200325,1050,0.072727,0.127273,0.602015,0.666667
20200325,1051,0.072727,0.127273,0.602015,1.0
20200325,1052,0.070455,0.127273,0.619647,0.333333
20200325,1053,0.070455,0.127273,0.619647,0.666667
20200325,1054,0.072727,0.127273,0.617128,0.333333
20200325,1055,0.072727,0.127273,0.617128,0.666667
20200325,1056,0.072727,0.054545,0.607053,1.0
20200325,1057,0.072727,0.054545,0.607053,0.333333
20200325,1058,0.072727,0.145455,0.602015,0.666667
20200325,1059,0.072727,0.145455,0.602015,0.666667
20200325,1060,0.070455,0.127273,0.596977,0.666667
20200325,1061,0.070455,0.127273,0.596977,0.333333
20200325,1062,0.070455,0.109091,0.576826,0.666667
20200325,1063,0.070455,0.109091,0.576826,0.666667
20200325,1064,0.072727,0.090909,0.586902,0.333333
20200325,1065,0.072727,0.090909,0.586902,0.666667
20200325,1066,0.071591,0.072727,0.594458,0.0
20200325,1067,0.071591,0.072727,0.594458,0.333333
20200325,1068,0.071591,0.054545,0.596977,0.666667
20200325,1069,0.071591,0.054545,0.596977,0.666667
20200325,1070,0.073864,0.072727,0.624685,0.666667
20200325,1071,0.073864,0.072727,0.624685,1.0
20200325,1072,0.072727,0.018182,0.622166,0.333333
20200325,1073,0.072727,0.018182,0.622166,0.333333
20200325,1074,0.071591,0.109091,0.61461,0.666667
20200325,1075,0.071591,0.109091,0.61461,0.666667
20200325,1076,0.068182,0.109091,0.599496,0.666667
20200325,1077,0.068182,0.109091,0.599496,0.666667
20200325,1078,0.069318,0.145455,0.589421,0.666667
20200325,1079,0.069318,0.145455,0.589421,0.666667
20200325,1080,0.070455,0.181818,0.586902,0.666667
20200325,1081,0.070455,0.181818,0.586902,0.333333
20200325,1082,0.068182,0.109091,0.594458,0.333333
20200325,1083,0.068182,0.109091,0.594458,0.333333
20200325,1084,0.071591,0.127273,0.599496,0.333333
20200325,1085,0.071591,0.127273,0.599496,0.333333
20200325,1086,0.072727,0.072727,0.617128,0.666667
20200325,1087,0.072727,0.072727,0.617128,1.0
20200325,1088,0.071591,0.109091,0.619647,0.333333
20200325,1089,0.071591,0.109091,0.619647,0.666667
20200325,1090,0.071591,0.072727,0.609572,0.333333
20200325,1091,0.071591,0.072727,0.609572,0.666667
20200325,1092,0.070455,0.054545,0.596977,1.0
20200325,1093,0.070455,0.054545,0.596977,0.333333
20200325,1094,0.070455,0.109091,0.589421,0.666667
20200325,1095,0.070455,0.109091,0.589421,0.666667
20200325,1096,0.071591,0.109091,0.596977,0.666667
20200325,1097,0.071591,0.109091,0.596977,0.666667
20200325,1098,0.070455,0.163636,0.584383,0.666667
20200325,1099,0.070455,0.163636,0.584383,0.666667
20200325,1100,0.072727,0.163636,0.607053,0.666667
20200325,1101,0.072727,0.163636,0.607053,0.333333
20200325,1102,0.072727,0.109091,0.61461,0.333333
20200325,1103,0.072727,0.109091,0.61461,0.666667
20200325,1104,0.072727,0.145455,0.617128,0.333333
20200325,1105,0.072727,0.145455,0.617128,1.0
20200325,1106,0.070455,0.090909,0.604534,0.666667
20200325,1107,0.070455,0.090909,0.604534,0.666667
20200325,1108,0.072727,0.109091,0.594458,0.666667
20200325,1109,0.072727,0.109091,0.594458,0.666667
20200325,1110,0.071591,0.181818,0.594458,0.666667
20200325,1111,0.071591,0.181818,0.594458,0.666667
20200325,1112,0.069318,0.109091,0.589421,0.666667
20200325,1113,0.069318,0.109091,0.589421,0.666667
20200325,1114,0.072727,0.163636,0.596977,0.666667
20200325,1115,0.072727,0.163636,0.596977,0.333333
20200325,1116,0.071591,0.145455,0.596977,0.333333
20200325,1117,0.071591,0.145455,0.596977,0.666667
20200325,1118,0.071591,0.127273,0.594458,0.333333
20200325,1119,0.071591,0.127273,0.594458,1.0
20200325,1120,0.071591,0.109091,0.602015,0.666667
20200325,1121,0.071591,0.109091,0.602015,0.666667
20200325,1122,0.070455,0.145455,0.576826,0.666667
20200325,1123,0.070455,0.145455,0.576826,0.666667
20200325,1124,0.070455,0.163636,0.589421,0.666667
20200325,1125,0.070455,0.163636,0.589421,0.333333
20200325,1126,0.071591,0.181818,0.594458,0.666667
20200325,1127,0.071591,0.181818,0.594458,0.666667
20200325,1128,0.070455,0.145455,0.609572,0.333333
20200325,1129,0.070455,0.145455,0.609572,0.666667
20200325,1130,0.071591,0.163636,0.612091,0.0
20200325,1131,0.071591,0.163636,0.612091,0.333333
20200325,1132,0.070455,0.236364,0.609572,0.666667
20200325,1133,0.070455,0.236364,0.609572,0.666667
20200325,1134,0.069318,0.145455,0.599496,0.666667
20200325,1135,0.069318,0.145455,0.599496,1.0
20200325,1136,0.069318,0.181818,0.576826,0.333333
20200325,1137,0.069318,0.181818,0.576826,0.333333
20200325,1138,0.069318,0.072727,0.586902,0.666667
20200325,1139,0.069318,0.072727,0.586902,0.666667
20200325,1140,0.068182,0.127273,0.59194,0.666667
20200325,1141,0.068182,0.127273,0.59194,0.666667
20200325,1142,0.071591,0.054545,0.599496,0.666667
20200325,1143,0.071591,0.054545,0.599496,0.666667
20200325,1144,0.071591,0.145455,0.624685,0.666667
20200325,1145,0.071591,0.145455,0.624685,0.333333
20200325,1146,0.069318,0.018182,0.624685,0.333333
20200325,1147,0.069318,0.018182,0.624685,0.333333
20200325,1148,0.072727,0.054545,0.622166,0.333333
20200325,1149,0.072727,0.054545,0.622166,0.333333
20200325,1150,0.069318,0.072727,0.599496,0.666667
20200325,1151,0.069318,0.072727,0.599496,1.0
20200325,1152,0.067045,0.109091,0.596977,0.333333
20200325,1153,0.067045,0.109091,0.596977,0.666667
20200325,1154,0.070455,0.090909,0.589421,0.333333
20200325,1155,0.070455,0.090909,0.589421,0.666667
20200325,1156,0.069318,0.036364,0.584383,1.0
20200325,1157,0.069318,0.036364,0.584383,0.333333
20200325,1158,0.070455,0.072727,0.594458,0.666667
20200325,1159,0.070455,0.072727,0.594458,0.666667
20200325,1160,0.070455,0.054545,0.612091,0.666667
20200325,1161,0.070455,0.054545,0.612091,0.333333
20200325,1162,0.072727,0.036364,0.622166,0.666667
20200325,1163,0.072727,0.036364,0.622166,0.666667
20200325,1164,0.072727,0.127273,0.619647,0.333333
20200325,1165,0.072727,0.127273,0.619647,0.666667
20200325,1166,0.068182,0.109091,0.61461,0.0
20200325,1167,0.068182,0.109091,0.61461,0.333333
20200325,1168,0.069318,0.163636,0.599496,0.666667
20200325,1169,0.069318,0.163636,0.599496,0.666667
20200325,1170,0.067045,0.145455,0.571788,0.666667
20200325,1171,0.067045,0.145455,0.571788,1.0
20200325,1172,0.070455,0.127273,0.581864,0.333333
20200325,1173,0.070455,0.127273,0.581864,0.333333
20200325,1174,0.070455,0.218182,0.594458,0.666667
20200325,1175,0.070455,0.218182,0.594458,0.666667
20200325,1176,0.069318,0.181818,0.61461,0.666667
20200325,1177,0.069318,0.181818,0.61461,0.666667
20200325,1178,0.072727,0.072727,0.624685,0.666667
20200325,1179,0.072727,0.072727,0.624685,0.666667
20200325,1180,0.071591,0.127273,0.627204,0.666667
20200325,1181,0.071591,0.127273,0.627204,0.333333
20200325,1182,0.071591,0.090909,0.61461,0.333333
20200325,1183,0.071591,0.090909,0.61461,0.333333
20200325,1184,0.064773,0.145455,0.602015,0.333333
20200325,1185,0.064773,0.145455,0.602015,0.333333
20200325,1186,0.069318,0.127273,0.602015,0.666667
20200325,1187,0.069318,0.127273,0.602015,1.0
20200325,1188,0.068182,0.109091,0.589421,0.333333
20200325,1189,0.068182,0.109091,0.589421,0.666667
20200325,1190,0.069318,0.127273,0.596977,0.333333
20200325,1191,0.069318,0.127273,0.596977,0.666667
20200325,1192,0.072727,0.109091,0.602015,1.0
20200325,1193,0.072727,0.109091,0.602015,0.333333
20200325,1194,0.070455,0.109091,0.607053,0.666667
20200325,1195,0.070455,0.109091,0.607053,0.666667
20200325,1196,0.070455,0.181818,0.602015,0.666667
20200325,1197,0.070455,0.181818,0.602015,0.666667
20200325,1198,0.071591,0.090909,0.602015,0.666667
20200325,1199,0.071591,0.090909,0.602015,0.666667
20200325,1200,0.070455,0.127273,0.594458,0.666667
20200325,1201,0.070455,0.127273,0.594458,0.333333
20200325,1202,0.068182,0.127273,0.59194,0.333333
20200325,1203,0.068182,0.127273,0.59194,0.666667
20200325,1204,0.068182,0.145455,0.59194,0.333333
20200325,1205,0.068182,0.145455,0.59194,1.0
20200325,1206,0.069318,0.2,0.604534,0.666667
20200325,1207,0.069318,0.2,0.604534,0.666667
20200325,1208,0.069318,0.163636,0.602015,0.666667
20200325,1209,0.069318,0.163636,0.602015,0.666667
20200325,1210,0.070455,0.127273,0.61461,0.666667
20200325,1211,0.070455,0.127273,0.61461,0.666667
20200325,1212,0.071591,0.054545,0.609572,0.666667
20200325,1213,0.071591,0.054545,0.609572,0.666667
20200325,1214,0.068182,0.054545,0.599496,0.666667
20200325,1215,0.068182,0.054545,0.599496,0.333333
20200325,1216,0.070455,0.163636,0.586902,0.333333
20200325,1217,0.070455,0.163636,0.586902,0.666667
20200325,1218,0.069318,0.163636,0.594458,0.333333
20200325,1219,0.069318,0.163636,0.594458,1.0
20200325,1220,0.070455,0.054545,0.599496,0.666667
20200325,1221,0.070455,0.054545,0.599496,0.666667
20200325,1222,0.071591,0.145455,0.596977,0.666667
20200325,1223,0.071591,0.145455,0.596977,0.666667
20200325,1224,0.070455,0.090909,0.596977,0.666667
20200325,1225,0.070455,0.090909,0.596977,0.333333
20200325,1226,0.071591,0.109091,0.596977,0.666667
20200325,1227,0.071591,0.109091,0.596977,0.666667
20200325,1228,0.071591,0.127273,0.594458,0.333333
20200325,1229,0.071591,0.127273,0.594458,0.666667
20200325,1230,0.067045,0.054545,0.596977,0.0
20200325,1231,0.067045,0.054545,0.596977,0.333333
20200325,1232,0.070455,0.145455,0.599496,0.666667
20200325,1233,0.070455,0.145455,0.599496,0.666667
20200325,1234,0.071591,0.145455,0.584383,0.666667
20200325,1235,0.071591,0.145455,0.584383,1.0
20200325,1236,0.071591,0.127273,0.599496,0.333333
20200325,1237,0.071591,0.127273,0.599496,0.333333
20200325,1238,0.069318,0.163636,0.599496,0.666667
20200325,1239,0.069318,0.163636,0.599496,0.666667
20200325,1240,0.068182,0.127273,0.599496,0.666667
20200325,1241,0.068182,0.127273,0.599496,0.666667
20200325,1242,0.070455,0.218182,0.59194,0.666667
20200325,1243,0.070455,0.218182,0.59194,0.666667
20200325,1244,0.068182,0.290909,0.594458,0.666667
20200325,1245,0.068182,0.290909,0.594458,0.333333
20200325,1246,0.069318,0.236364,0.596977,0.333333
20200325,1247,0.069318,0.236364,0.596977,0.333333
20200325,1248,0.071591,0.218182,0.596977,0.333333
20200325,1249,0.071591,0.218182,0.596977,0.333333
20200325,1250,0.071591,0.218182,0.596977,0.666667
20200325,1251,0.071591,0.218182,0.596977,1.0
20200325,1252,0.069318,0.327273,0.604534,0.333333
20200325,1253,0.069318,0.327273,0.604534,0.666667
20200325,1254,0.071591,0.272727,0.599496,0.333333
20200325,1255,0.071591,0.272727,0.599496,0.666667
20200325,1256,0.069318,0.254545,0.594458,1.0
20200325,1257,0.069318,0.254545,0.594458,0.333333
20200325,1258,0.070455,0.272727,0.581864,0.666667
20200325,1259,0.070455,0.272727,0.581864,0.666667
20200325,1260,0.070455,0.254545,0.594458,0.666667
20200325,1261,0.070455,0.254545,0.594458,0.666667
20200325,1262,0.070455,0.290909,0.604534,0.666667
20200325,1263,0.070455,0.290909,0.604534,0.666667
20200325,1264,0.069318,0.254545,0.607053,0.666667
20200325,1265,0.069318,0.254545,0.607053,0.333333
20200325,1266,0.070455,0.345455,0.59194,0.333333
20200325,1267,0.070455,0.345455,0.59194,0.666667
20200325,1268,0.068182,0.327273,0.602015,0.333333
20200325,1269,0.068182,0.327273,0.602015,1.0
20200325,1270,0.069318,0.327273,0.589421,0.666667
20200325,1271,0.069318,0.327273,0.589421,0.666667
20200325,1272,0.069318,0.363636,0.604534,0.666667
20200325,1273,0.069318,0.363636,0.604534,0.666667
20200325,1274,0.069318,0.272727,0.596977,0.666667
20200325,1275,0.069318,0.272727,0.596977,0.666667
20200325,1276,0.070455,0.345455,0.596977,0.666667
20200325,1277,0.070455,0.345455,0.596977,0.666667
20200325,1278,0.069318,0.327273,0.599496,0.666667
20200325,1279,0.069318,0.327273,0.599496,0.333333
20200325,1280,0.070455,0.345455,0.594458,0.333333
20200325,1281,0.070455,0.345455,0.594458,0.666667
20200325,1282,0.065909,0.327273,0.59194,0.333333
20200325,1283,0.065909,0.327273,0.59194,1.0
20200325,1284,0.067045,0.4,0.59194,0.666667
20200325,1285,0.067045,0.4,0.59194,0.666667
20200325,1286,0.068182,0.363636,0.596977,0.666667
20200325,1287,0.068182,0.363636,0.596977,0.666667
20200325,1288,0.067045,0.345455,0.599496,0.666667
20200325,1289,0.067045,0.345455,0.599496,0.333333
20200325,1290,0.067045,0.381818,0.604534,0.666667
20200325,1291,0.067045,0.381818,0.604534,0.666667
20200325,1292,0.068182,0.290909,0.594458,0.333333
20200325,1293,0.068182,0.290909,0.594458,0.666667
20200325,1294,0.067045,0.327273,0.59194,0.0
20200325,1295,0.067045,0.327273,0.59194,0.333333
20200325,1296,0.065909,0.345455,0.59194,0.666667
20200325,1297,0.065909,0.345455,0.59194,0.666667
20200325,1298,0.065909,0.272727,0.584383,0.666667
20200325,1299,0.065909,0.272727,0.584383,0.666667
20200325,1300,0.067045,0.272727,0.607053,0.333333
20200325,1301,0.067045,0.272727,0.607053,0.666667
20200325,1302,0.067045,0.381818,0.604534,0.666667
20200325,1303,0.067045,0.381818,0.604534,0.333333
20200325,1304,0.067045,0.327273,0.599496,0.666667
20200325,1305,0.067045,0.327273,0.599496,0.0
20200325,1306,0.065909,0.4,0.599496,0.333333
20200325,1307,0.065909,0.4,0.599496,0.666667
20200325,1308,0.065909,0.381818,0.596977,0.666667
20200325,1309,0.065909,0.381818,0.596977,0.666667
20200325,1310,0.065909,0.4,0.581864,1.0
20200325,1311,0.065909,0.4,0.581864,0.333333
20200325,1312,0.065909,0.345455,0.59194,0.333333
20200325,1313,0.065909,0.345455,0.59194,0.666667
20200325,1314,0.067045,0.381818,0.596977,0.666667
20200325,1315,0.067045,0.381818,0.596977,0.666667
20200325,1316,0.065909,0.363636,0.607053,0.666667
20200325,1317,0.065909,0.363636,0.607053,0.666667
20200325,1318,0.064773,0.345455,0.602015,0.666667
20200325,1319,0.064773,0.345455,0.602015,0.666667
20200325,1320,0.064773,0.363636,0.607053,0.333333
20200325,1321,0.064773,0.363636,0.607053,0.333333
20200325,1322,0.064773,0.381818,0.596977,0.333333
20200325,1323,0.064773,0.381818,0.596977,0.333333
20200325,1324,0.063636,0.4,0.596977,0.333333
20200325,1325,0.063636,0.4,0.596977,0.666667
20200325,1326,0.069318,0.454545,0.594458,1.0
20200325,1327,0.069318,0.454545,0.594458,0.333333
20200325,1328,0.070455,0.4,0.594458,0.666667
20200325,1329,0.070455,0.4,0.594458,0.333333
20200325,1330,0.069318,0.4,0.596977,0.666667
20200325,1331,0.069318,0.4,0.596977,1.0
20200325,1332,0.068182,0.345455,0.599496,0.333333
20200325,1333,0.068182,0.345455,0.599496,0.666667
20200325,1334,0.071591,0.381818,0.607053,0.666667
20200325,1335,0.071591,0.381818,0.607053,0.666667
20200325,1336,0.069318,0.4,0.599496,0.333333
20200325,1337,0.069318,0.4,0.599496,0.666667
20200325,1338,0.069318,0.418182,0.596977,0.666667
20200325,1339,0.069318,0.418182,0.596977,0.333333
20200325,1340,0.068182,0.436364,0.594458,0.666667
20200325,1341,0.068182,0.436364,0.594458,0.0
20200325,1342,0.069318,0.418182,0.594458,0.333333
20200325,1343,0.069318,0.418182,0.594458,0.666667
20200325,1344,0.069318,0.363636,0.589421,0.666667
20200325,1345,0.069318,0.363636,0.589421,0.666667
20200325,1346,0.070455,0.4,0.599496,1.0
20200325,1347,0.070455,0.4,0.599496,0.333333
20200325,1348,0.069318,0.381818,0.61461,0.333333
20200325,1349,0.069318,0.381818,0.61461,0.666667
20200325,1350,0.069318,0.381818,0.607053,0.666667
20200326,1,0.069318,0.381818,0.607053,0.666667
20200326,2,0.067045,0.418182,0.596977,0.666667
20200326,3,0.067045,0.418182,0.596977,0.666667
20200326,4,0.067045,0.436364,0.59194,0.666667
20200326,5,0.067045,0.436364,0.59194,0.666667
20200326,6,0.067045,0.363636,0.589421,0.333333
20200326,7,0.067045,0.363636,0.589421,0.333333
20200326,8,0.067045,0.381818,0.594458,0.333333
20200326,9,0.067045,0.381818,0.594458,0.333333
20200326,10,0.069318,0.472727,0.604534,0.333333
20200326,11,0.069318,0.472727,0.604534,0.666667
20200326,12,0.068182,0.363636,0.619647,1.0
20200326,13,0.068182,0.363636,0.619647,0.333333
20200326,14,0.069318,0.418182,0.607053,0.666667
20200326,15,0.069318,0.418182,0.607053,0.333333
20200326,16,0.068182,0.436364,0.607053,0.666667
20200326,17,0.068182,0.436364,0.607053,1.0
20200326,18,0.064773,0.381818,0.596977,0.333333
20200326,19,0.064773,0.381818,0.596977,0.666667
20200326,20,0.067045,0.4,0.589421,0.666667
20200326,21,0.067045,0.4,0.589421,0.666667
20200326,22,0.065909,0.381818,0.589421,0.666667
20200326,23,0.065909,0.381818,0.589421,0.666667
20200326,24,0.067045,0.363636,0.602015,0.666667
20200326,25,0.067045,0.363636,0.602015,0.666667
20200326,26,0.067045,0.381818,0.607053,0.333333
20200326,27,0.067045,0.381818,0.607053,0.333333
20200326,28,0.069318,0.345455,0.612091,0.666667
20200326,29,0.069318,0.345455,0.612091,0.333333
20200326,30,0.067045,0.4,0.607053,1.0
20200326,31,0.067045,0.4,0.607053,0.666667
20200326,32,0.069318,0.4,0.599496,0.666667
20200326,33,0.069318,0.4,0.599496,0.666667
20200326,34,0.065909,0.418182,0.586902,0.666667
20200326,35,0.065909,0.418182,0.586902,0.666667
20200326,36,0.065909,0.4,0.589421,0.666667
20200326,37,0.065909,0.4,0.589421,0.666667
20200326,38,0.067045,0.436364,0.576826,0.666667
20200326,39,0.067045,0.436364,0.576826,0.666667
20200326,40,0.067045,0.4,0.602015,0.333333
20200326,41,0.067045,0.4,0.602015,0.333333
20200326,42,0.068182,0.418182,0.609572,0.666667
20200326,43,0.068182,0.418182,0.609572,0.333333
20200326,44,0.068182,0.4,0.609572,1.0
20200326,45,0.068182,0.4,0.609572,0.666667
20200326,46,0.064773,0.418182,0.609572,0.666667
20200326,47,0.064773,0.418182,0.609572,0.666667
20200326,48,0.065909,0.363636,0.602015,0.666667
20200326,49,0.065909,0.363636,0.602015,0.666667
20200326,50,0.067045,0.345455,0.584383,0.333333
20200326,51,0.067045,0.345455,0.584383,0.666667
20200326,52,0.065909,0.436364,0.59194,0.666667
20200326,53,0.065909,0.436364,0.59194,0.333333
20200326,54,0.065909,0.418182,0.589421,0.666667
20200326,55,0.065909,0.418182,0.589421,0.0
20200326,56,0.067045,0.381818,0.594458,0.333333
20200326,57,0.067045,0.381818,0.594458,0.666667
20200326,58,0.064773,0.4,0.607053,0.666667
20200326,59,0.064773,0.4,0.607053,0.666667
20200326,60,0.067045,0.381818,0.607053,1.0
20200326,61,0.067045,0.381818,0.607053,0.333333
20200326,62,0.068182,0.381818,0.604534,0.333333
20200326,63,0.068182,0.381818,0.604534,0.666667
20200326,64,0.067045,0.418182,0.602015,0.666667
20200326,65,0.067045,0.418182,0.602015,0.666667
20200326,66,0.064773,0.418182,0.594458,0.666667
20200326,67,0.064773,0.418182,0.594458,0.666667
20200326,68,0.065909,0.363636,0.59194,0.666667
20200326,69,0.065909,0.363636,0.59194,0.666667
20200326,70,0.067045,0.381818,0.59194,0.333333
20200326,71,0.067045,0.381818,0.59194,0.333333
20200326,72,0.065909,0.381818,0.599496,0.333333
20200326,73,0.065909,0.381818,0.599496,0.333333
20200326,74,0.067045,0.345455,0.61461,0.333333
20200326,75,0.067045,0.345455,0.61461,0.666667
20200326,76,0.067045,0.4,0.622166,1.0
20200326,77,0.067045,0.4,0.622166,0.333333
20200326,78,0.068182,0.327273,0.607053,0.666667
20200326,79,0.068182,0.327273,0.607053,0.333333
20200326,80,0.067045,0.381818,0.602015,0.666667
20200326,81,0.067045,0.381818,0.602015,1.0
20200326,82,0.064773,0.327273,0.596977,0.333333
20200326,83,0.064773,0.327273,0.596977,0.666667
20200326,84,0.065909,0.4,0.594458,0.666667
20200326,85,0.065909,0.4,0.594458,0.666667
20200326,86,0.067045,0.418182,0.594458,0.666667
20200326,87,0.067045,0.418182,0.594458,0.666667
20200326,88,0.068182,0.454545,0.59194,0.666667
20200326,89,0.068182,0.454545,0.59194,0.666667
20200326,90,0.067045,0.4,0.596977,0.333333
20200326,91,0.067045,0.4,0.596977,0.333333
20200326,92,0.069318,0.4,0.604534,0.666667
20200326,93,0.069318,0.4,0.604534,0.333333
20200326,94,0.068182,0.381818,0.599496,1.0
20200326,95,0.068182,0.381818,0.599496,0.666667
20200326,96,0.067045,0.363636,0.596977,0.666667
20200326,97,0.067045,0.363636,0.596977,0.666667
20200326,98,0.068182,0.4,0.594458,0.666667
20200326,99,0.068182,0.4,0.594458,0.666667
20200326,100,0.065909,0.4,0.59194,0.333333
20200326,101,0.065909,0.4,0.59194,0.666667
20200326,102,0.068182,0.345455,0.59194,0.666667
20200326,103,0.068182,0.345455,0.59194,0.333333
20200326,104,0.067045,0.363636,0.596977,0.666667
20200326,105,0.067045,0.363636,0.596977,0.0
20200326,106,0.067045,0.381818,0.61461,0.333333
20200326,107,0.067045,0.381818,0.61461,0.666667
20200326,108,0.067045,0.454545,0.617128,0.666667
20200326,109,0.067045,0.454545,0.617128,0.666667
20200326,110,0.073864,0.090909,0.604534,0.666667
20200326,111,0.073864,0.090909,0.604534,0.333333
20200326,112,0.072727,0.090909,0.602015,0.666667
20200326,113,0.072727,0.090909,0.602015,1.0
20200326,114,0.072727,0.072727,0.584383,0.333333
20200326,115,0.072727,0.072727,0.584383,0.666667
20200326,116,0.073864,0.127273,0.589421,0.666667
20200326,117,0.073864,0.127273,0.589421,0.666667
20200326,118,0.071591,0.109091,0.594458,0.666667
20200326,119,0.071591,0.109091,0.594458,0.666667
20200326,120,0.072727,0.036364,0.607053,0.666667
20200326,121,0.072727,0.036364,0.607053,0.666667
20200326,122,0.072727,0.036364,0.604534,0.333333
20200326,123,0.072727,0.036364,0.604534,0.333333
20200326,124,0.073864,0.072727,0.617128,0.666667
20200326,125,0.073864,0.072727,0.617128,0.333333
20200326,126,0.072727,0.0,0.612091,1.0
20200326,127,0.072727,0.0,0.612091,0.666667
20200326,128,0.071591,0.127273,0.602015,0.666667
20200326,129,0.071591,0.127273,0.602015,0.666667
20200326,130,0.072727,0.090909,0.59194,0.733333
20200326,131,0.072727,0.090909,0.59194,0.733333
20200326,132,0.071591,0.127273,0.584383,0.726667
20200326,133,0.071591,0.127273,0.584383,0.726667
20200326,134,0.071591,0.090909,0.586902,0.72
20200326,135,0.071591,0.090909,0.586902,0.72
20200326,136,0.071591,0.109091,0.589421,0.746667
20200326,137,0.071591,0.109091,0.589421,0.746667
20200326,138,0.073864,0.109091,0.617128,0.746667
20200326,139,0.073864,0.109091,0.617128,0.746667
20200326,140,0.072727,0.054545,0.622166,0.746667
20200326,141,0.072727,0.054545,0.622166,0.746667
20200326,142,0.072727,0.072727,0.61461,0.746667
20200326,143,0.072727,0.072727,0.61461,0.746667
20200326,144,0.072727,0.127273,0.602015,0.726667
20200326,145,0.072727,0.127273,0.602015,0.726667
20200326,146,0.070455,0.109091,0.596977,0.72
20200326,147,0.070455,0.109091,0.596977,0.72
20200326,148,0.072727,0.090909,0.586902,0.726667
20200326,149,0.072727,0.090909,0.586902,0.726667
20200326,150,0.070455,0.145455,0.579345,0.72
20200326,151,0.070455,0.145455,0.579345,0.72
20200326,152,0.073864,0.109091,0.596977,0.726667
20200326,153,0.073864,0.109091,0.596977,0.726667
20200326,154,0.072727,0.090909,0.604534,0.733333
20200326,155,0.072727,0.090909,0.604534,0.733333
20200326,156,0.073864,0.036364,0.61461,0.726667
20200326,157,0.073864,0.036364,0.61461,0.666667
20200326,158,0.072727,0.145455,0.612091,0.666667
20200326,159,0.072727,0.145455,0.612091,0.333333
20200326,160,0.070455,0.127273,0.602015,0.666667
20200326,161,0.070455,0.127273,0.602015,0.666667
20200326,162,0.070455,0.090909,0.594458,0.333333
20200326,163,0.070455,0.090909,0.594458,0.666667
20200326,164,0.071591,0.127273,0.594458,0.0
20200326,165,0.071591,0.127273,0.594458,0.333333
20200326,166,0.070455,0.218182,0.59194,0.666667
20200326,167,0.070455,0.218182,0.59194,0.666667
20200326,168,0.072727,0.127273,0.596977,0.666667
20200326,169,0.072727,0.127273,0.596977,1.0
20200326,170,0.072727,0.090909,0.594458,0.333333
20200326,171,0.072727,0.090909,0.594458,0.333333
20200326,172,0.071591,0.072727,0.604534,0.666667
20200326,173,0.071591,0.072727,0.604534,0.666667
20200326,174,0.071591,0.109091,0.602015,0.666667
20200326,175,0.071591,0.109091,0.602015,0.666667
20200326,176,0.072727,0.090909,0.599496,0.666667
20200326,177,0.072727,0.090909,0.599496,0.666667
20200326,178,0.071591,0.145455,0.59194,0.666667
20200326,179,0.071591,0.145455,0.59194,0.333333
20200326,180,0.070455,0.090909,0.586902,0.333333
20200326,181,0.070455,0.090909,0.586902,0.333333
20200326,182,0.073864,0.127273,0.586902,0.333333
20200326,183,0.073864,0.127273,0.586902,0.333333
20200326,184,0.072727,0.127273,0.602015,0.666667
20200326,185,0.072727,0.127273,0.602015,1.0
20200326,186,0.070455,0.127273,0.619647,0.333333
20200326,187,0.070455,0.127273,0.619647,0.666667
20200326,188,0.072727,0.127273,0.617128,0.333333
20200326,189,0.072727,0.127273,0.617128,0.666667
20200326,190,0.072727,0.054545,0.607053,1.0
20200326,191,0.072727,0.054545,0.607053,0.333333
20200326,192,0.072727,0.145455,0.602015,0.666667
20200326,193,0.072727,0.145455,0.602015,0.666667
20200326,194,0.070455,0.127273,0.596977,0.666667
20200326,195,0.070455,0.127273,0.596977,0.333333
20200326,196,0.070455,0.109091,0.576826,0.666667
20200326,197,0.070455,0.109091,0.576826,0.666667
20200326,198,0.072727,0.090909,0.586902,0.333333
20200326,199,0.072727,0.090909,0.586902,0.666667
20200326,200,0.071591,0.072727,0.594458,0.0
20200326,201,0.071591,0.072727,0.594458,0.333333
20200326,202,0.071591,0.054545,0.596977,0.666667
20200326,203,0.071591,0.054545,0.596977,0.666667
20200326,204,0.073864,0.072727,0.624685,0.666667
20200326,205,0.073864,0.072727,0.624685,1.0
20200326,206,0.072727,0.018182,0.622166,0.333333
20200326,207,0.072727,0.018182,0.622166,0.333333
20200326,208,0.071591,0.109091,0.61461,0.666667
20200326,209,0.071591,0.109091,0.61461,0.666667
20200326,210,0.068182,0.109091,0.599496,0.666667
20200326,211,0.068182,0.109091,0.599496,0.666667
20200326,212,0.069318,0.145455,0.589421,0.666667
20200326,213,0.069318,0.145455,0.589421,0.666667
20200326,214,0.070455,0.181818,0.586902,0.666667
20200326,215,0.070455,0.181818,0.586902,0.333333
20200326,216,0.068182,0.109091,0.594458,0.333333
20200326,217,0.068182,0.109091,0.594458,0.333333
20200326,218,0.071591,0.127273,0.599496,0.333333
20200326,219,0.071591,0.127273,0.599496,0.333333
20200326,220,0.072727,0.072727,0.617128,0.666667
20200326,221,0.072727,0.072727,0.617128,1.0
20200326,222,0.071591,0.109091,0.619647,0.333333
20200326,223,0.071591,0.109091,0.619647,0.666667
20200326,224,0.071591,0.072727,0.609572,0.333333
20200326,225,0.071591,0.072727,0.609572,0.666667
20200326,226,0.070455,0.054545,0.596977,1.0
20200326,227,0.070455,0.054545,0.596977,0.333333
20200326,228,0.070455,0.109091,0.589421,0.666667
20200326,229,0.070455,0.109091,0.589421,0.666667
20200326,230,0.071591,0.109091,0.596977,0.666667
20200326,231,0.071591,0.109091,0.596977,0.666667
20200326,232,0.070455,0.163636,0.584383,0.666667
20200326,233,0.070455,0.163636,0.584383,0.666667
20200326,234,0.072727,0.163636,0.607053,0.666667
20200326,235,0.072727,0.163636,0.607053,0.333333
20200326,236,0.072727,0.109091,0.61461,0.333333
20200326,237,0.072727,0.109091,0.61461,0.666667
20200326,238,0.072727,0.145455,0.617128,0.333333
20200326,239,0.072727,0.145455,0.617128,1.0
20200326,240,0.070455,0.090909,0.604534,0.666667
20200326,241,0.070455,0.090909,0.604534,0.666667
20200326,242,0.072727,0.109091,0.594458,0.666667
20200326,243,0.072727,0.109091,0.594458,0.666667
20200326,244,0.071591,0.181818,0.594458,0.666667
20200326,245,0.071591,0.181818,0.594458,0.666667
20200326,246,0.069318,0.109091,0.589421,0.666667
20200326,247,0.069318,0.109091,0.589421,0.666667
20200326,248,0.072727,0.163636,0.596977,0.666667
20200326,249,0.072727,0.163636,0.596977,0.333333
20200326,250,0.071591,0.145455,0.596977,0.333333
20200326,251,0.071591,0.145455,0.596977,0.666667
20200326,252,0.071591,0.127273,0.594458,0.333333
20200326,253,0.071591,0.127273,0.594458,1.0
20200326,254,0.071591,0.109091,0.602015,0.666667
20200326,255,0.071591,0.109091,0.602015,0.666667
20200326,256,0.070455,0.145455,0.576826,0.666667
20200326,257,0.070455,0.145455,0.576826,0.666667
20200326,258,0.070455,0.163636,0.589421,0.666667
20200326,259,0.070455,0.163636,0.589421,0.333333
20200326,260,0.071591,0.181818,0.594458,0.666667
20200326,261,0.071591,0.181818,0.594458,0.666667
20200326,262,0.070455,0.145455,0.609572,0.333333
20200326,263,0.070455,0.145455,0.609572,0.666667
20200326,264,0.071591,0.163636,0.612091,0.0
20200326,265,0.071591,0.163636,0.612091,0.333333
20200326,266,0.070455,0.236364,0.609572,0.666667
20200326,267,0.070455,0.236364,0.609572,0.666667
20200326,268,0.069318,0.145455,0.599496,0.666667
20200326,269,0.069318,0.145455,0.599496,1.0
20200326,270,0.069318,0.181818,0.576826,0.333333
20200326,271,0.069318,0.181818,0.576826,0.333333
20200326,272,0.069318,0.072727,0.586902,0.666667
20200326,273,0.069318,0.072727,0.586902,0.666667
20200326,274,0.068182,0.127273,0.59194,0.666667
20200326,275,0.068182,0.127273,0.59194,0.666667
20200326,276,0.071591,0.054545,0.599496,0.666667
20200326,277,0.071591,0.054545,0.599496,0.666667
20200326,278,0.071591,0.145455,0.624685,0.666667
20200326,279,0.071591,0.145455,0.624685,0.333333
20200326,280,0.069318,0.018182,0.624685,0.333333
20200326,281,0.069318,0.018182,0.624685,0.333333
20200326,282,0.072727,0.054545,0.622166,0.333333
20200326,283,0.072727,0.054545,0.622166,0.333333
20200326,284,0.069318,0.072727,0.599496,0.666667
20200326,285,0.069318,0.072727,0.599496,1.0
20200326,286,0.067045,0.109091,0.596977,0.333333
20200326,287,0.067045,0.109091,0.596977,0.666667
20200326,288,0.070455,0.090909,0.589421,0.333333
20200326,289,0.070455,0.090909,0.589421,0.666667
20200326,290,0.069318,0.036364,0.584383,1.0
20200326,291,0.069318,0.036364,0.584383,0.333333
20200326,292,0.070455,0.072727,0.594458,0.666667
20200326,293,0.070455,0.072727,0.594458,0.666667
20200326,294,0.070455,0.054545,0.612091,0.666667
20200326,295,0.070455,0.054545,0.612091,0.333333
20200326,296,0.072727,0.036364,0.622166,0.666667
20200326,297,0.072727,0.036364,0.622166,0.666667
20200326,298,0.072727,0.127273,0.619647,0.333333
20200326,299,0.072727,0.127273,0.619647,0.666667
20200326,300,0.068182,0.109091,0.61461,0.0
20200326,301,0.068182,0.109091,0.61461,0.333333
20200326,302,0.069318,0.163636,0.599496,0.666667
20200326,303,0.069318,0.163636,0.599496,0.666667
20200326,304,0.067045,0.145455,0.571788,0.666667
20200326,305,0.067045,0.145455,0.571788,1.0
20200326,306,0.070455,0.127273,0.581864,0.333333
20200326,307,0.070455,0.127273,0.581864,0.333333
20200326,308,0.070455,0.218182,0.594458,0.666667
20200326,309,0.070455,0.218182,0.594458,0.666667
20200326,310,0.069318,0.181818,0.61461,0.666667
20200326,311,0.069318,0.181818,0.61461,0.666667
20200326,312,0.072727,0.072727,0.624685,0.666667
20200326,313,0.072727,0.072727,0.624685,0.666667
20200326,314,0.071591,0.127273,0.627204,0.666667
20200326,315,0.071591,0.127273,0.627204,0.333333
20200326,316,0.071591,0.090909,0.61461,0.333333
20200326,317,0.071591,0.090909,0.61461,0.333333
20200326,318,0.064773,0.145455,0.602015,0.333333
20200326,319,0.064773,0.145455,0.602015,0.333333
20200326,320,0.069318,0.127273,0.602015,0.666667
20200326,321,0.069318,0.127273,0.602015,1.0
20200326,322,0.068182,0.109091,0.589421,0.333333
20200326,323,0.068182,0.109091,0.589421,0.666667
20200326,324,0.069318,0.127273,0.596977,0.333333
20200326,325,0.069318,0.127273,0.596977,0.666667
20200326,326,0.072727,0.109091,0.602015,1.0
20200326,327,0.072727,0.109091,0.602015,0.333333
20200326,328,0.070455,0.109091,0.607053,0.666667
20200326,329,0.070455,0.109091,0.607053,0.666667
20200326,330,0.070455,0.181818,0.602015,0.666667
20200326,331,0.070455,0.181818,0.602015,0.666667
20200326,332,0.071591,0.090909,0.602015,0.666667
20200326,333,0.071591,0.090909,0.602015,0.666667
20200326,334,0.070455,0.127273,0.594458,0.666667
20200326,335,0.070455,0.127273,0.594458,0.333333
20200326,336,0.068182,0.127273,0.59194,0.333333
20200326,337,0.068182,0.127273,0.59194,0.666667
20200326,338,0.068182,0.145455,0.59194,0.333333
20200326,339,0.068182,0.145455,0.59194,1.0
20200326,340,0.069318,0.2,0.604534,0.666667
20200326,341,0.069318,0.2,0.604534,0.666667
20200326,342,0.069318,0.163636,0.602015,0.666667
20200326,343,0.069318,0.163636,0.602015,0.666667
20200326,344,0.070455,0.127273,0.61461,0.666667
20200326,345,0.070455,0.127273,0.61461,0.666667
20200326,346,0.071591,0.054545,0.609572,0.666667
20200326,347,0.071591,0.054545,0.609572,0.666667
20200326,348,0.068182,0.054545,0.599496,0.666667
20200326,349,0.068182,0.054545,0.599496,0.333333
20200326,350,0.070455,0.163636,0.586902,0.333333
20200326,351,0.070455,0.163636,0.586902,0.666667
20200326,352,0.069318,0.163636,0.594458,0.333333
20200326,353,0.069318,0.163636,0.594458,1.0
20200326,354,0.070455,0.054545,0.599496,0.666667
20200326,355,0.070455,0.054545,0.599496,0.666667
20200326,356,0.071591,0.145455,0.596977,0.666667
20200326,357,0.071591,0.145455,0.596977,0.666667
20200326,358,0.070455,0.090909,0.596977,0.666667
20200326,359,0.070455,0.090909,0.596977,0.333333
20200326,360,0.071591,0.109091,0.596977,0.666667
20200326,361,0.071591,0.109091,0.596977,0.666667
20200326,362,0.071591,0.127273,0.594458,0.333333
20200326,363,0.071591,0.127273,0.594458,0.666667
20200326,364,0.067045,0.054545,0.596977,0.0
20200326,365,0.067045,0.054545,0.596977,0.333333
20200326,366,0.070455,0.145455,0.599496,0.666667
20200326,367,0.070455,0.145455,0.599496,0.666667
20200326,368,0.071591,0.145455,0.584383,0.666667
20200326,369,0.071591,0.145455,0.584383,1.0
20200326,370,0.071591,0.127273,0.599496,0.333333
20200326,371,0.071591,0.127273,0.599496,0.333333
20200326,372,0.069318,0.163636,0.599496,0.666667
20200326,373,0.069318,0.163636,0.599496,0.666667
20200326,374,0.068182,0.127273,0.599496,0.666667
20200326,375,0.068182,0.127273,0.599496,0.666667
20200326,376,0.070455,0.218182,0.59194,0.666667
20200326,377,0.070455,0.218182,0.59194,0.666667
20200326,378,0.068182,0.290909,0.594458,0.666667
20200326,379,0.068182,0.290909,0.594458,0.333333
20200326,380,0.069318,0.236364,0.596977,0.333333
20200326,381,0.069318,0.236364,0.596977,0.333333
20200326,382,0.071591,0.218182,0.596977,0.333333
20200326,383,0.071591,0.218182,0.596977,0.333333
20200326,384,0.071591,0.218182,0.596977,0.666667
20200326,385,0.071591,0.218182,0.596977,1.0
20200326,386,0.069318,0.327273,0.604534,0.333333
20200326,387,0.069318,0.327273,0.604534,0.666667
20200326,388,0.071591,0.272727,0.599496,0.333333
20200326,389,0.071591,0.272727,0.599496,0.666667
20200326,390,0.069318,0.254545,0.594458,1.0
20200326,391,0.069318,0.254545,0.594458,0.333333
20200326,392,0.070455,0.272727,0.581864,0.666667
20200326,393,0.070455,0.272727,0.581864,0.666667
20200326,394,0.070455,0.254545,0.594458,0.666667
20200326,395,0.070455,0.254545,0.594458,0.666667
20200326,396,0.070455,0.290909,0.604534,0.666667
20200326,397,0.070455,0.290909,0.604534,0.666667
20200326,398,0.069318,0.254545,0.607053,0.666667
20200326,399,0.069318,0.254545,0.607053,0.333333
20200326,400,0.070455,0.345455,0.59194,0.333333
20200326,401,0.070455,0.345455,0.59194,0.666667
20200326,402,0.068182,0.327273,0.602015,0.333333
20200326,403,0.068182,0.327273,0.602015,1.0
20200326,404,0.069318,0.327273,0.589421,0.666667
20200326,405,0.069318,0.327273,0.589421,0.666667
20200326,406,0.069318,0.363636,0.604534,0.666667
20200326,407,0.069318,0.363636,0.604534,0.666667
20200326,408,0.069318,0.272727,0.596977,0.666667
20200326,409,0.069318,0.272727,0.596977,0.666667
20200326,410,0.070455,0.345455,0.596977,0.666667
20200326,411,0.070455,0.345455,0.596977,0.666667
20200326,412,0.069318,0.327273,0.599496,0.666667
20200326,413,0.069318,0.327273,0.599496,0.333333
20200326,414,0.070455,0.345455,0.594458,0.333333
20200326,415,0.070455,0.345455,0.594458,0.666667
20200326,416,0.065909,0.327273,0.59194,0.333333
20200326,417,0.065909,0.327273,0.59194,1.0
20200326,418,0.067045,0.4,0.59194,0.666667
20200326,419,0.067045,0.4,0.59194,0.666667
20200326,420,0.068182,0.363636,0.596977,0.666667
20200326,421,0.068182,0.363636,0.596977,0.666667
20200326,422,0.067045,0.345455,0.599496,0.666667
20200326,423,0.067045,0.345455,0.599496,0.333333
20200326,424,0.067045,0.381818,0.604534,0.666667
20200326,425,0.067045,0.381818,0.604534,0.666667
20200326,426,0.068182,0.290909,0.594458,0.333333
20200326,427,0.068182,0.290909,0.594458,0.666667
20200326,428,0.067045,0.327273,0.59194,0.0
20200326,429,0.067045,0.327273,0.59194,0.333333
20200326,430,0.065909,0.345455,0.59194,0.666667
20200326,431,0.065909,0.345455,0.59194,0.666667
20200326,432,0.065909,0.272727,0.584383,0.666667
20200326,433,0.065909,0.272727,0.584383,0.666667
20200326,434,0.067045,0.272727,0.607053,0.333333
20200326,435,0.067045,0.272727,0.607053,0.666667
20200326,436,0.067045,0.381818,0.604534,0.666667
20200326,437,0.067045,0.381818,0.604534,0.333333
20200326,438,0.067045,0.327273,0.599496,0.666667
20200326,439,0.067045,0.327273,0.599496,0.0
20200326,440,0.065909,0.4,0.599496,0.333333
20200326,441,0.065909,0.4,0.599496,0.666667
20200326,442,0.065909,0.381818,0.596977,0.666667
20200326,443,0.065909,0.381818,0.596977,0.666667
20200326,444,0.065909,0.4,0.581864,1.0
20200326,445,0.065909,0.4,0.581864,0.333333
20200326,446,0.065909,0.345455,0.59194,0.333333
20200326,447,0.065909,0.345455,0.59194,0.666667
20200326,448,0.067045,0.381818,0.596977,0.666667
20200326,449,0.067045,0.381818,0.596977,0.666667
20200326,450,0.065909,0.363636,0.607053,0.666667
20200326,451,0.065909,0.363636,0.607053,0.666667
20200326,452,0.064773,0.345455,0.602015,0.666667
20200326,453,0.064773,0.345455,0.602015,0.666667
20200326,454,0.064773,0.363636,0.607053,0.333333
20200326,455,0.064773,0.363636,0.607053,0.333333
20200326,456,0.064773,0.381818,0.596977,0.333333
20200326,457,0.064773,0.381818,0.596977,0.333333
20200326,458,0.063636,0.4,0.596977,0.333333
20200326,459,0.063636,0.4,0.596977,0.666667
20200326,460,0.069318,0.454545,0.594458,1.0
20200326,461,0.069318,0.454545,0.594458,0.333333
20200326,462,0.070455,0.4,0.594458,0.666667
20200326,463,0.070455,0.4,0.594458,0.333333
20200326,464,0.069318,0.4,0.596977,0.666667
20200326,465,0.069318,0.4,0.596977,1.0
20200326,466,0.068182,0.345455,0.599496,0.333333
20200326,467,0.068182,0.345455,0.599496,0.666667
20200326,468,0.071591,0.381818,0.607053,0.666667
20200326,469,0.071591,0.381818,0.607053,0.666667
20200326,470,0.069318,0.4,0.599496,0.333333
20200326,471,0.069318,0.4,0.599496,0.666667
20200326,472,0.069318,0.418182,0.596977,0.666667
20200326,473,0.069318,0.418182,0.596977,0.333333
20200326,474,0.068182,0.436364,0.594458,0.666667
20200326,475,0.068182,0.436364,0.594458,0.0
20200326,476,0.069318,0.418182,0.594458,0.333333
20200326,477,0.069318,0.418182,0.594458,0.666667
20200326,478,0.069318,0.363636,0.589421,0.666667
20200326,479,0.069318,0.363636,0.589421,0.666667
20200326,480,0.070455,0.4,0.599496,1.0
20200326,481,0.070455,0.4,0.599496,0.333333
20200326,482,0.069318,0.381818,0.61461,0.333333
20200326,483,0.069318,0.381818,0.61461,0.666667
20200326,484,0.069318,0.381818,0.607053,0.666667
20200326,485,0.069318,0.381818,0.607053,0.666667
20200326,486,0.067045,0.418182,0.596977,0.666667
20200326,487,0.067045,0.418182,0.596977,0.666667
20200326,488,0.067045,0.436364,0.59194,0.666667
20200326,489,0.067045,0.436364,0.59194,0.666667
20200326,490,0.067045,0.363636,0.589421,0.333333
20200326,491,0.067045,0.363636,0.589421,0.333333
20200326,492,0.067045,0.381818,0.594458,0.333333
20200326,493,0.067045,0.381818,0.594458,0.333333
20200326,494,0.069318,0.472727,0.604534,0.333333
20200326,495,0.069318,0.472727,0.604534,0.666667
20200326,496,0.068182,0.363636,0.619647,1.0
20200326,497,0.068182,0.363636,0.619647,0.333333
20200326,498,0.069318,0.418182,0.607053,0.666667
20200326,499,0.069318,0.418182,0.607053,0.333333
20200326,500,0.068182,0.436364,0.607053,0.666667
20200326,501,0.068182,0.436364,0.607053,1.0
20200326,502,0.064773,0.381818,0.596977,0.333333
20200326,503,0.064773,0.381818,0.596977,0.666667
20200326,504,0.067045,0.4,0.589421,0.666667
20200326,505,0.067045,0.4,0.589421,0.666667
20200326,506,0.065909,0.381818,0.589421,0.666667
20200326,507,0.065909,0.381818,0.589421,0.666667
20200326,508,0.067045,0.363636,0.602015,0.666667
20200326,509,0.073864,0.090909,0.604534,0.666667
20200326,510,0.073864,0.090909,0.604534,0.333333
20200326,511,0.072727,0.090909,0.602015,0.666667
20200326,512,0.072727,0.090909,0.602015,1.0
20200326,513,0.072727,0.072727,0.584383,0.333333
20200326,514,0.072727,0.072727,0.584383,0.666667
20200326,515,0.073864,0.127273,0.589421,0.666667
20200326,516,0.073864,0.127273,0.589421,0.666667
20200326,517,0.071591,0.109091,0.594458,0.666667
20200326,518,0.071591,0.109091,0.594458,0.666667
20200326,519,0.072727,0.036364,0.607053,0.666667
20200326,520,0.072727,0.036364,0.607053,0.666667
20200326,521,0.072727,0.036364,0.604534,0.333333
20200326,522,0.072727,0.036364,0.604534,0.333333
20200326,523,0.073864,0.072727,0.617128,0.666667
20200326,524,0.073864,0.072727,0.617128,0.333333
20200326,525,0.072727,0.0,0.612091,1.0
20200326,526,0.072727,0.0,0.612091,0.666667
20200326,527,0.071591,0.127273,0.602015,0.666667
20200326,528,0.071591,0.127273,0.602015,0.666667
20200326,529,0.072727,0.090909,0.59194,0.733333
20200326,530,0.072727,0.090909,0.59194,0.733333
20200326,531,0.071591,0.127273,0.584383,0.726667
20200326,532,0.071591,0.127273,0.584383,0.726667
20200326,533,0.071591,0.090909,0.586902,0.72
20200326,534,0.071591,0.090909,0.586902,0.72
20200326,535,0.071591,0.109091,0.589421,0.746667
20200326,536,0.071591,0.109091,0.589421,0.746667
20200326,537,0.073864,0.109091,0.617128,0.746667
20200326,538,0.073864,0.109091,0.617128,0.746667
20200326,539,0.072727,0.054545,0.622166,0.746667
20200326,540,0.072727,0.054545,0.622166,0.746667
20200326,541,0.072727,0.072727,0.61461,0.746667
20200326,542,0.072727,0.072727,0.61461,0.746667
20200326,543,0.072727,0.127273,0.602015,0.726667
20200326,544,0.072727,0.127273,0.602015,0.726667
20200326,545,0.070455,0.109091,0.596977,0.72
20200326,546,0.070455,0.109091,0.596977,0.72
20200326,547,0.072727,0.090909,0.586902,0.726667
20200326,548,0.072727,0.090909,0.586902,0.726667
20200326,549,0.070455,0.145455,0.579345,0.72
20200326,550,0.070455,0.145455,0.579345,0.72
20200326,551,0.073864,0.109091,0.596977,0.726667
20200326,552,0.073864,0.109091,0.596977,0.726667
20200326,553,0.072727,0.090909,0.604534,0.733333
20200326,554,0.072727,0.090909,0.604534,0.733333
20200326,555,0.073864,0.036364,0.61461,0.726667
20200326,556,0.073864,0.036364,0.61461,0.666667
20200326,557,0.072727,0.145455,0.612091,0.666667
20200326,558,0.072727,0.145455,0.612091,0.333333
20200326,559,0.070455,0.127273,0.602015,0.666667
20200326,560,0.070455,0.127273,0.602015,0.666667
20200326,561,0.070455,0.090909,0.594458,0.333333
20200326,562,0.070455,0.090909,0.594458,0.666667
20200326,563,0.071591,0.127273,0.594458,0.0
20200326,564,0.071591,0.127273,0.594458,0.333333
20200326,565,0.070455,0.218182,0.59194,0.666667
20200326,566,0.070455,0.218182,0.59194,0.666667
20200326,567,0.072727,0.127273,0.596977,0.666667
20200326,568,0.072727,0.127273,0.596977,1.0
20200326,569,0.072727,0.090909,0.594458,0.333333
20200326,570,0.072727,0.090909,0.594458,0.333333
20200326,571,0.071591,0.072727,0.604534,0.666667
20200326,572,0.071591,0.072727,0.604534,0.666667
20200326,573,0.071591,0.109091,0.602015,0.666667
20200326,574,0.071591,0.109091,0.602015,0.666667
20200326,575,0.072727,0.090909,0.599496,0.666667
20200326,576,0.072727,0.090909,0.599496,0.666667
20200326,577,0.071591,0.145455,0.59194,0.666667
20200326,578,0.071591,0.145455,0.59194,0.333333
20200326,579,0.070455,0.090909,0.586902,0.333333
20200326,580,0.070455,0.090909,0.586902,0.333333
20200326,581,0.073864,0.127273,0.586902,0.333333
20200326,582,0.073864,0.127273,0.586902,0.333333
20200326,583,0.072727,0.127273,0.602015,0.666667
20200326,584,0.072727,0.127273,0.602015,1.0
20200326,585,0.070455,0.127273,0.619647,0.333333
20200326,586,0.070455,0.127273,0.619647,0.666667
20200326,587,0.072727,0.127273,0.617128,0.333333
20200326,588,0.072727,0.127273,0.617128,0.666667
20200326,589,0.072727,0.054545,0.607053,1.0
20200326,590,0.072727,0.054545,0.607053,0.333333
20200326,591,0.072727,0.145455,0.602015,0.666667
20200326,592,0.072727,0.145455,0.602015,0.666667
20200326,593,0.070455,0.127273,0.596977,0.666667
20200326,594,0.070455,0.127273,0.596977,0.333333
20200326,595,0.070455,0.109091,0.576826,0.666667
20200326,596,0.070455,0.109091,0.576826,0.666667
20200326,597,0.072727,0.090909,0.586902,0.333333
20200326,598,0.072727,0.090909,0.586902,0.666667
20200326,599,0.071591,0.072727,0.594458,0.0
20200326,600,0.071591,0.072727,0.594458,0.333333
20200326,601,0.071591,0.054545,0.596977,0.666667
20200326,602,0.071591,0.054545,0.596977,0.666667
20200326,603,0.073864,0.072727,0.624685,0.666667
20200326,604,0.073864,0.072727,0.624685,1.0
20200326,605,0.072727,0.018182,0.622166,0.333333
20200326,606,0.072727,0.018182,0.622166,0.333333
20200326,607,0.071591,0.109091,0.61461,0.666667
20200326,608,0.071591,0.109091,0.61461,0.666667
20200326,609,0.068182,0.109091,0.599496,0.666667
20200326,610,0.068182,0.109091,0.599496,0.666667
20200326,611,0.069318,0.145455,0.589421,0.666667
20200326,612,0.069318,0.145455,0.589421,0.666667
20200326,613,0.070455,0.181818,0.586902,0.666667
20200326,614,0.070455,0.181818,0.586902,0.333333
20200326,615,0.068182,0.109091,0.594458,0.333333
20200326,616,0.068182,0.109091,0.594458,0.333333
20200326,617,0.071591,0.127273,0.599496,0.333333
20200326,618,0.071591,0.127273,0.599496,0.333333
20200326,619,0.072727,0.072727,0.617128,0.666667
20200326,620,0.072727,0.072727,0.617128,1.0
20200326,621,0.071591,0.109091,0.619647,0.333333
20200326,622,0.071591,0.109091,0.619647,0.666667
20200326,623,0.071591,0.072727,0.609572,0.333333
20200326,624,0.071591,0.072727,0.609572,0.666667
20200326,625,0.070455,0.054545,0.596977,1.0
20200326,626,0.070455,0.054545,0.596977,0.333333
20200326,627,0.070455,0.109091,0.589421,0.666667
20200326,628,0.070455,0.109091,0.589421,0.666667
20200326,629,0.071591,0.109091,0.596977,0.666667
20200326,630,0.071591,0.109091,0.596977,0.666667
20200326,631,0.070455,0.163636,0.584383,0.666667
20200326,632,0.070455,0.163636,0.584383,0.666667
20200326,633,0.072727,0.163636,0.607053,0.666667
20200326,634,0.072727,0.163636,0.607053,0.333333
20200326,635,0.072727,0.109091,0.61461,0.333333
20200326,636,0.072727,0.109091,0.61461,0.666667
20200326,637,0.072727,0.145455,0.617128,0.333333
20200326,638,0.072727,0.145455,0.617128,1.0
20200326,639,0.070455,0.090909,0.604534,0.666667
20200326,640,0.070455,0.090909,0.604534,0.666667
20200326,641,0.072727,0.109091,0.594458,0.666667
20200326,642,0.072727,0.109091,0.594458,0.666667
20200326,643,0.071591,0.181818,0.594458,0.666667
20200326,644,0.071591,0.181818,0.594458,0.666667
20200326,645,0.069318,0.109091,0.589421,0.666667
20200326,646,0.069318,0.109091,0.589421,0.666667
20200326,647,0.072727,0.163636,0.596977,0.666667
20200326,648,0.072727,0.163636,0.596977,0.333333
20200326,649,0.071591,0.145455,0.596977,0.333333
20200326,650,0.071591,0.145455,0.596977,0.666667
20200326,651,0.071591,0.127273,0.594458,0.333333
20200326,652,0.071591,0.127273,0.594458,1.0
20200326,653,0.071591,0.109091,0.602015,0.666667
20200326,654,0.071591,0.109091,0.602015,0.666667
20200326,655,0.070455,0.145455,0.576826,0.666667
20200326,656,0.070455,0.145455,0.576826,0.666667
20200326,657,0.070455,0.163636,0.589421,0.666667
20200326,658,0.070455,0.163636,0.589421,0.333333
20200326,659,0.071591,0.181818,0.594458,0.666667
20200326,660,0.071591,0.181818,0.594458,0.666667
20200326,661,0.070455,0.145455,0.609572,0.333333
20200326,662,0.070455,0.145455,0.609572,0.666667
20200326,663,0.071591,0.163636,0.612091,0.0
20200326,664,0.071591,0.163636,0.612091,0.333333
20200326,665,0.070455,0.236364,0.609572,0.666667
20200326,666,0.070455,0.236364,0.609572,0.666667
20200326,667,0.069318,0.145455,0.599496,0.666667
20200326,668,0.069318,0.145455,0.599496,1.0
20200326,669,0.069318,0.181818,0.576826,0.333333
20200326,670,0.069318,0.181818,0.576826,0.333333
20200326,671,0.069318,0.072727,0.586902,0.666667
20200326,672,0.069318,0.072727,0.586902,0.666667
20200326,673,0.068182,0.127273,0.59194,0.666667
20200326,674,0.068182,0.127273,0.59194,0.666667
20200326,675,0.071591,0.054545,0.599496,0.666667
20200326,676,0.071591,0.054545,0.599496,0.666667
20200326,677,0.071591,0.145455,0.624685,0.666667
20200326,678,0.071591,0.145455,0.624685,0.333333
20200326,679,0.069318,0.018182,0.624685,0.333333
20200326,680,0.069318,0.018182,0.624685,0.333333
20200326,681,0.072727,0.054545,0.622166,0.333333
20200326,682,0.072727,0.054545,0.622166,0.333333
20200326,683,0.069318,0.072727,0.599496,0.666667
20200326,684,0.069318,0.072727,0.599496,1.0
20200326,685,0.067045,0.109091,0.596977,0.333333
20200326,686,0.067045,0.109091,0.596977,0.666667
20200326,687,0.070455,0.090909,0.589421,0.333333
20200326,688,0.070455,0.090909,0.589421,0.666667
20200326,689,0.069318,0.036364,0.584383,1.0
20200326,690,0.069318,0.036364,0.584383,0.333333
20200326,691,0.070455,0.072727,0.594458,0.666667
20200326,692,0.070455,0.072727,0.594458,0.666667
20200326,693,0.070455,0.054545,0.612091,0.666667
20200326,694,0.070455,0.054545,0.612091,0.333333
20200326,695,0.072727,0.036364,0.622166,0.666667
20200326,696,0.072727,0.036364,0.622166,0.666667
20200326,697,0.072727,0.127273,0.619647,0.333333
20200326,698,0.072727,0.127273,0.619647,0.666667
20200326,699,0.068182,0.109091,0.61461,0.0
20200326,700,0.068182,0.109091,0.61461,0.333333
20200326,701,0.069318,0.163636,0.599496,0.666667
20200326,702,0.069318,0.163636,0.599496,0.666667
20200326,703,0.067045,0.145455,0.571788,0.666667
20200326,704,0.067045,0.145455,0.571788,1.0
20200326,705,0.070455,0.127273,0.581864,0.333333
20200326,706,0.070455,0.127273,0.581864,0.333333
20200326,707,0.070455,0.218182,0.594458,0.666667
20200326,708,0.070455,0.218182,0.594458,0.666667
20200326,709,0.069318,0.181818,0.61461,0.666667
20200326,710,0.069318,0.181818,0.61461,0.666667
20200326,711,0.072727,0.072727,0.624685,0.666667
20200326,712,0.072727,0.072727,0.624685,0.666667
20200326,713,0.071591,0.127273,0.627204,0.666667
20200326,714,0.071591,0.127273,0.627204,0.333333
20200326,715,0.071591,0.090909,0.61461,0.333333
20200326,716,0.071591,0.090909,0.61461,0.333333
20200326,717,0.064773,0.145455,0.602015,0.333333
20200326,718,0.064773,0.145455,0.602015,0.333333
20200326,719,0.069318,0.127273,0.602015,0.666667
20200326,720,0.069318,0.127273,0.602015,1.0
20200326,721,0.068182,0.109091,0.589421,0.333333
20200326,722,0.068182,0.109091,0.589421,0.666667
20200326,723,0.069318,0.127273,0.596977,0.333333
20200326,724,0.069318,0.127273,0.596977,0.666667
20200326,725,0.072727,0.109091,0.602015,1.0
20200326,726,0.072727,0.109091,0.602015,0.333333
20200326,727,0.070455,0.109091,0.607053,0.666667
20200326,728,0.070455,0.109091,0.607053,0.666667
20200326,729,0.070455,0.181818,0.602015,0.666667
20200326,730,0.070455,0.181818,0.602015,0.666667
20200326,731,0.071591,0.090909,0.602015,0.666667
20200326,732,0.071591,0.090909,0.602015,0.666667
20200326,733,0.070455,0.127273,0.594458,0.666667
20200326,734,0.070455,0.127273,0.594458,0.333333
20200326,735,0.068182,0.127273,0.59194,0.333333
20200326,736,0.068182,0.127273,0.59194,0.666667
20200326,737,0.068182,0.145455,0.59194,0.333333
20200326,738,0.068182,0.145455,0.59194,1.0
20200326,739,0.069318,0.2,0.604534,0.666667
20200326,740,0.069318,0.2,0.604534,0.666667
20200326,741,0.069318,0.163636,0.602015,0.666667
20200326,742,0.069318,0.163636,0.602015,0.666667
20200326,743,0.070455,0.127273,0.61461,0.666667
20200326,744,0.070455,0.127273,0.61461,0.666667
20200326,745,0.071591,0.054545,0.609572,0.666667
20200326,746,0.071591,0.054545,0.609572,0.666667
20200326,747,0.068182,0.054545,0.599496,0.666667
20200326,748,0.068182,0.054545,0.599496,0.333333
20200326,749,0.070455,0.163636,0.586902,0.333333
20200326,750,0.070455,0.163636,0.586902,0.666667
20200326,751,0.069318,0.163636,0.594458,0.333333
20200326,752,0.069318,0.163636,0.594458,1.0
20200326,753,0.070455,0.054545,0.599496,0.666667
20200326,754,0.070455,0.054545,0.599496,0.666667
20200326,755,0.071591,0.145455,0.596977,0.666667
20200326,756,0.071591,0.145455,0.596977,0.666667
20200326,757,0.070455,0.090909,0.596977,0.666667
20200326,758,0.070455,0.090909,0.596977,0.333333
20200326,759,0.071591,0.109091,0.596977,0.666667
20200326,760,0.071591,0.109091,0.596977,0.666667
20200326,761,0.071591,0.127273,0.594458,0.333333
20200326,762,0.071591,0.127273,0.594458,0.666667
20200326,763,0.067045,0.054545,0.596977,0.0
20200326,764,0.067045,0.054545,0.596977,0.333333
20200326,765,0.070455,0.145455,0.599496,0.666667
20200326,766,0.070455,0.145455,0.599496,0.666667
20200326,767,0.071591,0.145455,0.584383,0.666667
20200326,768,0.071591,0.145455,0.584383,1.0
20200326,769,0.071591,0.127273,0.599496,0.333333
20200326,770,0.071591,0.127273,0.599496,0.333333
20200326,771,0.069318,0.163636,0.599496,0.666667
20200326,772,0.069318,0.163636,0.599496,0.666667
20200326,773,0.068182,0.127273,0.599496,0.666667
20200326,774,0.068182,0.127273,0.599496,0.666667
20200326,775,0.070455,0.218182,0.59194,0.666667
20200326,776,0.070455,0.218182,0.59194,0.666667
20200326,777,0.068182,0.290909,0.594458,0.666667
20200326,778,0.068182,0.290909,0.594458,0.333333
20200326,779,0.069318,0.236364,0.596977,0.333333
20200326,780,0.069318,0.236364,0.596977,0.333333
20200326,781,0.071591,0.218182,0.596977,0.333333
20200326,782,0.071591,0.218182,0.596977,0.333333
20200326,783,0.071591,0.218182,0.596977,0.666667
20200326,784,0.071591,0.218182,0.596977,1.0
20200326,785,0.069318,0.327273,0.604534,0.333333
20200326,786,0.069318,0.327273,0.604534,0.666667
20200326,787,0.071591,0.272727,0.599496,0.333333
20200326,788,0.071591,0.272727,0.599496,0.666667
20200326,789,0.069318,0.254545,0.594458,1.0
20200326,790,0.069318,0.254545,0.594458,0.333333
20200326,791,0.070455,0.272727,0.581864,0.666667
20200326,792,0.070455,0.272727,0.581864,0.666667
20200326,793,0.070455,0.254545,0.594458,0.666667
20200326,794,0.070455,0.254545,0.594458,0.666667
20200326,795,0.070455,0.290909,0.604534,0.666667
20200326,796,0.070455,0.290909,0.604534,0.666667
20200326,797,0.069318,0.254545,0.607053,0.666667
20200326,798,0.069318,0.254545,0.607053,0.333333
20200326,799,0.070455,0.345455,0.59194,0.333333
20200326,800,0.070455,0.345455,0.59194,0.666667
20200326,801,0.068182,0.327273,0.602015,0.333333
20200326,802,0.068182,0.327273,0.602015,1.0
20200326,803,0.069318,0.327273,0.589421,0.666667
20200326,804,0.069318,0.327273,0.589421,0.666667
20200326,805,0.069318,0.363636,0.604534,0.666667
20200326,806,0.069318,0.363636,0.604534,0.666667
20200326,807,0.069318,0.272727,0.596977,0.666667
20200326,808,0.069318,0.272727,0.596977,0.666667
20200326,809,0.070455,0.345455,0.596977,0.666667
20200326,810,0.070455,0.345455,0.596977,0.666667
20200326,811,0.069318,0.327273,0.599496,0.666667
20200326,812,0.069318,0.327273,0.599496,0.333333
20200326,813,0.070455,0.345455,0.594458,0.333333
20200326,814,0.070455,0.345455,0.594458,0.666667
20200326,815,0.065909,0.327273,0.59194,0.333333
20200326,816,0.065909,0.327273,0.59194,1.0
20200326,817,0.067045,0.4,0.59194,0.666667
20200326,818,0.067045,0.4,0.59194,0.666667
20200326,819,0.068182,0.363636,0.596977,0.666667
20200326,820,0.068182,0.363636,0.596977,0.666667
20200326,821,0.067045,0.345455,0.599496,0.666667
20200326,822,0.067045,0.345455,0.599496,0.333333
20200326,823,0.067045,0.381818,0.604534,0.666667
20200326,824,0.067045,0.381818,0.604534,0.666667
20200326,825,0.068182,0.290909,0.594458,0.333333
20200326,826,0.068182,0.290909,0.594458,0.666667
20200326,827,0.067045,0.327273,0.59194,0.0
20200326,828,0.067045,0.327273,0.59194,0.333333
20200326,829,0.065909,0.345455,0.59194,0.666667
20200326,830,0.065909,0.345455,0.59194,0.666667
20200326,831,0.065909,0.272727,0.584383,0.666667
20200326,832,0.065909,0.272727,0.584383,0.666667
20200326,833,0.067045,0.272727,0.607053,0.333333
20200326,834,0.067045,0.272727,0.607053,0.666667
20200326,835,0.067045,0.381818,0.604534,0.666667
20200326,836,0.067045,0.381818,0.604534,0.333333
20200326,837,0.067045,0.327273,0.599496,0.666667
20200326,838,0.067045,0.327273,0.599496,0.0
20200326,839,0.065909,0.4,0.599496,0.333333
20200326,840,0.065909,0.4,0.599496,0.666667
20200326,841,0.065909,0.381818,0.596977,0.666667
20200326,842,0.065909,0.381818,0.596977,0.666667
20200326,843,0.065909,0.4,0.581864,1.0
20200326,844,0.065909,0.4,0.581864,0.333333
20200326,845,0.065909,0.345455,0.59194,0.333333
20200326,846,0.065909,0.345455,0.59194,0.666667
20200326,847,0.067045,0.381818,0.596977,0.666667
20200326,848,0.067045,0.381818,0.596977,0.666667
20200326,849,0.065909,0.363636,0.607053,0.666667
20200326,850,0.065909,0.363636,0.607053,0.666667
20200326,851,0.064773,0.345455,0.602015,0.666667
20200326,852,0.064773,0.345455,0.602015,0.666667
20200326,853,0.064773,0.363636,0.607053,0.333333
20200326,854,0.064773,0.363636,0.607053,0.333333
20200326,855,0.064773,0.381818,0.596977,0.333333
20200326,856,0.064773,0.381818,0.596977,0.333333
20200326,857,0.063636,0.4,0.596977,0.333333
20200326,858,0.063636,0.4,0.596977,0.666667
20200326,859,0.069318,0.454545,0.594458,1.0
20200326,860,0.069318,0.454545,0.594458,0.333333
20200326,861,0.070455,0.4,0.594458,0.666667
20200326,862,0.070455,0.4,0.594458,0.333333
20200326,863,0.069318,0.4,0.596977,0.666667
20200326,864,0.069318,0.4,0.596977,1.0
20200326,865,0.068182,0.345455,0.599496,0.333333
20200326,866,0.068182,0.345455,0.599496,0.666667
20200326,867,0.071591,0.381818,0.607053,0.666667
20200326,868,0.071591,0.381818,0.607053,0.666667
20200326,869,0.069318,0.4,0.599496,0.333333
20200326,870,0.069318,0.4,0.599496,0.666667
20200326,871,0.069318,0.418182,0.596977,0.666667
20200326,872,0.069318,0.418182,0.596977,0.333333
20200326,873,0.068182,0.436364,0.594458,0.666667
20200326,874,0.068182,0.436364,0.594458,0.0
20200326,875,0.069318,0.418182,0.594458,0.333333
20200326,876,0.069318,0.418182,0.594458,0.666667
20200326,877,0.069318,0.363636,0.589421,0.666667
20200326,878,0.069318,0.363636,0.589421,0.666667
20200326,879,0.070455,0.4,0.599496,1.0
20200326,880,0.070455,0.4,0.599496,0.333333
20200326,881,0.069318,0.381818,0.61461,0.333333
20200326,882,0.069318,0.381818,0.61461,0.666667
20200326,883,0.069318,0.381818,0.607053,0.666667
20200326,884,0.069318,0.381818,0.607053,0.666667
20200326,885,0.067045,0.418182,0.596977,0.666667
20200326,886,0.067045,0.418182,0.596977,0.666667
20200326,887,0.067045,0.436364,0.59194,0.666667
20200326,888,0.067045,0.436364,0.59194,0.666667
20200326,889,0.067045,0.363636,0.589421,0.333333
20200326,890,0.067045,0.363636,0.589421,0.333333
20200326,891,0.067045,0.381818,0.594458,0.333333
20200326,892,0.067045,0.381818,0.594458,0.333333
20200326,893,0.069318,0.472727,0.604534,0.333333
20200326,894,0.069318,0.472727,0.604534,0.666667
20200326,895,0.068182,0.363636,0.619647,1.0
20200326,896,0.068182,0.363636,0.619647,0.333333
20200326,897,0.069318,0.418182,0.607053,0.666667
20200326,898,0.069318,0.418182,0.607053,0.333333
20200326,899,0.068182,0.436364,0.607053,0.666667
20200326,900,0.068182,0.436364,0.607053,1.0
20200326,901,0.064773,0.381818,0.596977,0.333333
20200326,902,0.064773,0.381818,0.596977,0.666667
20200326,903,0.067045,0.4,0.589421,0.666667
20200326,904,0.067045,0.4,0.589421,0.666667
20200326,905,0.065909,0.381818,0.589421,0.666667
20200326,906,0.065909,0.381818,0.589421,0.666667
20200326,907,0.067045,0.363636,0.602015,0.666667
20200326,908,0.067045,0.363636,0.602015,0.666667
20200326,909,0.067045,0.381818,0.607053,0.333333
20200326,910,0.067045,0.381818,0.607053,0.333333
20200326,911,0.069318,0.345455,0.612091,0.666667
20200326,912,0.069318,0.345455,0.612091,0.333333
20200326,913,0.067045,0.4,0.607053,1.0
20200326,914,0.067045,0.4,0.607053,0.666667
20200326,915,0.069318,0.4,0.599496,0.666667
20200326,916,0.069318,0.4,0.599496,0.666667
20200326,917,0.065909,0.418182,0.586902,0.666667
20200326,918,0.065909,0.418182,0.586902,0.666667
20200326,919,0.065909,0.4,0.589421,0.666667
20200326,920,0.065909,0.4,0.589421,0.666667
20200326,921,0.067045,0.436364,0.576826,0.666667
20200326,922,0.067045,0.436364,0.576826,0.666667
20200326,923,0.067045,0.4,0.602015,0.333333
20200326,924,0.067045,0.4,0.602015,0.333333
20200326,925,0.068182,0.418182,0.609572,0.666667
20200326,926,0.068182,0.418182,0.609572,0.333333
20200326,927,0.068182,0.4,0.609572,1.0
20200326,928,0.068182,0.4,0.609572,0.666667
20200326,929,0.064773,0.418182,0.609572,0.666667
20200326,930,0.064773,0.418182,0.609572,0.666667
20200326,931,0.065909,0.363636,0.602015,0.666667
20200326,932,0.065909,0.363636,0.602015,0.666667
20200326,933,0.067045,0.345455,0.584383,0.333333
20200326,934,0.067045,0.345455,0.584383,0.666667
20200326,935,0.065909,0.436364,0.59194,0.666667
20200326,936,0.065909,0.436364,0.59194,0.333333
20200326,937,0.065909,0.418182,0.589421,0.666667
20200326,938,0.065909,0.418182,0.589421,0.0
20200326,939,0.067045,0.381818,0.594458,0.333333
20200326,940,0.067045,0.381818,0.594458,0.666667
20200326,941,0.064773,0.4,0.607053,0.666667
20200326,942,0.064773,0.4,0.607053,0.666667
20200326,943,0.067045,0.381818,0.607053,1.0
20200326,944,0.067045,0.381818,0.607053,0.333333
20200326,945,0.068182,0.381818,0.604534,0.333333
20200326,946,0.068182,0.381818,0.604534,0.666667
20200326,947,0.067045,0.418182,0.602015,0.666667
20200326,948,0.067045,0.418182,0.602015,0.666667
20200326,949,0.064773,0.418182,0.594458,0.666667
20200326,950,0.064773,0.418182,0.594458,0.666667
20200326,951,0.065909,0.363636,0.59194,0.666667
20200326,952,0.065909,0.363636,0.59194,0.666667
20200326,953,0.067045,0.381818,0.59194,0.333333
20200326,954,0.067045,0.381818,0.59194,0.333333
20200326,955,0.065909,0.381818,0.599496,0.333333
20200326,956,0.065909,0.381818,0.599496,0.333333
20200326,957,0.067045,0.345455,0.61461,0.333333
20200326,958,0.067045,0.345455,0.61461,0.666667
20200326,959,0.067045,0.4,0.622166,1.0
20200326,960,0.067045,0.4,0.622166,0.333333
20200326,961,0.068182,0.327273,0.607053,0.666667
20200326,962,0.068182,0.327273,0.607053,0.333333
20200326,963,0.067045,0.381818,0.602015,0.666667
20200326,964,0.067045,0.381818,0.602015,1.0
20200326,965,0.064773,0.327273,0.596977,0.333333
20200326,966,0.064773,0.327273,0.596977,0.666667
20200326,967,0.065909,0.4,0.594458,0.666667
20200326,968,0.065909,0.4,0.594458,0.666667
20200326,969,0.067045,0.418182,0.594458,0.666667
20200326,970,0.067045,0.418182,0.594458,0.666667
20200326,971,0.068182,0.454545,0.59194,0.666667
20200326,972,0.068182,0.454545,0.59194,0.666667
20200326,973,0.067045,0.4,0.596977,0.333333
20200326,974,0.067045,0.4,0.596977,0.333333
20200326,975,0.069318,0.4,0.604534,0.666667
20200326,976,0.069318,0.4,0.604534,0.333333
20200326,977,0.068182,0.381818,0.599496,1.0
20200326,978,0.068182,0.381818,0.599496,0.666667
20200326,979,0.067045,0.363636,0.596977,0.666667
20200326,980,0.067045,0.363636,0.596977,0.666667
20200326,981,0.068182,0.4,0.594458,0.666667
20200326,982,0.068182,0.4,0.594458,0.666667
20200326,983,0.065909,0.4,0.59194,0.333333
20200326,984,0.065909,0.4,0.59194,0.666667
20200326,985,0.068182,0.345455,0.59194,0.666667
20200326,986,0.068182,0.345455,0.59194,0.333333
20200326,987,0.067045,0.363636,0.596977,0.666667
20200326,988,0.067045,0.363636,0.596977,0.0
20200326,989,0.067045,0.381818,0.61461,0.333333
20200326,990,0.067045,0.381818,0.61461,0.666667
20200326,991,0.067045,0.454545,0.617128,0.666667
20200326,992,0.067045,0.454545,0.617128,0.666667
20200326,993,0.067045,0.363636,0.599496,1.0
20200326,994,0.067045,0.363636,0.599496,0.333333
20200326,995,0.065909,0.4,0.581864,0.333333
20200326,996,0.065909,0.4,0.581864,0.666667
20200326,997,0.064773,0.418182,0.594458,0.666667
20200326,998,0.064773,0.418182,0.594458,0.666667
20200326,999,0.065909,0.381818,0.599496,0.666667
20200326,1000,0.065909,0.381818,0.599496,0.666667
20200325,1,0.064773,0.381818,0.59194,0.666667
20200327,2,0.064773,0.381818,0.59194,0.666667
20200327,3,0.068182,0.418182,0.596977,0.333333
20200327,4,0.068182,0.418182,0.596977,0.333333
20200327,5,0.065909,0.381818,0.584383,0.333333
20200327,6,0.065909,0.381818,0.584383,0.333333
20200327,7,0.065909,0.381818,0.581864,0.333333
20200327,8,0.065909,0.381818,0.581864,0.666667
20200327,9,0.068182,0.363636,0.596977,1.0
20200327,10,0.068182,0.363636,0.596977,0.333333
20200327,11,0.065909,0.418182,0.596977,0.666667
20200327,12,0.065909,0.418182,0.596977,0.333333
20200327,13,0.064773,0.345455,0.596977,0.666667
20200327,14,0.064773,0.345455,0.596977,1.0
20200327,15,0.064773,0.4,0.586902,0.333333
20200327,16,0.064773,0.4,0.586902,0.666667
20200327,17,0.065909,0.363636,0.59194,0.666667
20200327,18,0.065909,0.363636,0.59194,0.666667
20200327,19,0.065909,0.418182,0.594458,0.666667
20200327,20,0.065909,0.418182,0.594458,0.666667
20200327,21,0.067045,0.381818,0.599496,0.666667
20200327,22,0.067045,0.381818,0.599496,0.666667
20200327,23,0.067045,0.363636,0.604534,0.333333
20200327,24,0.067045,0.363636,0.604534,0.333333
20200327,25,0.064773,0.454545,0.609572,0.666667
20200327,26,0.064773,0.454545,0.609572,0.333333
20200327,27,0.065909,0.345455,0.607053,1.0
20200327,28,0.065909,0.345455,0.607053,0.666667
20200327,29,0.064773,0.4,0.604534,0.666667
20200327,30,0.064773,0.4,0.604534,0.666667
20200327,31,0.064773,0.418182,0.599496,0.333333
20200327,32,0.064773,0.418182,0.599496,0.666667
20200327,33,0.065909,0.418182,0.596977,0.666667
20200327,34,0.065909,0.418182,0.596977,0.333333
20200327,35,0.064773,0.418182,0.599496,0.666667
20200327,36,0.064773,0.418182,0.599496,0.0
20200327,37,0.065909,0.381818,0.59194,0.333333
20200327,38,0.065909,0.381818,0.59194,0.666667
20200327,39,0.064773,0.472727,0.59194,0.666667
20200327,40,0.064773,0.472727,0.59194,0.666667
20200327,41,0.065909,0.381818,0.602015,1.0
20200327,42,0.065909,0.381818,0.602015,0.333333
20200327,43,0.065909,0.4,0.617128,0.333333
20200327,44,0.065909,0.4,0.617128,0.666667
20200327,45,0.065909,0.363636,0.612091,0.666667
20200327,46,0.065909,0.363636,0.612091,0.666667
20200327,47,0.067045,0.363636,0.602015,0.666667
20200327,48,0.067045,0.363636,0.602015,0.666667
20200327,49,0.065909,0.381818,0.599496,0.666667
20200327,50,0.065909,0.381818,0.599496,0.666667
20200327,51,0.065909,0.4,0.607053,0.333333
20200327,52,0.065909,0.4,0.607053,0.333333
20200327,53,0.064773,0.418182,0.596977,0.333333
20200327,54,0.064773,0.418182,0.596977,0.333333
20200327,55,0.064773,0.454545,0.596977,0.333333
20200327,56,0.064773,0.454545,0.596977,0.666667
20200327,57,0.064773,0.254545,0.607053,0.333333
20200327,58,0.064773,0.254545,0.607053,0.333333
20200327,59,0.065909,0.290909,0.599496,0.666667
20200327,60,0.065909,0.290909,0.599496,0.333333
20200327,61,0.067045,0.309091,0.59194,1.0
20200327,62,0.067045,0.309091,0.59194,0.666667
20200327,63,0.064773,0.418182,0.574307,0.666667
20200327,64,0.064773,0.418182,0.574307,0.666667
20200327,65,0.065909,0.345455,0.579345,0.666667
20200327,66,0.065909,0.345455,0.579345,0.666667
20200327,67,0.069318,0.4,0.589421,0.666667
20200327,68,0.069318,0.4,0.589421,0.333333
20200327,69,0.065909,0.4,0.612091,0.333333
20200327,70,0.065909,0.4,0.612091,0.666667
20200327,71,0.068182,0.345455,0.617128,0.333333
20200327,72,0.068182,0.345455,0.617128,1.0
20200327,73,0.065909,0.436364,0.609572,0.666667
20200327,74,0.065909,0.436364,0.609572,0.666667
20200327,75,0.064773,0.4,0.599496,0.666667
20200327,76,0.064773,0.4,0.599496,0.666667
20200327,77,0.064773,0.436364,0.574307,0.333333
20200327,78,0.064773,0.436364,0.574307,0.666667
20200327,79,0.065909,0.472727,0.574307,0.666667
20200327,80,0.065909,0.472727,0.574307,0.333333
20200327,81,0.065909,0.363636,0.596977,0.666667
20200327,82,0.065909,0.363636,0.596977,0.0
20200327,83,0.068182,0.418182,0.617128,0.333333
20200327,84,0.068182,0.418182,0.617128,0.666667
20200327,85,0.067045,0.345455,0.63728,0.666667
20200327,86,0.067045,0.345455,0.63728,0.666667
20200327,87,0.068182,0.4,0.629723,1.0
20200327,88,0.068182,0.4,0.629723,0.333333
20200327,89,0.067045,0.309091,0.612091,0.333333
20200327,90,0.067045,0.309091,0.612091,0.666667
20200327,91,0.064773,0.363636,0.596977,0.666667
20200327,92,0.064773,0.363636,0.596977,0.666667
20200327,93,0.064773,0.4,0.586902,0.666667
20200327,94,0.064773,0.4,0.586902,0.666667
20200327,95,0.065909,0.327273,0.571788,0.666667
20200327,96,0.065909,0.327273,0.571788,0.666667
20200327,97,0.063636,0.4,0.584383,0.333333
20200327,98,0.063636,0.4,0.584383,0.333333
20200327,99,0.064773,0.327273,0.61461,0.333333
20200327,100,0.064773,0.327273,0.61461,0.333333
20200327,101,0.065909,0.327273,0.624685,0.333333
20200327,102,0.065909,0.327273,0.624685,0.666667
20200327,103,0.064773,0.363636,0.622166,1.0
20200327,104,0.064773,0.363636,0.622166,0.333333
20200327,105,0.064773,0.363636,0.61461,0.666667
20200327,106,0.064773,0.363636,0.61461,0.666667
20200327,107,0.0625,0.4,0.602015,0.333333
20200327,108,0.0625,0.4,0.602015,0.666667
20200327,109,0.065909,0.4,0.584383,0.666667
20200327,110,0.065909,0.4,0.584383,0.333333
20200327,111,0.064773,0.454545,0.586902,0.666667
20200327,112,0.064773,0.454545,0.586902,0.0
20200327,113,0.064773,0.327273,0.589421,0.333333
20200327,114,0.064773,0.327273,0.589421,0.666667
20200327,115,0.064773,0.363636,0.607053,0.666667
20200327,116,0.064773,0.363636,0.607053,0.666667
20200327,117,0.067045,0.327273,0.61461,1.0
20200327,118,0.067045,0.327273,0.61461,0.333333
20200327,119,0.067045,0.345455,0.624685,0.333333
20200327,120,0.067045,0.345455,0.624685,0.666667
20200327,121,0.068182,0.327273,0.61461,0.666667
20200327,122,0.068182,0.327273,0.61461,0.666667
20200327,123,0.067045,0.363636,0.607053,0.666667
20200327,124,0.067045,0.363636,0.607053,0.666667
20200327,125,0.064773,0.4,0.594458,0.666667
20200327,126,0.064773,0.4,0.594458,0.666667
20200327,127,0.064773,0.418182,0.589421,0.333333
20200327,128,0.064773,0.418182,0.589421,0.333333
20200327,129,0.064773,0.472727,0.586902,0.333333
20200327,130,0.064773,0.472727,0.586902,0.333333
20200327,131,0.067045,0.363636,0.599496,0.333333
20200327,132,0.067045,0.363636,0.599496,0.666667
20200327,133,0.069318,0.309091,0.612091,1.0
20200327,134,0.069318,0.309091,0.612091,0.333333
20200327,135,0.068182,0.345455,0.619647,0.666667
20200327,136,0.068182,0.345455,0.619647,0.333333
20200327,137,0.067045,0.327273,0.619647,0.666667
20200327,138,0.067045,0.327273,0.619647,1.0
20200327,139,0.068182,0.381818,0.604534,0.333333
20200327,140,0.068182,0.381818,0.604534,0.666667
20200327,141,0.064773,0.363636,0.604534,0.666667
20200327,142,0.064773,0.363636,0.604534,0.666667
20200327,143,0.067045,0.381818,0.574307,0.333333
20200327,144,0.067045,0.381818,0.574307,0.666667
20200327,145,0.064773,0.363636,0.586902,0.666667
20200327,146,0.064773,0.363636,0.586902,0.333333
20200327,147,0.064773,0.472727,0.596977,0.666667
20200327,148,0.064773,0.472727,0.596977,0.0
20200327,149,0.065909,0.363636,0.609572,0.333333
20200327,150,0.065909,0.363636,0.609572,0.666667
20200327,151,0.067045,0.436364,0.612091,0.666667
20200327,152,0.067045,0.436364,0.612091,0.666667
20200327,153,0.065909,0.345455,0.609572,1.0
20200327,154,0.065909,0.345455,0.609572,0.333333
20200327,155,0.065909,0.327273,0.602015,0.333333
20200327,156,0.065909,0.327273,0.602015,0.666667
20200327,157,0.065909,0.381818,0.594458,0.666667
20200327,158,0.065909,0.381818,0.594458,0.666667
20200327,159,0.064773,0.4,0.581864,0.666667
20200327,160,0.064773,0.4,0.581864,0.666667
20200327,161,0.065909,0.418182,0.574307,0.666667
20200327,162,0.065909,0.418182,0.574307,0.666667
20200327,163,0.067045,0.4,0.602015,0.333333
20200327,164,0.067045,0.4,0.602015,0.333333
20200327,165,0.067045,0.454545,0.607053,0.333333
20200327,166,0.067045,0.454545,0.607053,0.333333
20200327,167,0.069318,0.436364,0.612091,0.333333
20200327,168,0.069318,0.436364,0.612091,0.666667
20200327,169,0.063636,0.381818,0.607053,1.0
20200327,170,0.063636,0.381818,0.607053,0.333333
20200327,171,0.070455,0.363636,0.604534,0.666667
20200327,172,0.070455,0.363636,0.604534,0.333333
20200327,173,0.064773,0.381818,0.581864,0.666667
20200327,174,0.064773,0.381818,0.581864,1.0
20200327,175,0.064773,0.381818,0.584383,0.333333
20200327,176,0.064773,0.381818,0.584383,0.666667
20200327,177,0.065909,0.436364,0.589421,0.666667
20200327,178,0.065909,0.436364,0.589421,0.666667
20200327,179,0.065909,0.381818,0.61461,0.666667
20200327,180,0.065909,0.381818,0.61461,0.666667
20200327,181,0.064773,0.4,0.629723,0.666667
20200327,182,0.064773,0.4,0.629723,0.666667
20200327,183,0.068182,0.4,0.624685,0.333333
20200327,184,0.068182,0.4,0.624685,0.333333
20200327,185,0.065909,0.381818,0.619647,0.666667
20200327,186,0.065909,0.381818,0.619647,0.333333
20200327,187,0.0625,0.436364,0.602015,1.0
20200327,188,0.0625,0.436364,0.602015,0.666667
20200327,189,0.064773,0.4,0.584383,0.666667
20200327,190,0.064773,0.4,0.584383,0.666667
20200327,191,0.0625,0.418182,0.586902,0.666667
20200327,192,0.0625,0.418182,0.586902,0.666667
20200327,193,0.064773,0.363636,0.576826,0.666667
20200327,194,0.064773,0.363636,0.576826,0.666667
20200327,195,0.065909,0.418182,0.607053,0.666667
20200327,196,0.065909,0.418182,0.607053,0.666667
20200327,197,0.064773,0.363636,0.612091,0.333333
20200327,198,0.064773,0.363636,0.612091,0.333333
20200327,199,0.068182,0.4,0.61461,0.666667
20200327,200,0.068182,0.4,0.61461,0.333333
20200327,201,0.065909,0.454545,0.609572,1.0
20200327,202,0.065909,0.454545,0.609572,0.666667
20200327,203,0.063636,0.436364,0.602015,0.666667
20200327,204,0.063636,0.436364,0.602015,0.666667
20200327,205,0.064773,0.436364,0.594458,0.666667
20200327,206,0.064773,0.436364,0.594458,0.666667
20200327,207,0.065909,0.436364,0.589421,0.333333
20200327,208,0.065909,0.436364,0.589421,0.666667
20200327,209,0.063636,0.490909,0.59194,0.666667
20200327,210,0.063636,0.490909,0.59194,0.333333
20200327,211,0.065909,0.418182,0.59194,0.666667
20200327,212,0.065909,0.418182,0.59194,0.0
20200327,213,0.064773,0.418182,0.617128,0.333333
20200327,214,0.064773,0.418182,0.617128,0.666667
20200327,215,0.065909,0.363636,0.61461,0.666667
20200327,216,0.065909,0.363636,0.61461,0.666667
20200327,217,0.067045,0.436364,0.604534,1.0
20200327,218,0.067045,0.436364,0.604534,0.333333
20200327,219,0.064773,0.381818,0.594458,0.333333
20200327,220,0.064773,0.381818,0.594458,0.666667
20200327,221,0.065909,0.472727,0.59194,0.666667
20200327,222,0.065909,0.472727,0.59194,0.666667
20200327,223,0.064773,0.454545,0.59194,0.666667
20200327,224,0.064773,0.454545,0.59194,0.666667
20200327,225,0.063636,0.418182,0.596977,0.666667
20200327,226,0.063636,0.418182,0.596977,0.666667
20200327,227,0.065909,0.418182,0.602015,0.333333
20200327,228,0.065909,0.418182,0.602015,0.333333
20200327,229,0.065909,0.381818,0.612091,0.333333
20200327,230,0.065909,0.381818,0.612091,0.333333
20200327,231,0.064773,0.418182,0.607053,0.333333
20200327,232,0.064773,0.418182,0.607053,0.666667
20200327,233,0.065909,0.363636,0.599496,1.0
20200327,234,0.065909,0.363636,0.599496,0.333333
20200327,235,0.063636,0.363636,0.594458,0.666667
20200327,236,0.063636,0.363636,0.594458,0.333333
20200327,237,0.063636,0.436364,0.59194,0.666667
20200327,238,0.063636,0.436364,0.59194,1.0
20200327,239,0.065909,0.436364,0.599496,0.333333
20200327,240,0.065909,0.436364,0.599496,0.666667
20200327,241,0.064773,0.381818,0.594458,0.666667
20200327,242,0.064773,0.381818,0.594458,0.666667
20200327,243,0.065909,0.4,0.589421,0.666667
20200327,244,0.065909,0.4,0.589421,0.666667
20200327,245,0.065909,0.472727,0.579345,0.666667
20200327,246,0.065909,0.472727,0.579345,0.666667
20200327,247,0.064773,0.436364,0.594458,0.333333
20200327,248,0.064773,0.436364,0.594458,0.333333
20200327,249,0.064773,0.418182,0.604534,0.666667
20200327,250,0.064773,0.418182,0.604534,0.333333
20200327,251,0.065909,0.418182,0.609572,1.0
20200327,252,0.065909,0.418182,0.609572,0.666667
20200327,253,0.064773,0.436364,0.607053,0.666667
20200327,254,0.064773,0.436364,0.607053,0.333333
20200327,255,0.064773,0.363636,0.602015,0.666667
20200327,256,0.064773,0.363636,0.602015,0.333333
20200327,257,0.064773,0.436364,0.59194,0.666667
20200327,258,0.064773,0.436364,0.59194,1.0
20200327,259,0.064773,0.418182,0.59194,0.333333
20200327,260,0.064773,0.418182,0.59194,0.666667
20200327,261,0.064773,0.472727,0.59194,0.666667
20200327,262,0.064773,0.472727,0.59194,0.666667
20200327,263,0.063636,0.436364,0.604534,0.333333
20200327,264,0.063636,0.436364,0.604534,0.666667
20200327,265,0.067045,0.381818,0.61461,0.666667
20200327,266,0.067045,0.381818,0.61461,0.333333
20200327,267,0.064773,0.418182,0.61461,0.666667
20200327,268,0.064773,0.418182,0.61461,0.0
20200327,269,0.064773,0.418182,0.604534,0.333333
20200327,270,0.064773,0.418182,0.604534,0.666667
20200327,271,0.064773,0.4,0.581864,0.666667
20200327,272,0.064773,0.4,0.581864,0.666667
20200327,273,0.063636,0.4,0.59194,1.0
20200327,274,0.063636,0.4,0.59194,0.333333
20200327,275,0.064773,0.4,0.584383,0.333333
20200327,276,0.064773,0.4,0.584383,0.666667
20200327,277,0.065909,0.381818,0.599496,0.666667
20200327,278,0.065909,0.381818,0.599496,0.666667
20200327,279,0.067045,0.4,0.617128,0.666667
20200327,280,0.067045,0.4,0.617128,0.666667
20200327,281,0.065909,0.4,0.632242,0.666667
20200327,282,0.065909,0.4,0.632242,0.666667
20200327,283,0.065909,0.381818,0.622166,0.333333
20200327,284,0.065909,0.381818,0.622166,0.333333
20200327,285,0.064773,0.436364,0.612091,0.333333
20200327,286,0.064773,0.436364,0.612091,0.333333
20200327,287,0.064773,0.345455,0.599496,0.333333
20200327,288,0.064773,0.345455,0.599496,0.666667
20200327,289,0.0625,0.418182,0.59194,1.0
20200327,290,0.0625,0.418182,0.59194,0.333333
20200327,291,0.0625,0.472727,0.586902,0.666667
20200327,292,0.0625,0.472727,0.586902,0.333333
20200327,293,0.065909,0.436364,0.586902,0.666667
20200327,294,0.065909,0.436364,0.586902,1.0
20200327,295,0.063636,0.4,0.609572,0.333333
20200327,296,0.063636,0.4,0.609572,0.666667
20200327,297,0.064773,0.4,0.619647,0.666667
20200327,298,0.064773,0.4,0.619647,0.666667
20200327,299,0.064773,0.327273,0.612091,0.666667
20200327,300,0.064773,0.327273,0.612091,0.666667
20200327,301,0.064773,0.381818,0.594458,0.666667
20200327,302,0.064773,0.381818,0.594458,0.666667
20200327,303,0.0625,0.363636,0.584383,0.333333
20200327,304,0.0625,0.363636,0.584383,0.333333
20200327,305,0.063636,0.418182,0.589421,0.666667
20200327,306,0.063636,0.418182,0.589421,0.333333
20200327,307,0.063636,0.363636,0.594458,1.0
20200327,308,0.063636,0.363636,0.594458,0.666667
20200327,309,0.064773,0.436364,0.602015,0.666667
20200327,310,0.064773,0.436364,0.602015,0.666667
20200327,311,0.063636,0.381818,0.609572,0.666667
20200327,312,0.063636,0.381818,0.609572,0.666667
20200327,313,0.064773,0.418182,0.609572,0.666667
20200327,314,0.064773,0.418182,0.609572,0.666667
20200327,315,0.064773,0.363636,0.61461,0.666667
20200327,316,0.064773,0.363636,0.61461,0.666667
20200327,317,0.063636,0.381818,0.602015,0.333333
20200327,318,0.063636,0.381818,0.602015,0.333333
20200327,319,0.0625,0.4,0.59194,0.666667
20200327,320,0.0625,0.4,0.59194,0.333333
20200327,321,0.064773,0.436364,0.594458,1.0
20200327,322,0.064773,0.436364,0.594458,0.666667
20200327,323,0.0625,0.381818,0.594458,0.666667
20200327,324,0.0625,0.381818,0.594458,0.666667
20200327,325,0.063636,0.418182,0.594458,0.666667
20200327,326,0.063636,0.418182,0.594458,0.666667
20200327,327,0.064773,0.436364,0.602015,0.333333
20200327,328,0.064773,0.436364,0.602015,0.666667
20200327,329,0.065909,0.418182,0.607053,0.666667
20200327,330,0.065909,0.418182,0.607053,0.333333
20200327,331,0.064773,0.4,0.604534,0.666667
20200327,332,0.064773,0.4,0.604534,0.0
20200327,333,0.064773,0.4,0.604534,0.333333
20200327,334,0.064773,0.4,0.604534,0.666667
20200327,335,0.063636,0.454545,0.596977,0.666667
20200327,336,0.063636,0.454545,0.596977,0.666667
20200327,337,0.0625,0.418182,0.589421,1.0
20200327,338,0.0625,0.418182,0.589421,0.333333
20200327,339,0.063636,0.454545,0.594458,0.333333
20200327,340,0.063636,0.454545,0.594458,0.666667
20200327,341,0.063636,0.490909,0.586902,0.666667
20200327,342,0.063636,0.490909,0.586902,0.666667
20200327,343,0.065909,0.381818,0.604534,0.666667
20200327,344,0.065909,0.381818,0.604534,0.666667
20200327,345,0.063636,0.436364,0.607053,0.666667
20200327,346,0.063636,0.436364,0.607053,0.666667
20200327,347,0.063636,0.345455,0.596977,0.333333
20200327,348,0.063636,0.345455,0.596977,0.333333
20200327,349,0.064773,0.436364,0.581864,0.333333
20200327,350,0.064773,0.436364,0.581864,0.333333
20200327,351,0.0625,0.4,0.59194,0.333333
20200327,352,0.0625,0.4,0.59194,0.666667
20200327,353,0.063636,0.4,0.59194,1.0
20200327,354,0.063636,0.4,0.59194,0.333333
20200327,355,0.064773,0.363636,0.584383,0.666667
20200327,356,0.064773,0.363636,0.584383,0.333333
20200327,357,0.063636,0.436364,0.602015,0.666667
20200327,358,0.063636,0.436364,0.602015,1.0
20200327,359,0.064773,0.436364,0.604534,0.333333
20200327,360,0.064773,0.436364,0.604534,0.666667
20200327,361,0.064773,0.4,0.607053,0.666667
20200327,362,0.064773,0.4,0.607053,0.666667
20200327,363,0.0625,0.436364,0.599496,0.666667
20200327,364,0.0625,0.436364,0.599496,0.666667
20200327,365,0.063636,0.363636,0.594458,0.666667
20200327,366,0.063636,0.363636,0.594458,0.666667
20200327,367,0.063636,0.472727,0.59194,0.333333
20200327,368,0.063636,0.472727,0.59194,0.666667
20200327,369,0.0625,0.345455,0.59194,0.666667
20200327,370,0.0625,0.345455,0.59194,0.333333
20200327,371,0.0625,0.4,0.602015,0.666667
20200327,372,0.0625,0.4,0.602015,0.666667
20200327,373,0.064773,0.436364,0.607053,0.333333
20200327,374,0.064773,0.436364,0.607053,0.666667
20200327,375,0.063636,0.454545,0.609572,0.0
20200327,376,0.063636,0.454545,0.609572,0.333333
20200327,377,0.064773,0.363636,0.604534,0.666667
20200327,378,0.064773,0.363636,0.604534,0.666667
20200327,379,0.063636,0.381818,0.602015,0.666667
20200327,380,0.063636,0.381818,0.602015,1.0
20200327,381,0.063636,0.418182,0.581864,0.333333
20200327,382,0.063636,0.418182,0.581864,0.333333
20200327,383,0.063636,0.418182,0.59194,0.666667
20200327,384,0.063636,0.418182,0.59194,0.666667
20200327,385,0.063636,0.472727,0.596977,0.666667
20200327,386,0.063636,0.472727,0.596977,0.666667
20200327,387,0.064773,0.418182,0.604534,0.666667
20200327,388,0.064773,0.418182,0.604534,0.666667
20200327,389,0.063636,0.454545,0.604534,0.666667
20200327,390,0.063636,0.454545,0.604534,0.333333
20200327,391,0.064773,0.454545,0.604534,0.333333
20200327,392,0.064773,0.454545,0.604534,0.333333
20200327,393,0.064773,0.363636,0.596977,0.333333
20200327,394,0.064773,0.363636,0.596977,0.333333
20200327,395,0.063636,0.418182,0.584383,0.666667
20200327,396,0.063636,0.418182,0.584383,1.0
20200327,397,0.063636,0.363636,0.581864,0.333333
20200327,398,0.063636,0.363636,0.581864,0.666667
20200327,399,0.065909,0.381818,0.602015,0.333333
20200327,400,0.065909,0.381818,0.602015,0.666667
20200327,401,0.065909,0.418182,0.61461,1.0
20200327,402,0.065909,0.418182,0.61461,0.333333
20200327,403,0.064773,0.4,0.612091,0.666667
20200327,404,0.064773,0.4,0.612091,0.666667
20200327,405,0.064773,0.454545,0.602015,0.666667
20200327,406,0.064773,0.454545,0.602015,0.333333
20200327,407,0.0625,0.418182,0.594458,0.666667
20200327,408,0.0625,0.418182,0.594458,0.666667
20200327,409,0.061364,0.363636,0.594458,0.333333
20200327,410,0.061364,0.363636,0.594458,0.666667
20200327,411,0.0625,0.418182,0.596977,0.0
20200327,412,0.0625,0.418182,0.596977,0.333333
20200327,413,0.0625,0.436364,0.596977,0.666667
20200327,414,0.0625,0.436364,0.596977,0.666667
20200327,415,0.065909,0.472727,0.602015,0.666667
20200327,416,0.065909,0.472727,0.602015,1.0
20200327,417,0.0625,0.418182,0.599496,0.333333
20200327,418,0.0625,0.418182,0.599496,0.333333
20200327,419,0.0625,0.4,0.594458,0.666667
20200327,420,0.0625,0.4,0.594458,0.666667
20200327,421,0.063636,0.472727,0.594458,0.666667
20200327,422,0.063636,0.472727,0.594458,0.666667
20200327,423,0.063636,0.381818,0.59194,0.666667
20200327,424,0.063636,0.381818,0.59194,0.666667
20200327,425,0.063636,0.418182,0.602015,0.666667
20200327,426,0.063636,0.418182,0.602015,0.333333
20200327,427,0.063636,0.345455,0.596977,0.333333
20200327,428,0.063636,0.345455,0.596977,0.333333
20200327,429,0.063636,0.418182,0.599496,0.333333
20200327,430,0.063636,0.418182,0.599496,0.333333
20200327,431,0.064773,0.381818,0.599496,0.666667
20200327,432,0.064773,0.381818,0.599496,1.0
20200327,433,0.063636,0.436364,0.594458,0.333333
20200327,434,0.063636,0.436364,0.594458,0.666667
20200327,435,0.064773,0.418182,0.59194,0.333333
20200327,436,0.064773,0.418182,0.59194,0.666667
20200327,437,0.065909,0.381818,0.59194,1.0
20200327,438,0.065909,0.381818,0.59194,0.333333
20200327,439,0.064773,0.454545,0.599496,0.666667
20200327,440,0.064773,0.454545,0.599496,0.666667
20200327,441,0.0625,0.436364,0.596977,0.666667
20200327,442,0.0625,0.436364,0.596977,0.666667
20200327,443,0.064773,0.418182,0.609572,0.666667
20200327,444,0.064773,0.418182,0.609572,0.666667
20200327,445,0.063636,0.345455,0.612091,0.666667
20200327,446,0.063636,0.345455,0.612091,0.333333
20200327,447,0.061364,0.381818,0.602015,0.333333
20200327,448,0.061364,0.381818,0.602015,0.666667
20200327,449,0.0625,0.418182,0.596977,0.333333
20200327,450,0.0625,0.418182,0.596977,1.0
20200327,451,0.063636,0.418182,0.579345,0.666667
20200327,452,0.063636,0.418182,0.579345,0.666667
20200327,453,0.0625,0.436364,0.59194,0.666667
20200327,454,0.0625,0.436364,0.59194,0.666667
20200327,455,0.063636,0.436364,0.602015,0.666667
20200327,456,0.063636,0.436364,0.602015,0.666667
20200327,457,0.064773,0.418182,0.612091,0.666667
20200327,458,0.064773,0.418182,0.612091,0.666667
20200327,459,0.063636,0.418182,0.617128,0.666667
20200327,460,0.063636,0.418182,0.617128,0.333333
20200327,461,0.063636,0.436364,0.61461,0.333333
20200327,462,0.063636,0.436364,0.61461,0.666667
20200327,463,0.059091,0.381818,0.599496,0.333333
20200327,464,0.059091,0.381818,0.599496,1.0
20200327,465,0.0625,0.4,0.589421,0.666667
20200327,466,0.0625,0.4,0.589421,0.666667
20200327,467,0.0625,0.490909,0.586902,0.666667
20200327,468,0.0625,0.490909,0.586902,0.666667
20200327,469,0.060227,0.418182,0.594458,0.666667
20200327,470,0.060227,0.418182,0.594458,0.333333
20200327,471,0.063636,0.4,0.609572,0.666667
20200327,472,0.063636,0.4,0.609572,0.666667
20200327,473,0.064773,0.381818,0.622166,0.333333
20200327,474,0.064773,0.381818,0.622166,0.666667
20200327,475,0.0625,0.436364,0.619647,0.0
20200327,476,0.0625,0.436364,0.619647,0.333333
20200327,477,0.063636,0.4,0.609572,0.666667
20200327,478,0.063636,0.4,0.609572,0.666667
20200327,479,0.061364,0.472727,0.596977,0.666667
20200327,480,0.061364,0.472727,0.596977,1.0
20200327,481,0.060227,0.472727,0.584383,0.333333
20200327,482,0.060227,0.472727,0.584383,0.333333
20200327,483,0.0625,0.509091,0.584383,0.666667
20200327,484,0.0625,0.509091,0.584383,0.666667
20200327,485,0.061364,0.454545,0.602015,0.666667
20200327,486,0.061364,0.454545,0.602015,0.666667
20200327,487,0.065909,0.436364,0.622166,0.666667
20200327,488,0.065909,0.436364,0.622166,0.666667
20200327,489,0.0625,0.363636,0.629723,0.666667
20200327,490,0.0625,0.363636,0.629723,0.333333
20200327,491,0.0625,0.381818,0.624685,0.333333
20200327,492,0.0625,0.381818,0.624685,0.333333
20200327,493,0.060227,0.381818,0.617128,0.333333
20200327,494,0.060227,0.381818,0.617128,0.333333
20200327,495,0.060227,0.436364,0.599496,0.666667
20200327,496,0.060227,0.436364,0.599496,1.0
20200327,497,0.059091,0.436364,0.589421,0.333333
20200327,498,0.059091,0.436364,0.589421,0.666667
20200327,499,0.060227,0.490909,0.586902,0.333333
20200327,500,0.060227,0.490909,0.586902,0.666667
20200327,501,0.060227,0.436364,0.596977,1.0
20200327,502,0.060227,0.436364,0.596977,0.333333
20200327,503,0.063636,0.418182,0.617128,0.666667
20200327,504,0.063636,0.418182,0.617128,0.666667
20200327,505,0.0625,0.381818,0.624685,0.666667
20200327,506,0.0625,0.381818,0.624685,0.666667
20200327,507,0.061364,0.363636,0.617128,0.666667
20200327,508,0.061364,0.363636,0.617128,0.666667
20200327,509,0.063636,0.4,0.599496,0.666667
20200327,510,0.063636,0.4,0.599496,0.333333
20200327,511,0.059091,0.381818,0.586902,0.333333
20200327,512,0.059091,0.381818,0.586902,0.666667
20200327,513,0.061364,0.363636,0.571788,0.333333
20200327,514,0.061364,0.363636,0.571788,1.0
20200327,515,0.0625,0.436364,0.59194,0.666667
20200327,516,0.0625,0.436364,0.59194,0.666667
20200327,517,0.061364,0.363636,0.607053,0.333333
20200327,518,0.061364,0.363636,0.607053,0.666667
20200327,519,0.063636,0.4,0.629723,0.666667
20200327,520,0.063636,0.4,0.629723,0.666667
20200327,521,0.0625,0.363636,0.634761,0.666667
20200327,522,0.0625,0.363636,0.634761,0.666667
20200327,523,0.061364,0.345455,0.622166,0.666667
20200327,524,0.061364,0.345455,0.622166,0.666667
20200327,525,0.0625,0.381818,0.604534,0.333333
20200327,526,0.0625,0.381818,0.604534,0.333333
20200327,527,0.059091,0.381818,0.594458,0.333333
20200327,528,0.059091,0.381818,0.594458,0.333333
20200327,529,0.061364,0.418182,0.584383,0.333333
20200327,530,0.061364,0.418182,0.584383,0.666667
20200327,531,0.063636,0.381818,0.596977,1.0
20200327,532,0.063636,0.381818,0.596977,0.333333
20200327,533,0.0625,0.4,0.602015,0.666667
20200327,534,0.0625,0.4,0.602015,0.333333
20200327,535,0.063636,0.4,0.61461,0.666667
20200327,536,0.063636,0.4,0.61461,1.0
20200327,537,0.064773,0.345455,0.61461,0.333333
20200327,538,0.064773,0.345455,0.61461,0.666667
20200327,539,0.0625,0.363636,0.604534,0.666667
20200327,540,0.0625,0.363636,0.596977,0.666667
20200327,541,0.0625,0.363636,0.596977,0.333333
20200327,542,0.061364,0.363636,0.589421,0.666667
20200327,543,0.061364,0.363636,0.589421,0.666667
20200327,544,0.0625,0.454545,0.59194,0.333333
20200327,545,0.0625,0.454545,0.59194,0.666667
20200327,546,0.0625,0.418182,0.604534,0.0
20200327,547,0.0625,0.418182,0.604534,0.333333
20200327,548,0.063636,0.436364,0.617128,0.666667
20200327,549,0.063636,0.436364,0.617128,0.666667
20200327,550,0.063636,0.381818,0.619647,0.666667
20200327,551,0.063636,0.381818,0.619647,1.0
20200327,552,0.064773,0.381818,0.612091,0.333333
20200327,553,0.064773,0.381818,0.612091,0.333333
20200327,554,0.061364,0.381818,0.599496,0.666667
20200327,555,0.061364,0.381818,0.599496,0.666667
20200327,556,0.061364,0.4,0.594458,0.666667
20200327,557,0.061364,0.4,0.594458,0.666667
20200327,558,0.064773,0.436364,0.594458,0.666667
20200327,559,0.064773,0.436364,0.594458,0.666667
20200327,560,0.061364,0.454545,0.59194,0.666667
20200327,561,0.061364,0.454545,0.59194,0.333333
20200327,562,0.063636,0.4,0.604534,0.333333
20200327,563,0.063636,0.4,0.604534,0.333333
20200327,564,0.063636,0.418182,0.612091,0.333333
20200327,565,0.063636,0.418182,0.612091,0.333333
20200327,566,0.0625,0.4,0.61461,0.666667
20200327,567,0.0625,0.4,0.61461,1.0
20200327,568,0.0625,0.454545,0.607053,0.333333
20200327,569,0.0625,0.454545,0.607053,0.666667
20200327,570,0.061364,0.418182,0.599496,0.333333
20200327,571,0.061364,0.418182,0.599496,0.666667
20200327,572,0.061364,0.381818,0.576826,1.0
20200327,573,0.061364,0.381818,0.576826,0.333333
20200327,574,0.061364,0.472727,0.594458,0.666667
20200327,575,0.061364,0.472727,0.594458,0.666667
20200327,576,0.0625,0.363636,0.594458,0.666667
20200327,577,0.0625,0.363636,0.594458,0.666667
20200327,578,0.0625,0.454545,0.612091,0.666667
20200327,579,0.0625,0.454545,0.612091,0.666667
20200327,580,0.065909,0.436364,0.629723,0.666667
20200327,581,0.065909,0.436364,0.629723,0.333333
20200327,582,0.0625,0.381818,0.624685,0.333333
20200327,583,0.0625,0.381818,0.624685,0.666667
20200327,584,0.061364,0.4,0.602015,0.333333
20200327,585,0.061364,0.4,0.602015,1.0
20200327,586,0.064773,0.4,0.602015,0.666667
20200327,587,0.064773,0.4,0.602015,0.666667
20200327,588,0.060227,0.4,0.594458,0.666667
20200327,589,0.060227,0.4,0.594458,0.666667
20200327,590,0.063636,0.454545,0.589421,0.666667
20200327,591,0.063636,0.454545,0.589421,0.666667
20200327,592,0.063636,0.436364,0.586902,0.666667
20200327,593,0.063636,0.436364,0.586902,0.666667
20200327,594,0.064773,0.472727,0.602015,0.666667
20200327,595,0.064773,0.472727,0.602015,0.333333
20200327,596,0.063636,0.454545,0.617128,0.333333
20200327,597,0.063636,0.454545,0.617128,0.666667
20200327,598,0.064773,0.454545,0.617128,0.333333
20200327,599,0.064773,0.454545,0.617128,1.0
20200327,600,0.0625,0.309091,0.624685,0.666667
20200327,601,0.0625,0.309091,0.624685,0.666667
20200327,602,0.0625,0.363636,0.61461,0.666667
20200327,603,0.0625,0.363636,0.61461,0.666667
20200327,604,0.059091,0.4,0.599496,0.666667
20200327,605,0.059091,0.4,0.599496,0.333333
20200327,606,0.060227,0.418182,0.589421,0.666667
20200327,607,0.060227,0.418182,0.589421,0.666667
20200327,608,0.063636,0.418182,0.602015,0.333333
20200327,609,0.063636,0.418182,0.602015,0.666667
20200327,610,0.060227,0.363636,0.599496,0.0
20200327,611,0.060227,0.363636,0.599496,0.333333
20200327,612,0.063636,0.436364,0.602015,0.666667
20200327,613,0.063636,0.436364,0.602015,0.666667
20200327,614,0.063636,0.418182,0.599496,0.666667
20200327,615,0.063636,0.418182,0.599496,1.0
20200327,616,0.061364,0.363636,0.602015,0.333333
20200327,617,0.061364,0.363636,0.602015,0.333333
20200327,618,0.063636,0.436364,0.594458,0.666667
20200327,619,0.063636,0.436364,0.594458,0.666667
20200327,620,0.064773,0.4,0.59194,0.666667
20200327,621,0.064773,0.4,0.59194,0.666667
20200327,622,0.0625,0.418182,0.594458,0.666667
20200327,623,0.0625,0.418182,0.594458,0.666667
20200327,624,0.063636,0.381818,0.604534,0.666667
20200327,625,0.063636,0.381818,0.604534,0.333333
20200327,626,0.064773,0.381818,0.607053,0.333333
20200327,627,0.064773,0.381818,0.607053,0.666667
20200327,628,0.0625,0.454545,0.604534,0.666667
20200327,629,0.0625,0.454545,0.604534,0.333333
20200327,630,0.064773,0.4,0.596977,0.666667
20200327,631,0.064773,0.4,0.596977,0.666667
20200327,632,0.0625,0.454545,0.589421,0.333333
20200327,633,0.0625,0.454545,0.589421,0.666667
20200327,634,0.0625,0.381818,0.586902,0.0
20200327,635,0.0625,0.381818,0.586902,0.333333
20200327,636,0.064773,0.472727,0.596977,0.666667
20200327,637,0.064773,0.472727,0.596977,0.666667
20200327,638,0.061364,0.418182,0.612091,0.666667
20200327,639,0.061364,0.418182,0.612091,1.0
20200327,640,0.063636,0.381818,0.612091,0.333333
20200327,641,0.063636,0.381818,0.612091,0.333333
20200327,642,0.063636,0.381818,0.61461,0.666667
20200327,643,0.063636,0.381818,0.61461,0.666667
20200327,644,0.063636,0.4,0.604534,0.666667
20200327,645,0.063636,0.4,0.604534,0.666667
20200327,646,0.061364,0.418182,0.599496,0.666667
20200327,647,0.061364,0.418182,0.599496,0.666667
20200327,648,0.061364,0.418182,0.579345,0.666667
20200327,649,0.061364,0.418182,0.579345,0.333333
20200327,650,0.059091,0.454545,0.59194,0.333333
20200327,651,0.059091,0.454545,0.59194,0.333333
20200327,652,0.064773,0.418182,0.59194,0.333333
20200327,653,0.064773,0.418182,0.59194,0.333333
20200327,654,0.063636,0.454545,0.602015,0.666667
20200327,655,0.063636,0.454545,0.602015,1.0
20200327,656,0.0625,0.4,0.622166,0.333333
20200327,657,0.0625,0.4,0.622166,0.666667
20200327,658,0.064773,0.381818,0.622166,0.333333
20200327,659,0.064773,0.381818,0.622166,0.666667
20200327,660,0.060227,0.381818,0.617128,1.0
20200327,661,0.060227,0.381818,0.617128,0.333333
20200327,662,0.0625,0.345455,0.599496,0.666667
20200327,663,0.0625,0.345455,0.599496,0.666667
20200327,664,0.061364,0.381818,0.589421,0.666667
20200327,665,0.061364,0.381818,0.589421,0.333333
20200327,666,0.0625,0.490909,0.584383,0.666667
20200327,667,0.0625,0.490909,0.584383,0.666667
20200327,668,0.0625,0.527273,0.594458,0.333333
20200327,669,0.0625,0.527273,0.594458,0.666667
20200327,670,0.061364,0.4,0.602015,0.0
20200327,671,0.061364,0.4,0.602015,0.333333
20200327,672,0.063636,0.381818,0.629723,0.666667
20200327,673,0.063636,0.381818,0.629723,0.666667
20200327,674,0.064773,0.345455,0.632242,0.666667
20200327,675,0.064773,0.345455,0.632242,1.0
20200327,676,0.061364,0.418182,0.624685,0.333333
20200327,677,0.061364,0.418182,0.624685,0.333333
20200327,678,0.060227,0.472727,0.607053,0.666667
20200327,679,0.060227,0.472727,0.607053,0.666667
20200327,680,0.060227,0.454545,0.594458,0.666667
20200327,681,0.060227,0.454545,0.594458,0.666667
20200327,682,0.057955,0.436364,0.586902,0.666667
20200327,683,0.057955,0.436364,0.586902,0.666667
20200327,684,0.060227,0.418182,0.581864,0.666667
20200327,685,0.060227,0.418182,0.581864,0.333333
20200327,686,0.063636,0.381818,0.599496,0.333333
20200327,687,0.063636,0.381818,0.599496,0.333333
20200327,688,0.063636,0.418182,0.612091,0.333333
20200327,689,0.063636,0.418182,0.612091,0.333333
20200327,690,0.063636,0.345455,0.624685,0.666667
20200327,691,0.063636,0.345455,0.624685,1.0
20200327,692,0.061364,0.418182,0.624685,0.333333
20200327,693,0.061364,0.418182,0.624685,0.666667
20200327,694,0.064773,0.418182,0.609572,0.333333
20200327,695,0.064773,0.418182,0.609572,0.666667
20200327,696,0.059091,0.436364,0.602015,1.0
20200327,697,0.059091,0.436364,0.602015,0.333333
20200327,698,0.061364,0.418182,0.596977,0.666667
20200327,699,0.061364,0.418182,0.596977,0.666667
20200327,700,0.061364,0.472727,0.586902,0.666667
20200327,701,0.061364,0.472727,0.586902,0.666667
20200327,702,0.060227,0.418182,0.602015,0.666667
20200327,703,0.060227,0.418182,0.602015,0.666667
20200327,704,0.0625,0.4,0.602015,0.666667
20200327,705,0.0625,0.4,0.602015,0.333333
20200327,706,0.061364,0.436364,0.612091,0.333333
20200327,707,0.061364,0.436364,0.612091,0.666667
20200327,708,0.061364,0.363636,0.619647,0.333333
20200327,709,0.061364,0.363636,0.619647,1.0
20200327,710,0.0625,0.418182,0.604534,0.666667
20200327,711,0.0625,0.418182,0.604534,0.666667
20200327,712,0.063636,0.509091,0.599496,0.666667
20200327,713,0.063636,0.509091,0.599496,0.666667
20200327,714,0.059091,0.418182,0.589421,0.666667
20200327,715,0.059091,0.418182,0.589421,0.666667
20200327,716,0.063636,0.490909,0.586902,0.666667
20200327,717,0.063636,0.490909,0.586902,0.666667
20200327,718,0.059091,0.4,0.594458,0.666667
20200327,719,0.059091,0.4,0.594458,0.333333
20200327,720,0.060227,0.4,0.604534,0.333333
20200327,721,0.060227,0.4,0.604534,0.666667
20200327,722,0.061364,0.472727,0.604534,0.333333
20200327,723,0.061364,0.472727,0.604534,1.0
20200327,724,0.0625,0.472727,0.599496,0.666667
20200327,725,0.0625,0.472727,0.599496,0.666667
20200327,726,0.061364,0.509091,0.596977,0.666667
20200327,727,0.061364,0.509091,0.596977,0.666667
20200327,728,0.063636,0.472727,0.594458,0.666667
20200327,729,0.063636,0.472727,0.594458,0.333333
20200327,730,0.060227,0.454545,0.59194,0.666667
20200327,731,0.060227,0.454545,0.59194,0.666667
20200327,732,0.061364,0.363636,0.599496,0.333333
20200327,733,0.061364,0.363636,0.599496,0.666667
20200327,734,0.0625,0.472727,0.599496,0.0
20200327,735,0.0625,0.472727,0.599496,0.333333
20200327,736,0.060227,0.418182,0.599496,0.666667
20200327,737,0.060227,0.418182,0.599496,0.666667
20200327,738,0.063636,0.436364,0.602015,0.666667
20200327,739,0.063636,0.436364,0.602015,1.0
20200327,740,0.061364,0.4,0.59194,0.333333
20200327,741,0.061364,0.4,0.59194,0.333333
20200327,742,0.0625,0.381818,0.589421,0.666667
20200327,743,0.0625,0.381818,0.589421,0.666667
20200327,744,0.060227,0.436364,0.59194,0.333333
20200327,745,0.060227,0.436364,0.59194,0.666667
20200327,746,0.060227,0.418182,0.589421,0.666667
20200327,747,0.060227,0.418182,0.589421,0.333333
20200327,748,0.0625,0.381818,0.607053,0.666667
20200327,749,0.0625,0.381818,0.607053,0.0
20200327,750,0.063636,0.363636,0.612091,0.333333
20200327,751,0.063636,0.363636,0.612091,0.666667
20200327,752,0.064773,0.436364,0.617128,0.666667
20200327,753,0.064773,0.436364,0.617128,0.666667
20200327,754,0.063636,0.418182,0.612091,1.0
20200327,755,0.063636,0.418182,0.612091,0.333333
20200327,756,0.059091,0.490909,0.602015,0.333333
20200327,757,0.059091,0.490909,0.602015,0.666667
20200327,758,0.059091,0.454545,0.59194,0.666667
20200327,759,0.059091,0.454545,0.59194,0.666667
20200327,760,0.0625,0.381818,0.589421,0.666667
20200327,761,0.0625,0.381818,0.589421,0.666667
20200327,762,0.060227,0.418182,0.586902,0.666667
20200327,763,0.060227,0.418182,0.586902,0.666667
20200327,764,0.060227,0.363636,0.594458,0.333333
20200327,765,0.060227,0.363636,0.594458,0.333333
20200327,766,0.060227,0.436364,0.602015,0.333333
20200327,767,0.060227,0.436364,0.602015,0.333333
20200327,768,0.064773,0.345455,0.596977,0.333333
20200327,769,0.064773,0.345455,0.596977,0.666667
20200327,770,0.061364,0.4,0.581864,1.0
20200327,771,0.061364,0.4,0.581864,0.333333
20200327,772,0.061364,0.4,0.594458,0.666667
20200327,773,0.061364,0.4,0.594458,0.333333
20200327,774,0.063636,0.418182,0.596977,0.666667
20200327,775,0.063636,0.418182,0.596977,1.0
20200327,776,0.063636,0.363636,0.596977,0.333333
20200327,777,0.063636,0.363636,0.596977,0.666667
20200327,778,0.061364,0.4,0.599496,0.666667
20200327,779,0.061364,0.4,0.599496,0.666667
20200327,780,0.063636,0.381818,0.602015,0.333333
20200327,781,0.063636,0.381818,0.602015,0.666667
20200327,782,0.0625,0.381818,0.599496,0.666667
20200327,783,0.0625,0.381818,0.599496,0.333333
20200327,784,0.061364,0.381818,0.596977,0.666667
20200327,785,0.061364,0.381818,0.596977,0.0
20200327,786,0.061364,0.436364,0.581864,0.333333
20200327,787,0.061364,0.436364,0.581864,0.666667
20200327,788,0.064773,0.418182,0.59194,0.666667
20200327,789,0.064773,0.418182,0.59194,0.666667
20200327,790,0.0625,0.4,0.59194,1.0
20200327,791,0.0625,0.4,0.59194,0.333333
20200327,792,0.063636,0.4,0.596977,0.333333
20200327,793,0.063636,0.4,0.596977,0.666667
20200327,794,0.061364,0.381818,0.599496,0.666667
20200327,795,0.061364,0.381818,0.599496,0.666667
20200327,796,0.063636,0.418182,0.594458,0.666667
20200327,797,0.063636,0.418182,0.594458,0.666667
20200327,798,0.0625,0.436364,0.596977,0.666667
20200327,799,0.0625,0.436364,0.596977,0.666667
20200327,800,0.063636,0.363636,0.599496,0.333333
20200327,801,0.063636,0.363636,0.599496,0.333333
20200327,802,0.063636,0.4,0.596977,0.333333
20200327,803,0.063636,0.4,0.596977,0.333333
20200327,804,0.061364,0.436364,0.594458,0.333333
20200327,805,0.061364,0.436364,0.594458,0.666667
20200327,806,0.059091,0.454545,0.579345,1.0
20200327,807,0.059091,0.454545,0.579345,0.333333
20200327,808,0.061364,0.4,0.584383,0.666667
20200327,809,0.061364,0.4,0.584383,0.333333
20200327,810,0.063636,0.381818,0.599496,0.666667
20200327,811,0.063636,0.381818,0.599496,1.0
20200327,812,0.063636,0.418182,0.607053,0.333333
20200327,813,0.063636,0.418182,0.607053,0.666667
20200327,814,0.0625,0.418182,0.612091,0.666667
20200327,815,0.0625,0.418182,0.612091,0.666667
20200327,816,0.061364,0.490909,0.609572,0.666667
20200327,817,0.061364,0.490909,0.609572,0.666667
20200327,818,0.0625,0.4,0.599496,0.666667
20200327,819,0.0625,0.4,0.599496,0.666667
20200327,820,0.059091,0.472727,0.59194,0.333333
20200327,821,0.059091,0.472727,0.59194,0.333333
20200327,822,0.059091,0.436364,0.589421,0.666667
20200327,823,0.059091,0.436364,0.589421,0.333333
20200327,824,0.063636,0.4,0.594458,1.0
20200327,825,0.063636,0.4,0.594458,0.666667
20200327,826,0.060227,0.381818,0.599496,0.666667
20200327,827,0.060227,0.381818,0.599496,0.666667
20200327,828,0.0625,0.381818,0.619647,0.666667
20200327,829,0.0625,0.381818,0.619647,0.666667
20200327,830,0.063636,0.363636,0.617128,0.666667
20200327,831,0.063636,0.363636,0.617128,0.666667
20200327,832,0.060227,0.345455,0.612091,0.666667
20200327,833,0.060227,0.345455,0.612091,0.666667
20200327,834,0.0625,0.381818,0.596977,0.333333
20200327,835,0.0625,0.381818,0.596977,0.333333
20200327,836,0.059091,0.381818,0.589421,0.666667
20200327,837,0.059091,0.381818,0.589421,0.333333
20200327,838,0.061364,0.4,0.594458,0.666667
20200327,839,0.061364,0.4,0.594458,0.666667
20200327,840,0.0625,0.345455,0.594458,0.333333
20200327,841,0.0625,0.345455,0.594458,0.666667
20200327,842,0.0625,0.381818,0.589421,0.666667
20200327,843,0.0625,0.381818,0.589421,0.333333
20200327,844,0.063636,0.363636,0.609572,0.666667
20200327,845,0.063636,0.363636,0.609572,0.0
20200327,846,0.064773,0.345455,0.612091,0.333333
20200327,847,0.064773,0.345455,0.612091,0.666667
20200327,848,0.060227,0.381818,0.607053,0.666667
20200327,849,0.060227,0.381818,0.607053,0.666667
20200327,850,0.061364,0.4,0.596977,1.0
20200327,851,0.061364,0.4,0.596977,0.333333
20200327,852,0.0625,0.4,0.594458,0.333333
20200327,853,0.0625,0.4,0.594458,0.666667
20200327,854,0.061364,0.381818,0.581864,0.666667
20200327,855,0.061364,0.381818,0.581864,0.666667
20200327,856,0.0625,0.4,0.584383,0.666667
20200327,857,0.0625,0.4,0.584383,0.666667
20200327,858,0.063636,0.454545,0.607053,0.666667
20200327,859,0.063636,0.454545,0.607053,0.666667
20200327,860,0.061364,0.4,0.609572,0.333333
20200327,861,0.061364,0.4,0.609572,0.333333
20200327,862,0.061364,0.381818,0.602015,0.333333
20200327,863,0.061364,0.381818,0.602015,0.333333
20200327,864,0.061364,0.418182,0.59194,0.333333
20200327,865,0.061364,0.418182,0.59194,0.666667
20200327,866,0.061364,0.436364,0.59194,1.0
20200327,867,0.061364,0.436364,0.59194,0.333333
20200327,868,0.0625,0.472727,0.574307,0.666667
20200327,869,0.0625,0.472727,0.574307,0.333333
20200327,870,0.0625,0.418182,0.59194,0.666667
20200327,871,0.0625,0.418182,0.59194,1.0
20200327,872,0.0625,0.563636,0.602015,0.333333
20200327,873,0.0625,0.563636,0.602015,0.666667
20200327,874,0.063636,0.509091,0.61461,0.666667
20200327,875,0.063636,0.509091,0.61461,0.666667
20200327,876,0.064773,0.509091,0.612091,0.333333
20200327,877,0.064773,0.509091,0.612091,0.666667
20200327,878,0.064773,0.509091,0.609572,0.666667
20200327,879,0.064773,0.509091,0.609572,0.333333
20200327,880,0.064773,0.527273,0.599496,0.666667
20200327,881,0.064773,0.527273,0.599496,0.0
20200327,882,0.063636,0.509091,0.594458,0.333333
20200327,883,0.063636,0.509091,0.594458,0.666667
20200327,884,0.064773,0.472727,0.571788,0.666667
20200327,885,0.064773,0.472727,0.571788,0.666667
20200327,886,0.063636,0.527273,0.594458,1.0
20200327,887,0.063636,0.527273,0.594458,0.333333
20200327,888,0.064773,0.581818,0.612091,0.333333
20200327,889,0.064773,0.581818,0.612091,0.666667
20200327,890,0.064773,0.563636,0.617128,0.666667
20200327,891,0.064773,0.563636,0.617128,0.666667
20200327,892,0.063636,0.527273,0.617128,0.666667
20200327,893,0.063636,0.527273,0.617128,0.666667
20200327,894,0.063636,0.527273,0.607053,0.666667
20200327,895,0.063636,0.527273,0.607053,0.666667
20200327,896,0.064773,0.6,0.584383,0.333333
20200327,897,0.064773,0.6,0.584383,0.333333
20200327,898,0.063636,0.581818,0.584383,0.333333
20200327,899,0.063636,0.581818,0.584383,0.333333
20200327,900,0.0625,0.545455,0.589421,0.333333
20200327,901,0.0625,0.545455,0.589421,0.666667
20200327,902,0.0625,0.563636,0.596977,1.0
20200327,903,0.0625,0.563636,0.596977,0.333333
20200327,904,0.064773,0.6,0.604534,0.666667
20200327,905,0.064773,0.6,0.604534,0.333333
20200327,906,0.067045,0.563636,0.602015,0.666667
20200327,907,0.067045,0.563636,0.602015,1.0
20200327,908,0.065909,0.545455,0.599496,0.333333
20200327,909,0.065909,0.545455,0.599496,0.666667
20200327,910,0.063636,0.6,0.589421,0.666667
20200327,911,0.063636,0.6,0.589421,0.666667
20200327,912,0.064773,0.654545,0.59194,0.666667
20200327,913,0.064773,0.654545,0.59194,0.666667
20200327,914,0.063636,0.818182,0.594458,0.666667
20200327,915,0.063636,0.818182,0.594458,0.666667
20200327,916,0.065909,0.763636,0.607053,0.333333
20200327,917,0.065909,0.763636,0.607053,0.333333
20200327,918,0.068182,0.709091,0.627204,0.666667
20200327,919,0.068182,0.709091,0.627204,0.333333
20200327,920,0.068182,0.745455,0.619647,1.0
20200327,921,0.068182,0.745455,0.619647,0.666667
20200327,922,0.069318,0.854545,0.612091,0.666667
20200327,923,0.069318,0.854545,0.612091,0.666667
20200327,924,0.064773,1.0,0.59194,0.666667
20200327,925,0.064773,1.0,0.59194,0.666667
20200327,926,0.067045,0.745455,0.586902,0.666667
20200327,927,0.067045,0.745455,0.586902,0.666667
20200327,928,0.070455,0.763636,0.594458,0.666667
20200327,929,0.070455,0.763636,0.594458,0.666667
20200327,930,0.067045,0.672727,0.599496,0.333333
20200327,931,0.067045,0.672727,0.599496,0.333333
20200327,932,0.069318,0.781818,0.609572,0.666667
20200327,933,0.069318,0.781818,0.609572,0.333333
20200327,934,0.068182,0.4,0.604534,1.0
20200327,935,0.068182,0.4,0.604534,0.666667
20200327,936,0.067045,0.381818,0.596977,0.666667
20200327,937,0.067045,0.381818,0.596977,0.666667
20200327,938,0.068182,0.418182,0.589421,0.666667
20200327,939,0.068182,0.418182,0.589421,0.666667
20200327,940,0.064773,0.436364,0.59194,0.333333
20200327,941,0.064773,0.436364,0.59194,0.666667
20200327,942,0.064773,0.472727,0.602015,0.666667
20200327,943,0.064773,0.472727,0.602015,0.333333
20200327,944,0.065909,0.418182,0.612091,0.666667
20200327,945,0.065909,0.418182,0.612091,0.0
20200327,946,0.069318,0.563636,0.612091,0.333333
20200327,947,0.069318,0.563636,0.612091,0.666667
20200327,948,0.068182,0.509091,0.594458,0.666667
20200327,949,0.068182,0.509091,0.594458,0.666667
20200327,950,0.075,0.509091,0.586902,1.0
20200327,951,0.075,0.509091,0.586902,0.333333
20200327,952,0.067045,0.509091,0.59194,0.333333
20200327,953,0.067045,0.509091,0.59194,0.666667
20200327,954,0.064773,0.527273,0.599496,0.666667
20200327,955,0.064773,0.527273,0.599496,0.666667
20200327,956,0.065909,0.509091,0.61461,0.666667
20200327,957,0.065909,0.509091,0.61461,0.666667
20200327,958,0.067045,0.472727,0.624685,0.666667
20200327,959,0.067045,0.472727,0.624685,0.666667
20200327,960,0.065909,0.527273,0.617128,0.333333
20200327,961,0.065909,0.527273,0.617128,0.333333
20200327,962,0.067045,0.581818,0.612091,0.333333
20200327,963,0.067045,0.581818,0.612091,0.333333
20200327,964,0.063636,0.563636,0.596977,0.333333
20200327,965,0.063636,0.563636,0.596977,0.666667
20200327,966,0.067045,0.527273,0.586902,1.0
20200327,967,0.067045,0.527273,0.586902,0.333333
20200327,968,0.064773,0.527273,0.59194,0.666667
20200327,969,0.064773,0.527273,0.59194,0.333333
20200327,970,0.064773,0.6,0.599496,0.666667
20200327,971,0.064773,0.6,0.599496,1.0
20200327,972,0.067045,0.581818,0.612091,0.333333
20200327,973,0.067045,0.581818,0.612091,0.666667
20200327,974,0.067045,0.545455,0.619647,0.666667
20200327,975,0.067045,0.545455,0.619647,0.333333
20200327,976,0.067045,0.563636,0.617128,0.666667
20200327,977,0.067045,0.563636,0.617128,0.666667
20200327,978,0.064773,0.6,0.612091,0.333333
20200327,979,0.064773,0.6,0.612091,0.666667
20200327,980,0.065909,0.563636,0.59194,0.0
20200327,981,0.065909,0.563636,0.59194,0.333333
20200327,982,0.072727,0.545455,0.589421,0.666667
20200327,983,0.072727,0.545455,0.589421,0.666667
20200327,984,0.064773,0.6,0.604534,0.666667
20200327,985,0.064773,0.6,0.604534,1.0
20200327,986,0.069318,0.654545,0.612091,0.333333
20200327,987,0.069318,0.654545,0.612091,0.333333
20200327,988,0.071591,0.818182,0.609572,0.666667
20200327,989,0.071591,0.818182,0.609572,0.666667
20200327,990,0.068182,0.763636,0.59194,0.666667
20200327,991,0.068182,0.763636,0.59194,0.666667
20200327,992,0.071591,0.709091,0.589421,0.666667
20200327,993,0.071591,0.709091,0.589421,0.666667
20200327,994,0.061364,0.745455,0.576826,0.666667
20200327,995,0.061364,0.745455,0.576826,0.333333
20200327,996,0.061364,0.854545,0.594458,0.333333
20200327,997,0.061364,0.854545,0.594458,0.333333
20200327,998,0.0625,1.0,0.596977,0.333333
20200327,999,0.0625,1.0,0.596977,0.333333
20200327,1000,0.063636,0.745455,0.604534,0.666667
20200327,1001,0.063636,0.745455,0.604534,1.0
20200327,1002,0.063636,0.763636,0.609572,0.333333
20200327,1003,0.063636,0.763636,0.609572,0.666667
20200327,1004,0.060227,0.672727,0.604534,0.333333
20200327,1005,0.060227,0.672727,0.604534,0.666667
20200327,1006,0.064773,0.781818,0.602015,1.0
20200327,1007,0.064773,0.781818,0.602015,0.333333
20200327,1008,0.063636,0.4,0.594458,0.666667
20200327,1009,0.063636,0.381818,0.594458,0.666667
20200327,1010,0.069318,0.381818,0.59194,0.666667
20200327,1011,0.069318,0.381818,0.59194,0.333333
20200327,1012,0.069318,0.381818,0.602015,0.666667
20200327,1013,0.069318,0.363636,0.602015,0.666667
20200327,1014,0.0,0.363636,0.599496,0.333333
20200327,1015,0.0,0.345455,0.599496,0.666667
20200327,1016,0.053409,0.345455,0.56927,0.0
20200327,1017,0.053409,0.381818,0.56927,0.333333
20200327,1018,0.069318,0.381818,0.596977,0.666667
20200327,1019,0.069318,0.381818,0.596977,0.666667
20200327,1020,0.084091,0.381818,0.61461,0.666667
20200327,1021,0.084091,0.4,0.61461,1.0
20200327,1022,0.075,0.4,0.624685,0.333333
20200327,1023,0.075,0.345455,0.624685,0.333333
20200327,1024,0.078409,0.345455,0.629723,0.666667
20200327,1025,0.078409,0.381818,0.629723,0.666667
20200327,1026,0.081818,0.381818,0.612091,0.666667
20200327,1027,0.081818,0.363636,0.612091,0.666667
20200327,1028,0.080682,0.363636,0.602015,0.666667
20200327,1029,0.080682,0.345455,0.602015,0.666667
20200327,1030,0.081818,0.345455,0.589421,0.666667
20200327,1031,0.081818,0.381818,0.589421,0.333333
20200327,1032,0.080682,0.381818,0.586902,0.333333
20200327,1033,0.080682,0.4,0.586902,0.333333
20200327,1034,0.081818,0.4,0.599496,0.333333
20200327,1035,0.081818,0.4,0.599496,0.333333
20200327,1036,0.094318,0.4,0.61461,0.666667
20200327,1037,0.094318,0.381818,0.61461,1.0
20200327,1038,0.084091,0.381818,0.61461,0.333333
20200327,1039,0.084091,0.4,0.61461,0.666667
20200327,1040,0.084091,0.4,0.599496,0.333333
20200327,1041,0.084091,0.454545,0.599496,0.666667
20200327,1042,0.092045,0.454545,0.589421,1.0
20200327,1043,0.092045,0.4,0.589421,0.333333
20200327,1044,0.079545,0.4,0.59194,0.666667
20200327,1045,0.079545,0.381818,0.59194,0.666667
20200327,1046,0.081818,0.381818,0.599496,0.666667
20200327,1047,0.081818,0.418182,0.599496,0.666667
20200327,1048,0.081818,0.418182,0.596977,0.666667
20200327,1049,0.081818,0.436364,0.596977,0.666667
20200327,1050,0.085227,0.436364,0.599496,0.666667
20200327,1051,0.085227,0.472727,0.599496,0.333333
20200327,1052,0.082955,0.472727,0.596977,0.333333
20200327,1053,0.082955,0.418182,0.596977,0.666667
20200327,1054,0.082955,0.418182,0.589421,0.333333
20200327,1055,0.082955,0.563636,0.589421,1.0
20200327,1056,0.081818,0.563636,0.586902,0.666667
20200327,1057,0.081818,0.509091,0.586902,0.666667
20200327,1058,0.080682,0.509091,0.59194,0.666667
20200327,1059,0.080682,0.509091,0.59194,0.666667
20200327,1060,0.079545,0.509091,0.607053,0.666667
20200327,1061,0.079545,0.509091,0.607053,0.666667
20200327,1062,0.077273,0.509091,0.617128,0.666667
20200327,1063,0.077273,0.527273,0.617128,0.666667
20200327,1064,0.078409,0.527273,0.617128,0.666667
20200327,1065,0.078409,0.509091,0.617128,0.333333
20200327,1066,0.075,0.509091,0.607053,0.333333
20200327,1067,0.075,0.472727,0.607053,0.666667
20200327,1068,0.073864,0.472727,0.607053,0.333333
20200327,1069,0.073864,0.527273,0.607053,1.0
20200327,1070,0.075,0.527273,0.594458,0.666667
20200327,1071,0.075,0.581818,0.594458,0.666667
20200327,1072,0.073864,0.581818,0.586902,0.666667
20200327,1073,0.073864,0.563636,0.586902,0.666667
20200327,1074,0.072727,0.563636,0.584383,0.666667
20200327,1075,0.072727,0.527273,0.584383,0.333333
20200327,1076,0.076136,0.527273,0.594458,0.666667
20200327,1077,0.076136,0.527273,0.594458,0.666667
20200327,1078,0.075,0.527273,0.61461,0.333333
20200327,1079,0.075,0.6,0.61461,0.666667
20200327,1080,0.075,0.6,0.627204,0.0
20200327,1081,0.075,0.581818,0.627204,0.333333
20200327,1082,0.084091,0.581818,0.604534,0.666667
20200327,1083,0.084091,0.545455,0.604534,0.666667
20200327,1084,0.082955,0.545455,0.59194,0.666667
20200327,1085,0.082955,0.563636,0.59194,1.0
20200327,1086,0.084091,0.563636,0.59194,0.333333
20200327,1087,0.084091,0.6,0.59194,0.333333
20200327,1088,0.086364,0.6,0.59194,0.666667
20200327,1089,0.086364,0.563636,0.59194,0.666667
20200327,1090,0.082955,0.563636,0.596977,0.666667
20200327,1091,0.082955,0.545455,0.596977,0.666667
20200327,1092,0.085227,0.545455,0.604534,0.333333
20200327,1093,0.085227,0.6,0.604534,0.666667
20200327,1094,0.082955,0.6,0.617128,0.666667
20200327,1095,0.082955,0.654545,0.617128,0.333333
20200327,1096,0.0875,0.654545,0.61461,0.666667
20200327,1097,0.0875,0.818182,0.61461,0.0
20200327,1098,0.086364,0.818182,0.607053,0.333333
20200327,1099,0.086364,0.763636,0.607053,0.666667
20200327,1100,0.081818,0.763636,0.602015,0.666667
20200327,1101,0.081818,0.709091,0.602015,0.666667
20200327,1102,0.081818,0.709091,0.594458,1.0
20200327,1103,0.081818,0.745455,0.594458,0.333333
20200327,1104,0.081818,0.745455,0.589421,0.333333
20200327,1105,0.081818,0.854545,0.589421,0.666667
20200327,1106,0.086364,0.854545,0.586902,0.666667
20200327,1107,0.086364,1.0,0.586902,0.666667
20200327,1108,0.085227,1.0,0.602015,0.666667
20200327,1109,0.085227,0.745455,0.602015,0.666667
20200327,1110,0.085227,0.745455,0.609572,0.666667
20200327,1111,0.085227,0.763636,0.609572,0.666667
20200327,1112,0.084091,0.763636,0.617128,0.333333
20200327,1113,0.084091,0.672727,0.617128,0.333333
20200327,1114,0.0875,0.672727,0.602015,0.333333
20200327,1115,0.0875,0.781818,0.602015,0.333333
20200327,1116,0.079545,0.781818,0.584383,0.333333
20200327,1117,0.079545,0.4,0.584383,0.666667
20200327,1118,0.085227,0.4,0.599496,1.0
20200327,1119,0.085227,0.381818,0.599496,0.333333
20200327,1120,0.084091,0.381818,0.589421,0.666667
20200327,1121,0.084091,0.363636,0.589421,0.333333
20200327,1122,0.084091,0.363636,0.584383,0.666667
20200327,1123,0.084091,0.345455,0.584383,1.0
20200327,1124,0.081818,0.345455,0.604534,0.333333
20200327,1125,0.081818,0.381818,0.604534,0.666667
20200327,1126,0.088636,0.381818,0.607053,0.666667
20200327,1127,0.088636,0.4,0.607053,0.666667
20200327,1128,0.085227,0.4,0.609572,0.333333
20200327,1129,0.085227,0.4,0.609572,0.666667
20200327,1130,0.085227,0.4,0.59194,0.666667
20200327,1131,0.085227,0.381818,0.59194,0.333333
20200327,1132,0.086364,0.381818,0.589421,0.666667
20200327,1133,0.086364,0.4,0.589421,0.0
20200327,1134,0.084091,0.4,0.579345,0.333333
20200327,1135,0.084091,0.454545,0.579345,0.666667
20200327,1136,0.084091,0.454545,0.596977,0.666667
20200327,1137,0.084091,0.4,0.596977,0.666667
20200327,1138,0.085227,0.4,0.196474,1.0
20200327,1139,0.085227,0.381818,0.196474,0.333333
20200327,1140,0.085227,0.381818,0.042821,0.333333
20200327,1141,0.085227,0.418182,0.042821,0.666667
20200327,1142,1.0,0.418182,0.030227,0.666667
20200327,1143,1.0,0.436364,0.030227,0.666667
20200327,1144,0.855682,0.436364,0.025189,0.666667
20200327,1145,0.855682,0.472727,0.025189,0.666667
20200327,1146,0.832955,0.472727,0.010076,0.666667
20200327,1147,0.832955,0.418182,0.010076,0.666667
20200327,1148,0.826136,0.418182,0.0,0.333333
20200327,1149,0.826136,0.563636,0.0,0.333333
20200327,1150,0.830682,0.563636,0.007557,0.333333
20200327,1151,0.830682,0.509091,0.007557,0.333333
20200327,1152,0.829545,0.509091,0.080605,0.333333
20200327,1153,0.829545,0.509091,0.080605,0.666667
20200327,1154,0.822727,0.509091,0.191436,1.0
20200327,1155,0.822727,0.509091,0.191436,0.333333
20200327,1156,0.819318,0.509091,0.355164,0.666667
20200327,1157,0.819318,0.527273,0.355164,0.333333
20200327,1158,0.801136,0.527273,0.526448,0.666667
20200327,1159,0.801136,0.509091,0.526448,1.0
20200327,1160,0.777273,0.509091,0.644836,0.333333
20200327,1161,0.777273,0.472727,0.644836,0.666667
20200327,1162,0.739773,0.472727,0.707809,0.666667
20200327,1163,0.739773,0.527273,0.707809,0.666667
20200327,1164,0.702273,0.527273,0.722922,0.666667
20200327,1165,0.702273,0.581818,0.722922,0.666667
20200327,1166,0.667045,0.581818,0.735516,0.666667
20200327,1167,0.667045,0.563636,0.735516,0.666667
20200327,1168,0.635227,0.563636,0.715365,0.333333
20200327,1169,0.635227,0.527273,0.715365,0.333333
20200327,1170,0.618182,0.527273,0.697733,0.666667
20200327,1171,0.618182,0.527273,0.697733,0.333333
20200327,1172,0.603409,0.527273,0.68262,1.0
20200327,1173,0.603409,0.6,0.68262,0.666667
20200327,1174,0.597727,0.6,0.664987,0.666667
20200327,1175,0.597727,0.581818,0.664987,0.666667
20200327,1176,0.589773,0.581818,0.644836,0.666667
20200327,1177,0.589773,0.545455,0.644836,0.666667
20200327,1178,0.585227,0.545455,0.612091,0.666667
20200327,1179,0.585227,0.563636,0.612091,0.666667
20200327,1180,0.585227,0.563636,0.59194,0.666667
20200327,1181,0.557955,0.6,0.579345,0.666667
20200327,1182,0.561364,0.6,0.556675,0.333333
20200327,1183,0.563636,0.563636,0.536524,0.333333
20200327,1184,0.568182,0.563636,0.518892,0.666667
20200327,1185,0.565909,0.545455,0.501259,0.333333
20200327,1186,0.572727,0.545455,0.488665,1.0
20200327,1187,0.55,0.6,0.468514,0.666667
20200327,1188,0.553409,0.6,0.463476,0.666667
20200327,1189,0.547727,0.654545,0.468514,0.666667
20200327,1190,0.548864,0.654545,0.471033,0.666667
20200327,1191,0.556818,0.818182,0.478589,0.666667
20200327,1192,0.555682,0.818182,0.486146,0.333333
20200327,1193,0.560227,0.763636,0.481108,0.666667
20200327,1194,0.567045,0.763636,0.483627,0.666667
20200327,1195,0.563636,0.709091,0.473552,0.333333
20200327,1196,0.555682,0.709091,0.476071,0.666667
20200327,1197,0.556818,0.745455,0.450882,0.0
20200327,1198,0.560227,0.745455,0.478589,0.333333
20200327,1199,0.563636,0.854545,0.478589,0.666667
20200327,1200,0.568182,0.854545,0.481108,0.666667
20200327,1201,0.577273,1.0,0.483627,0.666667
20200327,1202,0.568182,1.0,0.476071,0.333333
20200327,1203,0.572727,0.745455,0.478589,0.666667
20200327,1204,0.5875,0.745455,0.465995,0.666667
20200327,1205,0.586364,0.763636,0.463476,0.333333
20200327,1206,0.590909,0.763636,0.471033,0.666667
20200327,1207,0.588636,0.672727,0.473552,0.0
20200327,1208,0.584091,0.672727,0.478589,0.333333
20200327,1209,0.580682,0.781818,0.473552,0.666667
20200327,1210,0.580682,0.781818,0.478589,0.666667
20200327,1211,0.578409,0.4,0.481108,0.666667
20200327,1212,0.579545,0.4,0.473552,1.0
20200327,1213,0.578409,0.381818,0.473552,0.333333
20200327,1214,0.578409,0.381818,0.468514,0.333333
20200327,1215,0.6,0.418182,0.465995,0.666667
20200327,1216,0.598864,0.418182,0.465995,0.666667
20200327,1217,0.601136,0.436364,0.450882,0.666667
20200327,1218,0.594318,0.436364,0.471033,0.666667
20200327,1219,0.590909,0.472727,0.473552,0.666667
20200327,1220,0.5875,0.472727,0.465995,0.666667
20200327,1221,0.592045,0.418182,0.450882,0.666667
20200327,1222,0.729545,0.418182,0.450882,0.333333
20200327,1223,0.614773,0.563636,0.486146,0.333333
20200327,1224,0.595455,0.563636,0.483627,0.333333
20200327,1225,0.592045,0.509091,0.491184,0.333333
20200327,1226,0.581818,0.509091,0.491184,0.333333
20200327,1227,0.580682,0.509091,0.488665,0.666667
20200327,1228,0.582955,0.509091,0.471033,1.0
20200327,1229,0.584091,0.509091,0.463476,0.333333
20200327,1230,0.582955,0.509091,0.491184,0.666667
20200327,1231,0.582955,0.527273,0.576826,0.333333
20200327,1232,0.575,0.527273,0.690176,0.666667
20200327,1233,0.302273,0.509091,0.79597,1.0
20200327,1234,0.302273,0.509091,0.851385,0.333333
20200327,1235,0.289773,0.472727,0.874055,0.666667
20200327,1236,0.269318,0.472727,0.874055,0.666667
20200327,1237,0.203409,0.527273,0.86398,0.666667
20200327,1238,0.235227,0.527273,0.843829,0.333333
20200327,1239,0.240909,0.581818,0.826196,0.666667
20200327,1240,0.225,0.581818,0.801008,0.666667
20200327,1241,0.222727,0.563636,0.783375,0.333333
20200327,1242,0.222727,0.563636,0.765743,0.666667
20200327,1243,0.226136,0.527273,0.738035,0.0
20200327,1244,0.227273,0.527273,0.720403,0.333333
20200327,1245,0.211364,0.527273,0.702771,0.666667
20200327,1246,0.215909,0.527273,0.695214,0.666667
20200327,1247,0.215909,0.6,0.717884,0.666667
20200327,1248,0.215909,0.6,0.755668,1.0
20200327,1249,0.226136,0.581818,0.785894,0.333333
20200327,1250,0.223864,0.581818,0.788413,0.333333
20200327,1251,0.217045,0.545455,0.785894,0.666667
20200327,1252,0.219318,0.545455,0.770781,0.666667
20200327,1253,0.215909,0.563636,0.745592,0.666667
20200327,1254,0.210227,0.563636,0.730479,0.666667
20200327,1255,0.219318,0.6,0.715365,0.666667
20200327,1256,0.217045,0.6,0.695214,0.666667
20200327,1257,0.217045,0.563636,0.712846,0.666667
20200327,1258,0.221591,0.563636,0.732997,0.333333
20200327,1259,0.215909,0.545455,0.753149,0.333333
20200327,1260,0.214773,0.545455,0.760705,0.333333
20200327,1261,0.185227,0.6,0.715365,0.333333
20200327,1262,0.489773,0.6,0.730479,0.333333
20200327,1263,0.151136,0.654545,0.755668,0.666667
20200327,1264,0.144318,0.654545,0.75063,1.0
20200327,1265,0.132955,0.818182,0.748111,0.333333
20200327,1266,0.129545,0.818182,0.732997,0.666667
20200327,1267,0.136364,0.763636,0.717884,0.333333
20200327,1268,0.130682,0.763636,0.710327,0.666667
20200327,1269,0.119318,0.709091,0.712846,1.0
20200327,1270,0.130682,0.709091,0.72796,0.333333
20200327,1271,0.127273,0.745455,0.745592,0.666667
20200327,1272,0.159091,0.745455,0.745592,0.666667
20200327,1273,0.153409,0.854545,0.738035,0.666667
20200327,1274,0.173864,0.854545,0.599496,0.666667
20200327,1275,0.731818,1.0,0.59194,0.666667
20200327,1276,0.814773,1.0,0.571788,0.666667
20200327,1277,0.506818,0.745455,0.627204,0.666667
20200327,1278,0.484091,0.745455,0.667506,0.333333
20200327,1279,0.473864,0.763636,0.785894,0.333333
20200327,1280,0.385227,0.763636,0.891688,0.666667
20200327,1281,0.386364,0.672727,0.957179,0.333333
20200327,1282,0.386364,0.672727,0.989924,1.0
20200327,1283,0.380682,0.781818,1.0,0.666667
20200327,1284,0.264773,0.781818,0.982368,0.666667
20200327,1285,0.314773,0.4,0.964736,0.666667
20200327,1286,0.323864,0.381818,0.942065,0.666667
20200327,1287,0.320455,0.381818,0.921914,0.666667
20200327,1288,0.315909,0.381818,0.896725,0.666667
20200327,1289,0.313636,0.381818,0.871537,0.666667
20200327,1290,0.3125,0.363636,0.851385,0.666667
20200327,1291,0.319318,0.363636,0.823678,0.666667
20200327,1292,0.386364,0.345455,0.801008,0.333333
20200327,1293,0.372727,0.345455,0.780856,0.333333
20200327,1294,0.355682,0.381818,0.758186,0.666667
20200327,1295,0.353409,0.381818,0.738035,0.666667
20200327,1296,0.3875,0.381818,0.717884,0.333333
20200327,1297,0.4125,0.381818,0.695214,0.666667
20200327,1298,0.421591,0.4,0.717884,0.666667
20200327,1299,0.651136,0.4,0.738035,0.333333
20200327,1300,0.645455,0.345455,0.748111,0.666667
20200327,1301,0.645455,0.345455,0.75063,0.0
20200327,1302,0.730682,0.381818,0.753149,0.333333
20200327,1303,0.470455,0.381818,0.732997,0.666667
20200327,1304,0.840909,0.363636,0.712846,0.666667
20200327,1305,0.855682,0.363636,0.712846,0.666667
20200327,1306,0.760227,0.345455,0.725441,1.0
20200327,1307,0.757955,0.345455,0.743073,0.333333
20200327,1308,0.756818,0.381818,0.755668,0.333333
20200327,1309,0.754545,0.381818,0.748111,0.666667
20200327,1310,0.661364,0.4,0.738035,0.666667
20200327,1311,0.661364,0.4,0.725441,0.666667
20200327,1312,0.659091,0.4,0.712846,0.666667
20200327,1313,0.618182,0.4,0.707809,0.666667
20200327,1314,0.575,0.381818,0.730479,0.666667
20200327,1315,0.577273,0.381818,0.748111,0.666667
20200327,1316,0.572727,0.4,0.758186,0.333333
20200327,1317,0.502273,0.4,0.753149,0.333333
20200327,1318,0.472727,0.454545,0.740554,0.333333
20200327,1319,0.460227,0.454545,0.72796,0.333333
20200327,1320,0.354545,0.4,0.712846,0.333333
20200327,1321,0.364773,0.4,0.715365,0.666667
20200327,1322,0.365909,0.381818,0.72796,1.0
20200327,1323,0.371591,0.381818,0.738035,0.333333
20200327,1324,0.365909,0.418182,0.753149,0.666667
20200327,1325,0.373864,0.418182,0.745592,0.333333
20200327,1326,0.625,0.436364,0.732997,0.666667
20200327,1327,0.617045,0.436364,0.720403,1.0
20200327,1328,0.590909,0.472727,0.720403,0.333333
20200327,1329,0.702273,0.472727,0.717884,0.666667
20200327,1330,0.815909,0.418182,0.722922,0.666667
20200327,1331,0.754545,0.418182,0.735516,0.666667
20200327,1332,0.747727,0.563636,0.740554,0.333333
20200327,1333,0.722727,0.563636,0.738035,0.666667
20200327,1334,0.725,0.509091,0.72796,0.666667
20200327,1335,0.7,0.509091,0.720403,0.333333
20200327,1336,0.701136,0.509091,0.710327,0.666667
20200327,1337,0.702273,0.509091,0.712846,0.0
20200327,1338,0.701136,0.509091,0.732997,0.333333
20200327,1339,0.701136,0.509091,0.75063,0.666667
20200327,1340,0.703409,0.527273,0.753149,0.666667
20200327,1341,0.705682,0.527273,0.75063,0.666667
20200327,1342,0.703409,0.509091,0.732997,1.0
20200327,1343,0.702273,0.509091,0.72796,0.333333
20200327,1344,0.701136,0.472727,0.717884,0.333333
20200327,1345,0.698864,0.472727,0.712846,0.666667
20200327,1346,0.701136,0.527273,0.717884,0.666667
20200327,1347,0.7,0.527273,0.72796,0.666667
20200327,1348,0.7,0.581818,0.745592,0.666667
20200327,1349,0.703409,0.581818,0.743073,0.666667
20200327,1350,0.704545,0.563636,0.740554,0.666667
20200327,1351,0.701136,0.563636,0.730479,0.666667
20200327,1352,0.702273,0.527273,0.72796,0.333333
20200327,1353,0.7,0.527273,0.712846,0.333333
20200327,1354,0.698864,0.527273,0.712846,0.333333
20200327,1355,0.701136,0.527273,0.72796,0.333333
20200327,1356,0.701136,0.6,0.743073,0.333333
20200327,1357,0.702273,0.6,0.75063,0.666667
20200327,1358,0.702273,0.581818,0.740554,1.0
20200327,1359,0.703409,0.581818,0.72796,0.333333
20200327,1360,0.701136,0.545455,0.712846,0.666667
20200327,1361,0.701136,0.545455,0.712846,0.333333
20200327,1362,0.701136,0.563636,0.715365,0.666667
20200327,1363,0.7,0.563636,0.738035,1.0
20200327,1364,0.703409,0.6,0.745592,0.333333
20200327,1365,0.701136,0.6,0.753149,0.666667
20200327,1366,0.703409,0.563636,0.745592,0.666667
20200327,1367,0.704545,0.563636,0.725441,0.666667
20200327,1368,0.7,0.545455,0.720403,0.666667
20200327,1369,0.7,0.545455,0.707809,0.666667
20200327,1370,0.698864,0.6,0.710327,0.666667
20200327,1371,0.698864,0.6,0.725441,0.666667
20200327,1372,0.701136,0.654545,0.738035,0.333333
20200327,1373,0.703409,0.654545,0.75063,0.333333
20200327,1374,0.701136,0.818182,0.745592,0.666667
20200327,1375,0.702273,0.818182,0.738035,0.333333
20200327,1376,0.7,0.763636,0.725441,1.0
20200327,1377,0.7,0.763636,0.70529,0.666667
20200327,1378,0.698864,0.709091,0.692695,0.666667
20200327,1379,0.698864,0.709091,0.717884,0.666667
20200327,1380,0.698864,0.745455,0.730479,0.666667
20200327,1381,0.7,0.745455,0.738035,0.666667
20200327,1382,0.701136,0.854545,0.743073,0.666667
20200327,1383,0.702273,0.854545,0.735516,0.666667
20200327,1384,0.701136,1.0,0.72796,0.666667
20200327,1385,0.7,1.0,0.715365,0.666667
20200327,1386,0.7,0.745455,0.712846,0.333333
20200327,1387,0.697727,0.745455,0.717884,0.333333
20200327,1388,0.697727,0.763636,0.730479,0.666667
20200327,1389,0.701136,0.763636,0.738035,0.333333
20200327,1390,0.701136,0.672727,0.738035,1.0
20200327,1391,0.702273,0.672727,0.732997,0.666667
20200327,1392,0.698864,0.781818,0.720403,0.666667
20200327,1393,0.698864,0.781818,0.715365,0.666667
20200327,1394,0.7,0.745455,0.717884,0.666667
20200327,1395,0.698864,0.854545,0.707809,0.666667
20200327,1396,0.701136,0.854545,0.732997,0.333333
20200327,1397,0.7,1.0,0.735516,0.666667
20200327,1398,0.7,1.0,0.735516,0.666667
20200327,1399,0.701136,0.745455,0.725441,0.333333
20200327,1400,0.7,0.745455,0.712846,0.666667
20200327,1401,0.698864,0.763636,0.715365,0.0
20200327,1402,0.7,0.763636,0.70529,0.333333
20200327,1403,0.698864,0.672727,0.72796,0.666667
20200327,1404,0.697727,0.672727,0.738035,0.666667
20200327,1405,0.701136,0.781818,0.738035,0.666667
20200327,1406,0.7,0.781818,0.72796,1.0
20200327,1407,0.7,0.4,0.720403,0.333333
20200327,1408,0.698864,0.4,0.715365,0.333333
20200327,1409,0.698864,0.381818,0.715365,0.666667
20200327,1410,0.698864,0.381818,0.725441,0.666667
20200327,1411,0.7,0.418182,0.725441,0.666667
20200327,1412,0.7,0.418182,0.730479,0.666667
20200327,1413,0.698864,1.0,0.730479,0.666667
20200327,1414,0.701136,1.0,0.717884,0.666667
20200327,1415,0.701136,0.745455,0.715365,0.666667
20200327,1416,0.698864,0.745455,0.715365,0.333333
20200327,1417,0.7,0.763636,0.717884,0.333333
20200327,1418,0.701136,0.763636,0.735516,0.333333
20200327,1419,0.7,0.672727,0.743073,0.333333
20200327,1420,0.7,0.672727,0.730479,0.333333
20200327,1421,0.7,0.781818,0.725441,0.666667
20200327,1422,0.698864,0.781818,0.70529,1.0
20200327,1423,0.698864,0.745455,0.697733,0.333333
20200327,1424,0.696591,0.854545,0.715365,0.666667
20200327,1425,0.697727,0.854545,0.72796,0.333333
20200327,1426,0.698864,1.0,0.743073,0.666667
20200327,1427,0.701136,1.0,0.743073,1.0
20200327,1428,0.7,0.745455,0.738035,0.333333
20200327,1429,0.7,0.745455,0.730479,0.666667
20200327,1430,0.698864,0.763636,0.725441,0.666667
20200327,1431,0.697727,0.763636,0.712846,0.666667
20200327,1432,0.701136,0.672727,0.712846,0.666667
20200327,1433,0.702273,0.672727,0.720403,0.666667
20200327,1434,0.701136,0.781818,0.735516,0.666667
20200327,1435,0.702273,0.781818,0.743073,0.666667
20200327,1436,0.703409,0.4,0.758186,0.333333
20200327,1437,0.703409,0.4,0.745592,0.333333
20200327,1438,0.705682,0.381818,0.738035,0.666667
20200327,1439,0.704545,0.381818,0.725441,0.333333
20200327,1440,0.073864,0.090909,0.604534,0.666667
20200327,1441,0.073864,0.090909,0.604534,0.333333
20200327,1442,0.072727,0.090909,0.602015,0.666667
20200327,1443,0.072727,0.090909,0.602015,1.0
20200327,1444,0.072727,0.072727,0.584383,0.333333
20200327,1445,0.072727,0.072727,0.584383,0.666667
20200327,1446,0.073864,0.127273,0.589421,0.666667
20200327,1447,0.073864,0.127273,0.589421,0.666667
20200327,1448,0.071591,0.109091,0.594458,0.666667
20200327,1449,0.071591,0.109091,0.594458,0.666667
20200327,1450,0.072727,0.036364,0.607053,0.666667
20200327,1451,0.072727,0.036364,0.607053,0.666667
20200327,1452,0.072727,0.036364,0.604534,0.333333
20200327,1453,0.072727,0.036364,0.604534,0.333333
20200327,1454,0.073864,0.072727,0.617128,0.666667
20200327,1455,0.073864,0.072727,0.617128,0.333333
20200327,1456,0.072727,0.0,0.612091,1.0
20200327,1457,0.072727,0.0,0.612091,0.666667
20200327,1458,0.071591,0.127273,0.602015,0.666667
20200327,1459,0.071591,0.127273,0.602015,0.666667
20200327,1460,0.072727,0.090909,0.59194,0.733333
20200327,1461,0.072727,0.090909,0.59194,0.733333
20200327,1462,0.071591,0.127273,0.584383,0.726667
20200327,1463,0.071591,0.127273,0.584383,0.726667
20200327,1464,0.071591,0.090909,0.586902,0.72
20200327,1465,0.071591,0.090909,0.586902,0.72
20200327,1466,0.071591,0.109091,0.589421,0.746667
20200327,1467,0.071591,0.109091,0.589421,0.746667
20200327,1468,0.073864,0.109091,0.617128,0.746667
20200327,1469,0.073864,0.109091,0.617128,0.746667
20200327,1470,0.072727,0.054545,0.622166,0.746667
20200327,1471,0.072727,0.054545,0.622166,0.746667
20200327,1472,0.072727,0.072727,0.61461,0.746667
20200327,1473,0.072727,0.072727,0.61461,0.746667
20200327,1474,0.072727,0.127273,0.602015,0.726667
20200327,1475,0.072727,0.127273,0.602015,0.726667
20200327,1476,0.070455,0.109091,0.596977,0.72
20200327,1477,0.070455,0.109091,0.596977,0.72
20200327,1478,0.072727,0.090909,0.586902,0.726667
20200327,1479,0.072727,0.090909,0.586902,0.726667
20200327,1480,0.070455,0.145455,0.579345,0.72
20200327,1481,0.070455,0.145455,0.579345,0.72
20200327,1482,0.073864,0.109091,0.596977,0.726667
20200327,1483,0.073864,0.109091,0.596977,0.726667
20200327,1484,0.072727,0.090909,0.604534,0.733333
20200327,1485,0.072727,0.090909,0.604534,0.733333
20200327,1486,0.073864,0.036364,0.61461,0.726667
20200327,1487,0.073864,0.036364,0.61461,0.666667
20200327,1488,0.072727,0.145455,0.612091,0.666667
20200327,1489,0.072727,0.145455,0.612091,0.333333
20200327,1490,0.070455,0.127273,0.602015,0.666667
20200327,1491,0.070455,0.127273,0.602015,0.666667
20200327,1492,0.070455,0.090909,0.594458,0.333333
20200327,1493,0.070455,0.090909,0.594458,0.666667
20200327,1494,0.071591,0.127273,0.594458,0.0
20200327,1495,0.071591,0.127273,0.594458,0.333333
20200327,1496,0.070455,0.218182,0.59194,0.666667
20200327,1497,0.070455,0.218182,0.59194,0.666667
20200327,1498,0.072727,0.127273,0.596977,0.666667
20200327,1499,0.072727,0.127273,0.596977,1.0
20200327,1500,0.072727,0.090909,0.594458,0.333333
20200327,1501,0.072727,0.090909,0.594458,0.333333
20200327,1502,0.071591,0.072727,0.604534,0.666667
20200327,1503,0.071591,0.072727,0.604534,0.666667
20200327,1504,0.071591,0.109091,0.602015,0.666667
20200327,1505,0.071591,0.109091,0.602015,0.666667
20200327,1506,0.072727,0.090909,0.599496,0.666667
20200327,1507,0.072727,0.090909,0.599496,0.666667
20200327,1508,0.071591,0.145455,0.59194,0.666667
20200327,1509,0.071591,0.145455,0.59194,0.333333
20200327,1510,0.070455,0.090909,0.586902,0.333333
20200327,1511,0.070455,0.090909,0.586902,0.333333
20200327,1512,0.073864,0.127273,0.586902,0.333333
20200327,1513,0.073864,0.127273,0.586902,0.333333
20200327,1514,0.072727,0.127273,0.602015,0.666667
20200327,1515,0.072727,0.127273,0.602015,1.0
20200327,1516,0.070455,0.127273,0.619647,0.333333
20200327,1517,0.070455,0.127273,0.619647,0.666667
20200327,1518,0.072727,0.127273,0.617128,0.333333
20200327,1519,0.072727,0.127273,0.617128,0.666667
20200327,1520,0.072727,0.054545,0.607053,1.0
20200327,1521,0.072727,0.054545,0.607053,0.333333
20200327,1522,0.072727,0.145455,0.602015,0.666667
20200327,1523,0.072727,0.145455,0.602015,0.666667
20200327,1524,0.070455,0.127273,0.596977,0.666667
20200327,1525,0.070455,0.127273,0.596977,0.333333
20200327,1526,0.070455,0.109091,0.576826,0.666667
20200327,1527,0.070455,0.109091,0.576826,0.666667
20200327,1528,0.072727,0.090909,0.586902,0.333333
20200327,1529,0.072727,0.090909,0.586902,0.666667
20200327,1530,0.071591,0.072727,0.594458,0.0
20200327,1531,0.071591,0.072727,0.594458,0.333333
20200327,1532,0.071591,0.054545,0.596977,0.666667
20200327,1533,0.071591,0.054545,0.596977,0.666667
20200327,1534,0.073864,0.072727,0.624685,0.666667
20200327,1535,0.073864,0.072727,0.624685,1.0
20200327,1536,0.072727,0.018182,0.622166,0.333333
20200327,1537,0.072727,0.018182,0.622166,0.333333
20200327,1538,0.071591,0.109091,0.61461,0.666667
20200327,1539,0.071591,0.109091,0.61461,0.666667
20200327,1540,0.068182,0.109091,0.599496,0.666667
20200327,1541,0.068182,0.109091,0.599496,0.666667
20200327,1542,0.069318,0.145455,0.589421,0.666667
20200327,1543,0.069318,0.145455,0.589421,0.666667
20200327,1544,0.070455,0.181818,0.586902,0.666667
20200327,1545,0.070455,0.181818,0.586902,0.333333
20200327,1546,0.068182,0.109091,0.594458,0.333333
20200327,1547,0.068182,0.109091,0.594458,0.333333
20200327,1548,0.071591,0.127273,0.599496,0.333333
20200327,1549,0.071591,0.127273,0.599496,0.333333
20200327,1550,0.072727,0.072727,0.617128,0.666667
20200327,1551,0.072727,0.072727,0.617128,1.0
20200327,1552,0.071591,0.109091,0.619647,0.333333
20200327,1553,0.071591,0.109091,0.619647,0.666667
20200327,1554,0.071591,0.072727,0.609572,0.333333
20200327,1555,0.071591,0.072727,0.609572,0.666667
20200327,1556,0.070455,0.054545,0.596977,1.0
20200327,1557,0.070455,0.054545,0.596977,0.333333
20200327,1558,0.070455,0.109091,0.589421,0.666667
20200327,1559,0.070455,0.109091,0.589421,0.666667
20200327,1560,0.071591,0.109091,0.596977,0.666667
20200327,1561,0.071591,0.109091,0.596977,0.666667
20200327,1562,0.070455,0.163636,0.584383,0.666667
20200327,1563,0.070455,0.163636,0.584383,0.666667
20200327,1564,0.072727,0.163636,0.607053,0.666667
20200327,1565,0.072727,0.163636,0.607053,0.333333
20200327,1566,0.072727,0.109091,0.61461,0.333333
20200327,1567,0.072727,0.109091,0.61461,0.666667
20200327,1568,0.072727,0.145455,0.617128,0.333333
20200327,1569,0.072727,0.145455,0.617128,1.0
20200327,1570,0.070455,0.090909,0.604534,0.666667
20200327,1571,0.070455,0.090909,0.604534,0.666667
20200327,1572,0.072727,0.109091,0.594458,0.666667
20200327,1573,0.072727,0.109091,0.594458,0.666667
20200327,1574,0.071591,0.181818,0.594458,0.666667
20200327,1575,0.071591,0.181818,0.594458,0.666667
20200327,1576,0.069318,0.109091,0.589421,0.666667
20200327,1577,0.069318,0.109091,0.589421,0.666667
20200327,1578,0.072727,0.163636,0.596977,0.666667
20200327,1579,0.072727,0.163636,0.596977,0.333333
20200327,1580,0.071591,0.145455,0.596977,0.333333
20200327,1581,0.071591,0.145455,0.596977,0.666667
20200327,1582,0.071591,0.127273,0.594458,0.333333
20200327,1583,0.071591,0.127273,0.594458,1.0
20200327,1584,0.071591,0.109091,0.602015,0.666667
20200327,1585,0.071591,0.109091,0.602015,0.666667
20200327,1586,0.070455,0.145455,0.576826,0.666667
20200327,1587,0.070455,0.145455,0.576826,0.666667
20200327,1588,0.070455,0.163636,0.589421,0.666667
20200327,1589,0.070455,0.163636,0.589421,0.333333
20200327,1590,0.071591,0.181818,0.594458,0.666667
20200327,1591,0.071591,0.181818,0.594458,0.666667
20200327,1592,0.070455,0.145455,0.609572,0.333333
20200327,1593,0.070455,0.145455,0.609572,0.666667
20200327,1594,0.071591,0.163636,0.612091,0.0
20200327,1595,0.071591,0.163636,0.612091,0.333333
20200327,1596,0.070455,0.236364,0.609572,0.666667
20200327,1597,0.070455,0.236364,0.609572,0.666667
20200327,1598,0.069318,0.145455,0.599496,0.666667
20200327,1599,0.069318,0.145455,0.599496,1.0
20200327,1600,0.069318,0.181818,0.576826,0.333333
20200327,1601,0.069318,0.181818,0.576826,0.333333
20200327,1602,0.069318,0.072727,0.586902,0.666667
20200327,1603,0.069318,0.072727,0.586902,0.666667
20200327,1604,0.068182,0.127273,0.59194,0.666667
20200327,1605,0.068182,0.127273,0.59194,0.666667
20200327,1606,0.071591,0.054545,0.599496,0.666667
20200327,1607,0.071591,0.054545,0.599496,0.666667
20200327,1608,0.071591,0.145455,0.624685,0.666667
20200327,1609,0.071591,0.145455,0.624685,0.333333
20200327,1610,0.069318,0.018182,0.624685,0.333333
20200327,1611,0.069318,0.018182,0.624685,0.333333
20200327,1612,0.072727,0.054545,0.622166,0.333333
20200327,1613,0.072727,0.054545,0.622166,0.333333
20200327,1614,0.069318,0.072727,0.599496,0.666667
20200327,1615,0.069318,0.072727,0.599496,1.0
20200327,1616,0.067045,0.109091,0.596977,0.333333
20200327,1617,0.067045,0.109091,0.596977,0.666667
20200327,1618,0.070455,0.090909,0.589421,0.333333
20200327,1619,0.070455,0.090909,0.589421,0.666667
20200327,1620,0.069318,0.036364,0.584383,1.0
20200327,1621,0.069318,0.036364,0.584383,0.333333
20200327,1622,0.070455,0.072727,0.594458,0.666667
20200327,1623,0.070455,0.072727,0.594458,0.666667
20200327,1624,0.070455,0.054545,0.612091,0.666667
20200327,1625,0.070455,0.054545,0.612091,0.333333
20200327,1626,0.072727,0.036364,0.622166,0.666667
20200327,1627,0.072727,0.036364,0.622166,0.666667
20200327,1628,0.072727,0.127273,0.619647,0.333333
20200327,1629,0.072727,0.127273,0.619647,0.666667
20200327,1630,0.068182,0.109091,0.61461,0.0
20200327,1631,0.068182,0.109091,0.61461,0.333333
20200327,1632,0.069318,0.163636,0.599496,0.666667
20200327,1633,0.069318,0.163636,0.599496,0.666667
20200327,1634,0.067045,0.145455,0.571788,0.666667
20200327,1635,0.067045,0.145455,0.571788,1.0
20200327,1636,0.070455,0.127273,0.581864,0.333333
20200327,1637,0.070455,0.127273,0.581864,0.333333
20200327,1638,0.070455,0.218182,0.594458,0.666667
20200327,1639,0.070455,0.218182,0.594458,0.666667
20200327,1640,0.069318,0.181818,0.61461,0.666667
20200327,1641,0.069318,0.181818,0.61461,0.666667
20200327,1642,0.072727,0.072727,0.624685,0.666667
20200327,1643,0.072727,0.072727,0.624685,0.666667
20200327,1644,0.071591,0.127273,0.627204,0.666667
20200327,1645,0.071591,0.127273,0.627204,0.333333
20200327,1646,0.071591,0.090909,0.61461,0.333333
20200327,1647,0.071591,0.090909,0.61461,0.333333
20200327,1648,0.064773,0.145455,0.602015,0.333333
20200327,1649,0.064773,0.145455,0.602015,0.333333
20200325,1650,0.069318,0.127273,0.602015,0.666667
20200330,1,0.069318,0.127273,0.602015,1.0
20200330,2,0.068182,0.109091,0.589421,0.333333
20200330,3,0.068182,0.109091,0.589421,0.666667
20200330,4,0.069318,0.127273,0.596977,0.333333
20200330,5,0.069318,0.127273,0.596977,0.666667
20200330,6,0.072727,0.109091,0.602015,1.0
20200330,7,0.072727,0.109091,0.602015,0.333333
20200330,8,0.070455,0.109091,0.607053,0.666667
20200330,9,0.070455,0.109091,0.607053,0.666667
20200330,10,0.070455,0.181818,0.602015,0.666667
20200330,11,0.070455,0.181818,0.602015,0.666667
20200330,12,0.071591,0.090909,0.602015,0.666667
20200330,13,0.071591,0.090909,0.602015,0.666667
20200330,14,0.070455,0.127273,0.594458,0.666667
20200330,15,0.070455,0.127273,0.594458,0.333333
20200330,16,0.068182,0.127273,0.59194,0.333333
20200330,17,0.068182,0.127273,0.59194,0.666667
20200330,18,0.068182,0.145455,0.59194,0.333333
20200330,19,0.068182,0.145455,0.59194,1.0
20200330,20,0.069318,0.2,0.604534,0.666667
20200330,21,0.069318,0.2,0.604534,0.666667
20200330,22,0.069318,0.163636,0.602015,0.666667
20200330,23,0.069318,0.163636,0.602015,0.666667
20200330,24,0.070455,0.127273,0.61461,0.666667
20200330,25,0.070455,0.127273,0.61461,0.666667
20200330,26,0.071591,0.054545,0.609572,0.666667
20200330,27,0.071591,0.054545,0.609572,0.666667
20200330,28,0.068182,0.054545,0.599496,0.666667
20200330,29,0.068182,0.054545,0.599496,0.333333
20200330,30,0.070455,0.163636,0.586902,0.333333
20200330,31,0.070455,0.163636,0.586902,0.666667
20200330,32,0.069318,0.163636,0.594458,0.333333
20200330,33,0.069318,0.163636,0.594458,1.0
20200330,34,0.070455,0.054545,0.599496,0.666667
20200330,35,0.070455,0.054545,0.599496,0.666667
20200330,36,0.071591,0.145455,0.596977,0.666667
20200330,37,0.071591,0.145455,0.596977,0.666667
20200330,38,0.070455,0.090909,0.596977,0.666667
20200330,39,0.070455,0.090909,0.596977,0.333333
20200330,40,0.071591,0.109091,0.596977,0.666667
20200330,41,0.071591,0.109091,0.596977,0.666667
20200330,42,0.071591,0.127273,0.594458,0.333333
20200330,43,0.071591,0.127273,0.594458,0.666667
20200330,44,0.067045,0.054545,0.596977,0.0
20200330,45,0.067045,0.054545,0.596977,0.333333
20200330,46,0.070455,0.145455,0.599496,0.666667
20200330,47,0.070455,0.145455,0.599496,0.666667
20200330,48,0.071591,0.145455,0.584383,0.666667
20200330,49,0.071591,0.145455,0.584383,1.0
20200330,50,0.071591,0.127273,0.599496,0.333333
20200330,51,0.071591,0.127273,0.599496,0.333333
20200330,52,0.069318,0.163636,0.599496,0.666667
20200330,53,0.069318,0.163636,0.599496,0.666667
20200330,54,0.068182,0.127273,0.599496,0.666667
20200330,55,0.068182,0.127273,0.599496,0.666667
20200330,56,0.070455,0.218182,0.59194,0.666667
20200330,57,0.070455,0.218182,0.59194,0.666667
20200330,58,0.068182,0.290909,0.594458,0.666667
20200330,59,0.068182,0.290909,0.594458,0.333333
20200330,60,0.069318,0.236364,0.596977,0.333333
20200330,61,0.069318,0.236364,0.596977,0.333333
20200330,62,0.071591,0.218182,0.596977,0.333333
20200330,63,0.071591,0.218182,0.596977,0.333333
20200330,64,0.071591,0.218182,0.596977,0.666667
20200330,65,0.071591,0.218182,0.596977,1.0
20200330,66,0.069318,0.327273,0.604534,0.333333
20200330,67,0.069318,0.327273,0.604534,0.666667
20200330,68,0.071591,0.272727,0.599496,0.333333
20200330,69,0.071591,0.272727,0.599496,0.666667
20200330,70,0.069318,0.254545,0.594458,1.0
20200330,71,0.069318,0.254545,0.594458,0.333333
20200330,72,0.070455,0.272727,0.581864,0.666667
20200330,73,0.070455,0.272727,0.581864,0.666667
20200330,74,0.070455,0.254545,0.594458,0.666667
20200330,75,0.070455,0.254545,0.594458,0.666667
20200330,76,0.070455,0.290909,0.604534,0.666667
20200330,77,0.070455,0.290909,0.604534,0.666667
20200330,78,0.069318,0.254545,0.607053,0.666667
20200330,79,0.069318,0.254545,0.607053,0.333333
20200330,80,0.070455,0.345455,0.59194,0.333333
20200330,81,0.070455,0.345455,0.59194,0.666667
20200330,82,0.068182,0.327273,0.602015,0.333333
20200330,83,0.068182,0.327273,0.602015,1.0
20200330,84,0.069318,0.327273,0.589421,0.666667
20200330,85,0.069318,0.327273,0.589421,0.666667
20200330,86,0.069318,0.363636,0.604534,0.666667
20200330,87,0.069318,0.363636,0.604534,0.666667
20200330,88,0.069318,0.272727,0.596977,0.666667
20200330,89,0.069318,0.272727,0.596977,0.666667
20200330,90,0.070455,0.345455,0.596977,0.666667
20200330,91,0.070455,0.345455,0.596977,0.666667
20200330,92,0.069318,0.327273,0.599496,0.666667
20200330,93,0.069318,0.327273,0.599496,0.333333
20200330,94,0.070455,0.345455,0.594458,0.333333
20200330,95,0.070455,0.345455,0.594458,0.666667
20200330,96,0.065909,0.327273,0.59194,0.333333
20200330,97,0.065909,0.327273,0.59194,1.0
20200330,98,0.067045,0.4,0.59194,0.666667
20200330,99,0.067045,0.4,0.59194,0.666667
20200330,100,0.068182,0.363636,0.596977,0.666667
20200330,101,0.068182,0.363636,0.596977,0.666667
20200330,102,0.067045,0.345455,0.599496,0.666667
20200330,103,0.067045,0.345455,0.599496,0.333333
20200330,104,0.067045,0.381818,0.604534,0.666667
20200330,105,0.067045,0.381818,0.604534,0.666667
20200330,106,0.068182,0.290909,0.594458,0.333333
20200330,107,0.068182,0.290909,0.594458,0.666667
20200330,108,0.067045,0.327273,0.59194,0.0
20200330,109,0.067045,0.327273,0.59194,0.333333
20200330,110,0.065909,0.345455,0.59194,0.666667
20200330,111,0.065909,0.345455,0.59194,0.666667
20200330,112,0.065909,0.272727,0.584383,0.666667
20200330,113,0.065909,0.272727,0.584383,0.666667
20200330,114,0.067045,0.272727,0.607053,0.333333
20200330,115,0.067045,0.272727,0.607053,0.666667
20200330,116,0.067045,0.381818,0.604534,0.666667
20200330,117,0.067045,0.381818,0.604534,0.333333
20200330,118,0.067045,0.327273,0.599496,0.666667
20200330,119,0.067045,0.327273,0.599496,0.0
20200330,120,0.065909,0.4,0.599496,0.333333
20200330,121,0.065909,0.4,0.599496,0.666667
20200330,122,0.065909,0.381818,0.596977,0.666667
20200330,123,0.065909,0.381818,0.596977,0.666667
20200330,124,0.065909,0.4,0.581864,1.0
20200330,125,0.065909,0.4,0.581864,0.333333
20200330,126,0.065909,0.345455,0.59194,0.333333
20200330,127,0.065909,0.345455,0.59194,0.666667
20200330,128,0.067045,0.381818,0.596977,0.666667
20200330,129,0.067045,0.381818,0.596977,0.666667
20200330,130,0.065909,0.363636,0.607053,0.666667
20200330,131,0.065909,0.363636,0.607053,0.666667
20200330,132,0.064773,0.345455,0.602015,0.666667
20200330,133,0.064773,0.345455,0.602015,0.666667
20200330,134,0.064773,0.363636,0.607053,0.333333
20200330,135,0.064773,0.363636,0.607053,0.333333
20200330,136,0.064773,0.381818,0.596977,0.333333
20200330,137,0.064773,0.381818,0.596977,0.333333
20200330,138,0.063636,0.4,0.596977,0.333333
20200330,139,0.063636,0.4,0.596977,0.666667
20200330,140,0.069318,0.454545,0.594458,1.0
20200330,141,0.069318,0.454545,0.594458,0.333333
20200330,142,0.070455,0.4,0.594458,0.666667
20200330,143,0.070455,0.4,0.594458,0.333333
20200330,144,0.069318,0.4,0.596977,0.666667
20200330,145,0.069318,0.4,0.596977,1.0
20200330,146,0.068182,0.345455,0.599496,0.333333
20200330,147,0.068182,0.345455,0.599496,0.666667
20200330,148,0.071591,0.381818,0.607053,0.666667
20200330,149,0.071591,0.381818,0.607053,0.666667
20200330,150,0.069318,0.4,0.599496,0.333333
20200330,151,0.069318,0.4,0.599496,0.666667
20200330,152,0.069318,0.418182,0.596977,0.666667
20200330,153,0.069318,0.418182,0.596977,0.333333
20200330,154,0.068182,0.436364,0.594458,0.666667
20200330,155,0.068182,0.436364,0.594458,0.0
20200330,156,0.069318,0.418182,0.594458,0.333333
20200330,157,0.069318,0.418182,0.594458,0.666667
20200330,158,0.069318,0.363636,0.589421,0.666667
20200330,159,0.069318,0.363636,0.589421,0.666667
20200330,160,0.070455,0.4,0.599496,1.0
20200330,161,0.070455,0.4,0.599496,0.333333
20200330,162,0.069318,0.381818,0.61461,0.333333
20200330,163,0.069318,0.381818,0.61461,0.666667
20200330,164,0.069318,0.381818,0.607053,0.666667
20200330,165,0.069318,0.381818,0.607053,0.666667
20200330,166,0.067045,0.418182,0.596977,0.666667
20200330,167,0.067045,0.418182,0.596977,0.666667
20200330,168,0.067045,0.436364,0.59194,0.666667
20200330,169,0.067045,0.436364,0.59194,0.666667
20200330,170,0.067045,0.363636,0.589421,0.333333
20200330,171,0.067045,0.363636,0.589421,0.333333
20200330,172,0.067045,0.381818,0.594458,0.333333
20200330,173,0.067045,0.381818,0.594458,0.333333
20200330,174,0.069318,0.472727,0.604534,0.333333
20200330,175,0.069318,0.472727,0.604534,0.666667
20200330,176,0.068182,0.363636,0.619647,1.0
20200330,177,0.068182,0.363636,0.619647,0.333333
20200330,178,0.069318,0.418182,0.607053,0.666667
20200330,179,0.069318,0.418182,0.607053,0.333333
20200330,180,0.068182,0.436364,0.607053,0.666667
20200330,181,0.068182,0.436364,0.607053,1.0
20200330,182,0.064773,0.381818,0.596977,0.333333
20200330,183,0.064773,0.381818,0.596977,0.666667
20200330,184,0.067045,0.4,0.589421,0.666667
20200330,185,0.067045,0.4,0.589421,0.666667
20200330,186,0.065909,0.381818,0.589421,0.666667
20200330,187,0.065909,0.381818,0.589421,0.666667
20200330,188,0.067045,0.363636,0.602015,0.666667
20200330,189,0.067045,0.363636,0.602015,0.666667
20200330,190,0.067045,0.381818,0.607053,0.333333
20200330,191,0.067045,0.381818,0.607053,0.333333
20200330,192,0.069318,0.345455,0.612091,0.666667
20200330,193,0.069318,0.345455,0.612091,0.333333
20200330,194,0.067045,0.4,0.607053,1.0
20200330,195,0.067045,0.4,0.607053,0.666667
20200330,196,0.069318,0.4,0.599496,0.666667
20200330,197,0.069318,0.4,0.599496,0.666667
20200330,198,0.065909,0.418182,0.586902,0.666667
20200330,199,0.065909,0.418182,0.586902,0.666667
20200330,200,0.065909,0.4,0.589421,0.666667
20200330,201,0.065909,0.4,0.589421,0.666667
20200330,202,0.067045,0.436364,0.576826,0.666667
20200330,203,0.067045,0.436364,0.576826,0.666667
20200330,204,0.067045,0.4,0.602015,0.333333
20200330,205,0.067045,0.4,0.602015,0.333333
20200330,206,0.068182,0.418182,0.609572,0.666667
20200330,207,0.068182,0.418182,0.609572,0.333333
20200330,208,0.068182,0.4,0.609572,1.0
20200330,209,0.068182,0.4,0.609572,0.666667
20200330,210,0.064773,0.418182,0.609572,0.666667
20200330,211,0.064773,0.418182,0.609572,0.666667
20200330,212,0.065909,0.363636,0.602015,0.666667
20200330,213,0.065909,0.363636,0.602015,0.666667
20200330,214,0.067045,0.345455,0.584383,0.333333
20200330,215,0.067045,0.345455,0.584383,0.666667
20200330,216,0.065909,0.436364,0.59194,0.666667
20200330,217,0.065909,0.436364,0.59194,0.333333
20200330,218,0.065909,0.418182,0.589421,0.666667
20200330,219,0.065909,0.418182,0.589421,0.0
20200330,220,0.067045,0.381818,0.594458,0.333333
20200330,221,0.067045,0.381818,0.594458,0.666667
20200330,222,0.064773,0.4,0.607053,0.666667
20200330,223,0.064773,0.4,0.607053,0.666667
20200330,224,0.067045,0.381818,0.607053,1.0
20200330,225,0.067045,0.381818,0.607053,0.333333
20200330,226,0.068182,0.381818,0.604534,0.333333
20200330,227,0.068182,0.381818,0.604534,0.666667
20200330,228,0.067045,0.418182,0.602015,0.666667
20200330,229,0.067045,0.418182,0.602015,0.666667
20200330,230,0.064773,0.418182,0.594458,0.666667
20200330,231,0.064773,0.418182,0.594458,0.666667
20200330,232,0.065909,0.363636,0.59194,0.666667
20200330,233,0.065909,0.363636,0.59194,0.666667
20200330,234,0.067045,0.381818,0.59194,0.333333
20200330,235,0.067045,0.381818,0.59194,0.333333
20200330,236,0.065909,0.381818,0.599496,0.333333
20200330,237,0.065909,0.381818,0.599496,0.333333
20200330,238,0.067045,0.345455,0.61461,0.333333
20200330,239,0.067045,0.345455,0.61461,0.666667
20200330,240,0.067045,0.4,0.622166,1.0
20200330,241,0.067045,0.4,0.622166,0.333333
20200330,242,0.068182,0.327273,0.607053,0.666667
20200330,243,0.068182,0.327273,0.607053,0.333333
20200330,244,0.067045,0.381818,0.602015,0.666667
20200330,245,0.067045,0.381818,0.602015,1.0
20200330,246,0.064773,0.327273,0.596977,0.333333
20200330,247,0.064773,0.327273,0.596977,0.666667
20200330,248,0.065909,0.4,0.594458,0.666667
20200330,249,0.065909,0.4,0.594458,0.666667
20200330,250,0.067045,0.418182,0.594458,0.666667
20200330,251,0.067045,0.418182,0.594458,0.666667
20200330,252,0.068182,0.454545,0.59194,0.666667
20200330,253,0.068182,0.454545,0.59194,0.666667
20200330,254,0.067045,0.4,0.596977,0.333333
20200330,255,0.067045,0.4,0.596977,0.333333
20200330,256,0.069318,0.4,0.604534,0.666667
20200330,257,0.069318,0.4,0.604534,0.333333
20200330,258,0.068182,0.381818,0.599496,1.0
20200330,259,0.068182,0.381818,0.599496,0.666667
20200330,260,0.067045,0.363636,0.596977,0.666667
20200330,261,0.067045,0.363636,0.596977,0.666667
20200330,262,0.068182,0.4,0.594458,0.666667
20200330,263,0.068182,0.4,0.594458,0.666667
20200330,264,0.065909,0.4,0.59194,0.333333
20200330,265,0.065909,0.4,0.59194,0.666667
20200330,266,0.068182,0.345455,0.59194,0.666667
20200330,267,0.068182,0.345455,0.59194,0.333333
20200330,268,0.067045,0.363636,0.596977,0.666667
20200330,269,0.067045,0.363636,0.596977,0.0
20200330,270,0.067045,0.381818,0.61461,0.333333
20200330,271,0.067045,0.381818,0.61461,0.666667
20200330,272,0.067045,0.454545,0.617128,0.666667
20200330,273,0.067045,0.454545,0.617128,0.666667
20200330,274,0.073864,0.090909,0.604534,0.666667
20200330,275,0.073864,0.090909,0.604534,0.333333
20200330,276,0.072727,0.090909,0.602015,0.666667
20200330,277,0.072727,0.090909,0.602015,1.0
20200330,278,0.072727,0.072727,0.584383,0.333333
20200330,279,0.072727,0.072727,0.584383,0.666667
20200330,280,0.073864,0.127273,0.589421,0.666667
20200330,281,0.073864,0.127273,0.589421,0.666667
20200330,282,0.071591,0.109091,0.594458,0.666667
20200330,283,0.071591,0.109091,0.594458,0.666667
20200330,284,0.072727,0.036364,0.607053,0.666667
20200330,285,0.072727,0.036364,0.607053,0.666667
20200330,286,0.072727,0.036364,0.604534,0.333333
20200330,287,0.072727,0.036364,0.604534,0.333333
20200330,288,0.073864,0.072727,0.617128,0.666667
20200330,289,0.073864,0.072727,0.617128,0.333333
20200330,290,0.072727,0.0,0.612091,1.0
20200330,291,0.072727,0.0,0.612091,0.666667
20200330,292,0.071591,0.127273,0.602015,0.666667
20200330,293,0.071591,0.127273,0.602015,0.666667
20200330,294,0.072727,0.090909,0.59194,0.733333
20200330,295,0.072727,0.090909,0.59194,0.733333
20200330,296,0.071591,0.127273,0.584383,0.726667
20200330,297,0.071591,0.127273,0.584383,0.726667
20200330,298,0.071591,0.090909,0.586902,0.72
20200330,299,0.071591,0.090909,0.586902,0.72
20200330,300,0.071591,0.109091,0.589421,0.746667
20200330,301,0.071591,0.109091,0.589421,0.746667
20200330,302,0.073864,0.109091,0.617128,0.746667
20200330,303,0.073864,0.109091,0.617128,0.746667
20200330,304,0.072727,0.054545,0.622166,0.746667
20200330,305,0.072727,0.054545,0.622166,0.746667
20200330,306,0.072727,0.072727,0.61461,0.746667
20200330,307,0.072727,0.072727,0.61461,0.746667
20200330,308,0.072727,0.127273,0.602015,0.726667
20200330,309,0.072727,0.127273,0.602015,0.726667
20200330,310,0.070455,0.109091,0.596977,0.72
20200330,311,0.070455,0.109091,0.596977,0.72
20200330,312,0.072727,0.090909,0.586902,0.726667
20200330,313,0.072727,0.090909,0.586902,0.726667
20200330,314,0.070455,0.145455,0.579345,0.72
20200330,315,0.070455,0.145455,0.579345,0.72
20200330,316,0.073864,0.109091,0.596977,0.726667
20200330,317,0.073864,0.109091,0.596977,0.726667
20200330,318,0.072727,0.090909,0.604534,0.733333
20200330,319,0.072727,0.090909,0.604534,0.733333
20200330,320,0.073864,0.036364,0.61461,0.726667
20200330,321,0.073864,0.036364,0.61461,0.666667
20200330,322,0.072727,0.145455,0.612091,0.666667
20200330,323,0.072727,0.145455,0.612091,0.333333
20200330,324,0.070455,0.127273,0.602015,0.666667
20200330,325,0.070455,0.127273,0.602015,0.666667
20200330,326,0.070455,0.090909,0.594458,0.333333
20200330,327,0.070455,0.090909,0.594458,0.666667
20200330,328,0.071591,0.127273,0.594458,0.0
20200330,329,0.071591,0.127273,0.594458,0.333333
20200330,330,0.070455,0.218182,0.59194,0.666667
20200330,331,0.070455,0.218182,0.59194,0.666667
20200330,332,0.072727,0.127273,0.596977,0.666667
20200330,333,0.072727,0.127273,0.596977,1.0
20200330,334,0.072727,0.090909,0.594458,0.333333
20200330,335,0.072727,0.090909,0.594458,0.333333
20200330,336,0.071591,0.072727,0.604534,0.666667
20200330,337,0.071591,0.072727,0.604534,0.666667
20200330,338,0.071591,0.109091,0.602015,0.666667
20200330,339,0.071591,0.109091,0.602015,0.666667
20200330,340,0.072727,0.090909,0.599496,0.666667
20200330,341,0.072727,0.090909,0.599496,0.666667
20200330,342,0.071591,0.145455,0.59194,0.666667
20200330,343,0.071591,0.145455,0.59194,0.333333
20200330,344,0.070455,0.090909,0.586902,0.333333
20200330,345,0.070455,0.090909,0.586902,0.333333
20200330,346,0.073864,0.127273,0.586902,0.333333
20200330,347,0.073864,0.127273,0.586902,0.333333
20200330,348,0.072727,0.127273,0.602015,0.666667
20200330,349,0.072727,0.127273,0.602015,1.0
20200330,350,0.070455,0.127273,0.619647,0.333333
20200330,351,0.070455,0.127273,0.619647,0.666667
20200330,352,0.072727,0.127273,0.617128,0.333333
20200330,353,0.072727,0.127273,0.617128,0.666667
20200330,354,0.072727,0.054545,0.607053,1.0
20200330,355,0.072727,0.054545,0.607053,0.333333
20200330,356,0.072727,0.145455,0.602015,0.666667
20200330,357,0.072727,0.145455,0.602015,0.666667
20200330,358,0.070455,0.127273,0.596977,0.666667
20200330,359,0.070455,0.127273,0.596977,0.333333
20200330,360,0.070455,0.109091,0.576826,0.666667
20200330,361,0.070455,0.109091,0.576826,0.666667
20200330,362,0.072727,0.090909,0.586902,0.333333
20200330,363,0.072727,0.090909,0.586902,0.666667
20200330,364,0.071591,0.072727,0.594458,0.0
20200330,365,0.071591,0.072727,0.594458,0.333333
20200330,366,0.071591,0.054545,0.596977,0.666667
20200330,367,0.071591,0.054545,0.596977,0.666667
20200330,368,0.073864,0.072727,0.624685,0.666667
20200330,369,0.073864,0.072727,0.624685,1.0
20200330,370,0.072727,0.018182,0.622166,0.333333
20200330,371,0.072727,0.018182,0.622166,0.333333
20200330,372,0.071591,0.109091,0.61461,0.666667
20200330,373,0.071591,0.109091,0.61461,0.666667
20200330,374,0.068182,0.109091,0.599496,0.666667
20200330,375,0.068182,0.109091,0.599496,0.666667
20200330,376,0.069318,0.145455,0.589421,0.666667
20200330,377,0.069318,0.145455,0.589421,0.666667
20200330,378,0.070455,0.181818,0.586902,0.666667
20200330,379,0.070455,0.181818,0.586902,0.333333
20200330,380,0.068182,0.109091,0.594458,0.333333
20200330,381,0.068182,0.109091,0.594458,0.333333
20200330,382,0.071591,0.127273,0.599496,0.333333
20200330,383,0.071591,0.127273,0.599496,0.333333
20200330,384,0.072727,0.072727,0.617128,0.666667
20200330,385,0.072727,0.072727,0.617128,1.0
20200330,386,0.071591,0.109091,0.619647,0.333333
20200330,387,0.071591,0.109091,0.619647,0.666667
20200330,388,0.071591,0.072727,0.609572,0.333333
20200330,389,0.071591,0.072727,0.609572,0.666667
20200330,390,0.070455,0.054545,0.596977,1.0
20200330,391,0.070455,0.054545,0.596977,0.333333
20200330,392,0.070455,0.109091,0.589421,0.666667
20200330,393,0.070455,0.109091,0.589421,0.666667
20200330,394,0.071591,0.109091,0.596977,0.666667
20200330,395,0.071591,0.109091,0.596977,0.666667
20200330,396,0.070455,0.163636,0.584383,0.666667
20200330,397,0.070455,0.163636,0.584383,0.666667
20200330,398,0.072727,0.163636,0.607053,0.666667
20200330,399,0.072727,0.163636,0.607053,0.333333
20200330,400,0.072727,0.109091,0.61461,0.333333
20200330,401,0.072727,0.109091,0.61461,0.666667
20200330,402,0.072727,0.145455,0.617128,0.333333
20200330,403,0.072727,0.145455,0.617128,1.0
20200330,404,0.070455,0.090909,0.604534,0.666667
20200330,405,0.070455,0.090909,0.604534,0.666667
20200330,406,0.072727,0.109091,0.594458,0.666667
20200330,407,0.072727,0.109091,0.594458,0.666667
20200330,408,0.071591,0.181818,0.594458,0.666667
20200330,409,0.071591,0.181818,0.594458,0.666667
20200330,410,0.069318,0.109091,0.589421,0.666667
20200330,411,0.069318,0.109091,0.589421,0.666667
20200330,412,0.072727,0.163636,0.596977,0.666667
20200330,413,0.072727,0.163636,0.596977,0.333333
20200330,414,0.071591,0.145455,0.596977,0.333333
20200330,415,0.071591,0.145455,0.596977,0.666667
20200330,416,0.071591,0.127273,0.594458,0.333333
20200330,417,0.071591,0.127273,0.594458,1.0
20200330,418,0.071591,0.109091,0.602015,0.666667
20200330,419,0.071591,0.109091,0.602015,0.666667
20200330,420,0.070455,0.145455,0.576826,0.666667
20200330,421,0.070455,0.145455,0.576826,0.666667
20200330,422,0.070455,0.163636,0.589421,0.666667
20200330,423,0.070455,0.163636,0.589421,0.333333
20200330,424,0.071591,0.181818,0.594458,0.666667
20200330,425,0.071591,0.181818,0.594458,0.666667
20200330,426,0.070455,0.145455,0.609572,0.333333
20200330,427,0.070455,0.145455,0.609572,0.666667
20200330,428,0.071591,0.163636,0.612091,0.0
20200330,429,0.071591,0.163636,0.612091,0.333333
20200330,430,0.070455,0.236364,0.609572,0.666667
20200330,431,0.070455,0.236364,0.609572,0.666667
20200330,432,0.069318,0.145455,0.599496,0.666667
20200330,433,0.069318,0.145455,0.599496,1.0
20200330,434,0.069318,0.181818,0.576826,0.333333
20200330,435,0.069318,0.181818,0.576826,0.333333
20200330,436,0.069318,0.072727,0.586902,0.666667
20200330,437,0.069318,0.072727,0.586902,0.666667
20200330,438,0.068182,0.127273,0.59194,0.666667
20200330,439,0.068182,0.127273,0.59194,0.666667
20200330,440,0.071591,0.054545,0.599496,0.666667
20200330,441,0.071591,0.054545,0.599496,0.666667
20200330,442,0.071591,0.145455,0.624685,0.666667
20200330,443,0.071591,0.145455,0.624685,0.333333
20200330,444,0.069318,0.018182,0.624685,0.333333
20200330,445,0.069318,0.018182,0.624685,0.333333
20200330,446,0.072727,0.054545,0.622166,0.333333
20200330,447,0.072727,0.054545,0.622166,0.333333
20200330,448,0.069318,0.072727,0.599496,0.666667
20200330,449,0.069318,0.072727,0.599496,1.0
20200330,450,0.067045,0.109091,0.596977,0.333333
20200330,451,0.067045,0.109091,0.596977,0.666667
20200330,452,0.070455,0.090909,0.589421,0.333333
20200330,453,0.070455,0.090909,0.589421,0.666667
20200330,454,0.069318,0.036364,0.584383,1.0
20200330,455,0.069318,0.036364,0.584383,0.333333
20200330,456,0.070455,0.072727,0.594458,0.666667
20200330,457,0.070455,0.072727,0.594458,0.666667
20200330,458,0.070455,0.054545,0.612091,0.666667
20200330,459,0.070455,0.054545,0.612091,0.333333
20200330,460,0.072727,0.036364,0.622166,0.666667
20200330,461,0.072727,0.036364,0.622166,0.666667
20200330,462,0.072727,0.127273,0.619647,0.333333
20200330,463,0.072727,0.127273,0.619647,0.666667
20200330,464,0.068182,0.109091,0.61461,0.0
20200330,465,0.068182,0.109091,0.61461,0.333333
20200330,466,0.069318,0.163636,0.599496,0.666667
20200330,467,0.069318,0.163636,0.599496,0.666667
20200330,468,0.067045,0.145455,0.571788,0.666667
20200330,469,0.067045,0.145455,0.571788,1.0
20200330,470,0.070455,0.127273,0.581864,0.333333
20200330,471,0.070455,0.127273,0.581864,0.333333
20200330,472,0.070455,0.218182,0.594458,0.666667
20200330,473,0.070455,0.218182,0.594458,0.666667
20200330,474,0.069318,0.181818,0.61461,0.666667
20200330,475,0.069318,0.181818,0.61461,0.666667
20200330,476,0.072727,0.072727,0.624685,0.666667
20200330,477,0.072727,0.072727,0.624685,0.666667
20200330,478,0.071591,0.127273,0.627204,0.666667
20200330,479,0.071591,0.127273,0.627204,0.333333
20200330,480,0.071591,0.090909,0.61461,0.333333
20200330,481,0.071591,0.090909,0.61461,0.333333
20200330,482,0.064773,0.145455,0.602015,0.333333
20200330,483,0.064773,0.145455,0.602015,0.333333
20200330,484,0.069318,0.127273,0.602015,0.666667
20200330,485,0.069318,0.127273,0.602015,1.0
20200330,486,0.068182,0.109091,0.589421,0.333333
20200330,487,0.068182,0.109091,0.589421,0.666667
20200330,488,0.069318,0.127273,0.596977,0.333333
20200330,489,0.069318,0.127273,0.596977,0.666667
20200330,490,0.072727,0.109091,0.602015,1.0
20200330,491,0.072727,0.109091,0.602015,0.333333
20200330,492,0.070455,0.109091,0.607053,0.666667
20200330,493,0.070455,0.109091,0.607053,0.666667
20200330,494,0.070455,0.181818,0.602015,0.666667
20200330,495,0.070455,0.181818,0.602015,0.666667
20200330,496,0.071591,0.090909,0.602015,0.666667
20200330,497,0.071591,0.090909,0.602015,0.666667
20200330,498,0.070455,0.127273,0.594458,0.666667
20200330,499,0.070455,0.127273,0.594458,0.333333
20200330,500,0.068182,0.127273,0.59194,0.333333
20200330,501,0.068182,0.127273,0.59194,0.666667
20200330,502,0.068182,0.145455,0.59194,0.333333
20200330,503,0.068182,0.145455,0.59194,1.0
20200330,504,0.069318,0.2,0.604534,0.666667
20200330,505,0.069318,0.2,0.604534,0.666667
20200330,506,0.069318,0.163636,0.602015,0.666667
20200330,507,0.069318,0.163636,0.602015,0.666667
20200330,508,0.070455,0.127273,0.61461,0.666667
20200330,509,0.070455,0.127273,0.61461,0.666667
20200330,510,0.071591,0.054545,0.609572,0.666667
20200330,511,0.071591,0.054545,0.609572,0.666667
20200330,512,0.068182,0.054545,0.599496,0.666667
20200330,513,0.068182,0.054545,0.599496,0.333333
20200330,514,0.070455,0.163636,0.586902,0.333333
20200330,515,0.070455,0.163636,0.586902,0.666667
20200330,516,0.069318,0.163636,0.594458,0.333333
20200330,517,0.069318,0.163636,0.594458,1.0
20200330,518,0.070455,0.054545,0.599496,0.666667
20200330,519,0.070455,0.054545,0.599496,0.666667
20200330,520,0.071591,0.145455,0.596977,0.666667
20200330,521,0.071591,0.145455,0.596977,0.666667
20200330,522,0.070455,0.090909,0.596977,0.666667
20200330,523,0.070455,0.090909,0.596977,0.333333
20200330,524,0.071591,0.109091,0.596977,0.666667
20200330,525,0.071591,0.109091,0.596977,0.666667
20200330,526,0.071591,0.127273,0.594458,0.333333
20200330,527,0.071591,0.127273,0.594458,0.666667
20200330,528,0.067045,0.054545,0.596977,0.0
20200330,529,0.067045,0.054545,0.596977,0.333333
20200330,530,0.070455,0.145455,0.599496,0.666667
20200330,531,0.070455,0.145455,0.599496,0.666667
20200330,532,0.071591,0.145455,0.584383,0.666667
20200330,533,0.071591,0.145455,0.584383,1.0
20200330,534,0.071591,0.127273,0.599496,0.333333
20200330,535,0.071591,0.127273,0.599496,0.333333
20200330,536,0.069318,0.163636,0.599496,0.666667
20200330,537,0.069318,0.163636,0.599496,0.666667
20200330,538,0.068182,0.127273,0.599496,0.666667
20200330,539,0.068182,0.127273,0.599496,0.666667
20200330,540,0.070455,0.218182,0.59194,0.666667
20200330,541,0.070455,0.218182,0.59194,0.666667
20200330,542,0.068182,0.290909,0.594458,0.666667
20200330,543,0.068182,0.290909,0.594458,0.333333
20200330,544,0.069318,0.236364,0.596977,0.333333
20200330,545,0.069318,0.236364,0.596977,0.333333
20200330,546,0.071591,0.218182,0.596977,0.333333
20200330,547,0.071591,0.218182,0.596977,0.333333
20200330,548,0.071591,0.218182,0.596977,0.666667
20200330,549,0.071591,0.218182,0.596977,1.0
20200330,550,0.069318,0.327273,0.604534,0.333333
20200330,551,0.069318,0.327273,0.604534,0.666667
20200330,552,0.071591,0.272727,0.599496,0.333333
20200330,553,0.071591,0.272727,0.599496,0.666667
20200330,554,0.069318,0.254545,0.594458,1.0
20200330,555,0.069318,0.254545,0.594458,0.333333
20200330,556,0.070455,0.272727,0.581864,0.666667
20200330,557,0.070455,0.272727,0.581864,0.666667
20200330,558,0.070455,0.254545,0.594458,0.666667
20200330,559,0.070455,0.254545,0.594458,0.666667
20200330,560,0.070455,0.290909,0.604534,0.666667
20200330,561,0.070455,0.290909,0.604534,0.666667
20200330,562,0.069318,0.254545,0.607053,0.666667
20200330,563,0.069318,0.254545,0.607053,0.333333
20200330,564,0.070455,0.345455,0.59194,0.333333
20200330,565,0.070455,0.345455,0.59194,0.666667
20200330,566,0.068182,0.327273,0.602015,0.333333
20200330,567,0.068182,0.327273,0.602015,1.0
20200330,568,0.069318,0.327273,0.589421,0.666667
20200330,569,0.069318,0.327273,0.589421,0.666667
20200330,570,0.069318,0.363636,0.604534,0.666667
20200330,571,0.069318,0.363636,0.604534,0.666667
20200330,572,0.069318,0.272727,0.596977,0.666667
20200330,573,0.069318,0.272727,0.596977,0.666667
20200330,574,0.070455,0.345455,0.596977,0.666667
20200330,575,0.070455,0.345455,0.596977,0.666667
20200330,576,0.069318,0.327273,0.599496,0.666667
20200330,577,0.069318,0.327273,0.599496,0.333333
20200330,578,0.070455,0.345455,0.594458,0.333333
20200330,579,0.070455,0.345455,0.594458,0.666667
20200330,580,0.065909,0.327273,0.59194,0.333333
20200330,581,0.065909,0.327273,0.59194,1.0
20200330,582,0.067045,0.4,0.59194,0.666667
20200330,583,0.067045,0.4,0.59194,0.666667
20200330,584,0.068182,0.363636,0.596977,0.666667
20200330,585,0.068182,0.363636,0.596977,0.666667
20200330,586,0.067045,0.345455,0.599496,0.666667
20200330,587,0.067045,0.345455,0.599496,0.333333
20200330,588,0.067045,0.381818,0.604534,0.666667
20200330,589,0.067045,0.381818,0.604534,0.666667
20200330,590,0.068182,0.290909,0.594458,0.333333
20200330,591,0.068182,0.290909,0.594458,0.666667
20200330,592,0.067045,0.327273,0.59194,0.0
20200330,593,0.067045,0.327273,0.59194,0.333333
20200330,594,0.065909,0.345455,0.59194,0.666667
20200330,595,0.065909,0.345455,0.59194,0.666667
20200330,596,0.065909,0.272727,0.584383,0.666667
20200330,597,0.065909,0.272727,0.584383,0.666667
20200330,598,0.067045,0.272727,0.607053,0.333333
20200330,599,0.067045,0.272727,0.607053,0.666667
20200330,600,0.067045,0.381818,0.604534,0.666667
20200330,601,0.067045,0.381818,0.604534,0.333333
20200330,602,0.067045,0.327273,0.599496,0.666667
20200330,603,0.067045,0.327273,0.599496,0.0
20200330,604,0.065909,0.4,0.599496,0.333333
20200330,605,0.065909,0.4,0.599496,0.666667
20200330,606,0.065909,0.381818,0.596977,0.666667
20200330,607,0.065909,0.381818,0.596977,0.666667
20200330,608,0.065909,0.4,0.581864,1.0
20200330,609,0.065909,0.4,0.581864,0.333333
20200330,610,0.065909,0.345455,0.59194,0.333333
20200330,611,0.065909,0.345455,0.59194,0.666667
20200330,612,0.067045,0.381818,0.596977,0.666667
20200330,613,0.067045,0.381818,0.596977,0.666667
20200330,614,0.065909,0.363636,0.607053,0.666667
20200330,615,0.065909,0.363636,0.607053,0.666667
20200330,616,0.064773,0.345455,0.602015,0.666667
20200330,617,0.064773,0.345455,0.602015,0.666667
20200330,618,0.064773,0.363636,0.607053,0.333333
20200330,619,0.064773,0.363636,0.607053,0.333333
20200330,620,0.064773,0.381818,0.596977,0.333333
20200330,621,0.064773,0.381818,0.596977,0.333333
20200330,622,0.063636,0.4,0.596977,0.333333
20200330,623,0.063636,0.4,0.596977,0.666667
20200330,624,0.069318,0.454545,0.594458,1.0
20200330,625,0.069318,0.454545,0.594458,0.333333
20200330,626,0.070455,0.4,0.594458,0.666667
20200330,627,0.070455,0.4,0.594458,0.333333
20200330,628,0.069318,0.4,0.596977,0.666667
20200330,629,0.069318,0.4,0.596977,1.0
20200330,630,0.068182,0.345455,0.599496,0.333333
20200330,631,0.068182,0.345455,0.599496,0.666667
20200330,632,0.071591,0.381818,0.607053,0.666667
20200330,633,0.071591,0.381818,0.607053,0.666667
20200330,634,0.069318,0.4,0.599496,0.333333
20200330,635,0.069318,0.4,0.599496,0.666667
20200330,636,0.069318,0.418182,0.596977,0.666667
20200330,637,0.069318,0.418182,0.596977,0.333333
20200330,638,0.068182,0.436364,0.594458,0.666667
20200330,639,0.068182,0.436364,0.594458,0.0
20200330,640,0.069318,0.418182,0.594458,0.333333
20200330,641,0.069318,0.418182,0.594458,0.666667
20200330,642,0.069318,0.363636,0.589421,0.666667
20200330,643,0.069318,0.363636,0.589421,0.666667
20200330,644,0.070455,0.4,0.599496,1.0
20200330,645,0.070455,0.4,0.599496,0.333333
20200330,646,0.069318,0.381818,0.61461,0.333333
20200330,647,0.069318,0.381818,0.61461,0.666667
20200330,648,0.069318,0.381818,0.607053,0.666667
20200330,649,0.069318,0.381818,0.607053,0.666667
20200330,650,0.067045,0.418182,0.596977,0.666667
20200330,651,0.067045,0.418182,0.596977,0.666667
20200330,652,0.067045,0.436364,0.59194,0.666667
20200330,653,0.067045,0.436364,0.59194,0.666667
20200330,654,0.067045,0.363636,0.589421,0.333333
20200330,655,0.067045,0.363636,0.589421,0.333333
20200330,656,0.067045,0.381818,0.594458,0.333333
20200330,657,0.067045,0.381818,0.594458,0.333333
20200330,658,0.069318,0.472727,0.604534,0.333333
20200330,659,0.069318,0.472727,0.604534,0.666667
20200330,660,0.068182,0.363636,0.619647,1.0
20200330,661,0.068182,0.363636,0.619647,0.333333
20200330,662,0.069318,0.418182,0.607053,0.666667
20200330,663,0.069318,0.418182,0.607053,0.333333
20200330,664,0.068182,0.436364,0.607053,0.666667
20200330,665,0.068182,0.436364,0.607053,1.0
20200330,666,0.064773,0.381818,0.596977,0.333333
20200330,667,0.064773,0.381818,0.596977,0.666667
20200330,668,0.067045,0.4,0.589421,0.666667
20200330,669,0.067045,0.4,0.589421,0.666667
20200330,670,0.065909,0.381818,0.589421,0.666667
20200330,671,0.065909,0.381818,0.589421,0.666667
20200330,672,0.067045,0.363636,0.602015,0.666667
20200330,673,0.073864,0.090909,0.604534,0.666667
20200330,674,0.073864,0.090909,0.604534,0.333333
20200330,675,0.072727,0.090909,0.602015,0.666667
20200330,676,0.072727,0.090909,0.602015,1.0
20200330,677,0.072727,0.072727,0.584383,0.333333
20200330,678,0.072727,0.072727,0.584383,0.666667
20200330,679,0.073864,0.127273,0.589421,0.666667
20200330,680,0.073864,0.127273,0.589421,0.666667
20200330,681,0.071591,0.109091,0.594458,0.666667
20200330,682,0.071591,0.109091,0.594458,0.666667
20200330,683,0.072727,0.036364,0.607053,0.666667
20200330,684,0.072727,0.036364,0.607053,0.666667
20200330,685,0.072727,0.036364,0.604534,0.333333
20200330,686,0.072727,0.036364,0.604534,0.333333
20200330,687,0.073864,0.072727,0.617128,0.666667
20200330,688,0.073864,0.072727,0.617128,0.333333
20200330,689,0.072727,0.0,0.612091,1.0
20200330,690,0.072727,0.0,0.612091,0.666667
20200330,691,0.071591,0.127273,0.602015,0.666667
20200330,692,0.071591,0.127273,0.602015,0.666667
20200330,693,0.072727,0.090909,0.59194,0.733333
20200330,694,0.072727,0.090909,0.59194,0.733333
20200330,695,0.071591,0.127273,0.584383,0.726667
20200330,696,0.071591,0.127273,0.584383,0.726667
20200330,697,0.071591,0.090909,0.586902,0.72
20200330,698,0.071591,0.090909,0.586902,0.72
20200330,699,0.071591,0.109091,0.589421,0.746667
20200330,700,0.071591,0.109091,0.589421,0.746667
20200330,701,0.073864,0.109091,0.617128,0.746667
20200330,702,0.073864,0.109091,0.617128,0.746667
20200330,703,0.072727,0.054545,0.622166,0.746667
20200330,704,0.072727,0.054545,0.622166,0.746667
20200330,705,0.072727,0.072727,0.61461,0.746667
20200330,706,0.072727,0.072727,0.61461,0.746667
20200330,707,0.072727,0.127273,0.602015,0.726667
20200330,708,0.072727,0.127273,0.602015,0.726667
20200330,709,0.070455,0.109091,0.596977,0.72
20200330,710,0.070455,0.109091,0.596977,0.72
20200330,711,0.072727,0.090909,0.586902,0.726667
20200330,712,0.072727,0.090909,0.586902,0.726667
20200330,713,0.070455,0.145455,0.579345,0.72
20200330,714,0.070455,0.145455,0.579345,0.72
20200330,715,0.073864,0.109091,0.596977,0.726667
20200330,716,0.073864,0.109091,0.596977,0.726667
20200330,717,0.072727,0.090909,0.604534,0.733333
20200330,718,0.072727,0.090909,0.604534,0.733333
20200330,719,0.073864,0.036364,0.61461,0.726667
20200330,720,0.073864,0.036364,0.61461,0.666667
20200330,721,0.072727,0.145455,0.612091,0.666667
20200330,722,0.072727,0.145455,0.612091,0.333333
20200330,723,0.070455,0.127273,0.602015,0.666667
20200330,724,0.070455,0.127273,0.602015,0.666667
20200330,725,0.070455,0.090909,0.594458,0.333333
20200330,726,0.070455,0.090909,0.594458,0.666667
20200330,727,0.071591,0.127273,0.594458,0.0
20200330,728,0.071591,0.127273,0.594458,0.333333
20200330,729,0.070455,0.218182,0.59194,0.666667
20200330,730,0.070455,0.218182,0.59194,0.666667
20200330,731,0.072727,0.127273,0.596977,0.666667
20200330,732,0.072727,0.127273,0.596977,1.0
20200330,733,0.072727,0.090909,0.594458,0.333333
20200330,734,0.072727,0.090909,0.594458,0.333333
20200330,735,0.071591,0.072727,0.604534,0.666667
20200330,736,0.071591,0.072727,0.604534,0.666667
20200330,737,0.071591,0.109091,0.602015,0.666667
20200330,738,0.071591,0.109091,0.602015,0.666667
20200330,739,0.072727,0.090909,0.599496,0.666667
20200330,740,0.072727,0.090909,0.599496,0.666667
20200330,741,0.071591,0.145455,0.59194,0.666667
20200330,742,0.071591,0.145455,0.59194,0.333333
20200330,743,0.070455,0.090909,0.586902,0.333333
20200330,744,0.070455,0.090909,0.586902,0.333333
20200330,745,0.073864,0.127273,0.586902,0.333333
20200330,746,0.073864,0.127273,0.586902,0.333333
20200330,747,0.072727,0.127273,0.602015,0.666667
20200330,748,0.072727,0.127273,0.602015,1.0
20200330,749,0.070455,0.127273,0.619647,0.333333
20200330,750,0.070455,0.127273,0.619647,0.666667
20200330,751,0.072727,0.127273,0.617128,0.333333
20200330,752,0.072727,0.127273,0.617128,0.666667
20200330,753,0.072727,0.054545,0.607053,1.0
20200330,754,0.072727,0.054545,0.607053,0.333333
20200330,755,0.072727,0.145455,0.602015,0.666667
20200330,756,0.072727,0.145455,0.602015,0.666667
20200330,757,0.070455,0.127273,0.596977,0.666667
20200330,758,0.070455,0.127273,0.596977,0.333333
20200330,759,0.070455,0.109091,0.576826,0.666667
20200330,760,0.070455,0.109091,0.576826,0.666667
20200330,761,0.072727,0.090909,0.586902,0.333333
20200330,762,0.072727,0.090909,0.586902,0.666667
20200330,763,0.071591,0.072727,0.594458,0.0
20200330,764,0.071591,0.072727,0.594458,0.333333
20200330,765,0.071591,0.054545,0.596977,0.666667
20200330,766,0.071591,0.054545,0.596977,0.666667
20200330,767,0.073864,0.072727,0.624685,0.666667
20200330,768,0.073864,0.072727,0.624685,1.0
20200330,769,0.072727,0.018182,0.622166,0.333333
20200330,770,0.072727,0.018182,0.622166,0.333333
20200330,771,0.071591,0.109091,0.61461,0.666667
20200330,772,0.071591,0.109091,0.61461,0.666667
20200330,773,0.068182,0.109091,0.599496,0.666667
20200330,774,0.068182,0.109091,0.599496,0.666667
20200330,775,0.069318,0.145455,0.589421,0.666667
20200330,776,0.069318,0.145455,0.589421,0.666667
20200330,777,0.070455,0.181818,0.586902,0.666667
20200330,778,0.070455,0.181818,0.586902,0.333333
20200330,779,0.068182,0.109091,0.594458,0.333333
20200330,780,0.068182,0.109091,0.594458,0.333333
20200330,781,0.071591,0.127273,0.599496,0.333333
20200330,782,0.071591,0.127273,0.599496,0.333333
20200330,783,0.072727,0.072727,0.617128,0.666667
20200330,784,0.072727,0.072727,0.617128,1.0
20200330,785,0.071591,0.109091,0.619647,0.333333
20200330,786,0.071591,0.109091,0.619647,0.666667
20200330,787,0.071591,0.072727,0.609572,0.333333
20200330,788,0.071591,0.072727,0.609572,0.666667
20200330,789,0.070455,0.054545,0.596977,1.0
20200330,790,0.070455,0.054545,0.596977,0.333333
20200330,791,0.070455,0.109091,0.589421,0.666667
20200330,792,0.070455,0.109091,0.589421,0.666667
20200330,793,0.071591,0.109091,0.596977,0.666667
20200330,794,0.071591,0.109091,0.596977,0.666667
20200330,795,0.070455,0.163636,0.584383,0.666667
20200330,796,0.070455,0.163636,0.584383,0.666667
20200330,797,0.072727,0.163636,0.607053,0.666667
20200330,798,0.072727,0.163636,0.607053,0.333333
20200330,799,0.072727,0.109091,0.61461,0.333333
20200330,800,0.072727,0.109091,0.61461,0.666667
20200330,801,0.072727,0.145455,0.617128,0.333333
20200330,802,0.072727,0.145455,0.617128,1.0
20200330,803,0.070455,0.090909,0.604534,0.666667
20200330,804,0.070455,0.090909,0.604534,0.666667
20200330,805,0.072727,0.109091,0.594458,0.666667
20200330,806,0.072727,0.109091,0.594458,0.666667
20200330,807,0.071591,0.181818,0.594458,0.666667
20200330,808,0.071591,0.181818,0.594458,0.666667
20200330,809,0.069318,0.109091,0.589421,0.666667
20200330,810,0.069318,0.109091,0.589421,0.666667
20200330,811,0.072727,0.163636,0.596977,0.666667
20200330,812,0.072727,0.163636,0.596977,0.333333
20200330,813,0.071591,0.145455,0.596977,0.333333
20200330,814,0.071591,0.145455,0.596977,0.666667
20200330,815,0.071591,0.127273,0.594458,0.333333
20200330,816,0.071591,0.127273,0.594458,1.0
20200330,817,0.071591,0.109091,0.602015,0.666667
20200330,818,0.071591,0.109091,0.602015,0.666667
20200330,819,0.070455,0.145455,0.576826,0.666667
20200330,820,0.070455,0.145455,0.576826,0.666667
20200330,821,0.070455,0.163636,0.589421,0.666667
20200330,822,0.070455,0.163636,0.589421,0.333333
20200330,823,0.071591,0.181818,0.594458,0.666667
20200330,824,0.071591,0.181818,0.594458,0.666667
20200330,825,0.070455,0.145455,0.609572,0.333333
20200330,826,0.070455,0.145455,0.609572,0.666667
20200330,827,0.071591,0.163636,0.612091,0.0
20200330,828,0.071591,0.163636,0.612091,0.333333
20200330,829,0.070455,0.236364,0.609572,0.666667
20200330,830,0.070455,0.236364,0.609572,0.666667
20200330,831,0.069318,0.145455,0.599496,0.666667
20200330,832,0.069318,0.145455,0.599496,1.0
20200330,833,0.069318,0.181818,0.576826,0.333333
20200330,834,0.069318,0.181818,0.576826,0.333333
20200330,835,0.069318,0.072727,0.586902,0.666667
20200330,836,0.069318,0.072727,0.586902,0.666667
20200330,837,0.068182,0.127273,0.59194,0.666667
20200330,838,0.068182,0.127273,0.59194,0.666667
20200330,839,0.071591,0.054545,0.599496,0.666667
20200330,840,0.071591,0.054545,0.599496,0.666667
20200330,841,0.071591,0.145455,0.624685,0.666667
20200330,842,0.071591,0.145455,0.624685,0.333333
20200330,843,0.069318,0.018182,0.624685,0.333333
20200330,844,0.069318,0.018182,0.624685,0.333333
20200330,845,0.072727,0.054545,0.622166,0.333333
20200330,846,0.072727,0.054545,0.622166,0.333333
20200330,847,0.069318,0.072727,0.599496,0.666667
20200330,848,0.069318,0.072727,0.599496,1.0
20200330,849,0.067045,0.109091,0.596977,0.333333
20200330,850,0.067045,0.109091,0.596977,0.666667
20200330,851,0.070455,0.090909,0.589421,0.333333
20200330,852,0.070455,0.090909,0.589421,0.666667
20200330,853,0.069318,0.036364,0.584383,1.0
20200330,854,0.069318,0.036364,0.584383,0.333333
20200330,855,0.070455,0.072727,0.594458,0.666667
20200330,856,0.070455,0.072727,0.594458,0.666667
20200330,857,0.070455,0.054545,0.612091,0.666667
20200330,858,0.070455,0.054545,0.612091,0.333333
20200330,859,0.072727,0.036364,0.622166,0.666667
20200330,860,0.072727,0.036364,0.622166,0.666667
20200330,861,0.072727,0.127273,0.619647,0.333333
20200330,862,0.072727,0.127273,0.619647,0.666667
20200330,863,0.068182,0.109091,0.61461,0.0
20200330,864,0.068182,0.109091,0.61461,0.333333
20200330,865,0.069318,0.163636,0.599496,0.666667
20200330,866,0.069318,0.163636,0.599496,0.666667
20200330,867,0.067045,0.145455,0.571788,0.666667
20200330,868,0.067045,0.145455,0.571788,1.0
20200330,869,0.070455,0.127273,0.581864,0.333333
20200330,870,0.070455,0.127273,0.581864,0.333333
20200330,871,0.070455,0.218182,0.594458,0.666667
20200330,872,0.070455,0.218182,0.594458,0.666667
20200330,873,0.069318,0.181818,0.61461,0.666667
20200330,874,0.069318,0.181818,0.61461,0.666667
20200330,875,0.072727,0.072727,0.624685,0.666667
20200330,876,0.072727,0.072727,0.624685,0.666667
20200330,877,0.071591,0.127273,0.627204,0.666667
20200330,878,0.071591,0.127273,0.627204,0.333333
20200330,879,0.071591,0.090909,0.61461,0.333333
20200330,880,0.071591,0.090909,0.61461,0.333333
20200330,881,0.064773,0.145455,0.602015,0.333333
20200330,882,0.064773,0.145455,0.602015,0.333333
20200330,883,0.069318,0.127273,0.602015,0.666667
20200330,884,0.069318,0.127273,0.602015,1.0
20200330,885,0.068182,0.109091,0.589421,0.333333
20200330,886,0.068182,0.109091,0.589421,0.666667
20200330,887,0.069318,0.127273,0.596977,0.333333
20200330,888,0.069318,0.127273,0.596977,0.666667
20200330,889,0.072727,0.109091,0.602015,1.0
20200330,890,0.072727,0.109091,0.602015,0.333333
20200330,891,0.070455,0.109091,0.607053,0.666667
20200330,892,0.070455,0.109091,0.607053,0.666667
20200330,893,0.070455,0.181818,0.602015,0.666667
20200330,894,0.070455,0.181818,0.602015,0.666667
20200330,895,0.071591,0.090909,0.602015,0.666667
20200330,896,0.071591,0.090909,0.602015,0.666667
20200330,897,0.070455,0.127273,0.594458,0.666667
20200330,898,0.070455,0.127273,0.594458,0.333333
20200330,899,0.068182,0.127273,0.59194,0.333333
20200330,900,0.068182,0.127273,0.59194,0.666667
20200330,901,0.068182,0.145455,0.59194,0.333333
20200330,902,0.068182,0.145455,0.59194,1.0
20200330,903,0.069318,0.2,0.604534,0.666667
20200330,904,0.069318,0.2,0.604534,0.666667
20200330,905,0.069318,0.163636,0.602015,0.666667
20200330,906,0.069318,0.163636,0.602015,0.666667
20200330,907,0.070455,0.127273,0.61461,0.666667
20200330,908,0.070455,0.127273,0.61461,0.666667
20200330,909,0.071591,0.054545,0.609572,0.666667
20200330,910,0.071591,0.054545,0.609572,0.666667
20200330,911,0.068182,0.054545,0.599496,0.666667
20200330,912,0.068182,0.054545,0.599496,0.333333
20200330,913,0.070455,0.163636,0.586902,0.333333
20200330,914,0.070455,0.163636,0.586902,0.666667
20200330,915,0.069318,0.163636,0.594458,0.333333
20200330,916,0.069318,0.163636,0.594458,1.0
20200330,917,0.070455,0.054545,0.599496,0.666667
20200330,918,0.070455,0.054545,0.599496,0.666667
20200330,919,0.071591,0.145455,0.596977,0.666667
20200330,920,0.071591,0.145455,0.596977,0.666667
20200330,921,0.070455,0.090909,0.596977,0.666667
20200330,922,0.070455,0.090909,0.596977,0.333333
20200330,923,0.071591,0.109091,0.596977,0.666667
20200330,924,0.071591,0.109091,0.596977,0.666667
20200330,925,0.071591,0.127273,0.594458,0.333333
20200330,926,0.071591,0.127273,0.594458,0.666667
20200330,927,0.067045,0.054545,0.596977,0.0
20200330,928,0.067045,0.054545,0.596977,0.333333
20200330,929,0.070455,0.145455,0.599496,0.666667
20200330,930,0.070455,0.145455,0.599496,0.666667
20200330,931,0.071591,0.145455,0.584383,0.666667
20200330,932,0.071591,0.145455,0.584383,1.0
20200330,933,0.071591,0.127273,0.599496,0.333333
20200330,934,0.071591,0.127273,0.599496,0.333333
20200330,935,0.069318,0.163636,0.599496,0.666667
20200330,936,0.069318,0.163636,0.599496,0.666667
20200330,937,0.068182,0.127273,0.599496,0.666667
20200330,938,0.068182,0.127273,0.599496,0.666667
20200330,939,0.070455,0.218182,0.59194,0.666667
20200330,940,0.070455,0.218182,0.59194,0.666667
20200330,941,0.068182,0.290909,0.594458,0.666667
20200330,942,0.068182,0.290909,0.594458,0.333333
20200330,943,0.069318,0.236364,0.596977,0.333333
20200330,944,0.069318,0.236364,0.596977,0.333333
20200330,945,0.071591,0.218182,0.596977,0.333333
20200330,946,0.071591,0.218182,0.596977,0.333333
20200330,947,0.071591,0.218182,0.596977,0.666667
20200330,948,0.071591,0.218182,0.596977,1.0
20200330,949,0.069318,0.327273,0.604534,0.333333
20200330,950,0.069318,0.327273,0.604534,0.666667
20200330,951,0.071591,0.272727,0.599496,0.333333
20200330,952,0.071591,0.272727,0.599496,0.666667
20200330,953,0.069318,0.254545,0.594458,1.0
20200330,954,0.069318,0.254545,0.594458,0.333333
20200330,955,0.070455,0.272727,0.581864,0.666667
20200330,956,0.070455,0.272727,0.581864,0.666667
20200330,957,0.070455,0.254545,0.594458,0.666667
20200330,958,0.070455,0.254545,0.594458,0.666667
20200330,959,0.070455,0.290909,0.604534,0.666667
20200330,960,0.070455,0.290909,0.604534,0.666667
20200330,961,0.069318,0.254545,0.607053,0.666667
20200330,962,0.069318,0.254545,0.607053,0.333333
20200330,963,0.070455,0.345455,0.59194,0.333333
20200330,964,0.070455,0.345455,0.59194,0.666667
20200330,965,0.068182,0.327273,0.602015,0.333333
20200330,966,0.068182,0.327273,0.602015,1.0
20200330,967,0.069318,0.327273,0.589421,0.666667
20200330,968,0.069318,0.327273,0.589421,0.666667
20200330,969,0.069318,0.363636,0.604534,0.666667
20200330,970,0.069318,0.363636,0.604534,0.666667
20200330,971,0.069318,0.272727,0.596977,0.666667
20200330,972,0.069318,0.272727,0.596977,0.666667
20200330,973,0.070455,0.345455,0.596977,0.666667
20200330,974,0.070455,0.345455,0.596977,0.666667
20200330,975,0.069318,0.327273,0.599496,0.666667
20200330,976,0.069318,0.327273,0.599496,0.333333
20200330,977,0.070455,0.345455,0.594458,0.333333
20200330,978,0.070455,0.345455,0.594458,0.666667
20200330,979,0.065909,0.327273,0.59194,0.333333
20200330,980,0.065909,0.327273,0.59194,1.0
20200330,981,0.067045,0.4,0.59194,0.666667
20200330,982,0.067045,0.4,0.59194,0.666667
20200330,983,0.068182,0.363636,0.596977,0.666667
20200330,984,0.068182,0.363636,0.596977,0.666667
20200330,985,0.067045,0.345455,0.599496,0.666667
20200330,986,0.067045,0.345455,0.599496,0.333333
20200330,987,0.067045,0.381818,0.604534,0.666667
20200330,988,0.067045,0.381818,0.604534,0.666667
20200330,989,0.068182,0.290909,0.594458,0.333333
20200330,990,0.068182,0.290909,0.594458,0.666667
20200330,991,0.067045,0.327273,0.59194,0.0
20200330,992,0.067045,0.327273,0.59194,0.333333
20200330,993,0.065909,0.345455,0.59194,0.666667
20200330,994,0.065909,0.345455,0.59194,0.666667
20200330,995,0.065909,0.272727,0.584383,0.666667
20200330,996,0.065909,0.272727,0.584383,0.666667
20200330,997,0.067045,0.272727,0.607053,0.333333
20200330,998,0.067045,0.272727,0.607053,0.666667
20200330,999,0.067045,0.381818,0.604534,0.666667
20200330,1000,0.067045,0.381818,0.604534,0.333333
20200330,1001,0.067045,0.327273,0.599496,0.666667
20200330,1002,0.067045,0.327273,0.599496,0.0
20200330,1003,0.065909,0.4,0.599496,0.333333
20200330,1004,0.065909,0.4,0.599496,0.666667
20200330,1005,0.065909,0.381818,0.596977,0.666667
20200330,1006,0.065909,0.381818,0.596977,0.666667
20200330,1007,0.065909,0.4,0.581864,1.0
20200330,1008,0.065909,0.4,0.581864,0.333333
20200330,1009,0.065909,0.345455,0.59194,0.333333
20200330,1010,0.065909,0.345455,0.59194,0.666667
20200330,1011,0.067045,0.381818,0.596977,0.666667
20200330,1012,0.067045,0.381818,0.596977,0.666667
20200330,1013,0.065909,0.363636,0.607053,0.666667
20200330,1014,0.065909,0.363636,0.607053,0.666667
20200330,1015,0.064773,0.345455,0.602015,0.666667
20200330,1016,0.064773,0.345455,0.602015,0.666667
20200330,1017,0.064773,0.363636,0.607053,0.333333
20200330,1018,0.064773,0.363636,0.607053,0.333333
20200330,1019,0.064773,0.381818,0.596977,0.333333
20200330,1020,0.064773,0.381818,0.596977,0.333333
20200330,1021,0.063636,0.4,0.596977,0.333333
20200330,1022,0.063636,0.4,0.596977,0.666667
20200330,1023,0.069318,0.454545,0.594458,1.0
20200330,1024,0.069318,0.454545,0.594458,0.333333
20200330,1025,0.070455,0.4,0.594458,0.666667
20200330,1026,0.070455,0.4,0.594458,0.333333
20200330,1027,0.069318,0.4,0.596977,0.666667
20200330,1028,0.069318,0.4,0.596977,1.0
20200330,1029,0.068182,0.345455,0.599496,0.333333
20200330,1030,0.068182,0.345455,0.599496,0.666667
20200330,1031,0.071591,0.381818,0.607053,0.666667
20200330,1032,0.071591,0.381818,0.607053,0.666667
20200330,1033,0.069318,0.4,0.599496,0.333333
20200330,1034,0.069318,0.4,0.599496,0.666667
20200330,1035,0.069318,0.418182,0.596977,0.666667
20200330,1036,0.069318,0.418182,0.596977,0.333333
20200330,1037,0.068182,0.436364,0.594458,0.666667
20200330,1038,0.068182,0.436364,0.594458,0.0
20200330,1039,0.069318,0.418182,0.594458,0.333333
20200330,1040,0.069318,0.418182,0.594458,0.666667
20200330,1041,0.069318,0.363636,0.589421,0.666667
20200330,1042,0.069318,0.363636,0.589421,0.666667
20200330,1043,0.070455,0.4,0.599496,1.0
20200330,1044,0.070455,0.4,0.599496,0.333333
20200330,1045,0.069318,0.381818,0.61461,0.333333
20200330,1046,0.069318,0.381818,0.61461,0.666667
20200330,1047,0.069318,0.381818,0.607053,0.666667
20200330,1048,0.069318,0.381818,0.607053,0.666667
20200330,1049,0.067045,0.418182,0.596977,0.666667
20200330,1050,0.067045,0.418182,0.596977,0.666667
20200330,1051,0.067045,0.436364,0.59194,0.666667
20200330,1052,0.067045,0.436364,0.59194,0.666667
20200330,1053,0.067045,0.363636,0.589421,0.333333
20200330,1054,0.067045,0.363636,0.589421,0.333333
20200330,1055,0.067045,0.381818,0.594458,0.333333
20200330,1056,0.067045,0.381818,0.594458,0.333333
20200330,1057,0.069318,0.472727,0.604534,0.333333
20200330,1058,0.069318,0.472727,0.604534,0.666667
20200330,1059,0.068182,0.363636,0.619647,1.0
20200330,1060,0.068182,0.363636,0.619647,0.333333
20200330,1061,0.069318,0.418182,0.607053,0.666667
20200330,1062,0.069318,0.418182,0.607053,0.333333
20200330,1063,0.068182,0.436364,0.607053,0.666667
20200330,1064,0.068182,0.436364,0.607053,1.0
20200330,1065,0.064773,0.381818,0.596977,0.333333
20200330,1066,0.064773,0.381818,0.596977,0.666667
20200330,1067,0.067045,0.4,0.589421,0.666667
20200330,1068,0.067045,0.4,0.589421,0.666667
20200330,1069,0.065909,0.381818,0.589421,0.666667
20200330,1070,0.065909,0.381818,0.589421,0.666667
20200330,1071,0.067045,0.363636,0.602015,0.666667
20200330,1072,0.067045,0.363636,0.602015,0.666667
20200330,1073,0.067045,0.381818,0.607053,0.333333
20200330,1074,0.067045,0.381818,0.607053,0.333333
20200330,1075,0.069318,0.345455,0.612091,0.666667
20200330,1076,0.069318,0.345455,0.612091,0.333333
20200330,1077,0.067045,0.4,0.607053,1.0
20200330,1078,0.067045,0.4,0.607053,0.666667
20200330,1079,0.069318,0.4,0.599496,0.666667
20200330,1080,0.069318,0.4,0.599496,0.666667
20200330,1081,0.065909,0.418182,0.586902,0.666667
20200330,1082,0.065909,0.418182,0.586902,0.666667
20200330,1083,0.065909,0.4,0.589421,0.666667
20200330,1084,0.065909,0.4,0.589421,0.666667
20200330,1085,0.067045,0.436364,0.576826,0.666667
20200330,1086,0.067045,0.436364,0.576826,0.666667
20200330,1087,0.067045,0.4,0.602015,0.333333
20200330,1088,0.067045,0.4,0.602015,0.333333
20200330,1089,0.068182,0.418182,0.609572,0.666667
20200330,1090,0.068182,0.418182,0.609572,0.333333
20200330,1091,0.068182,0.4,0.609572,1.0
20200330,1092,0.068182,0.4,0.609572,0.666667
20200330,1093,0.064773,0.418182,0.609572,0.666667
20200330,1094,0.064773,0.418182,0.609572,0.666667
20200330,1095,0.065909,0.363636,0.602015,0.666667
20200330,1096,0.065909,0.363636,0.602015,0.666667
20200330,1097,0.067045,0.345455,0.584383,0.333333
20200330,1098,0.067045,0.345455,0.584383,0.666667
20200330,1099,0.065909,0.436364,0.59194,0.666667
20200330,1100,0.065909,0.436364,0.59194,0.333333
20200330,1101,0.065909,0.418182,0.589421,0.666667
20200330,1102,0.065909,0.418182,0.589421,0.0
20200330,1103,0.067045,0.381818,0.594458,0.333333
20200330,1104,0.067045,0.381818,0.594458,0.666667
20200330,1105,0.064773,0.4,0.607053,0.666667
20200330,1106,0.064773,0.4,0.607053,0.666667
20200330,1107,0.067045,0.381818,0.607053,1.0
20200330,1108,0.067045,0.381818,0.607053,0.333333
20200330,1109,0.068182,0.381818,0.604534,0.333333
20200330,1110,0.068182,0.381818,0.604534,0.666667
20200330,1111,0.067045,0.418182,0.602015,0.666667
20200330,1112,0.067045,0.418182,0.602015,0.666667
20200330,1113,0.064773,0.418182,0.594458,0.666667
20200330,1114,0.064773,0.418182,0.594458,0.666667
20200330,1115,0.065909,0.363636,0.59194,0.666667
20200330,1116,0.065909,0.363636,0.59194,0.666667
20200330,1117,0.067045,0.381818,0.59194,0.333333
20200330,1118,0.067045,0.381818,0.59194,0.333333
20200330,1119,0.065909,0.381818,0.599496,0.333333
20200330,1120,0.065909,0.381818,0.599496,0.333333
20200330,1121,0.067045,0.345455,0.61461,0.333333
20200330,1122,0.067045,0.345455,0.61461,0.666667
20200330,1123,0.067045,0.4,0.622166,1.0
20200330,1124,0.067045,0.4,0.622166,0.333333
20200330,1125,0.068182,0.327273,0.607053,0.666667
20200330,1126,0.068182,0.327273,0.607053,0.333333
20200330,1127,0.067045,0.381818,0.602015,0.666667
20200330,1128,0.067045,0.381818,0.602015,1.0
20200330,1129,0.064773,0.327273,0.596977,0.333333
20200330,1130,0.064773,0.327273,0.596977,0.666667
20200330,1131,0.065909,0.4,0.594458,0.666667
20200330,1132,0.065909,0.4,0.594458,0.666667
20200330,1133,0.067045,0.418182,0.594458,0.666667
20200330,1134,0.067045,0.418182,0.594458,0.666667
20200330,1135,0.068182,0.454545,0.59194,0.666667
20200330,1136,0.068182,0.454545,0.59194,0.666667
20200330,1137,0.067045,0.4,0.596977,0.333333
20200330,1138,0.067045,0.4,0.596977,0.333333
20200330,1139,0.069318,0.4,0.604534,0.666667
20200330,1140,0.069318,0.4,0.604534,0.333333
20200330,1141,0.068182,0.381818,0.599496,1.0
20200330,1142,0.068182,0.381818,0.599496,0.666667
20200330,1143,0.067045,0.363636,0.596977,0.666667
20200330,1144,0.067045,0.363636,0.596977,0.666667
20200330,1145,0.068182,0.4,0.594458,0.666667
20200330,1146,0.068182,0.4,0.594458,0.666667
20200330,1147,0.065909,0.4,0.59194,0.333333
20200330,1148,0.065909,0.4,0.59194,0.666667
20200330,1149,0.068182,0.345455,0.59194,0.666667
20200330,1150,0.068182,0.345455,0.59194,0.333333
20200330,1151,0.067045,0.363636,0.596977,0.666667
20200330,1152,0.067045,0.363636,0.596977,0.0
20200330,1153,0.067045,0.381818,0.61461,0.333333
20200330,1154,0.067045,0.381818,0.61461,0.666667
20200330,1155,0.067045,0.454545,0.617128,0.666667
20200330,1156,0.067045,0.454545,0.617128,0.666667
20200330,1157,0.067045,0.363636,0.599496,1.0
20200330,1158,0.067045,0.363636,0.599496,0.333333
20200330,1159,0.065909,0.4,0.581864,0.333333
20200330,1160,0.065909,0.4,0.581864,0.666667
20200330,1161,0.064773,0.418182,0.594458,0.666667
20200330,1162,0.064773,0.418182,0.594458,0.666667
20200330,1163,0.065909,0.381818,0.599496,0.666667
20200330,1164,0.065909,0.381818,0.599496,0.666667
20200330,1165,0.064773,0.381818,0.59194,0.666667
20200330,1166,0.064773,0.381818,0.59194,0.666667
20200330,1167,0.068182,0.418182,0.596977,0.333333
20200330,1168,0.068182,0.418182,0.596977,0.333333
20200330,1169,0.065909,0.381818,0.584383,0.333333
20200330,1170,0.065909,0.381818,0.584383,0.333333
20200330,1171,0.065909,0.381818,0.581864,0.333333
20200330,1172,0.065909,0.381818,0.581864,0.666667
20200330,1173,0.068182,0.363636,0.596977,1.0
20200330,1174,0.068182,0.363636,0.596977,0.333333
20200330,1175,0.065909,0.418182,0.596977,0.666667
20200330,1176,0.065909,0.418182,0.596977,0.333333
20200330,1177,0.064773,0.345455,0.596977,0.666667
20200330,1178,0.064773,0.345455,0.596977,1.0
20200330,1179,0.064773,0.4,0.586902,0.333333
20200330,1180,0.064773,0.4,0.586902,0.666667
20200330,1181,0.065909,0.363636,0.59194,0.666667
20200330,1182,0.065909,0.363636,0.59194,0.666667
20200330,1183,0.065909,0.418182,0.594458,0.666667
20200330,1184,0.065909,0.418182,0.594458,0.666667
20200330,1185,0.067045,0.381818,0.599496,0.666667
20200330,1186,0.067045,0.381818,0.599496,0.666667
20200330,1187,0.067045,0.363636,0.604534,0.333333
20200330,1188,0.067045,0.363636,0.604534,0.333333
20200330,1189,0.064773,0.454545,0.609572,0.666667
20200330,1190,0.064773,0.454545,0.609572,0.333333
20200330,1191,0.065909,0.345455,0.607053,1.0
20200330,1192,0.065909,0.345455,0.607053,0.666667
20200330,1193,0.064773,0.4,0.604534,0.666667
20200330,1194,0.064773,0.4,0.604534,0.666667
20200330,1195,0.064773,0.418182,0.599496,0.333333
20200330,1196,0.064773,0.418182,0.599496,0.666667
20200330,1197,0.065909,0.418182,0.596977,0.666667
20200330,1198,0.065909,0.418182,0.596977,0.333333
20200330,1199,0.064773,0.418182,0.599496,0.666667
20200330,1200,0.064773,0.418182,0.599496,0.0
20200330,1201,0.065909,0.381818,0.59194,0.333333
20200330,1202,0.065909,0.381818,0.59194,0.666667
20200330,1203,0.064773,0.472727,0.59194,0.666667
20200330,1204,0.064773,0.472727,0.59194,0.666667
20200330,1205,0.065909,0.381818,0.602015,1.0
20200330,1206,0.065909,0.381818,0.602015,0.333333
20200330,1207,0.065909,0.4,0.617128,0.333333
20200330,1208,0.065909,0.4,0.617128,0.666667
20200330,1209,0.065909,0.363636,0.612091,0.666667
20200330,1210,0.065909,0.363636,0.612091,0.666667
20200330,1211,0.067045,0.363636,0.602015,0.666667
20200330,1212,0.067045,0.363636,0.602015,0.666667
20200330,1213,0.065909,0.381818,0.599496,0.666667
20200330,1214,0.065909,0.381818,0.599496,0.666667
20200330,1215,0.065909,0.4,0.607053,0.333333
20200330,1216,0.065909,0.4,0.607053,0.333333
20200330,1217,0.070455,0.090909,0.596977,0.666667
20200330,1218,0.070455,0.090909,0.596977,0.333333
20200330,1219,0.071591,0.109091,0.596977,0.666667
20200330,1220,0.071591,0.109091,0.596977,0.666667
20200330,1221,0.071591,0.127273,0.594458,0.333333
20200330,1222,0.071591,0.127273,0.594458,0.666667
20200330,1223,0.067045,0.054545,0.596977,0.0
20200330,1224,0.067045,0.054545,0.596977,0.333333
20200330,1225,0.070455,0.145455,0.599496,0.666667
20200330,1226,0.070455,0.145455,0.599496,0.666667
20200330,1227,0.071591,0.145455,0.584383,0.666667
20200330,1228,0.071591,0.145455,0.584383,1.0
20200330,1229,0.071591,0.127273,0.599496,0.333333
20200330,1230,0.071591,0.127273,0.599496,0.333333
20200330,1231,0.069318,0.163636,0.599496,0.666667
20200330,1232,0.069318,0.163636,0.599496,0.666667
20200330,1233,0.068182,0.127273,0.599496,0.666667
20200330,1234,0.068182,0.127273,0.599496,0.666667
20200330,1235,0.070455,0.218182,0.59194,0.666667
20200330,1236,0.070455,0.218182,0.59194,0.666667
20200330,1237,0.068182,0.290909,0.594458,0.666667
20200330,1238,0.068182,0.290909,0.594458,0.333333
20200330,1239,0.069318,0.236364,0.596977,0.333333
20200330,1240,0.069318,0.236364,0.596977,0.333333
20200330,1241,0.071591,0.218182,0.596977,0.333333
20200330,1242,0.071591,0.218182,0.596977,0.333333
20200330,1243,0.071591,0.218182,0.596977,0.666667
20200330,1244,0.071591,0.218182,0.596977,1.0
20200330,1245,0.069318,0.327273,0.604534,0.333333
20200330,1246,0.069318,0.327273,0.604534,0.666667
20200330,1247,0.071591,0.272727,0.599496,0.333333
20200330,1248,0.071591,0.272727,0.599496,0.666667
20200330,1249,0.069318,0.254545,0.594458,1.0
20200330,1250,0.069318,0.254545,0.594458,0.333333
20200330,1251,0.070455,0.272727,0.581864,0.666667
20200330,1252,0.070455,0.272727,0.581864,0.666667
20200330,1253,0.070455,0.254545,0.594458,0.666667
20200330,1254,0.070455,0.254545,0.594458,0.666667
20200330,1255,0.070455,0.290909,0.604534,0.666667
20200330,1256,0.070455,0.290909,0.604534,0.666667
20200330,1257,0.069318,0.254545,0.607053,0.666667
20200330,1258,0.069318,0.254545,0.607053,0.333333
20200330,1259,0.070455,0.345455,0.59194,0.333333
20200330,1260,0.070455,0.345455,0.59194,0.666667
20200330,1261,0.068182,0.327273,0.602015,0.333333
20200330,1262,0.068182,0.327273,0.602015,1.0
20200330,1263,0.069318,0.327273,0.589421,0.666667
20200330,1264,0.069318,0.327273,0.589421,0.666667
20200330,1265,0.069318,0.363636,0.604534,0.666667
20200330,1266,0.069318,0.363636,0.604534,0.666667
20200330,1267,0.069318,0.272727,0.596977,0.666667
20200330,1268,0.069318,0.272727,0.596977,0.666667
20200330,1269,0.070455,0.345455,0.596977,0.666667
20200330,1270,0.070455,0.345455,0.596977,0.666667
20200330,1271,0.069318,0.327273,0.599496,0.666667
20200330,1272,0.069318,0.327273,0.599496,0.333333
20200330,1273,0.070455,0.345455,0.594458,0.333333
20200330,1274,0.070455,0.345455,0.594458,0.666667
20200330,1275,0.065909,0.327273,0.59194,0.333333
20200330,1276,0.065909,0.327273,0.59194,1.0
20200330,1277,0.067045,0.4,0.59194,0.666667
20200330,1278,0.067045,0.4,0.59194,0.666667
20200330,1279,0.068182,0.363636,0.596977,0.666667
20200330,1280,0.068182,0.363636,0.596977,0.666667
20200330,1281,0.067045,0.345455,0.599496,0.666667
20200330,1282,0.067045,0.345455,0.599496,0.333333
20200330,1283,0.067045,0.381818,0.604534,0.666667
20200330,1284,0.067045,0.381818,0.604534,0.666667
20200330,1285,0.068182,0.290909,0.594458,0.333333
20200330,1286,0.068182,0.290909,0.594458,0.666667
20200330,1287,0.067045,0.327273,0.59194,0.0
20200330,1288,0.067045,0.327273,0.59194,0.333333
20200330,1289,0.065909,0.345455,0.59194,0.666667
20200330,1290,0.065909,0.345455,0.59194,0.666667
20200330,1291,0.065909,0.272727,0.584383,0.666667
20200330,1292,0.065909,0.272727,0.584383,0.666667
20200330,1293,0.067045,0.272727,0.607053,0.333333
20200330,1294,0.067045,0.272727,0.607053,0.666667
20200330,1295,0.067045,0.381818,0.604534,0.666667
20200330,1296,0.067045,0.381818,0.604534,0.333333
20200330,1297,0.067045,0.327273,0.599496,0.666667
20200330,1298,0.067045,0.327273,0.599496,0.0
20200330,1299,0.065909,0.4,0.599496,0.333333
20200330,1300,0.065909,0.4,0.599496,0.666667
20200330,1301,0.065909,0.381818,0.596977,0.666667
20200330,1302,0.065909,0.381818,0.596977,0.666667
20200330,1303,0.065909,0.4,0.581864,1.0
20200330,1304,0.065909,0.4,0.581864,0.333333
20200330,1305,0.065909,0.345455,0.59194,0.333333
20200330,1306,0.065909,0.345455,0.59194,0.666667
20200330,1307,0.067045,0.381818,0.596977,0.666667
20200330,1308,0.067045,0.381818,0.596977,0.666667
20200330,1309,0.065909,0.363636,0.607053,0.666667
20200330,1310,0.065909,0.363636,0.607053,0.666667
20200330,1311,0.064773,0.345455,0.602015,0.666667
20200330,1312,0.064773,0.345455,0.602015,0.666667
20200330,1313,0.064773,0.363636,0.607053,0.333333
20200330,1314,0.064773,0.363636,0.607053,0.333333
20200330,1315,0.064773,0.381818,0.596977,0.333333
20200330,1316,0.064773,0.381818,0.596977,0.333333
20200330,1317,0.063636,0.4,0.596977,0.333333
20200330,1318,0.063636,0.4,0.596977,0.666667
20200330,1319,0.069318,0.454545,0.594458,1.0
20200330,1320,0.069318,0.454545,0.594458,0.333333
20200330,1321,0.070455,0.4,0.594458,0.666667
20200330,1322,0.070455,0.4,0.594458,0.333333
20200330,1323,0.069318,0.4,0.596977,0.666667
20200330,1324,0.069318,0.4,0.596977,1.0
20200330,1325,0.068182,0.345455,0.599496,0.333333
20200330,1326,0.068182,0.345455,0.599496,0.666667
20200330,1327,0.071591,0.381818,0.607053,0.666667
20200330,1328,0.071591,0.381818,0.607053,0.666667
20200330,1329,0.069318,0.4,0.599496,0.333333
20200330,1330,0.069318,0.4,0.599496,0.666667
20200330,1331,0.069318,0.418182,0.596977,0.666667
20200330,1332,0.069318,0.418182,0.596977,0.333333
20200330,1333,0.068182,0.436364,0.594458,0.666667
20200330,1334,0.068182,0.436364,0.594458,0.0
20200330,1335,0.069318,0.418182,0.594458,0.333333
20200330,1336,0.069318,0.418182,0.594458,0.666667
20200330,1337,0.069318,0.363636,0.589421,0.666667
20200330,1338,0.069318,0.363636,0.589421,0.666667
20200330,1339,0.070455,0.4,0.599496,1.0
20200330,1340,0.070455,0.4,0.599496,0.333333
20200330,1341,0.069318,0.381818,0.61461,0.333333
20200330,1342,0.069318,0.381818,0.61461,0.666667
20200330,1343,0.069318,0.381818,0.607053,0.666667
20200330,1344,0.069318,0.381818,0.607053,0.666667
20200330,1345,0.067045,0.418182,0.596977,0.666667
20200330,1346,0.067045,0.418182,0.596977,0.666667
20200330,1347,0.067045,0.436364,0.59194,0.666667
20200330,1348,0.067045,0.436364,0.59194,0.666667
20200330,1349,0.067045,0.363636,0.589421,0.333333
20200330,1350,0.067045,0.363636,0.589421,0.333333
20200330,1351,0.067045,0.381818,0.594458,0.333333
20200330,1352,0.067045,0.381818,0.594458,0.333333
20200330,1353,0.069318,0.472727,0.604534,0.333333
20200330,1354,0.069318,0.472727,0.604534,0.666667
20200330,1355,0.068182,0.363636,0.619647,1.0
20200330,1356,0.068182,0.363636,0.619647,0.333333
20200330,1357,0.069318,0.418182,0.607053,0.666667
20200330,1358,0.069318,0.418182,0.607053,0.333333
20200330,1359,0.068182,0.436364,0.607053,0.666667
20200330,1360,0.068182,0.436364,0.607053,1.0
20200330,1361,0.064773,0.381818,0.596977,0.333333
20200330,1362,0.064773,0.381818,0.596977,0.666667
20200330,1363,0.067045,0.4,0.589421,0.666667
20200330,1364,0.067045,0.4,0.589421,0.666667
20200330,1365,0.065909,0.381818,0.589421,0.666667
20200330,1366,0.065909,0.381818,0.589421,0.666667
20200330,1367,0.067045,0.363636,0.602015,0.666667
20200330,1368,0.067045,0.363636,0.602015,0.666667
20200330,1369,0.067045,0.381818,0.607053,0.333333
20200330,1370,0.067045,0.381818,0.607053,0.333333
20200330,1371,0.069318,0.345455,0.612091,0.666667
20200330,1372,0.069318,0.345455,0.612091,0.333333
20200330,1373,0.067045,0.4,0.607053,1.0
20200330,1374,0.067045,0.4,0.607053,0.666667
20200330,1375,0.069318,0.4,0.599496,0.666667
20200330,1376,0.069318,0.4,0.599496,0.666667
20200330,1377,0.065909,0.418182,0.586902,0.666667
20200330,1378,0.065909,0.418182,0.586902,0.666667
20200330,1379,0.065909,0.4,0.589421,0.666667
20200330,1380,0.065909,0.4,0.589421,0.666667
20200330,1381,0.067045,0.436364,0.576826,0.666667
20200330,1382,0.067045,0.436364,0.576826,0.666667
20200330,1383,0.067045,0.4,0.602015,0.333333
20200330,1384,0.067045,0.4,0.602015,0.333333
20200330,1385,0.068182,0.418182,0.609572,0.666667
20200330,1386,0.068182,0.418182,0.609572,0.333333
20200330,1387,0.068182,0.4,0.609572,1.0
20200330,1388,0.068182,0.4,0.609572,0.666667
20200330,1389,0.064773,0.418182,0.609572,0.666667
20200330,1390,0.064773,0.418182,0.609572,0.666667
20200330,1391,0.065909,0.363636,0.602015,0.666667
20200330,1392,0.065909,0.363636,0.602015,0.666667
20200330,1393,0.067045,0.345455,0.584383,0.333333
20200330,1394,0.067045,0.345455,0.584383,0.666667
20200330,1395,0.065909,0.436364,0.59194,0.666667
20200330,1396,0.065909,0.436364,0.59194,0.333333
20200330,1397,0.065909,0.418182,0.589421,0.666667
20200330,1398,0.065909,0.418182,0.589421,0.0
20200330,1399,0.067045,0.381818,0.594458,0.333333
20200330,1400,0.067045,0.381818,0.594458,0.666667
20200330,1401,0.064773,0.4,0.607053,0.666667
20200330,1402,0.064773,0.4,0.607053,0.666667
20200330,1403,0.067045,0.381818,0.607053,1.0
20200330,1404,0.067045,0.381818,0.607053,0.333333
20200330,1405,0.068182,0.381818,0.604534,0.333333
20200330,1406,0.068182,0.381818,0.604534,0.666667
20200330,1407,0.067045,0.418182,0.602015,0.666667
20200330,1408,0.067045,0.418182,0.602015,0.666667
20200330,1409,0.064773,0.418182,0.594458,0.666667
20200330,1410,0.064773,0.418182,0.594458,0.666667
20200330,1411,0.065909,0.363636,0.59194,0.666667
20200330,1412,0.065909,0.363636,0.59194,0.666667
20200330,1413,0.067045,0.381818,0.59194,0.333333
20200330,1414,0.067045,0.381818,0.59194,0.333333
20200330,1415,0.065909,0.381818,0.599496,0.333333
20200330,1416,0.065909,0.381818,0.599496,0.333333
20200330,1417,0.067045,0.345455,0.61461,0.333333
20200330,1418,0.067045,0.345455,0.61461,0.666667
20200330,1419,0.067045,0.4,0.622166,1.0
20200330,1420,0.067045,0.4,0.622166,0.333333
20200330,1421,0.068182,0.327273,0.607053,0.666667
20200330,1422,0.068182,0.327273,0.607053,0.333333
20200330,1423,0.067045,0.381818,0.602015,0.666667
20200330,1424,0.067045,0.381818,0.602015,1.0
20200330,1425,0.064773,0.327273,0.596977,0.333333
20200330,1426,0.064773,0.327273,0.596977,0.666667
20200330,1427,0.065909,0.4,0.594458,0.666667
20200330,1428,0.065909,0.4,0.594458,0.666667
20200330,1429,0.067045,0.418182,0.594458,0.666667
20200330,1430,0.067045,0.418182,0.594458,0.666667
20200330,1431,0.068182,0.454545,0.59194,0.666667
20200330,1432,0.068182,0.454545,0.59194,0.666667
20200330,1433,0.067045,0.4,0.596977,0.333333
20200330,1434,0.067045,0.4,0.596977,0.333333
20200330,1435,0.069318,0.4,0.604534,0.666667
20200330,1436,0.069318,0.4,0.604534,0.333333
20200330,1437,0.068182,0.381818,0.599496,1.0
20200330,1438,0.068182,0.381818,0.599496,0.666667
20200330,1439,0.067045,0.363636,0.596977,0.666667
20200330,1440,0.067045,0.363636,0.596977,0.666667
20200330,1441,0.068182,0.4,0.594458,0.666667
20200330,1442,0.068182,0.4,0.594458,0.666667
20200330,1443,0.065909,0.4,0.59194,0.333333
20200330,1444,0.065909,0.4,0.59194,0.666667
20200330,1445,0.068182,0.345455,0.59194,0.666667
20200330,1446,0.068182,0.345455,0.59194,0.333333
20200330,1447,0.067045,0.363636,0.596977,0.666667
20200330,1448,0.067045,0.363636,0.596977,0.0
20200330,1449,0.067045,0.381818,0.61461,0.333333
20200330,1450,0.067045,0.381818,0.61461,0.666667
20200330,1451,0.067045,0.454545,0.617128,0.666667
20200330,1452,0.067045,0.454545,0.617128,0.666667
20200330,1453,0.067045,0.363636,0.599496,1.0
20200330,1454,0.067045,0.363636,0.599496,0.333333
20200330,1455,0.065909,0.4,0.581864,0.333333
20200330,1456,0.065909,0.4,0.581864,0.666667
20200330,1457,0.064773,0.418182,0.594458,0.666667
20200330,1458,0.064773,0.418182,0.594458,0.666667
20200330,1459,0.065909,0.381818,0.599496,0.666667
20200330,1460,0.065909,0.381818,0.599496,0.666667
20200330,1461,0.064773,0.381818,0.59194,0.666667
20200330,1462,0.064773,0.381818,0.59194,0.666667
20200330,1463,0.068182,0.418182,0.596977,0.333333
20200330,1464,0.068182,0.418182,0.596977,0.333333
20200330,1465,0.065909,0.381818,0.584383,0.333333
20200330,1466,0.065909,0.381818,0.584383,0.333333
20200330,1467,0.065909,0.381818,0.581864,0.333333
20200330,1468,0.065909,0.381818,0.581864,0.666667
20200330,1469,0.068182,0.363636,0.596977,1.0
20200330,1470,0.068182,0.363636,0.596977,0.333333
20200331,1,0.065909,0.418182,0.596977,0.666667
20200331,2,0.065909,0.418182,0.596977,0.333333
20200331,3,0.064773,0.345455,0.596977,0.666667
20200331,4,0.064773,0.345455,0.596977,1.0
20200331,5,0.064773,0.4,0.586902,0.333333
20200331,6,0.064773,0.4,0.586902,0.666667
20200331,7,0.065909,0.363636,0.59194,0.666667
20200331,8,0.065909,0.363636,0.59194,0.666667
20200331,9,0.065909,0.418182,0.594458,0.666667
20200331,10,0.065909,0.418182,0.594458,0.666667
20200331,11,0.067045,0.381818,0.599496,0.666667
20200331,12,0.067045,0.381818,0.599496,0.666667
20200331,13,0.067045,0.363636,0.604534,0.333333
20200331,14,0.067045,0.363636,0.604534,0.333333
20200331,15,0.064773,0.454545,0.609572,0.666667
20200331,16,0.064773,0.454545,0.609572,0.333333
20200331,17,0.065909,0.345455,0.607053,1.0
20200331,18,0.065909,0.345455,0.607053,0.666667
20200331,19,0.064773,0.4,0.604534,0.666667
20200331,20,0.064773,0.4,0.604534,0.666667
20200331,21,0.064773,0.418182,0.599496,0.333333
20200331,22,0.064773,0.418182,0.599496,0.666667
20200331,23,0.065909,0.418182,0.596977,0.666667
20200331,24,0.065909,0.418182,0.596977,0.333333
20200331,25,0.064773,0.418182,0.599496,0.666667
20200331,26,0.064773,0.418182,0.599496,0.0
20200331,27,0.065909,0.381818,0.59194,0.333333
20200331,28,0.065909,0.381818,0.59194,0.666667
20200331,29,0.064773,0.472727,0.59194,0.666667
20200331,30,0.064773,0.472727,0.59194,0.666667
20200331,31,0.065909,0.381818,0.602015,1.0
20200331,32,0.065909,0.381818,0.602015,0.333333
20200331,33,0.065909,0.4,0.617128,0.333333
20200331,34,0.065909,0.4,0.617128,0.666667
20200331,35,0.065909,0.363636,0.612091,0.666667
20200331,36,0.065909,0.363636,0.612091,0.666667
20200331,37,0.067045,0.363636,0.602015,0.666667
20200331,38,0.067045,0.363636,0.602015,0.666667
20200331,39,0.065909,0.381818,0.599496,0.666667
20200331,40,0.065909,0.381818,0.599496,0.666667
20200331,41,0.065909,0.4,0.607053,0.333333
20200331,42,0.065909,0.4,0.607053,0.333333
20200331,43,0.064773,0.418182,0.596977,0.333333
20200331,44,0.064773,0.418182,0.596977,0.333333
20200331,45,0.064773,0.454545,0.596977,0.333333
20200331,46,0.064773,0.454545,0.596977,0.666667
20200331,47,0.064773,0.254545,0.607053,0.333333
20200331,48,0.064773,0.254545,0.607053,0.333333
20200331,49,0.065909,0.290909,0.599496,0.666667
20200331,50,0.065909,0.290909,0.599496,0.333333
20200331,51,0.067045,0.309091,0.59194,1.0
20200331,52,0.067045,0.309091,0.59194,0.666667
20200331,53,0.064773,0.418182,0.574307,0.666667
20200331,54,0.064773,0.418182,0.574307,0.666667
20200331,55,0.065909,0.345455,0.579345,0.666667
20200331,56,0.065909,0.345455,0.579345,0.666667
20200331,57,0.069318,0.4,0.589421,0.666667
20200331,58,0.069318,0.4,0.589421,0.333333
20200331,59,0.065909,0.4,0.612091,0.333333
20200331,60,0.065909,0.4,0.612091,0.666667
20200331,61,0.068182,0.345455,0.617128,0.333333
20200331,62,0.068182,0.345455,0.617128,1.0
20200331,63,0.065909,0.436364,0.609572,0.666667
20200331,64,0.065909,0.436364,0.609572,0.666667
20200331,65,0.064773,0.4,0.599496,0.666667
20200331,66,0.064773,0.4,0.599496,0.666667
20200331,67,0.064773,0.436364,0.574307,0.333333
20200331,68,0.064773,0.436364,0.574307,0.666667
20200331,69,0.065909,0.472727,0.574307,0.666667
20200331,70,0.065909,0.472727,0.574307,0.333333
20200331,71,0.065909,0.363636,0.596977,0.666667
20200331,72,0.065909,0.363636,0.596977,0.0
20200331,73,0.068182,0.418182,0.617128,0.333333
20200331,74,0.068182,0.418182,0.617128,0.666667
20200331,75,0.067045,0.345455,0.63728,0.666667
20200331,76,0.067045,0.345455,0.63728,0.666667
20200331,77,0.068182,0.4,0.629723,1.0
20200331,78,0.068182,0.4,0.629723,0.333333
20200331,79,0.067045,0.309091,0.612091,0.333333
20200331,80,0.067045,0.309091,0.612091,0.666667
20200331,81,0.064773,0.363636,0.596977,0.666667
20200331,82,0.064773,0.363636,0.596977,0.666667
20200331,83,0.064773,0.4,0.586902,0.666667
20200331,84,0.064773,0.4,0.586902,0.666667
20200331,85,0.065909,0.327273,0.571788,0.666667
20200331,86,0.065909,0.327273,0.571788,0.666667
20200331,87,0.063636,0.4,0.584383,0.333333
20200331,88,0.063636,0.4,0.584383,0.333333
20200331,89,0.064773,0.327273,0.61461,0.333333
20200331,90,0.064773,0.327273,0.61461,0.333333
20200331,91,0.065909,0.327273,0.624685,0.333333
20200331,92,0.065909,0.327273,0.624685,0.666667
20200331,93,0.064773,0.363636,0.622166,1.0
20200331,94,0.064773,0.363636,0.622166,0.333333
20200331,95,0.064773,0.363636,0.61461,0.666667
20200331,96,0.064773,0.363636,0.61461,0.666667
20200331,97,0.0625,0.4,0.602015,0.333333
20200331,98,0.0625,0.4,0.602015,0.666667
20200331,99,0.065909,0.4,0.584383,0.666667
20200331,100,0.065909,0.4,0.584383,0.333333
20200331,101,0.064773,0.454545,0.586902,0.666667
20200331,102,0.064773,0.454545,0.586902,0.0
20200331,103,0.064773,0.327273,0.589421,0.333333
20200331,104,0.064773,0.327273,0.589421,0.666667
20200331,105,0.064773,0.363636,0.607053,0.666667
20200331,106,0.064773,0.363636,0.607053,0.666667
20200331,107,0.067045,0.327273,0.61461,1.0
20200331,108,0.067045,0.327273,0.61461,0.333333
20200331,109,0.067045,0.345455,0.624685,0.333333
20200331,110,0.067045,0.345455,0.624685,0.666667
20200331,111,0.068182,0.327273,0.61461,0.666667
20200331,112,0.068182,0.327273,0.61461,0.666667
20200331,113,0.067045,0.363636,0.607053,0.666667
20200331,114,0.067045,0.363636,0.607053,0.666667
20200331,115,0.064773,0.4,0.594458,0.666667
20200331,116,0.064773,0.4,0.594458,0.666667
20200331,117,0.064773,0.418182,0.589421,0.333333
20200331,118,0.064773,0.418182,0.589421,0.333333
20200331,119,0.064773,0.472727,0.586902,0.333333
20200331,120,0.064773,0.472727,0.586902,0.333333
20200331,121,0.067045,0.363636,0.599496,0.333333
20200331,122,0.067045,0.363636,0.599496,0.666667
20200331,123,0.069318,0.309091,0.612091,1.0
20200331,124,0.069318,0.309091,0.612091,0.333333
20200331,125,0.068182,0.345455,0.619647,0.666667
20200331,126,0.068182,0.345455,0.619647,0.333333
20200331,127,0.067045,0.327273,0.619647,0.666667
20200331,128,0.067045,0.327273,0.619647,1.0
20200331,129,0.068182,0.381818,0.604534,0.333333
20200331,130,0.068182,0.381818,0.604534,0.666667
20200331,131,0.064773,0.363636,0.604534,0.666667
20200331,132,0.064773,0.363636,0.604534,0.666667
20200331,133,0.067045,0.381818,0.574307,0.333333
20200331,134,0.067045,0.381818,0.574307,0.666667
20200331,135,0.064773,0.363636,0.586902,0.666667
20200331,136,0.064773,0.363636,0.586902,0.333333
20200331,137,0.064773,0.472727,0.596977,0.666667
20200331,138,0.064773,0.472727,0.596977,0.0
20200331,139,0.065909,0.363636,0.609572,0.333333
20200331,140,0.065909,0.363636,0.609572,0.666667
20200331,141,0.067045,0.436364,0.612091,0.666667
20200331,142,0.067045,0.436364,0.612091,0.666667
20200331,143,0.065909,0.345455,0.609572,1.0
20200331,144,0.065909,0.345455,0.609572,0.333333
20200331,145,0.065909,0.327273,0.602015,0.333333
20200331,146,0.065909,0.327273,0.602015,0.666667
20200331,147,0.065909,0.381818,0.594458,0.666667
20200331,148,0.065909,0.381818,0.594458,0.666667
20200331,149,0.064773,0.4,0.581864,0.666667
20200331,150,0.064773,0.4,0.581864,0.666667
20200331,151,0.065909,0.418182,0.574307,0.666667
20200331,152,0.065909,0.418182,0.574307,0.666667
20200331,153,0.067045,0.4,0.602015,0.333333
20200331,154,0.067045,0.4,0.602015,0.333333
20200331,155,0.067045,0.454545,0.607053,0.333333
20200331,156,0.067045,0.454545,0.607053,0.333333
20200331,157,0.069318,0.436364,0.612091,0.333333
20200331,158,0.069318,0.436364,0.612091,0.666667
20200331,159,0.063636,0.381818,0.607053,1.0
20200331,160,0.063636,0.381818,0.607053,0.333333
20200331,161,0.070455,0.363636,0.604534,0.666667
20200331,162,0.070455,0.363636,0.604534,0.333333
20200331,163,0.064773,0.381818,0.581864,0.666667
20200331,164,0.064773,0.381818,0.581864,1.0
20200331,165,0.064773,0.381818,0.584383,0.333333
20200331,166,0.064773,0.381818,0.584383,0.666667
20200331,167,0.065909,0.436364,0.589421,0.666667
20200331,168,0.065909,0.436364,0.589421,0.666667
20200331,169,0.065909,0.381818,0.61461,0.666667
20200331,170,0.065909,0.381818,0.61461,0.666667
20200331,171,0.064773,0.4,0.629723,0.666667
20200331,172,0.064773,0.4,0.629723,0.666667
20200331,173,0.068182,0.4,0.624685,0.333333
20200331,174,0.068182,0.4,0.624685,0.333333
20200331,175,0.065909,0.381818,0.619647,0.666667
20200331,176,0.065909,0.381818,0.619647,0.333333
20200331,177,0.0625,0.436364,0.602015,1.0
20200331,178,0.0625,0.436364,0.602015,0.666667
20200331,179,0.064773,0.4,0.584383,0.666667
20200331,180,0.064773,0.4,0.584383,0.666667
20200331,181,0.0625,0.418182,0.586902,0.666667
20200331,182,0.0625,0.418182,0.586902,0.666667
20200331,183,0.064773,0.363636,0.576826,0.666667
20200331,184,0.064773,0.363636,0.576826,0.666667
20200331,185,0.065909,0.418182,0.607053,0.666667
20200331,186,0.065909,0.418182,0.607053,0.666667
20200331,187,0.064773,0.363636,0.612091,0.333333
20200331,188,0.064773,0.363636,0.612091,0.333333
20200331,189,0.068182,0.4,0.61461,0.666667
20200331,190,0.068182,0.4,0.61461,0.333333
20200331,191,0.065909,0.454545,0.609572,1.0
20200331,192,0.065909,0.454545,0.609572,0.666667
20200331,193,0.063636,0.436364,0.602015,0.666667
20200331,194,0.063636,0.436364,0.602015,0.666667
20200331,195,0.064773,0.436364,0.594458,0.666667
20200331,196,0.064773,0.436364,0.594458,0.666667
20200331,197,0.065909,0.436364,0.589421,0.333333
20200331,198,0.065909,0.436364,0.589421,0.666667
20200331,199,0.063636,0.490909,0.59194,0.666667
20200331,200,0.063636,0.490909,0.59194,0.333333
20200331,201,0.065909,0.418182,0.59194,0.666667
20200331,202,0.065909,0.418182,0.59194,0.0
20200331,203,0.064773,0.418182,0.617128,0.333333
20200331,204,0.064773,0.418182,0.617128,0.666667
20200331,205,0.065909,0.363636,0.61461,0.666667
20200331,206,0.065909,0.363636,0.61461,0.666667
20200331,207,0.067045,0.436364,0.604534,1.0
20200331,208,0.067045,0.436364,0.604534,0.333333
20200331,209,0.064773,0.381818,0.594458,0.333333
20200331,210,0.064773,0.381818,0.594458,0.666667
20200331,211,0.065909,0.472727,0.59194,0.666667
20200331,212,0.065909,0.472727,0.59194,0.666667
20200331,213,0.064773,0.454545,0.59194,0.666667
20200331,214,0.064773,0.454545,0.59194,0.666667
20200331,215,0.063636,0.418182,0.596977,0.666667
20200331,216,0.063636,0.418182,0.596977,0.666667
20200331,217,0.065909,0.418182,0.602015,0.333333
20200331,218,0.065909,0.418182,0.602015,0.333333
20200331,219,0.065909,0.381818,0.612091,0.333333
20200331,220,0.065909,0.381818,0.612091,0.333333
20200331,221,0.064773,0.418182,0.607053,0.333333
20200331,222,0.064773,0.418182,0.607053,0.666667
20200331,223,0.065909,0.363636,0.599496,1.0
20200331,224,0.065909,0.363636,0.599496,0.333333
20200331,225,0.063636,0.363636,0.594458,0.666667
20200331,226,0.063636,0.363636,0.594458,0.333333
20200331,227,0.063636,0.436364,0.59194,0.666667
20200331,228,0.063636,0.436364,0.59194,1.0
20200331,229,0.065909,0.436364,0.599496,0.333333
20200331,230,0.065909,0.436364,0.599496,0.666667
20200331,231,0.064773,0.381818,0.594458,0.666667
20200331,232,0.064773,0.381818,0.594458,0.666667
20200331,233,0.065909,0.4,0.589421,0.666667
20200331,234,0.065909,0.4,0.589421,0.666667
20200331,235,0.065909,0.472727,0.579345,0.666667
20200331,236,0.065909,0.472727,0.579345,0.666667
20200331,237,0.064773,0.436364,0.594458,0.333333
20200331,238,0.064773,0.436364,0.594458,0.333333
20200331,239,0.064773,0.418182,0.604534,0.666667
20200331,240,0.064773,0.418182,0.604534,0.333333
20200331,241,0.065909,0.418182,0.609572,1.0
20200331,242,0.065909,0.418182,0.609572,0.666667
20200331,243,0.064773,0.436364,0.607053,0.666667
20200331,244,0.064773,0.436364,0.607053,0.333333
20200331,245,0.064773,0.363636,0.602015,0.666667
20200331,246,0.064773,0.363636,0.602015,0.333333
20200331,247,0.064773,0.436364,0.59194,0.666667
20200331,248,0.064773,0.436364,0.59194,1.0
20200331,249,0.064773,0.418182,0.59194,0.333333
20200331,250,0.064773,0.418182,0.59194,0.666667
20200331,251,0.064773,0.472727,0.59194,0.666667
20200331,252,0.064773,0.472727,0.59194,0.666667
20200331,253,0.063636,0.436364,0.604534,0.333333
20200331,254,0.063636,0.436364,0.604534,0.666667
20200331,255,0.067045,0.381818,0.61461,0.666667
20200331,256,0.067045,0.381818,0.61461,0.333333
20200331,257,0.064773,0.418182,0.61461,0.666667
20200331,258,0.064773,0.418182,0.61461,0.0
20200331,259,0.064773,0.418182,0.604534,0.333333
20200331,260,0.064773,0.418182,0.604534,0.666667
20200331,261,0.064773,0.4,0.581864,0.666667
20200331,262,0.064773,0.4,0.581864,0.666667
20200331,263,0.063636,0.4,0.59194,1.0
20200331,264,0.063636,0.4,0.59194,0.333333
20200331,265,0.064773,0.4,0.584383,0.333333
20200331,266,0.064773,0.4,0.584383,0.666667
20200331,267,0.065909,0.381818,0.599496,0.666667
20200331,268,0.065909,0.381818,0.599496,0.666667
20200331,269,0.067045,0.4,0.617128,0.666667
20200331,270,0.067045,0.4,0.617128,0.666667
20200331,271,0.065909,0.4,0.632242,0.666667
20200331,272,0.065909,0.4,0.632242,0.666667
20200331,273,0.065909,0.381818,0.622166,0.333333
20200331,274,0.065909,0.381818,0.622166,0.333333
20200331,275,0.064773,0.436364,0.612091,0.333333
20200331,276,0.064773,0.436364,0.612091,0.333333
20200331,277,0.064773,0.345455,0.599496,0.333333
20200331,278,0.064773,0.345455,0.599496,0.666667
20200331,279,0.0625,0.418182,0.59194,1.0
20200331,280,0.0625,0.418182,0.59194,0.333333
20200331,281,0.0625,0.472727,0.586902,0.666667
20200331,282,0.0625,0.472727,0.586902,0.333333
20200331,283,0.065909,0.436364,0.586902,0.666667
20200331,284,0.065909,0.436364,0.586902,1.0
20200331,285,0.063636,0.4,0.609572,0.333333
20200331,286,0.063636,0.4,0.609572,0.666667
20200331,287,0.064773,0.4,0.619647,0.666667
20200331,288,0.064773,0.4,0.619647,0.666667
20200331,289,0.064773,0.327273,0.612091,0.666667
20200331,290,0.064773,0.327273,0.612091,0.666667
20200331,291,0.064773,0.381818,0.594458,0.666667
20200331,292,0.064773,0.381818,0.594458,0.666667
20200331,293,0.0625,0.363636,0.584383,0.333333
20200331,294,0.0625,0.363636,0.584383,0.333333
20200331,295,0.063636,0.418182,0.589421,0.666667
20200331,296,0.063636,0.418182,0.589421,0.333333
20200331,297,0.063636,0.363636,0.594458,1.0
20200331,298,0.063636,0.363636,0.594458,0.666667
20200331,299,0.064773,0.436364,0.602015,0.666667
20200331,300,0.064773,0.436364,0.602015,0.666667
20200331,301,0.063636,0.381818,0.609572,0.666667
20200331,302,0.063636,0.381818,0.609572,0.666667
20200331,303,0.064773,0.418182,0.609572,0.666667
20200331,304,0.064773,0.418182,0.609572,0.666667
20200331,305,0.064773,0.363636,0.61461,0.666667
20200331,306,0.064773,0.363636,0.61461,0.666667
20200331,307,0.063636,0.381818,0.602015,0.333333
20200331,308,0.063636,0.381818,0.602015,0.333333
20200331,309,0.0625,0.4,0.59194,0.666667
20200331,310,0.0625,0.4,0.59194,0.333333
20200331,311,0.064773,0.436364,0.594458,1.0
20200331,312,0.064773,0.436364,0.594458,0.666667
20200331,313,0.0625,0.381818,0.594458,0.666667
20200331,314,0.0625,0.381818,0.594458,0.666667
20200331,315,0.063636,0.418182,0.594458,0.666667
20200331,316,0.063636,0.418182,0.594458,0.666667
20200331,317,0.064773,0.436364,0.602015,0.333333
20200331,318,0.064773,0.436364,0.602015,0.666667
20200331,319,0.065909,0.418182,0.607053,0.666667
20200331,320,0.065909,0.418182,0.607053,0.333333
20200331,321,0.064773,0.4,0.604534,0.666667
20200331,322,0.064773,0.4,0.604534,0.0
20200331,323,0.064773,0.4,0.604534,0.333333
20200331,324,0.064773,0.4,0.604534,0.666667
20200331,325,0.063636,0.454545,0.596977,0.666667
20200331,326,0.063636,0.454545,0.596977,0.666667
20200331,327,0.0625,0.418182,0.589421,1.0
20200331,328,0.0625,0.418182,0.589421,0.333333
20200331,329,0.063636,0.454545,0.594458,0.333333
20200331,330,0.063636,0.454545,0.594458,0.666667
20200331,331,0.063636,0.490909,0.586902,0.666667
20200331,332,0.063636,0.490909,0.586902,0.666667
20200331,333,0.065909,0.381818,0.604534,0.666667
20200331,334,0.065909,0.381818,0.604534,0.666667
20200331,335,0.063636,0.436364,0.607053,0.666667
20200331,336,0.063636,0.436364,0.607053,0.666667
20200331,337,0.063636,0.345455,0.596977,0.333333
20200331,338,0.063636,0.345455,0.596977,0.333333
20200331,339,0.064773,0.436364,0.581864,0.333333
20200331,340,0.064773,0.436364,0.581864,0.333333
20200331,341,0.0625,0.4,0.59194,0.333333
20200331,342,0.0625,0.4,0.59194,0.666667
20200331,343,0.063636,0.4,0.59194,1.0
20200331,344,0.063636,0.4,0.59194,0.333333
20200331,345,0.064773,0.363636,0.584383,0.666667
20200331,346,0.064773,0.363636,0.584383,0.333333
20200331,347,0.063636,0.436364,0.602015,0.666667
20200331,348,0.063636,0.436364,0.602015,1.0
20200331,349,0.064773,0.436364,0.604534,0.333333
20200331,350,0.064773,0.436364,0.604534,0.666667
20200331,351,0.064773,0.4,0.607053,0.666667
20200331,352,0.064773,0.4,0.607053,0.666667
20200331,353,0.0625,0.436364,0.599496,0.666667
20200331,354,0.0625,0.436364,0.599496,0.666667
20200331,355,0.063636,0.363636,0.594458,0.666667
20200331,356,0.063636,0.363636,0.594458,0.666667
20200331,357,0.063636,0.472727,0.59194,0.333333
20200331,358,0.063636,0.472727,0.59194,0.666667
20200331,359,0.0625,0.345455,0.59194,0.666667
20200331,360,0.0625,0.345455,0.59194,0.333333
20200331,361,0.0625,0.4,0.602015,0.666667
20200331,362,0.0625,0.4,0.602015,0.666667
20200331,363,0.064773,0.436364,0.607053,0.333333
20200331,364,0.064773,0.436364,0.607053,0.666667
20200331,365,0.063636,0.454545,0.609572,0.0
20200331,366,0.063636,0.454545,0.609572,0.333333
20200331,367,0.064773,0.363636,0.604534,0.666667
20200331,368,0.064773,0.363636,0.604534,0.666667
20200331,369,0.063636,0.381818,0.602015,0.666667
20200331,370,0.063636,0.381818,0.602015,1.0
20200331,371,0.063636,0.418182,0.581864,0.333333
20200331,372,0.063636,0.418182,0.581864,0.333333
20200331,373,0.063636,0.418182,0.59194,0.666667
20200331,374,0.063636,0.418182,0.59194,0.666667
20200331,375,0.063636,0.472727,0.596977,0.666667
20200331,376,0.063636,0.472727,0.596977,0.666667
20200331,377,0.064773,0.418182,0.604534,0.666667
20200331,378,0.064773,0.418182,0.604534,0.666667
20200331,379,0.063636,0.454545,0.604534,0.666667
20200331,380,0.063636,0.454545,0.604534,0.333333
20200331,381,0.064773,0.454545,0.604534,0.333333
20200331,382,0.064773,0.454545,0.604534,0.333333
20200331,383,0.064773,0.363636,0.596977,0.333333
20200331,384,0.064773,0.363636,0.596977,0.333333
20200331,385,0.063636,0.418182,0.584383,0.666667
20200331,386,0.063636,0.418182,0.584383,1.0
20200331,387,0.063636,0.363636,0.581864,0.333333
20200331,388,0.063636,0.363636,0.581864,0.666667
20200331,389,0.065909,0.381818,0.602015,0.333333
20200331,390,0.065909,0.381818,0.602015,0.666667
20200331,391,0.065909,0.418182,0.61461,1.0
20200331,392,0.065909,0.418182,0.61461,0.333333
20200331,393,0.064773,0.4,0.612091,0.666667
20200331,394,0.064773,0.4,0.612091,0.666667
20200331,395,0.064773,0.454545,0.602015,0.666667
20200331,396,0.064773,0.454545,0.602015,0.333333
20200331,397,0.0625,0.418182,0.594458,0.666667
20200331,398,0.0625,0.418182,0.594458,0.666667
20200331,399,0.061364,0.363636,0.594458,0.333333
20200331,400,0.061364,0.363636,0.594458,0.666667
20200331,401,0.0625,0.418182,0.596977,0.0
20200331,402,0.0625,0.418182,0.596977,0.333333
20200331,403,0.0625,0.436364,0.596977,0.666667
20200331,404,0.0625,0.436364,0.596977,0.666667
20200331,405,0.065909,0.472727,0.602015,0.666667
20200331,406,0.065909,0.472727,0.602015,1.0
20200331,407,0.0625,0.418182,0.599496,0.333333
20200331,408,0.0625,0.418182,0.599496,0.333333
20200331,409,0.0625,0.4,0.594458,0.666667
20200331,410,0.0625,0.4,0.594458,0.666667
20200331,411,0.063636,0.472727,0.594458,0.666667
20200331,412,0.063636,0.472727,0.594458,0.666667
20200331,413,0.063636,0.381818,0.59194,0.666667
20200331,414,0.063636,0.381818,0.59194,0.666667
20200331,415,0.063636,0.418182,0.602015,0.666667
20200331,416,0.063636,0.418182,0.602015,0.333333
20200331,417,0.063636,0.345455,0.596977,0.333333
20200331,418,0.063636,0.345455,0.596977,0.333333
20200331,419,0.063636,0.418182,0.599496,0.333333
20200331,420,0.063636,0.418182,0.599496,0.333333
20200331,421,0.064773,0.381818,0.599496,0.666667
20200331,422,0.064773,0.381818,0.599496,1.0
20200331,423,0.063636,0.436364,0.594458,0.333333
20200331,424,0.063636,0.436364,0.594458,0.666667
20200331,425,0.064773,0.418182,0.59194,0.333333
20200331,426,0.064773,0.418182,0.59194,0.666667
20200331,427,0.065909,0.381818,0.59194,1.0
20200331,428,0.065909,0.381818,0.59194,0.333333
20200331,429,0.064773,0.454545,0.599496,0.666667
20200331,430,0.064773,0.454545,0.599496,0.666667
20200331,431,0.0625,0.436364,0.596977,0.666667
20200331,432,0.0625,0.436364,0.596977,0.666667
20200331,433,0.064773,0.418182,0.609572,0.666667
20200331,434,0.064773,0.418182,0.609572,0.666667
20200331,435,0.063636,0.345455,0.612091,0.666667
20200331,436,0.063636,0.345455,0.612091,0.333333
20200331,437,0.061364,0.381818,0.602015,0.333333
20200331,438,0.061364,0.381818,0.602015,0.666667
20200331,439,0.0625,0.418182,0.596977,0.333333
20200331,440,0.0625,0.418182,0.596977,1.0
20200331,441,0.063636,0.418182,0.579345,0.666667
20200331,442,0.063636,0.418182,0.579345,0.666667
20200331,443,0.0625,0.436364,0.59194,0.666667
20200331,444,0.0625,0.436364,0.59194,0.666667
20200331,445,0.063636,0.436364,0.602015,0.666667
20200331,446,0.063636,0.436364,0.602015,0.666667
20200331,447,0.064773,0.418182,0.612091,0.666667
20200331,448,0.064773,0.418182,0.612091,0.666667
20200331,449,0.063636,0.418182,0.617128,0.666667
20200331,450,0.063636,0.418182,0.617128,0.333333
20200331,451,0.063636,0.436364,0.61461,0.333333
20200331,452,0.063636,0.436364,0.61461,0.666667
20200331,453,0.059091,0.381818,0.599496,0.333333
20200331,454,0.059091,0.381818,0.599496,1.0
20200331,455,0.0625,0.4,0.589421,0.666667
20200331,456,0.0625,0.4,0.589421,0.666667
20200331,457,0.0625,0.490909,0.586902,0.666667
20200331,458,0.0625,0.490909,0.586902,0.666667
20200331,459,0.060227,0.418182,0.594458,0.666667
20200331,460,0.060227,0.418182,0.594458,0.333333
20200331,461,0.063636,0.4,0.609572,0.666667
20200331,462,0.063636,0.4,0.609572,0.666667
20200331,463,0.064773,0.381818,0.622166,0.333333
20200331,464,0.064773,0.381818,0.622166,0.666667
20200331,465,0.0625,0.436364,0.619647,0.0
20200331,466,0.0625,0.436364,0.619647,0.333333
20200331,467,0.063636,0.4,0.609572,0.666667
20200331,468,0.063636,0.4,0.609572,0.666667
20200331,469,0.061364,0.472727,0.596977,0.666667
20200331,470,0.061364,0.472727,0.596977,1.0
20200331,471,0.060227,0.472727,0.584383,0.333333
20200331,472,0.060227,0.472727,0.584383,0.333333
20200331,473,0.0625,0.509091,0.584383,0.666667
20200331,474,0.0625,0.509091,0.584383,0.666667
20200331,475,0.061364,0.454545,0.602015,0.666667
20200331,476,0.061364,0.454545,0.602015,0.666667
20200331,477,0.065909,0.436364,0.622166,0.666667
20200331,478,0.065909,0.436364,0.622166,0.666667
20200331,479,0.0625,0.363636,0.629723,0.666667
20200331,480,0.0625,0.363636,0.629723,0.333333
20200331,481,0.0625,0.381818,0.624685,0.333333
20200331,482,0.0625,0.381818,0.624685,0.333333
20200331,483,0.060227,0.381818,0.617128,0.333333
20200331,484,0.060227,0.381818,0.617128,0.333333
20200331,485,0.060227,0.436364,0.599496,0.666667
20200331,486,0.060227,0.436364,0.599496,1.0
20200331,487,0.059091,0.436364,0.589421,0.333333
20200331,488,0.059091,0.436364,0.589421,0.666667
20200331,489,0.060227,0.490909,0.586902,0.333333
20200331,490,0.060227,0.490909,0.586902,0.666667
20200331,491,0.060227,0.436364,0.596977,1.0
20200331,492,0.060227,0.436364,0.596977,0.333333
20200331,493,0.063636,0.418182,0.617128,0.666667
20200331,494,0.063636,0.418182,0.617128,0.666667
20200331,495,0.0625,0.381818,0.624685,0.666667
20200331,496,0.0625,0.381818,0.624685,0.666667
20200331,497,0.061364,0.363636,0.617128,0.666667
20200331,498,0.061364,0.363636,0.617128,0.666667
20200331,499,0.063636,0.4,0.599496,0.666667
20200331,500,0.063636,0.4,0.599496,0.333333
20200331,501,0.059091,0.381818,0.586902,0.333333
20200331,502,0.059091,0.381818,0.586902,0.666667
20200331,503,0.061364,0.363636,0.571788,0.333333
20200331,504,0.061364,0.363636,0.571788,1.0
20200331,505,0.0625,0.436364,0.59194,0.666667
20200331,506,0.0625,0.436364,0.59194,0.666667
20200331,507,0.061364,0.363636,0.607053,0.333333
20200331,508,0.061364,0.363636,0.607053,0.666667
20200331,509,0.063636,0.4,0.629723,0.666667
20200331,510,0.063636,0.4,0.629723,0.666667
20200331,511,0.0625,0.363636,0.634761,0.666667
20200331,512,0.0625,0.363636,0.634761,0.666667
20200331,513,0.061364,0.345455,0.622166,0.666667
20200331,514,0.061364,0.345455,0.622166,0.666667
20200331,515,0.0625,0.381818,0.604534,0.333333
20200331,516,0.0625,0.381818,0.604534,0.333333
20200331,517,0.059091,0.381818,0.594458,0.333333
20200331,518,0.059091,0.381818,0.594458,0.333333
20200331,519,0.061364,0.418182,0.584383,0.333333
20200331,520,0.061364,0.418182,0.584383,0.666667
20200331,521,0.063636,0.381818,0.596977,1.0
20200331,522,0.063636,0.381818,0.596977,0.333333
20200331,523,0.0625,0.4,0.602015,0.666667
20200331,524,0.0625,0.4,0.602015,0.333333
20200331,525,0.063636,0.4,0.61461,0.666667
20200331,526,0.063636,0.4,0.61461,1.0
20200331,527,0.064773,0.345455,0.61461,0.333333
20200331,528,0.064773,0.345455,0.61461,0.666667
20200331,529,0.0625,0.363636,0.604534,0.666667
20200331,530,0.0625,0.363636,0.596977,0.666667
20200331,531,0.0625,0.363636,0.596977,0.333333
20200331,532,0.061364,0.363636,0.589421,0.666667
20200331,533,0.061364,0.363636,0.589421,0.666667
20200331,534,0.0625,0.454545,0.59194,0.333333
20200331,535,0.0625,0.454545,0.59194,0.666667
20200331,536,0.0625,0.418182,0.604534,0.0
20200331,537,0.0625,0.418182,0.604534,0.333333
20200331,538,0.063636,0.436364,0.617128,0.666667
20200331,539,0.063636,0.436364,0.617128,0.666667
20200331,540,0.063636,0.381818,0.619647,0.666667
20200331,541,0.063636,0.381818,0.619647,1.0
20200331,542,0.064773,0.381818,0.612091,0.333333
20200331,543,0.064773,0.381818,0.612091,0.333333
20200331,544,0.061364,0.381818,0.599496,0.666667
20200331,545,0.061364,0.381818,0.599496,0.666667
20200331,546,0.061364,0.4,0.594458,0.666667
20200331,547,0.061364,0.4,0.594458,0.666667
20200331,548,0.064773,0.436364,0.594458,0.666667
20200331,549,0.064773,0.436364,0.594458,0.666667
20200331,550,0.061364,0.454545,0.59194,0.666667
20200331,551,0.061364,0.454545,0.59194,0.333333
20200331,552,0.063636,0.4,0.604534,0.333333
20200331,553,0.063636,0.4,0.604534,0.333333
20200331,554,0.063636,0.418182,0.612091,0.333333
20200331,555,0.063636,0.418182,0.612091,0.333333
20200331,556,0.0625,0.4,0.61461,0.666667
20200331,557,0.0625,0.4,0.61461,1.0
20200331,558,0.0625,0.454545,0.607053,0.333333
20200331,559,0.0625,0.454545,0.607053,0.666667
20200331,560,0.061364,0.418182,0.599496,0.333333
20200331,561,0.061364,0.418182,0.599496,0.666667
20200331,562,0.061364,0.381818,0.576826,1.0
20200331,563,0.061364,0.381818,0.576826,0.333333
20200331,564,0.061364,0.472727,0.594458,0.666667
20200331,565,0.061364,0.472727,0.594458,0.666667
20200331,566,0.0625,0.363636,0.594458,0.666667
20200331,567,0.0625,0.363636,0.594458,0.666667
20200331,568,0.0625,0.454545,0.612091,0.666667
20200331,569,0.0625,0.454545,0.612091,0.666667
20200331,570,0.065909,0.436364,0.629723,0.666667
20200331,571,0.065909,0.436364,0.629723,0.333333
20200331,572,0.0625,0.381818,0.624685,0.333333
20200331,573,0.0625,0.381818,0.624685,0.666667
20200331,574,0.061364,0.4,0.602015,0.333333
20200331,575,0.061364,0.4,0.602015,1.0
20200331,576,0.064773,0.4,0.602015,0.666667
20200331,577,0.064773,0.4,0.602015,0.666667
20200331,578,0.060227,0.4,0.594458,0.666667
20200331,579,0.060227,0.4,0.594458,0.666667
20200331,580,0.063636,0.454545,0.589421,0.666667
20200331,581,0.063636,0.454545,0.589421,0.666667
20200331,582,0.063636,0.436364,0.586902,0.666667
20200331,583,0.063636,0.436364,0.586902,0.666667
20200331,584,0.064773,0.472727,0.602015,0.666667
20200331,585,0.064773,0.472727,0.602015,0.333333
20200331,586,0.063636,0.454545,0.617128,0.333333
20200331,587,0.063636,0.454545,0.617128,0.666667
20200331,588,0.064773,0.454545,0.617128,0.333333
20200331,589,0.064773,0.454545,0.617128,1.0
20200331,590,0.0625,0.309091,0.624685,0.666667
20200331,591,0.0625,0.309091,0.624685,0.666667
20200331,592,0.0625,0.363636,0.61461,0.666667
20200331,593,0.0625,0.363636,0.61461,0.666667
20200331,594,0.059091,0.4,0.599496,0.666667
20200331,595,0.059091,0.4,0.599496,0.333333
20200331,596,0.060227,0.418182,0.589421,0.666667
20200331,597,0.060227,0.418182,0.589421,0.666667
20200331,598,0.063636,0.418182,0.602015,0.333333
20200331,599,0.063636,0.418182,0.602015,0.666667
20200331,600,0.060227,0.363636,0.599496,0.0
20200331,601,0.060227,0.363636,0.599496,0.333333
20200331,602,0.063636,0.436364,0.602015,0.666667
20200331,603,0.063636,0.436364,0.602015,0.666667
20200331,604,0.063636,0.418182,0.599496,0.666667
20200331,605,0.063636,0.418182,0.599496,1.0
20200331,606,0.061364,0.363636,0.602015,0.333333
20200331,607,0.061364,0.363636,0.602015,0.333333
20200331,608,0.063636,0.436364,0.594458,0.666667
20200331,609,0.063636,0.436364,0.594458,0.666667
20200331,610,0.064773,0.4,0.59194,0.666667
20200331,611,0.064773,0.4,0.59194,0.666667
20200331,612,0.0625,0.418182,0.594458,0.666667
20200331,613,0.0625,0.418182,0.594458,0.666667
20200331,614,0.063636,0.381818,0.604534,0.666667
20200331,615,0.063636,0.381818,0.604534,0.333333
20200331,616,0.064773,0.381818,0.607053,0.333333
20200331,617,0.064773,0.381818,0.607053,0.666667
20200331,618,0.0625,0.454545,0.604534,0.666667
20200331,619,0.0625,0.454545,0.604534,0.333333
20200331,620,0.064773,0.4,0.596977,0.666667
20200331,621,0.064773,0.4,0.596977,0.666667
20200331,622,0.0625,0.454545,0.589421,0.333333
20200331,623,0.0625,0.454545,0.589421,0.666667
20200331,624,0.0625,0.381818,0.586902,0.0
20200331,625,0.0625,0.381818,0.586902,0.333333
20200331,626,0.064773,0.472727,0.596977,0.666667
20200331,627,0.064773,0.472727,0.596977,0.666667
20200331,628,0.061364,0.418182,0.612091,0.666667
20200331,629,0.061364,0.418182,0.612091,1.0
20200331,630,0.063636,0.381818,0.612091,0.333333
20200331,631,0.063636,0.381818,0.612091,0.333333
20200331,632,0.063636,0.381818,0.61461,0.666667
20200331,633,0.063636,0.381818,0.61461,0.666667
20200331,634,0.063636,0.4,0.604534,0.666667
20200331,635,0.063636,0.4,0.604534,0.666667
20200331,636,0.061364,0.418182,0.599496,0.666667
20200331,637,0.061364,0.418182,0.599496,0.666667
20200331,638,0.061364,0.418182,0.579345,0.666667
20200331,639,0.061364,0.418182,0.579345,0.333333
20200331,640,0.059091,0.454545,0.59194,0.333333
20200331,641,0.059091,0.454545,0.59194,0.333333
20200331,642,0.064773,0.418182,0.59194,0.333333
20200331,643,0.064773,0.418182,0.59194,0.333333
20200331,644,0.063636,0.454545,0.602015,0.666667
20200331,645,0.063636,0.454545,0.602015,1.0
20200331,646,0.0625,0.4,0.622166,0.333333
20200331,647,0.0625,0.4,0.622166,0.666667
20200331,648,0.064773,0.381818,0.622166,0.333333
20200331,649,0.064773,0.381818,0.622166,0.666667
20200331,650,0.060227,0.381818,0.617128,1.0
20200331,651,0.060227,0.381818,0.617128,0.333333
20200331,652,0.0625,0.345455,0.599496,0.666667
20200331,653,0.0625,0.345455,0.599496,0.666667
20200331,654,0.061364,0.381818,0.589421,0.666667
20200331,655,0.061364,0.381818,0.589421,0.333333
20200331,656,0.0625,0.490909,0.584383,0.666667
20200331,657,0.0625,0.490909,0.584383,0.666667
20200331,658,0.0625,0.527273,0.594458,0.333333
20200331,659,0.0625,0.527273,0.594458,0.666667
20200331,660,0.061364,0.4,0.602015,0.0
20200331,661,0.061364,0.4,0.602015,0.333333
20200331,662,0.063636,0.381818,0.629723,0.666667
20200331,663,0.063636,0.381818,0.629723,0.666667
20200331,664,0.064773,0.345455,0.632242,0.666667
20200331,665,0.064773,0.345455,0.632242,1.0
20200331,666,0.061364,0.418182,0.624685,0.333333
20200331,667,0.061364,0.418182,0.624685,0.333333
20200331,668,0.060227,0.472727,0.607053,0.666667
20200331,669,0.060227,0.472727,0.607053,0.666667
20200331,670,0.060227,0.454545,0.594458,0.666667
20200331,671,0.060227,0.454545,0.594458,0.666667
20200331,672,0.057955,0.436364,0.586902,0.666667
20200331,673,0.057955,0.436364,0.586902,0.666667
20200331,674,0.060227,0.418182,0.581864,0.666667
20200331,675,0.060227,0.418182,0.581864,0.333333
20200331,676,0.063636,0.381818,0.599496,0.333333
20200331,677,0.063636,0.381818,0.599496,0.333333
20200331,678,0.063636,0.418182,0.612091,0.333333
20200331,679,0.063636,0.418182,0.612091,0.333333
20200331,680,0.063636,0.345455,0.624685,0.666667
20200331,681,0.063636,0.345455,0.624685,1.0
20200331,682,0.061364,0.418182,0.624685,0.333333
20200331,683,0.061364,0.418182,0.624685,0.666667
20200331,684,0.064773,0.418182,0.609572,0.333333
20200331,685,0.064773,0.418182,0.609572,0.666667
20200331,686,0.059091,0.436364,0.602015,1.0
20200331,687,0.059091,0.436364,0.602015,0.333333
20200331,688,0.061364,0.418182,0.596977,0.666667
20200331,689,0.061364,0.418182,0.596977,0.666667
20200331,690,0.061364,0.472727,0.586902,0.666667
20200331,691,0.061364,0.472727,0.586902,0.666667
20200331,692,0.060227,0.418182,0.602015,0.666667
20200331,693,0.060227,0.418182,0.602015,0.666667
20200331,694,0.0625,0.4,0.602015,0.666667
20200331,695,0.0625,0.4,0.602015,0.333333
20200331,696,0.061364,0.436364,0.612091,0.333333
20200331,697,0.061364,0.436364,0.612091,0.666667
20200331,698,0.061364,0.363636,0.619647,0.333333
20200331,699,0.061364,0.363636,0.619647,1.0
20200331,700,0.0625,0.418182,0.604534,0.666667
20200331,701,0.0625,0.418182,0.604534,0.666667
20200331,702,0.063636,0.509091,0.599496,0.666667
20200331,703,0.063636,0.509091,0.599496,0.666667
20200331,704,0.059091,0.418182,0.589421,0.666667
20200331,705,0.059091,0.418182,0.589421,0.666667
20200331,706,0.063636,0.490909,0.586902,0.666667
20200331,707,0.063636,0.490909,0.586902,0.666667
20200331,708,0.059091,0.4,0.594458,0.666667
20200331,709,0.059091,0.4,0.594458,0.333333
20200331,710,0.060227,0.4,0.604534,0.333333
20200331,711,0.060227,0.4,0.604534,0.666667
20200331,712,0.061364,0.472727,0.604534,0.333333
20200331,713,0.061364,0.472727,0.604534,1.0
20200331,714,0.0625,0.472727,0.599496,0.666667
20200331,715,0.0625,0.472727,0.599496,0.666667
20200331,716,0.061364,0.509091,0.596977,0.666667
20200331,717,0.061364,0.509091,0.596977,0.666667
20200331,718,0.063636,0.472727,0.594458,0.666667
20200331,719,0.063636,0.472727,0.594458,0.333333
20200331,720,0.060227,0.454545,0.59194,0.666667
20200331,721,0.060227,0.454545,0.59194,0.666667
20200331,722,0.061364,0.363636,0.599496,0.333333
20200331,723,0.061364,0.363636,0.599496,0.666667
20200331,724,0.0625,0.472727,0.599496,0.0
20200331,725,0.0625,0.472727,0.599496,0.333333
20200331,726,0.060227,0.418182,0.599496,0.666667
20200331,727,0.060227,0.418182,0.599496,0.666667
20200331,728,0.063636,0.436364,0.602015,0.666667
20200331,729,0.063636,0.436364,0.602015,1.0
20200331,730,0.061364,0.4,0.59194,0.333333
20200331,731,0.061364,0.4,0.59194,0.333333
20200331,732,0.0625,0.381818,0.589421,0.666667
20200331,733,0.0625,0.381818,0.589421,0.666667
20200331,734,0.060227,0.436364,0.59194,0.333333
20200331,735,0.060227,0.436364,0.59194,0.666667
20200331,736,0.060227,0.418182,0.589421,0.666667
20200331,737,0.060227,0.418182,0.589421,0.333333
20200331,738,0.0625,0.381818,0.607053,0.666667
20200331,739,0.0625,0.381818,0.607053,0.0
20200331,740,0.063636,0.363636,0.612091,0.333333
20200331,741,0.063636,0.363636,0.612091,0.666667
20200331,742,0.064773,0.436364,0.617128,0.666667
20200331,743,0.064773,0.436364,0.617128,0.666667
20200331,744,0.063636,0.418182,0.612091,1.0
20200331,745,0.063636,0.418182,0.612091,0.333333
20200331,746,0.059091,0.490909,0.602015,0.333333
20200331,747,0.059091,0.490909,0.602015,0.666667
20200331,748,0.059091,0.454545,0.59194,0.666667
20200331,749,0.059091,0.454545,0.59194,0.666667
20200331,750,0.0625,0.381818,0.589421,0.666667
20200331,751,0.0625,0.381818,0.589421,0.666667
20200331,752,0.060227,0.418182,0.586902,0.666667
20200331,753,0.060227,0.418182,0.586902,0.666667
20200331,754,0.060227,0.363636,0.594458,0.333333
20200331,755,0.060227,0.363636,0.594458,0.333333
20200331,756,0.060227,0.436364,0.602015,0.333333
20200331,757,0.060227,0.436364,0.602015,0.333333
20200331,758,0.064773,0.345455,0.596977,0.333333
20200331,759,0.064773,0.345455,0.596977,0.666667
20200331,760,0.061364,0.4,0.581864,1.0
20200331,761,0.061364,0.4,0.581864,0.333333
20200331,762,0.061364,0.4,0.594458,0.666667
20200331,763,0.061364,0.4,0.594458,0.333333
20200331,764,0.063636,0.418182,0.596977,0.666667
20200331,765,0.063636,0.418182,0.596977,1.0
20200331,766,0.063636,0.363636,0.596977,0.333333
20200331,767,0.063636,0.363636,0.596977,0.666667
20200331,768,0.061364,0.4,0.599496,0.666667
20200331,769,0.061364,0.4,0.599496,0.666667
20200331,770,0.063636,0.381818,0.602015,0.333333
20200331,771,0.063636,0.381818,0.602015,0.666667
20200331,772,0.0625,0.381818,0.599496,0.666667
20200331,773,0.0625,0.381818,0.599496,0.333333
20200331,774,0.061364,0.381818,0.596977,0.666667
20200331,775,0.061364,0.381818,0.596977,0.0
20200331,776,0.061364,0.436364,0.581864,0.333333
20200331,777,0.061364,0.436364,0.581864,0.666667
20200331,778,0.064773,0.418182,0.59194,0.666667
20200331,779,0.064773,0.418182,0.59194,0.666667
20200331,780,0.0625,0.4,0.59194,1.0
20200331,781,0.0625,0.4,0.59194,0.333333
20200331,782,0.063636,0.4,0.596977,0.333333
20200331,783,0.063636,0.4,0.596977,0.666667
20200331,784,0.061364,0.381818,0.599496,0.666667
20200331,785,0.061364,0.381818,0.599496,0.666667
20200331,786,0.063636,0.418182,0.594458,0.666667
20200331,787,0.063636,0.418182,0.594458,0.666667
20200331,788,0.0625,0.436364,0.596977,0.666667
20200331,789,0.0625,0.436364,0.596977,0.666667
20200331,790,0.063636,0.363636,0.599496,0.333333
20200331,791,0.063636,0.363636,0.599496,0.333333
20200331,792,0.063636,0.4,0.596977,0.333333
20200331,793,0.063636,0.4,0.596977,0.333333
20200331,794,0.061364,0.436364,0.594458,0.333333
20200331,795,0.061364,0.436364,0.594458,0.666667
20200331,796,0.059091,0.454545,0.579345,1.0
20200331,797,0.059091,0.454545,0.579345,0.333333
20200331,798,0.061364,0.4,0.584383,0.666667
20200331,799,0.061364,0.4,0.584383,0.333333
20200331,800,0.063636,0.381818,0.599496,0.666667
20200331,801,0.063636,0.381818,0.599496,1.0
20200331,802,0.063636,0.418182,0.607053,0.333333
20200331,803,0.063636,0.418182,0.607053,0.666667
20200331,804,0.0625,0.418182,0.612091,0.666667
20200331,805,0.0625,0.418182,0.612091,0.666667
20200331,806,0.061364,0.490909,0.609572,0.666667
20200331,807,0.061364,0.490909,0.609572,0.666667
20200331,808,0.0625,0.4,0.599496,0.666667
20200331,809,0.0625,0.4,0.599496,0.666667
20200331,810,0.059091,0.472727,0.59194,0.333333
20200331,811,0.059091,0.472727,0.59194,0.333333
20200331,812,0.059091,0.436364,0.589421,0.666667
20200331,813,0.059091,0.436364,0.589421,0.333333
20200331,814,0.063636,0.4,0.594458,1.0
20200331,815,0.063636,0.4,0.594458,0.666667
20200331,816,0.060227,0.381818,0.599496,0.666667
20200331,817,0.060227,0.381818,0.599496,0.666667
20200331,818,0.0625,0.381818,0.619647,0.666667
20200331,819,0.0625,0.381818,0.619647,0.666667
20200331,820,0.063636,0.363636,0.617128,0.666667
20200331,821,0.063636,0.363636,0.617128,0.666667
20200331,822,0.060227,0.345455,0.612091,0.666667
20200331,823,0.060227,0.345455,0.612091,0.666667
20200331,824,0.0625,0.381818,0.596977,0.333333
20200331,825,0.0625,0.381818,0.596977,0.333333
20200331,826,0.059091,0.381818,0.589421,0.666667
20200331,827,0.059091,0.381818,0.589421,0.333333
20200331,828,0.061364,0.4,0.594458,0.666667
20200331,829,0.061364,0.4,0.594458,0.666667
20200331,830,0.0625,0.345455,0.594458,0.333333
20200331,831,0.0625,0.345455,0.594458,0.666667
20200331,832,0.0625,0.381818,0.589421,0.666667
20200331,833,0.0625,0.381818,0.589421,0.333333
20200331,834,0.063636,0.363636,0.609572,0.666667
20200331,835,0.063636,0.363636,0.609572,0.0
20200331,836,0.064773,0.345455,0.612091,0.333333
20200331,837,0.064773,0.345455,0.612091,0.666667
20200331,838,0.060227,0.381818,0.607053,0.666667
20200331,839,0.060227,0.381818,0.607053,0.666667
20200331,840,0.061364,0.4,0.596977,1.0
20200331,841,0.061364,0.4,0.596977,0.333333
20200331,842,0.0625,0.4,0.594458,0.333333
20200331,843,0.0625,0.4,0.594458,0.666667
20200331,844,0.061364,0.381818,0.581864,0.666667
20200331,845,0.061364,0.381818,0.581864,0.666667
20200331,846,0.0625,0.4,0.584383,0.666667
20200331,847,0.0625,0.4,0.584383,0.666667
20200331,848,0.063636,0.454545,0.607053,0.666667
20200331,849,0.063636,0.454545,0.607053,0.666667
20200331,850,0.061364,0.4,0.609572,0.333333
20200331,851,0.061364,0.4,0.609572,0.333333
20200331,852,0.061364,0.381818,0.602015,0.333333
20200331,853,0.061364,0.381818,0.602015,0.333333
20200331,854,0.061364,0.418182,0.59194,0.333333
20200331,855,0.061364,0.418182,0.59194,0.666667
20200331,856,0.061364,0.436364,0.59194,1.0
20200331,857,0.061364,0.436364,0.59194,0.333333
20200331,858,0.0625,0.472727,0.574307,0.666667
20200331,859,0.0625,0.472727,0.574307,0.333333
20200331,860,0.0625,0.418182,0.59194,0.666667
20200331,861,0.0625,0.418182,0.59194,1.0
20200331,862,0.0625,0.563636,0.602015,0.333333
20200331,863,0.0625,0.563636,0.602015,0.666667
20200331,864,0.063636,0.509091,0.61461,0.666667
20200331,865,0.063636,0.509091,0.61461,0.666667
20200331,866,0.064773,0.509091,0.612091,0.333333
20200331,867,0.064773,0.509091,0.612091,0.666667
20200331,868,0.064773,0.509091,0.609572,0.666667
20200331,869,0.064773,0.509091,0.609572,0.333333
20200331,870,0.064773,0.527273,0.599496,0.666667
20200331,871,0.064773,0.527273,0.599496,0.0
20200331,872,0.063636,0.509091,0.594458,0.333333
20200331,873,0.063636,0.509091,0.594458,0.666667
20200331,874,0.064773,0.472727,0.571788,0.666667
20200331,875,0.064773,0.472727,0.571788,0.666667
20200331,876,0.063636,0.527273,0.594458,1.0
20200331,877,0.063636,0.527273,0.594458,0.333333
20200331,878,0.064773,0.581818,0.612091,0.333333
20200331,879,0.064773,0.581818,0.612091,0.666667
20200331,880,0.064773,0.563636,0.617128,0.666667
20200331,881,0.064773,0.563636,0.617128,0.666667
20200331,882,0.063636,0.527273,0.617128,0.666667
20200331,883,0.063636,0.527273,0.617128,0.666667
20200331,884,0.063636,0.527273,0.607053,0.666667
20200331,885,0.063636,0.527273,0.607053,0.666667
20200331,886,0.064773,0.6,0.584383,0.333333
20200331,887,0.064773,0.6,0.584383,0.333333
20200331,888,0.063636,0.581818,0.584383,0.333333
20200331,889,0.063636,0.581818,0.584383,0.333333
20200331,890,0.0625,0.545455,0.589421,0.333333
20200331,891,0.0625,0.545455,0.589421,0.666667
20200331,892,0.0625,0.563636,0.596977,1.0
20200331,893,0.0625,0.563636,0.596977,0.333333
20200331,894,0.064773,0.6,0.604534,0.666667
20200331,895,0.064773,0.6,0.604534,0.333333
20200331,896,0.067045,0.563636,0.602015,0.666667
20200331,897,0.067045,0.563636,0.602015,1.0
20200331,898,0.065909,0.545455,0.599496,0.333333
20200331,899,0.065909,0.545455,0.599496,0.666667
20200331,900,0.063636,0.6,0.589421,0.666667
20200331,901,0.063636,0.6,0.589421,0.666667
20200331,902,0.064773,0.654545,0.59194,0.666667
20200331,903,0.064773,0.654545,0.59194,0.666667
20200331,904,0.063636,0.818182,0.594458,0.666667
20200331,905,0.063636,0.818182,0.594458,0.666667
20200331,906,0.065909,0.763636,0.607053,0.333333
20200331,907,0.065909,0.763636,0.607053,0.333333
20200331,908,0.068182,0.709091,0.627204,0.666667
20200331,909,0.068182,0.709091,0.627204,0.333333
20200331,910,0.068182,0.745455,0.619647,1.0
20200331,911,0.068182,0.745455,0.619647,0.666667
20200331,912,0.069318,0.854545,0.612091,0.666667
20200331,913,0.069318,0.854545,0.612091,0.666667
20200331,914,0.064773,1.0,0.59194,0.666667
20200331,915,0.064773,1.0,0.59194,0.666667
20200331,916,0.067045,0.745455,0.586902,0.666667
20200331,917,0.067045,0.745455,0.586902,0.666667
20200331,918,0.070455,0.763636,0.594458,0.666667
20200331,919,0.070455,0.763636,0.594458,0.666667
20200331,920,0.067045,0.672727,0.599496,0.333333
20200331,921,0.067045,0.672727,0.599496,0.333333
20200331,922,0.069318,0.781818,0.609572,0.666667
20200331,923,0.069318,0.781818,0.609572,0.333333
20200331,924,0.068182,0.4,0.604534,1.0
20200331,925,0.068182,0.4,0.604534,0.666667
20200331,926,0.067045,0.381818,0.596977,0.666667
20200331,927,0.067045,0.381818,0.596977,0.666667
20200331,928,0.068182,0.418182,0.589421,0.666667
20200331,929,0.068182,0.418182,0.589421,0.666667
20200331,930,0.064773,0.436364,0.59194,0.333333
20200331,931,0.064773,0.436364,0.59194,0.666667
20200331,932,0.064773,0.472727,0.602015,0.666667
20200331,933,0.064773,0.472727,0.602015,0.333333
20200331,934,0.065909,0.418182,0.612091,0.666667
20200331,935,0.065909,0.418182,0.612091,0.0
20200331,936,0.069318,0.563636,0.612091,0.333333
20200331,937,0.069318,0.563636,0.612091,0.666667
20200331,938,0.068182,0.509091,0.594458,0.666667
20200331,939,0.068182,0.509091,0.594458,0.666667
20200331,940,0.075,0.509091,0.586902,1.0
20200331,941,0.075,0.509091,0.586902,0.333333
20200331,942,0.067045,0.509091,0.59194,0.333333
20200331,943,0.067045,0.509091,0.59194,0.666667
20200331,944,0.064773,0.527273,0.599496,0.666667
20200331,945,0.064773,0.527273,0.599496,0.666667
20200331,946,0.065909,0.509091,0.61461,0.666667
20200331,947,0.065909,0.509091,0.61461,0.666667
20200331,948,0.067045,0.472727,0.624685,0.666667
20200331,949,0.067045,0.472727,0.624685,0.666667
20200331,950,0.065909,0.527273,0.617128,0.333333
20200331,951,0.065909,0.527273,0.617128,0.333333
20200331,952,0.067045,0.581818,0.612091,0.333333
20200331,953,0.067045,0.581818,0.612091,0.333333
20200331,954,0.063636,0.563636,0.596977,0.333333
20200331,955,0.063636,0.563636,0.596977,0.666667
20200331,956,0.067045,0.527273,0.586902,1.0
20200331,957,0.067045,0.527273,0.586902,0.333333
20200331,958,0.064773,0.527273,0.59194,0.666667
20200331,959,0.064773,0.527273,0.59194,0.333333
20200331,960,0.064773,0.6,0.599496,0.666667
20200331,961,0.064773,0.6,0.599496,1.0
20200331,962,0.067045,0.581818,0.612091,0.333333
20200331,963,0.067045,0.581818,0.612091,0.666667
20200331,964,0.067045,0.545455,0.619647,0.666667
20200331,965,0.067045,0.545455,0.619647,0.333333
20200331,966,0.067045,0.563636,0.617128,0.666667
20200331,967,0.067045,0.563636,0.617128,0.666667
20200331,968,0.064773,0.6,0.612091,0.333333
20200331,969,0.064773,0.6,0.612091,0.666667
20200331,970,0.065909,0.563636,0.59194,0.0
20200331,971,0.065909,0.563636,0.59194,0.333333
20200331,972,0.072727,0.545455,0.589421,0.666667
20200331,973,0.072727,0.545455,0.589421,0.666667
20200331,974,0.064773,0.6,0.604534,0.666667
20200331,975,0.064773,0.6,0.604534,1.0
20200331,976,0.069318,0.654545,0.612091,0.333333
20200331,977,0.069318,0.654545,0.612091,0.333333
20200331,978,0.071591,0.818182,0.609572,0.666667
20200331,979,0.071591,0.818182,0.609572,0.666667
20200331,980,0.068182,0.763636,0.59194,0.666667
20200331,981,0.068182,0.763636,0.59194,0.666667
20200331,982,0.071591,0.709091,0.589421,0.666667
20200331,983,0.071591,0.709091,0.589421,0.666667
20200331,984,0.061364,0.745455,0.576826,0.666667
20200331,985,0.061364,0.745455,0.576826,0.333333
20200331,986,0.061364,0.854545,0.594458,0.333333
20200331,987,0.061364,0.854545,0.594458,0.333333
20200331,988,0.0625,1.0,0.596977,0.333333
20200331,989,0.0625,1.0,0.596977,0.333333
20200331,990,0.063636,0.745455,0.604534,0.666667
20200331,991,0.063636,0.745455,0.604534,1.0
20200331,992,0.063636,0.763636,0.609572,0.333333
20200331,993,0.063636,0.763636,0.609572,0.666667
20200331,994,0.060227,0.672727,0.604534,0.333333
20200331,995,0.060227,0.672727,0.604534,0.666667
20200331,996,0.064773,0.781818,0.602015,1.0
20200331,997,0.064773,0.781818,0.602015,0.333333
20200331,998,0.063636,0.4,0.594458,0.666667
20200331,999,0.063636,0.381818,0.594458,0.666667
20200331,1000,0.069318,0.381818,0.59194,0.666667
20200331,1001,0.069318,0.381818,0.59194,0.333333
20200331,1002,0.069318,0.381818,0.602015,0.666667
20200331,1003,0.069318,0.363636,0.602015,0.666667
20200331,1004,0.0,0.363636,0.599496,0.333333
20200331,1005,0.0,0.345455,0.599496,0.666667
20200331,1006,0.053409,0.345455,0.56927,0.0
20200331,1007,0.053409,0.381818,0.56927,0.333333
20200331,1008,0.069318,0.381818,0.596977,0.666667
20200331,1009,0.069318,0.381818,0.596977,0.666667
20200331,1010,0.084091,0.381818,0.61461,0.666667
20200331,1011,0.084091,0.4,0.61461,1.0
20200331,1012,0.075,0.4,0.624685,0.333333
20200331,1013,0.075,0.345455,0.624685,0.333333
20200331,1014,0.078409,0.345455,0.629723,0.666667
20200331,1015,0.078409,0.381818,0.629723,0.666667
20200331,1016,0.081818,0.381818,0.612091,0.666667
20200331,1017,0.081818,0.363636,0.612091,0.666667
20200331,1018,0.080682,0.363636,0.602015,0.666667
20200331,1019,0.080682,0.345455,0.602015,0.666667
20200331,1020,0.081818,0.345455,0.589421,0.666667
20200331,1021,0.081818,0.381818,0.589421,0.333333
20200331,1022,0.080682,0.381818,0.586902,0.333333
20200331,1023,0.080682,0.4,0.586902,0.333333
20200331,1024,0.081818,0.4,0.599496,0.333333
20200331,1025,0.081818,0.4,0.599496,0.333333
20200331,1026,0.094318,0.4,0.61461,0.666667
20200331,1027,0.094318,0.381818,0.61461,1.0
20200331,1028,0.084091,0.381818,0.61461,0.333333
20200331,1029,0.084091,0.4,0.61461,0.666667
20200331,1030,0.084091,0.4,0.599496,0.333333
20200331,1031,0.084091,0.454545,0.599496,0.666667
20200331,1032,0.092045,0.454545,0.589421,1.0
20200331,1033,0.092045,0.4,0.589421,0.333333
20200331,1034,0.079545,0.4,0.59194,0.666667
20200331,1035,0.079545,0.381818,0.59194,0.666667
20200331,1036,0.081818,0.381818,0.599496,0.666667
20200331,1037,0.081818,0.418182,0.599496,0.666667
20200331,1038,0.081818,0.418182,0.596977,0.666667
20200331,1039,0.081818,0.436364,0.596977,0.666667
20200331,1040,0.085227,0.436364,0.599496,0.666667
20200331,1041,0.085227,0.472727,0.599496,0.333333
20200331,1042,0.082955,0.472727,0.596977,0.333333
20200331,1043,0.082955,0.418182,0.596977,0.666667
20200331,1044,0.082955,0.418182,0.589421,0.333333
20200331,1045,0.082955,0.563636,0.589421,1.0
20200331,1046,0.081818,0.563636,0.586902,0.666667
20200331,1047,0.081818,0.509091,0.586902,0.666667
20200331,1048,0.080682,0.509091,0.59194,0.666667
20200331,1049,0.080682,0.509091,0.59194,0.666667
20200331,1050,0.079545,0.509091,0.607053,0.666667
20200331,1051,0.079545,0.509091,0.607053,0.666667
20200331,1052,0.077273,0.509091,0.617128,0.666667
20200331,1053,0.077273,0.527273,0.617128,0.666667
20200331,1054,0.078409,0.527273,0.617128,0.666667
20200331,1055,0.078409,0.509091,0.617128,0.333333
20200331,1056,0.075,0.509091,0.607053,0.333333
20200331,1057,0.075,0.472727,0.607053,0.666667
20200331,1058,0.073864,0.472727,0.607053,0.333333
20200331,1059,0.073864,0.527273,0.607053,1.0
20200331,1060,0.075,0.527273,0.594458,0.666667
20200331,1061,0.075,0.581818,0.594458,0.666667
20200331,1062,0.073864,0.581818,0.586902,0.666667
20200331,1063,0.073864,0.563636,0.586902,0.666667
20200331,1064,0.072727,0.563636,0.584383,0.666667
20200331,1065,0.072727,0.527273,0.584383,0.333333
20200331,1066,0.076136,0.527273,0.594458,0.666667
20200331,1067,0.076136,0.527273,0.594458,0.666667
20200331,1068,0.075,0.527273,0.61461,0.333333
20200331,1069,0.075,0.6,0.61461,0.666667
20200331,1070,0.075,0.6,0.627204,0.0
20200331,1071,0.075,0.581818,0.627204,0.333333
20200331,1072,0.084091,0.581818,0.604534,0.666667
20200331,1073,0.084091,0.545455,0.604534,0.666667
20200331,1074,0.082955,0.545455,0.59194,0.666667
20200331,1075,0.082955,0.563636,0.59194,1.0
20200331,1076,0.084091,0.563636,0.59194,0.333333
20200331,1077,0.084091,0.6,0.59194,0.333333
20200331,1078,0.086364,0.6,0.59194,0.666667
20200331,1079,0.086364,0.563636,0.59194,0.666667
20200331,1080,0.082955,0.563636,0.596977,0.666667
20200331,1081,0.082955,0.545455,0.596977,0.666667
20200331,1082,0.085227,0.545455,0.604534,0.333333
20200331,1083,0.085227,0.6,0.604534,0.666667
20200331,1084,0.082955,0.6,0.617128,0.666667
20200331,1085,0.082955,0.654545,0.617128,0.333333
20200331,1086,0.0875,0.654545,0.61461,0.666667
20200331,1087,0.0875,0.818182,0.61461,0.0
20200331,1088,0.086364,0.818182,0.607053,0.333333
20200331,1089,0.086364,0.763636,0.607053,0.666667
20200331,1090,0.081818,0.763636,0.602015,0.666667
20200331,1091,0.081818,0.709091,0.602015,0.666667
20200331,1092,0.081818,0.709091,0.594458,1.0
20200331,1093,0.081818,0.745455,0.594458,0.333333
20200331,1094,0.081818,0.745455,0.589421,0.333333
20200331,1095,0.081818,0.854545,0.589421,0.666667
20200331,1096,0.086364,0.854545,0.586902,0.666667
20200331,1097,0.086364,1.0,0.586902,0.666667
20200331,1098,0.085227,1.0,0.602015,0.666667
20200331,1099,0.085227,0.745455,0.602015,0.666667
20200331,1100,0.085227,0.745455,0.609572,0.666667
20200331,1101,0.085227,0.763636,0.609572,0.666667
20200331,1102,0.084091,0.763636,0.617128,0.333333
20200331,1103,0.084091,0.672727,0.617128,0.333333
20200331,1104,0.0875,0.672727,0.602015,0.333333
20200331,1105,0.0875,0.781818,0.602015,0.333333
20200331,1106,0.079545,0.781818,0.584383,0.333333
20200331,1107,0.079545,0.4,0.584383,0.666667
20200331,1108,0.085227,0.4,0.599496,1.0
20200331,1109,0.085227,0.381818,0.599496,0.333333
20200331,1110,0.084091,0.381818,0.589421,0.666667
20200331,1111,0.084091,0.363636,0.589421,0.333333
20200331,1112,0.084091,0.363636,0.584383,0.666667
20200331,1113,0.084091,0.345455,0.584383,1.0
20200331,1114,0.081818,0.345455,0.604534,0.333333
20200331,1115,0.081818,0.381818,0.604534,0.666667
20200331,1116,0.088636,0.381818,0.607053,0.666667
20200331,1117,0.088636,0.4,0.607053,0.666667
20200331,1118,0.085227,0.4,0.609572,0.333333
20200331,1119,0.085227,0.4,0.609572,0.666667
20200331,1120,0.085227,0.4,0.59194,0.666667
20200331,1121,0.085227,0.381818,0.59194,0.333333
20200331,1122,0.086364,0.381818,0.589421,0.666667
20200331,1123,0.086364,0.4,0.589421,0.0
20200331,1124,0.084091,0.4,0.579345,0.333333
20200331,1125,0.084091,0.454545,0.579345,0.666667
20200331,1126,0.084091,0.454545,0.596977,0.666667
20200331,1127,0.084091,0.4,0.596977,0.666667
20200331,1128,0.085227,0.4,0.196474,1.0
20200331,1129,0.085227,0.381818,0.196474,0.333333
20200331,1130,0.085227,0.381818,0.042821,0.333333
20200331,1131,0.085227,0.418182,0.042821,0.666667
20200331,1132,1.0,0.418182,0.030227,0.666667
20200331,1133,1.0,0.436364,0.030227,0.666667
20200331,1134,0.855682,0.436364,0.025189,0.666667
20200331,1135,0.855682,0.472727,0.025189,0.666667
20200331,1136,0.832955,0.472727,0.010076,0.666667
20200331,1137,0.832955,0.418182,0.010076,0.666667
20200331,1138,0.826136,0.418182,0.0,0.333333
20200331,1139,0.826136,0.563636,0.0,0.333333
20200331,1140,0.830682,0.563636,0.007557,0.333333
20200331,1141,0.830682,0.509091,0.007557,0.333333
20200331,1142,0.829545,0.509091,0.080605,0.333333
20200331,1143,0.829545,0.509091,0.080605,0.666667
20200331,1144,0.822727,0.509091,0.191436,1.0
20200331,1145,0.822727,0.509091,0.191436,0.333333
20200331,1146,0.819318,0.509091,0.355164,0.666667
20200331,1147,0.819318,0.527273,0.355164,0.333333
20200331,1148,0.801136,0.527273,0.526448,0.666667
20200331,1149,0.801136,0.509091,0.526448,1.0
20200331,1150,0.777273,0.509091,0.644836,0.333333
20200331,1151,0.777273,0.472727,0.644836,0.666667
20200331,1152,0.739773,0.472727,0.707809,0.666667
20200331,1153,0.739773,0.527273,0.707809,0.666667
20200331,1154,0.702273,0.527273,0.722922,0.666667
20200331,1155,0.702273,0.581818,0.722922,0.666667
20200331,1156,0.667045,0.581818,0.735516,0.666667
20200331,1157,0.667045,0.563636,0.735516,0.666667
20200331,1158,0.635227,0.563636,0.715365,0.333333
20200331,1159,0.635227,0.527273,0.715365,0.333333
20200331,1160,0.618182,0.527273,0.697733,0.666667
20200331,1161,0.618182,0.527273,0.697733,0.333333
20200331,1162,0.603409,0.527273,0.68262,1.0
20200331,1163,0.603409,0.6,0.68262,0.666667
20200331,1164,0.597727,0.6,0.664987,0.666667
20200331,1165,0.597727,0.581818,0.664987,0.666667
20200331,1166,0.589773,0.581818,0.644836,0.666667
20200331,1167,0.589773,0.545455,0.644836,0.666667
20200331,1168,0.585227,0.545455,0.612091,0.666667
20200331,1169,0.585227,0.563636,0.612091,0.666667
20200331,1170,0.585227,0.563636,0.59194,0.666667
20200331,1171,0.557955,0.6,0.579345,0.666667
20200331,1172,0.561364,0.6,0.556675,0.333333
20200331,1173,0.563636,0.563636,0.536524,0.333333
20200331,1174,0.568182,0.563636,0.518892,0.666667
20200331,1175,0.565909,0.545455,0.501259,0.333333
20200331,1176,0.572727,0.545455,0.488665,1.0
20200331,1177,0.55,0.6,0.468514,0.666667
20200331,1178,0.553409,0.6,0.463476,0.666667
20200331,1179,0.547727,0.654545,0.468514,0.666667
20200331,1180,0.548864,0.654545,0.471033,0.666667
20200331,1181,0.556818,0.818182,0.478589,0.666667
20200331,1182,0.555682,0.818182,0.486146,0.333333
20200331,1183,0.560227,0.763636,0.481108,0.666667
20200331,1184,0.567045,0.763636,0.483627,0.666667
20200331,1185,0.563636,0.709091,0.473552,0.333333
20200331,1186,0.555682,0.709091,0.476071,0.666667
20200331,1187,0.556818,0.745455,0.450882,0.0
20200331,1188,0.560227,0.745455,0.478589,0.333333
20200331,1189,0.563636,0.854545,0.478589,0.666667
20200331,1190,0.568182,0.854545,0.481108,0.666667
20200331,1191,0.577273,1.0,0.483627,0.666667
20200331,1192,0.568182,1.0,0.476071,0.333333
20200331,1193,0.572727,0.745455,0.478589,0.666667
20200331,1194,0.5875,0.745455,0.465995,0.666667
20200331,1195,0.586364,0.763636,0.463476,0.333333
20200331,1196,0.590909,0.763636,0.471033,0.666667
20200331,1197,0.588636,0.672727,0.473552,0.0
20200331,1198,0.584091,0.672727,0.478589,0.333333
20200331,1199,0.580682,0.781818,0.473552,0.666667
20200331,1200,0.580682,0.781818,0.478589,0.666667
20200331,1201,0.578409,0.4,0.481108,0.666667
20200331,1202,0.579545,0.4,0.473552,1.0
20200331,1203,0.578409,0.381818,0.473552,0.333333
20200331,1204,0.578409,0.381818,0.468514,0.333333
20200331,1205,0.6,0.418182,0.465995,0.666667
20200331,1206,0.598864,0.418182,0.465995,0.666667
20200331,1207,0.601136,0.436364,0.450882,0.666667
20200331,1208,0.594318,0.436364,0.471033,0.666667
20200331,1209,0.590909,0.472727,0.473552,0.666667
20200331,1210,0.5875,0.472727,0.465995,0.666667
20200331,1211,0.592045,0.418182,0.450882,0.666667
20200331,1212,0.729545,0.418182,0.450882,0.333333
20200331,1213,0.614773,0.563636,0.486146,0.333333
20200331,1214,0.595455,0.563636,0.483627,0.333333
20200331,1215,0.592045,0.509091,0.491184,0.333333
20200331,1216,0.581818,0.509091,0.491184,0.333333
20200331,1217,0.580682,0.509091,0.488665,0.666667
20200331,1218,0.582955,0.509091,0.471033,1.0
20200331,1219,0.584091,0.509091,0.463476,0.333333
20200331,1220,0.582955,0.509091,0.491184,0.666667
20200331,1221,0.582955,0.527273,0.576826,0.333333
20200331,1222,0.575,0.527273,0.690176,0.666667
20200331,1223,0.302273,0.509091,0.79597,1.0
20200331,1224,0.302273,0.509091,0.851385,0.333333
20200331,1225,0.289773,0.472727,0.874055,0.666667
20200331,1226,0.269318,0.472727,0.874055,0.666667
20200331,1227,0.203409,0.527273,0.86398,0.666667
20200331,1228,0.235227,0.527273,0.843829,0.333333
20200331,1229,0.240909,0.581818,0.826196,0.666667
20200331,1230,0.225,0.581818,0.801008,0.666667
20200331,1231,0.222727,0.563636,0.783375,0.333333
20200331,1232,0.222727,0.563636,0.765743,0.666667
20200331,1233,0.226136,0.527273,0.738035,0.0
20200331,1234,0.227273,0.527273,0.720403,0.333333
20200331,1235,0.211364,0.527273,0.702771,0.666667
20200331,1236,0.215909,0.527273,0.695214,0.666667
20200331,1237,0.215909,0.6,0.717884,0.666667
20200331,1238,0.215909,0.6,0.755668,1.0
20200331,1239,0.226136,0.581818,0.785894,0.333333
20200331,1240,0.223864,0.581818,0.788413,0.333333
20200331,1241,0.217045,0.545455,0.785894,0.666667
20200331,1242,0.219318,0.545455,0.770781,0.666667
20200331,1243,0.215909,0.563636,0.745592,0.666667
20200331,1244,0.210227,0.563636,0.730479,0.666667
20200331,1245,0.219318,0.6,0.715365,0.666667
20200331,1246,0.217045,0.6,0.695214,0.666667
20200331,1247,0.217045,0.563636,0.712846,0.666667
20200331,1248,0.221591,0.563636,0.732997,0.333333
20200331,1249,0.215909,0.545455,0.753149,0.333333
20200331,1250,0.214773,0.545455,0.760705,0.333333
20200331,1251,0.185227,0.6,0.715365,0.333333
20200331,1252,0.489773,0.6,0.730479,0.333333
20200331,1253,0.151136,0.654545,0.755668,0.666667
20200331,1254,0.144318,0.654545,0.75063,1.0
20200331,1255,0.132955,0.818182,0.748111,0.333333
20200331,1256,0.129545,0.818182,0.732997,0.666667
20200331,1257,0.136364,0.763636,0.717884,0.333333
20200331,1258,0.130682,0.763636,0.710327,0.666667
20200331,1259,0.119318,0.709091,0.712846,1.0
20200331,1260,0.130682,0.709091,0.72796,0.333333
20200331,1261,0.127273,0.745455,0.745592,0.666667
20200331,1262,0.159091,0.745455,0.745592,0.666667
20200331,1263,0.153409,0.854545,0.738035,0.666667
20200331,1264,0.173864,0.854545,0.599496,0.666667
20200331,1265,0.731818,1.0,0.59194,0.666667
20200331,1266,0.814773,1.0,0.571788,0.666667
20200331,1267,0.506818,0.745455,0.627204,0.666667
20200331,1268,0.484091,0.745455,0.667506,0.333333
20200331,1269,0.473864,0.763636,0.785894,0.333333
20200331,1270,0.385227,0.763636,0.891688,0.666667
20200331,1271,0.386364,0.672727,0.957179,0.333333
20200331,1272,0.386364,0.672727,0.989924,1.0
20200331,1273,0.380682,0.781818,1.0,0.666667
20200331,1274,0.264773,0.781818,0.982368,0.666667
20200331,1275,0.314773,0.4,0.964736,0.666667
20200331,1276,0.323864,0.381818,0.942065,0.666667
20200331,1277,0.320455,0.381818,0.921914,0.666667
20200331,1278,0.315909,0.381818,0.896725,0.666667
20200331,1279,0.313636,0.381818,0.871537,0.666667
20200331,1280,0.3125,0.363636,0.851385,0.666667
20200331,1281,0.319318,0.363636,0.823678,0.666667
20200331,1282,0.386364,0.345455,0.801008,0.333333
20200331,1283,0.372727,0.345455,0.780856,0.333333
20200331,1284,0.355682,0.381818,0.758186,0.666667
20200331,1285,0.353409,0.381818,0.738035,0.666667
20200331,1286,0.3875,0.381818,0.717884,0.333333
20200331,1287,0.4125,0.381818,0.695214,0.666667
20200331,1288,0.421591,0.4,0.717884,0.666667
20200331,1289,0.651136,0.4,0.738035,0.333333
20200331,1290,0.645455,0.345455,0.748111,0.666667
20200331,1291,0.645455,0.345455,0.75063,0.0
20200331,1292,0.730682,0.381818,0.753149,0.333333
20200331,1293,0.470455,0.381818,0.732997,0.666667
20200331,1294,0.840909,0.363636,0.712846,0.666667
20200331,1295,0.855682,0.363636,0.712846,0.666667
20200331,1296,0.760227,0.345455,0.725441,1.0
20200331,1297,0.757955,0.345455,0.743073,0.333333
20200331,1298,0.756818,0.381818,0.755668,0.333333
20200331,1299,0.754545,0.381818,0.748111,0.666667
20200331,1300,0.661364,0.4,0.738035,0.666667
20200331,1301,0.661364,0.4,0.725441,0.666667
20200331,1302,0.659091,0.4,0.712846,0.666667
20200331,1303,0.618182,0.4,0.707809,0.666667
20200331,1304,0.575,0.381818,0.730479,0.666667
20200331,1305,0.577273,0.381818,0.748111,0.666667
20200331,1306,0.572727,0.4,0.758186,0.333333
20200331,1307,0.502273,0.4,0.753149,0.333333
20200331,1308,0.472727,0.454545,0.740554,0.333333
20200331,1309,0.460227,0.454545,0.72796,0.333333
20200331,1310,0.354545,0.4,0.712846,0.333333
20200331,1311,0.364773,0.4,0.715365,0.666667
20200331,1312,0.365909,0.381818,0.72796,1.0
20200331,1313,0.371591,0.381818,0.738035,0.333333
20200331,1314,0.365909,0.418182,0.753149,0.666667
20200331,1315,0.373864,0.418182,0.745592,0.333333
20200331,1316,0.625,0.436364,0.732997,0.666667
20200331,1317,0.617045,0.436364,0.720403,1.0
20200331,1318,0.590909,0.472727,0.720403,0.333333
20200331,1319,0.702273,0.472727,0.717884,0.666667
20200331,1320,0.815909,0.418182,0.722922,0.666667
20200331,1321,0.754545,0.418182,0.735516,0.666667
20200331,1322,0.747727,0.563636,0.740554,0.333333
20200331,1323,0.722727,0.563636,0.738035,0.666667
20200331,1324,0.725,0.509091,0.72796,0.666667
20200331,1325,0.7,0.509091,0.720403,0.333333
20200331,1326,0.701136,0.509091,0.710327,0.666667
20200331,1327,0.702273,0.509091,0.712846,0.0
20200331,1328,0.701136,0.509091,0.732997,0.333333
20200331,1329,0.701136,0.509091,0.75063,0.666667
20200331,1330,0.703409,0.527273,0.753149,0.666667
20200331,1331,0.705682,0.527273,0.75063,0.666667
20200331,1332,0.703409,0.509091,0.732997,1.0
20200331,1333,0.702273,0.509091,0.72796,0.333333
20200331,1334,0.701136,0.472727,0.717884,0.333333
20200331,1335,0.698864,0.472727,0.712846,0.666667
20200331,1336,0.701136,0.527273,0.717884,0.666667
20200331,1337,0.7,0.527273,0.72796,0.666667
20200331,1338,0.7,0.581818,0.745592,0.666667
20200331,1339,0.703409,0.581818,0.743073,0.666667
20200331,1340,0.704545,0.563636,0.740554,0.666667
20200331,1341,0.701136,0.563636,0.730479,0.666667
20200331,1342,0.702273,0.527273,0.72796,0.333333
20200331,1343,0.7,0.527273,0.712846,0.333333
20200331,1344,0.698864,0.527273,0.712846,0.333333
20200331,1345,0.701136,0.527273,0.72796,0.333333
20200331,1346,0.701136,0.6,0.743073,0.333333
20200331,1347,0.702273,0.6,0.75063,0.666667
20200331,1348,0.702273,0.581818,0.740554,1.0
20200331,1349,0.703409,0.581818,0.72796,0.333333
20200331,1350,0.701136,0.545455,0.712846,0.666667
20200331,1351,0.701136,0.545455,0.712846,0.333333
20200331,1352,0.701136,0.563636,0.715365,0.666667
20200331,1353,0.7,0.563636,0.738035,1.0
20200331,1354,0.703409,0.6,0.745592,0.333333
20200331,1355,0.701136,0.6,0.753149,0.666667
20200331,1356,0.703409,0.563636,0.745592,0.666667
20200331,1357,0.704545,0.563636,0.725441,0.666667
20200331,1358,0.7,0.545455,0.720403,0.666667
20200331,1359,0.7,0.545455,0.707809,0.666667
20200331,1360,0.698864,0.6,0.710327,0.666667
20200331,1361,0.698864,0.6,0.725441,0.666667
20200331,1362,0.701136,0.654545,0.738035,0.333333
20200331,1363,0.703409,0.654545,0.75063,0.333333
20200331,1364,0.701136,0.818182,0.745592,0.666667
20200331,1365,0.702273,0.818182,0.738035,0.333333
20200331,1366,0.7,0.763636,0.725441,1.0
20200331,1367,0.7,0.763636,0.70529,0.666667
20200331,1368,0.698864,0.709091,0.692695,0.666667
20200331,1369,0.698864,0.709091,0.717884,0.666667
20200331,1370,0.698864,0.745455,0.730479,0.666667
20200331,1371,0.7,0.745455,0.738035,0.666667
20200331,1372,0.701136,0.854545,0.743073,0.666667
20200331,1373,0.702273,0.854545,0.735516,0.666667
20200331,1374,0.701136,1.0,0.72796,0.666667
20200331,1375,0.7,1.0,0.715365,0.666667
20200331,1376,0.7,0.745455,0.712846,0.333333
20200331,1377,0.697727,0.745455,0.717884,0.333333
20200331,1378,0.697727,0.763636,0.730479,0.666667
20200331,1379,0.701136,0.763636,0.738035,0.333333
20200331,1380,0.701136,0.672727,0.738035,1.0
20200331,1381,0.702273,0.672727,0.732997,0.666667
20200331,1382,0.698864,0.781818,0.720403,0.666667
20200331,1383,0.698864,0.781818,0.715365,0.666667
20200331,1384,0.7,0.745455,0.717884,0.666667
20200331,1385,0.698864,0.854545,0.707809,0.666667
20200331,1386,0.701136,0.854545,0.732997,0.333333
20200331,1387,0.7,1.0,0.735516,0.666667
20200331,1388,0.7,1.0,0.735516,0.666667
20200331,1389,0.701136,0.745455,0.725441,0.333333
20200331,1390,0.7,0.745455,0.712846,0.666667
20200331,1391,0.698864,0.763636,0.715365,0.0
20200331,1392,0.7,0.763636,0.70529,0.333333
20200331,1393,0.698864,0.672727,0.72796,0.666667
20200331,1394,0.697727,0.672727,0.738035,0.666667
20200331,1395,0.701136,0.781818,0.738035,0.666667
20200331,1396,0.7,0.781818,0.72796,1.0
20200331,1397,0.7,0.4,0.720403,0.333333
20200331,1398,0.698864,0.4,0.715365,0.333333
20200331,1399,0.698864,0.381818,0.715365,0.666667
20200331,1400,0.698864,0.381818,0.725441,0.666667
20200331,1401,0.7,0.418182,0.725441,0.666667
20200331,1402,0.7,0.418182,0.730479,0.666667
20200331,1403,0.698864,1.0,0.730479,0.666667
20200331,1404,0.701136,1.0,0.717884,0.666667
20200331,1405,0.701136,0.745455,0.715365,0.666667
20200331,1406,0.698864,0.745455,0.715365,0.333333
20200331,1407,0.7,0.763636,0.717884,0.333333
20200331,1408,0.701136,0.763636,0.735516,0.333333
20200331,1409,0.7,0.672727,0.743073,0.333333
20200331,1410,0.7,0.672727,0.730479,0.333333
20200331,1411,0.7,0.781818,0.725441,0.666667
20200331,1412,0.698864,0.781818,0.70529,1.0
20200331,1413,0.698864,0.745455,0.697733,0.333333
20200331,1414,0.696591,0.854545,0.715365,0.666667
20200331,1415,0.697727,0.854545,0.72796,0.333333
20200331,1416,0.698864,1.0,0.743073,0.666667
20200331,1417,0.701136,1.0,0.743073,1.0
20200331,1418,0.7,0.745455,0.738035,0.333333
20200331,1419,0.7,0.745455,0.730479,0.666667
20200331,1420,0.698864,0.763636,0.725441,0.666667
20200331,1421,0.697727,0.763636,0.712846,0.666667
20200331,1422,0.701136,0.672727,0.712846,0.666667
20200331,1423,0.702273,0.672727,0.720403,0.666667
20200331,1424,0.701136,0.781818,0.735516,0.666667
20200331,1425,0.702273,0.781818,0.743073,0.666667
20200331,1426,0.703409,0.4,0.758186,0.333333
20200331,1427,0.703409,0.4,0.745592,0.333333
20200331,1428,0.705682,0.381818,0.738035,0.666667
20200331,1429,0.704545,0.381818,0.725441,0.333333
20200331,1430,0.073864,0.090909,0.604534,0.666667
20200331,1431,0.073864,0.090909,0.604534,0.333333
20200331,1432,0.072727,0.090909,0.602015,0.666667
20200331,1433,0.072727,0.090909,0.602015,1.0
20200331,1434,0.072727,0.072727,0.584383,0.333333
20200331,1435,0.072727,0.072727,0.584383,0.666667
20200331,1436,0.073864,0.127273,0.589421,0.666667
20200331,1437,0.073864,0.127273,0.589421,0.666667
20200331,1438,0.071591,0.109091,0.594458,0.666667
20200331,1439,0.071591,0.109091,0.594458,0.666667
20200331,1440,0.072727,0.036364,0.607053,0.666667
20200331,1441,0.072727,0.036364,0.607053,0.666667
20200331,1442,0.072727,0.036364,0.604534,0.333333
20200331,1443,0.072727,0.036364,0.604534,0.333333
20200331,1444,0.073864,0.072727,0.617128,0.666667
20200331,1445,0.073864,0.072727,0.617128,0.333333
20200331,1446,0.072727,0.0,0.612091,1.0
20200331,1447,0.072727,0.0,0.612091,0.666667
20200331,1448,0.071591,0.127273,0.602015,0.666667
20200331,1449,0.071591,0.127273,0.602015,0.666667
20200331,1450,0.072727,0.090909,0.59194,0.733333
20200331,1451,0.072727,0.090909,0.59194,0.733333
20200331,1452,0.071591,0.127273,0.584383,0.726667
20200331,1453,0.071591,0.127273,0.584383,0.726667
20200331,1454,0.071591,0.090909,0.586902,0.72
20200331,1455,0.071591,0.090909,0.586902,0.72
20200331,1456,0.071591,0.109091,0.589421,0.746667
20200331,1457,0.071591,0.109091,0.589421,0.746667
20200331,1458,0.073864,0.109091,0.617128,0.746667
20200331,1459,0.073864,0.109091,0.617128,0.746667
20200331,1460,0.072727,0.054545,0.622166,0.746667
20200331,1461,0.072727,0.054545,0.622166,0.746667
20200331,1462,0.072727,0.072727,0.61461,0.746667
20200331,1463,0.072727,0.072727,0.61461,0.746667
20200331,1464,0.072727,0.127273,0.602015,0.726667
20200331,1465,0.072727,0.127273,0.602015,0.726667
20200331,1466,0.070455,0.109091,0.596977,0.72
20200331,1467,0.070455,0.109091,0.596977,0.72
20200331,1468,0.072727,0.090909,0.586902,0.726667
20200331,1469,0.072727,0.090909,0.586902,0.726667
20200331,1470,0.070455,0.145455,0.579345,0.72
20200331,1471,0.070455,0.145455,0.579345,0.72
20200331,1472,0.073864,0.109091,0.596977,0.726667
20200331,1473,0.073864,0.109091,0.596977,0.726667
20200331,1474,0.072727,0.090909,0.604534,0.733333
20200331,1475,0.072727,0.090909,0.604534,0.733333
20200331,1476,0.073864,0.036364,0.61461,0.726667
20200331,1477,0.073864,0.036364,0.61461,0.666667
20200331,1478,0.072727,0.145455,0.612091,0.666667
20200331,1479,0.072727,0.145455,0.612091,0.333333
20200331,1480,0.070455,0.127273,0.602015,0.666667
20200331,1481,0.070455,0.127273,0.602015,0.666667
20200331,1482,0.070455,0.090909,0.594458,0.333333
20200331,1483,0.070455,0.090909,0.594458,0.666667
20200331,1484,0.071591,0.127273,0.594458,0.0
20200331,1485,0.071591,0.127273,0.594458,0.333333
20200331,1486,0.070455,0.218182,0.59194,0.666667
20200331,1487,0.070455,0.218182,0.59194,0.666667
20200331,1488,0.072727,0.127273,0.596977,0.666667
20200331,1489,0.072727,0.127273,0.596977,1.0
20200331,1490,0.072727,0.090909,0.594458,0.333333
20200331,1491,0.072727,0.090909,0.594458,0.333333
20200331,1492,0.071591,0.072727,0.604534,0.666667
20200331,1493,0.071591,0.072727,0.604534,0.666667
20200331,1494,0.071591,0.109091,0.602015,0.666667
20200331,1495,0.071591,0.109091,0.602015,0.666667
20200331,1496,0.072727,0.090909,0.599496,0.666667
20200331,1497,0.072727,0.090909,0.599496,0.666667
20200331,1498,0.071591,0.145455,0.59194,0.666667
20200331,1499,0.071591,0.145455,0.59194,0.333333
20200331,1500,0.070455,0.090909,0.586902,0.333333
20200331,1501,0.070455,0.090909,0.586902,0.333333
20200331,1502,0.073864,0.127273,0.586902,0.333333
20200331,1503,0.073864,0.127273,0.586902,0.333333
20200331,1504,0.072727,0.127273,0.602015,0.666667
20200331,1505,0.072727,0.127273,0.602015,1.0
20200331,1506,0.070455,0.127273,0.619647,0.333333
20200331,1507,0.070455,0.127273,0.619647,0.666667
20200331,1508,0.072727,0.127273,0.617128,0.333333
20200331,1509,0.072727,0.127273,0.617128,0.666667
20200331,1510,0.072727,0.054545,0.607053,1.0
20200331,1511,0.072727,0.054545,0.607053,0.333333
20200331,1512,0.072727,0.145455,0.602015,0.666667
20200331,1513,0.072727,0.145455,0.602015,0.666667
20200331,1514,0.070455,0.127273,0.596977,0.666667
20200331,1515,0.070455,0.127273,0.596977,0.333333
20200331,1516,0.070455,0.109091,0.576826,0.666667
20200331,1517,0.070455,0.109091,0.576826,0.666667
20200331,1518,0.072727,0.090909,0.586902,0.333333
20200331,1519,0.072727,0.090909,0.586902,0.666667
20200331,1520,0.071591,0.072727,0.594458,0.0
20200331,1521,0.071591,0.072727,0.594458,0.333333
20200331,1522,0.071591,0.054545,0.596977,0.666667
20200331,1523,0.071591,0.054545,0.596977,0.666667
20200331,1524,0.073864,0.072727,0.624685,0.666667
20200331,1525,0.073864,0.072727,0.624685,1.0
20200331,1526,0.072727,0.018182,0.622166,0.333333
20200331,1527,0.072727,0.018182,0.622166,0.333333
20200331,1528,0.071591,0.109091,0.61461,0.666667
20200331,1529,0.071591,0.109091,0.61461,0.666667
20200331,1530,0.068182,0.109091,0.599496,0.666667
20200331,1531,0.068182,0.109091,0.599496,0.666667
20200331,1532,0.069318,0.145455,0.589421,0.666667
20200331,1533,0.069318,0.145455,0.589421,0.666667
20200331,1534,0.070455,0.181818,0.586902,0.666667
20200331,1535,0.070455,0.181818,0.586902,0.333333
20200331,1536,0.068182,0.109091,0.594458,0.333333
20200331,1537,0.068182,0.109091,0.594458,0.333333
20200331,1538,0.071591,0.127273,0.599496,0.333333
20200331,1539,0.071591,0.127273,0.599496,0.333333
20200331,1540,0.072727,0.072727,0.617128,0.666667
20200331,1541,0.072727,0.072727,0.617128,1.0
20200331,1542,0.071591,0.109091,0.619647,0.333333
20200331,1543,0.071591,0.109091,0.619647,0.666667
20200331,1544,0.071591,0.072727,0.609572,0.333333
20200331,1545,0.071591,0.072727,0.609572,0.666667
20200331,1546,0.070455,0.054545,0.596977,1.0
20200331,1547,0.070455,0.054545,0.596977,0.333333
20200331,1548,0.070455,0.109091,0.589421,0.666667
20200331,1549,0.070455,0.109091,0.589421,0.666667
20200331,1550,0.071591,0.109091,0.596977,0.666667
20200331,1551,0.071591,0.109091,0.596977,0.666667
20200331,1552,0.070455,0.163636,0.584383,0.666667
20200331,1553,0.070455,0.163636,0.584383,0.666667
20200331,1554,0.072727,0.163636,0.607053,0.666667
20200331,1555,0.072727,0.163636,0.607053,0.333333
20200331,1556,0.072727,0.109091,0.61461,0.333333
20200331,1557,0.072727,0.109091,0.61461,0.666667
20200331,1558,0.072727,0.145455,0.617128,0.333333
20200331,1559,0.072727,0.145455,0.617128,1.0
20200331,1560,0.070455,0.090909,0.604534,0.666667
20200331,1561,0.070455,0.090909,0.604534,0.666667
20200331,1562,0.072727,0.109091,0.594458,0.666667
20200331,1563,0.072727,0.109091,0.594458,0.666667
20200331,1564,0.071591,0.181818,0.594458,0.666667
20200331,1565,0.071591,0.181818,0.594458,0.666667
20200331,1566,0.069318,0.109091,0.589421,0.666667
20200331,1567,0.069318,0.109091,0.589421,0.666667
20200331,1568,0.072727,0.163636,0.596977,0.666667
20200331,1569,0.072727,0.163636,0.596977,0.333333
20200331,1570,0.071591,0.145455,0.596977,0.333333
20200331,1571,0.071591,0.145455,0.596977,0.666667
20200331,1572,0.071591,0.127273,0.594458,0.333333
20200331,1573,0.071591,0.127273,0.594458,1.0
20200331,1574,0.071591,0.109091,0.602015,0.666667
20200331,1575,0.071591,0.109091,0.602015,0.666667
20200331,1576,0.070455,0.145455,0.576826,0.666667
20200331,1577,0.070455,0.145455,0.576826,0.666667
20200331,1578,0.070455,0.163636,0.589421,0.666667
20200331,1579,0.070455,0.163636,0.589421,0.333333
20200331,1580,0.071591,0.181818,0.594458,0.666667
20200331,1581,0.071591,0.181818,0.594458,0.666667
20200331,1582,0.070455,0.145455,0.609572,0.333333
20200331,1583,0.070455,0.145455,0.609572,0.666667
20200331,1584,0.071591,0.163636,0.612091,0.0
20200331,1585,0.071591,0.163636,0.612091,0.333333
20200331,1586,0.070455,0.236364,0.609572,0.666667
20200331,1587,0.070455,0.236364,0.609572,0.666667
20200331,1588,0.069318,0.145455,0.599496,0.666667
20200331,1589,0.069318,0.145455,0.599496,1.0
20200331,1590,0.069318,0.181818,0.576826,0.333333
20200331,1591,0.069318,0.181818,0.576826,0.333333
20200331,1592,0.069318,0.072727,0.586902,0.666667
20200331,1593,0.069318,0.072727,0.586902,0.666667
20200331,1594,0.068182,0.127273,0.59194,0.666667
20200331,1595,0.068182,0.127273,0.59194,0.666667
20200331,1596,0.071591,0.054545,0.599496,0.666667
20200331,1597,0.071591,0.054545,0.599496,0.666667
20200331,1598,0.071591,0.145455,0.624685,0.666667
20200331,1599,0.071591,0.145455,0.624685,0.333333
20200331,1600,0.069318,0.018182,0.624685,0.333333
20200331,1601,0.069318,0.018182,0.624685,0.333333
20200331,1602,0.072727,0.054545,0.622166,0.333333
20200331,1603,0.072727,0.054545,0.622166,0.333333
20200331,1604,0.069318,0.072727,0.599496,0.666667
20200331,1605,0.069318,0.072727,0.599496,1.0
20200331,1606,0.067045,0.109091,0.596977,0.333333
20200331,1607,0.067045,0.109091,0.596977,0.666667
20200331,1608,0.070455,0.090909,0.589421,0.333333
20200331,1609,0.070455,0.090909,0.589421,0.666667
20200331,1610,0.069318,0.036364,0.584383,1.0
20200331,1611,0.069318,0.036364,0.584383,0.333333
20200331,1612,0.070455,0.072727,0.594458,0.666667
20200331,1613,0.070455,0.072727,0.594458,0.666667
20200331,1614,0.070455,0.054545,0.612091,0.666667
20200331,1615,0.070455,0.054545,0.612091,0.333333
20200331,1616,0.072727,0.036364,0.622166,0.666667
20200331,1617,0.072727,0.036364,0.622166,0.666667
20200331,1618,0.072727,0.127273,0.619647,0.333333
20200331,1619,0.072727,0.127273,0.619647,0.666667
20200331,1620,0.068182,0.109091,0.61461,0.0
20200331,1621,0.068182,0.109091,0.61461,0.333333
20200331,1622,0.069318,0.163636,0.599496,0.666667
20200331,1623,0.069318,0.163636,0.599496,0.666667
20200331,1624,0.067045,0.145455,0.571788,0.666667
20200331,1625,0.067045,0.145455,0.571788,1.0
20200331,1626,0.070455,0.127273,0.581864,0.333333
20200331,1627,0.070455,0.127273,0.581864,0.333333
20200331,1628,0.070455,0.218182,0.594458,0.666667
20200331,1629,0.070455,0.218182,0.594458,0.666667
20200331,1630,0.069318,0.181818,0.61461,0.666667
20200331,1631,0.069318,0.181818,0.61461,0.666667
20200331,1632,0.072727,0.072727,0.624685,0.666667
20200331,1633,0.072727,0.072727,0.624685,0.666667
20200331,1634,0.071591,0.127273,0.627204,0.666667
20200331,1635,0.071591,0.127273,0.627204,0.333333
20200331,1636,0.071591,0.090909,0.61461,0.333333
20200331,1637,0.071591,0.090909,0.61461,0.333333
20200331,1638,0.064773,0.145455,0.602015,0.333333
20200331,1639,0.064773,0.145455,0.602015,0.333333
20200331,1640,0.069318,0.127273,0.602015,0.666667
20200331,1641,0.069318,0.127273,0.602015,1.0
20200331,1642,0.068182,0.109091,0.589421,0.333333
20200331,1643,0.068182,0.109091,0.589421,0.666667
20200331,1644,0.069318,0.127273,0.596977,0.333333
20200331,1645,0.069318,0.127273,0.596977,0.666667
20200331,1646,0.072727,0.109091,0.602015,1.0
20200331,1647,0.072727,0.109091,0.602015,0.333333
20200331,1648,0.070455,0.109091,0.607053,0.666667
20200331,1649,0.070455,0.109091,0.607053,0.666667
20200331,1650,0.070455,0.181818,0.602015,0.666667
20200331,1651,0.070455,0.181818,0.602015,0.666667
20200331,1652,0.071591,0.090909,0.602015,0.666667
20200331,1653,0.071591,0.090909,0.602015,0.666667
20200331,1654,0.070455,0.127273,0.594458,0.666667
20200331,1655,0.070455,0.127273,0.594458,0.333333
20200331,1656,0.068182,0.127273,0.59194,0.333333
20200331,1657,0.068182,0.127273,0.59194,0.666667
20200331,1658,0.068182,0.145455,0.59194,0.333333
20200331,1659,0.068182,0.145455,0.59194,1.0
20200331,1660,0.069318,0.2,0.604534,0.666667
20200331,1661,0.069318,0.2,0.604534,0.666667
20200331,1662,0.069318,0.163636,0.602015,0.666667
20200331,1663,0.069318,0.163636,0.602015,0.666667
20200331,1664,0.070455,0.127273,0.61461,0.666667
20200331,1665,0.070455,0.127273,0.61461,0.666667
20200331,1666,0.071591,0.054545,0.609572,0.666667
20200331,1667,0.071591,0.054545,0.609572,0.666667
20200331,1668,0.068182,0.054545,0.599496,0.666667
20200331,1669,0.068182,0.054545,0.599496,0.333333
20200331,1670,0.070455,0.163636,0.586902,0.333333
20200331,1671,0.070455,0.163636,0.586902,0.666667
20200331,1672,0.069318,0.163636,0.594458,0.333333
20200331,1673,0.069318,0.163636,0.594458,1.0
20200331,1674,0.070455,0.054545,0.599496,0.666667
20200331,1675,0.070455,0.054545,0.599496,0.666667
20200331,1676,0.071591,0.145455,0.596977,0.666667
20200331,1677,0.071591,0.145455,0.596977,0.666667
20200331,1678,0.070455,0.090909,0.596977,0.666667
20200331,1679,0.070455,0.090909,0.596977,0.333333
20200331,1680,0.071591,0.109091,0.596977,0.666667
20200331,1681,0.071591,0.109091,0.596977,0.666667
20200331,1682,0.071591,0.127273,0.594458,0.333333
20200331,1683,0.071591,0.127273,0.594458,0.666667
20200331,1684,0.067045,0.054545,0.596977,0.0
20200331,1685,0.067045,0.054545,0.596977,0.333333
20200331,1686,0.070455,0.145455,0.599496,0.666667
20200331,1687,0.070455,0.145455,0.599496,0.666667
20200331,1688,0.071591,0.145455,0.584383,0.666667
20200331,1689,0.071591,0.145455,0.584383,1.0
20200331,1690,0.071591,0.127273,0.599496,0.333333
20200331,1691,0.071591,0.127273,0.599496,0.333333
20200331,1692,0.069318,0.163636,0.599496,0.666667
20200331,1693,0.069318,0.163636,0.599496,0.666667
20200331,1694,0.068182,0.127273,0.599496,0.666667
20200331,1695,0.068182,0.127273,0.599496,0.666667
20200331,1696,0.070455,0.218182,0.59194,0.666667
20200331,1697,0.070455,0.218182,0.59194,0.666667
20200331,1698,0.068182,0.290909,0.594458,0.666667
20200331,1699,0.068182,0.290909,0.594458,0.333333
20200331,1700,0.069318,0.236364,0.596977,0.333333
20200331,1701,0.069318,0.236364,0.596977,0.333333
20200331,1702,0.071591,0.218182,0.596977,0.333333
20200331,1703,0.071591,0.218182,0.596977,0.333333
20200331,1704,0.071591,0.218182,0.596977,0.666667
20200331,1705,0.071591,0.218182,0.596977,1.0
20200331,1706,0.069318,0.327273,0.604534,0.333333
20200331,1707,0.069318,0.327273,0.604534,0.666667
20200331,1708,0.071591,0.272727,0.599496,0.333333
20200331,1709,0.071591,0.272727,0.599496,0.666667
20200331,1710,0.069318,0.254545,0.594458,1.0
20200331,1711,0.069318,0.254545,0.594458,0.333333
20200331,1712,0.070455,0.272727,0.581864,0.666667
20200331,1713,0.070455,0.272727,0.581864,0.666667
20200331,1714,0.070455,0.254545,0.594458,0.666667
20200331,1715,0.070455,0.254545,0.594458,0.666667
20200331,1716,0.070455,0.290909,0.604534,0.666667
20200331,1717,0.070455,0.290909,0.604534,0.666667
20200331,1718,0.069318,0.254545,0.607053,0.666667
20200331,1719,0.069318,0.254545,0.607053,0.333333
20200331,1720,0.070455,0.345455,0.59194,0.333333
20200331,1721,0.070455,0.345455,0.59194,0.666667
20200331,1722,0.068182,0.327273,0.602015,0.333333
20200331,1723,0.068182,0.327273,0.602015,1.0
20200331,1724,0.069318,0.327273,0.589421,0.666667
20200331,1725,0.069318,0.327273,0.589421,0.666667
20200331,1726,0.069318,0.363636,0.604534,0.666667
20200331,1727,0.069318,0.363636,0.604534,0.666667
20200331,1728,0.069318,0.272727,0.596977,0.666667
20200331,1729,0.069318,0.272727,0.596977,0.666667
20200331,1730,0.070455,0.345455,0.596977,0.666667
20200331,1731,0.070455,0.345455,0.596977,0.666667
20200331,1732,0.069318,0.327273,0.599496,0.666667
20200331,1733,0.069318,0.327273,0.599496,0.333333
20200331,1734,0.070455,0.345455,0.594458,0.333333
20200331,1735,0.070455,0.345455,0.594458,0.666667
20200331,1736,0.065909,0.327273,0.59194,0.333333
20200331,1737,0.065909,0.327273,0.59194,1.0
20200331,1738,0.067045,0.4,0.59194,0.666667
20200331,1739,0.067045,0.4,0.59194,0.666667
20200331,1740,0.068182,0.363636,0.596977,0.666667
20200331,1741,0.068182,0.363636,0.596977,0.666667
20200331,1742,0.067045,0.345455,0.599496,0.666667
20200331,1743,0.067045,0.345455,0.599496,0.333333
20200331,1744,0.067045,0.381818,0.604534,0.666667
20200331,1745,0.067045,0.381818,0.604534,0.666667
20200331,1746,0.068182,0.290909,0.594458,0.333333
20200331,1747,0.068182,0.290909,0.594458,0.666667
20200331,1748,0.067045,0.327273,0.59194,0.0
20200331,1749,0.067045,0.327273,0.59194,0.333333
20200331,1750,0.065909,0.345455,0.59194,0.666667
20200331,1751,0.065909,0.345455,0.59194,0.666667
20200331,1752,0.065909,0.272727,0.584383,0.666667
20200331,1753,0.065909,0.272727,0.584383,0.666667
20200331,1754,0.067045,0.272727,0.607053,0.333333
20200331,1755,0.067045,0.272727,0.607053,0.666667
20200331,1756,0.067045,0.381818,0.604534,0.666667
20200331,1757,0.067045,0.381818,0.604534,0.333333
20200331,1758,0.067045,0.327273,0.599496,0.666667
20200331,1759,0.067045,0.327273,0.599496,0.0
20200331,1760,0.065909,0.4,0.599496,0.333333
20200331,1761,0.065909,0.4,0.599496,0.666667
20200331,1762,0.065909,0.381818,0.596977,0.666667
20200331,1763,0.065909,0.381818,0.596977,0.666667
20200331,1764,0.065909,0.4,0.581864,1.0
20200331,1765,0.065909,0.4,0.581864,0.333333
20200331,1766,0.065909,0.345455,0.59194,0.333333
20200331,1767,0.065909,0.345455,0.59194,0.666667
20200331,1768,0.067045,0.381818,0.596977,0.666667
20200331,1769,0.067045,0.381818,0.596977,0.666667
20200331,1770,0.065909,0.363636,0.607053,0.666667
20200331,1771,0.065909,0.363636,0.607053,0.666667
20200331,1772,0.064773,0.345455,0.602015,0.666667
20200331,1773,0.064773,0.345455,0.602015,0.666667
20200331,1774,0.064773,0.363636,0.607053,0.333333
20200331,1775,0.064773,0.363636,0.607053,0.333333
20200331,1776,0.064773,0.381818,0.596977,0.333333
20200331,1777,0.064773,0.381818,0.596977,0.333333
20200331,1778,0.063636,0.4,0.596977,0.333333
20200331,1779,0.063636,0.4,0.596977,0.666667
20200331,1780,0.069318,0.454545,0.594458,1.0
20200331,1781,0.069318,0.454545,0.594458,0.333333
20200331,1782,0.070455,0.4,0.594458,0.666667
20200331,1783,0.070455,0.4,0.594458,0.333333
20200331,1784,0.069318,0.4,0.596977,0.666667
20200331,1785,0.069318,0.4,0.596977,1.0
20200331,1786,0.068182,0.345455,0.599496,0.333333
20200331,1787,0.068182,0.345455,0.599496,0.666667
20200331,1788,0.071591,0.381818,0.607053,0.666667
20200331,1789,0.071591,0.381818,0.607053,0.666667
20200331,1790,0.069318,0.4,0.599496,0.333333
20200331,1791,0.069318,0.4,0.599496,0.666667
20200331,1792,0.069318,0.418182,0.596977,0.666667
20200331,1793,0.069318,0.418182,0.596977,0.333333
20200331,1794,0.068182,0.436364,0.594458,0.666667
20200331,1795,0.068182,0.436364,0.594458,0.0
20200331,1796,0.069318,0.418182,0.594458,0.333333
20200331,1797,0.069318,0.418182,0.594458,0.666667
20200331,1798,0.069318,0.363636,0.589421,0.666667
20200331,1799,0.069318,0.363636,0.589421,0.666667
20200331,1800,0.070455,0.4,0.599496,1.0
20200402,1,0.070455,0.4,0.599496,0.333333
20200402,2,0.069318,0.381818,0.61461,0.333333
20200402,3,0.069318,0.381818,0.61461,0.666667
20200402,4,0.069318,0.381818,0.607053,0.666667
20200402,5,0.069318,0.381818,0.607053,0.666667
20200402,6,0.067045,0.418182,0.596977,0.666667
20200402,7,0.067045,0.418182,0.596977,0.666667
20200402,8,0.067045,0.436364,0.59194,0.666667
20200402,9,0.067045,0.436364,0.59194,0.666667
20200402,10,0.067045,0.363636,0.589421,0.333333
20200402,11,0.067045,0.363636,0.589421,0.333333
20200402,12,0.067045,0.381818,0.594458,0.333333
20200402,13,0.067045,0.381818,0.594458,0.333333
20200402,14,0.069318,0.472727,0.604534,0.333333
20200402,15,0.069318,0.472727,0.604534,0.666667
20200402,16,0.068182,0.363636,0.619647,1.0
20200402,17,0.068182,0.363636,0.619647,0.333333
20200402,18,0.069318,0.418182,0.607053,0.666667
20200402,19,0.069318,0.418182,0.607053,0.333333
20200402,20,0.068182,0.436364,0.607053,0.666667
20200402,21,0.068182,0.436364,0.607053,1.0
20200402,22,0.064773,0.381818,0.596977,0.333333
20200402,23,0.064773,0.381818,0.596977,0.666667
20200402,24,0.067045,0.4,0.589421,0.666667
20200402,25,0.067045,0.4,0.589421,0.666667
20200402,26,0.065909,0.381818,0.589421,0.666667
20200402,27,0.065909,0.381818,0.589421,0.666667
20200402,28,0.067045,0.363636,0.602015,0.666667
20200402,29,0.067045,0.363636,0.602015,0.666667
20200402,30,0.067045,0.381818,0.607053,0.333333
20200402,31,0.067045,0.381818,0.607053,0.333333
20200402,32,0.069318,0.345455,0.612091,0.666667
20200402,33,0.069318,0.345455,0.612091,0.333333
20200402,34,0.067045,0.4,0.607053,1.0
20200402,35,0.067045,0.4,0.607053,0.666667
20200402,36,0.069318,0.4,0.599496,0.666667
20200402,37,0.069318,0.4,0.599496,0.666667
20200402,38,0.065909,0.418182,0.586902,0.666667
20200402,39,0.065909,0.418182,0.586902,0.666667
20200402,40,0.065909,0.4,0.589421,0.666667
20200402,41,0.065909,0.4,0.589421,0.666667
20200402,42,0.067045,0.436364,0.576826,0.666667
20200402,43,0.067045,0.436364,0.576826,0.666667
20200402,44,0.067045,0.4,0.602015,0.333333
20200402,45,0.067045,0.4,0.602015,0.333333
20200402,46,0.068182,0.418182,0.609572,0.666667
20200402,47,0.068182,0.418182,0.609572,0.333333
20200402,48,0.068182,0.4,0.609572,1.0
20200402,49,0.068182,0.4,0.609572,0.666667
20200402,50,0.064773,0.418182,0.609572,0.666667
20200402,51,0.064773,0.418182,0.609572,0.666667
20200402,52,0.065909,0.363636,0.602015,0.666667
20200402,53,0.065909,0.363636,0.602015,0.666667
20200402,54,0.067045,0.345455,0.584383,0.333333
20200402,55,0.067045,0.345455,0.584383,0.666667
20200402,56,0.065909,0.436364,0.59194,0.666667
20200402,57,0.065909,0.436364,0.59194,0.333333
20200402,58,0.065909,0.418182,0.589421,0.666667
20200402,59,0.065909,0.418182,0.589421,0.0
20200402,60,0.067045,0.381818,0.594458,0.333333
20200402,61,0.067045,0.381818,0.594458,0.666667
20200402,62,0.064773,0.4,0.607053,0.666667
20200402,63,0.064773,0.4,0.607053,0.666667
20200402,64,0.067045,0.381818,0.607053,1.0
20200402,65,0.067045,0.381818,0.607053,0.333333
20200402,66,0.068182,0.381818,0.604534,0.333333
20200402,67,0.068182,0.381818,0.604534,0.666667
20200402,68,0.067045,0.418182,0.602015,0.666667
20200402,69,0.067045,0.418182,0.602015,0.666667
20200402,70,0.064773,0.418182,0.594458,0.666667
20200402,71,0.064773,0.418182,0.594458,0.666667
20200402,72,0.065909,0.363636,0.59194,0.666667
20200402,73,0.065909,0.363636,0.59194,0.666667
20200402,74,0.067045,0.381818,0.59194,0.333333
20200402,75,0.067045,0.381818,0.59194,0.333333
20200402,76,0.065909,0.381818,0.599496,0.333333
20200402,77,0.065909,0.381818,0.599496,0.333333
20200402,78,0.067045,0.345455,0.61461,0.333333
20200402,79,0.067045,0.345455,0.61461,0.666667
20200402,80,0.067045,0.4,0.622166,1.0
20200402,81,0.067045,0.4,0.622166,0.333333
20200402,82,0.068182,0.327273,0.607053,0.666667
20200402,83,0.068182,0.327273,0.607053,0.333333
20200402,84,0.067045,0.381818,0.602015,0.666667
20200402,85,0.067045,0.381818,0.602015,1.0
20200402,86,0.064773,0.327273,0.596977,0.333333
20200402,87,0.064773,0.327273,0.596977,0.666667
20200402,88,0.065909,0.4,0.594458,0.666667
20200402,89,0.065909,0.4,0.594458,0.666667
20200402,90,0.067045,0.418182,0.594458,0.666667
20200402,91,0.067045,0.418182,0.594458,0.666667
20200402,92,0.068182,0.454545,0.59194,0.666667
20200402,93,0.068182,0.454545,0.59194,0.666667
20200402,94,0.067045,0.4,0.596977,0.333333
20200402,95,0.067045,0.4,0.596977,0.333333
20200402,96,0.069318,0.4,0.604534,0.666667
20200402,97,0.069318,0.4,0.604534,0.333333
20200402,98,0.068182,0.381818,0.599496,1.0
20200402,99,0.068182,0.381818,0.599496,0.666667
20200402,100,0.067045,0.363636,0.596977,0.666667
20200402,101,0.067045,0.363636,0.596977,0.666667
20200402,102,0.068182,0.4,0.594458,0.666667
20200402,103,0.068182,0.4,0.594458,0.666667
20200402,104,0.065909,0.4,0.59194,0.333333
20200402,105,0.065909,0.4,0.59194,0.666667
20200402,106,0.068182,0.345455,0.59194,0.666667
20200402,107,0.068182,0.345455,0.59194,0.333333
20200402,108,0.067045,0.363636,0.596977,0.666667
20200402,109,0.067045,0.363636,0.596977,0.0
20200402,110,0.067045,0.381818,0.61461,0.333333
20200402,111,0.067045,0.381818,0.61461,0.666667
20200402,112,0.067045,0.454545,0.617128,0.666667
20200402,113,0.067045,0.454545,0.617128,0.666667
20200402,114,0.073864,0.090909,0.604534,0.666667
20200402,115,0.073864,0.090909,0.604534,0.333333
20200402,116,0.072727,0.090909,0.602015,0.666667
20200402,117,0.072727,0.090909,0.602015,1.0
20200402,118,0.072727,0.072727,0.584383,0.333333
20200402,119,0.072727,0.072727,0.584383,0.666667
20200402,120,0.073864,0.127273,0.589421,0.666667
20200402,121,0.073864,0.127273,0.589421,0.666667
20200402,122,0.071591,0.109091,0.594458,0.666667
20200402,123,0.071591,0.109091,0.594458,0.666667
20200402,124,0.072727,0.036364,0.607053,0.666667
20200402,125,0.072727,0.036364,0.607053,0.666667
20200402,126,0.072727,0.036364,0.604534,0.333333
20200402,127,0.072727,0.036364,0.604534,0.333333
20200402,128,0.073864,0.072727,0.617128,0.666667
20200402,129,0.073864,0.072727,0.617128,0.333333
20200402,130,0.072727,0.0,0.612091,1.0
20200402,131,0.072727,0.0,0.612091,0.666667
20200402,132,0.071591,0.127273,0.602015,0.666667
20200402,133,0.071591,0.127273,0.602015,0.666667
20200402,134,0.072727,0.090909,0.59194,0.733333
20200402,135,0.072727,0.090909,0.59194,0.733333
20200402,136,0.071591,0.127273,0.584383,0.726667
20200402,137,0.071591,0.127273,0.584383,0.726667
20200402,138,0.071591,0.090909,0.586902,0.72
20200402,139,0.071591,0.090909,0.586902,0.72
20200402,140,0.071591,0.109091,0.589421,0.746667
20200402,141,0.071591,0.109091,0.589421,0.746667
20200402,142,0.073864,0.109091,0.617128,0.746667
20200402,143,0.073864,0.109091,0.617128,0.746667
20200402,144,0.072727,0.054545,0.622166,0.746667
20200402,145,0.072727,0.054545,0.622166,0.746667
20200402,146,0.072727,0.072727,0.61461,0.746667
20200402,147,0.072727,0.072727,0.61461,0.746667
20200402,148,0.072727,0.127273,0.602015,0.726667
20200402,149,0.072727,0.127273,0.602015,0.726667
20200402,150,0.070455,0.109091,0.596977,0.72
20200402,151,0.070455,0.109091,0.596977,0.72
20200402,152,0.072727,0.090909,0.586902,0.726667
20200402,153,0.072727,0.090909,0.586902,0.726667
20200402,154,0.070455,0.145455,0.579345,0.72
20200402,155,0.070455,0.145455,0.579345,0.72
20200402,156,0.073864,0.109091,0.596977,0.726667
20200402,157,0.073864,0.109091,0.596977,0.726667
20200402,158,0.072727,0.090909,0.604534,0.733333
20200402,159,0.072727,0.090909,0.604534,0.733333
20200402,160,0.073864,0.036364,0.61461,0.726667
20200402,161,0.073864,0.036364,0.61461,0.666667
20200402,162,0.072727,0.145455,0.612091,0.666667
20200402,163,0.072727,0.145455,0.612091,0.333333
20200402,164,0.070455,0.127273,0.602015,0.666667
20200402,165,0.070455,0.127273,0.602015,0.666667
20200402,166,0.070455,0.090909,0.594458,0.333333
20200402,167,0.070455,0.090909,0.594458,0.666667
20200402,168,0.071591,0.127273,0.594458,0.0
20200402,169,0.071591,0.127273,0.594458,0.333333
20200402,170,0.070455,0.218182,0.59194,0.666667
20200402,171,0.070455,0.218182,0.59194,0.666667
20200402,172,0.072727,0.127273,0.596977,0.666667
20200402,173,0.072727,0.127273,0.596977,1.0
20200402,174,0.072727,0.090909,0.594458,0.333333
20200402,175,0.072727,0.090909,0.594458,0.333333
20200402,176,0.071591,0.072727,0.604534,0.666667
20200402,177,0.071591,0.072727,0.604534,0.666667
20200402,178,0.071591,0.109091,0.602015,0.666667
20200402,179,0.071591,0.109091,0.602015,0.666667
20200402,180,0.072727,0.090909,0.599496,0.666667
20200402,181,0.072727,0.090909,0.599496,0.666667
20200402,182,0.071591,0.145455,0.59194,0.666667
20200402,183,0.071591,0.145455,0.59194,0.333333
20200402,184,0.070455,0.090909,0.586902,0.333333
20200402,185,0.070455,0.090909,0.586902,0.333333
20200402,186,0.073864,0.127273,0.586902,0.333333
20200402,187,0.073864,0.127273,0.586902,0.333333
20200402,188,0.072727,0.127273,0.602015,0.666667
20200402,189,0.072727,0.127273,0.602015,1.0
20200402,190,0.070455,0.127273,0.619647,0.333333
20200402,191,0.070455,0.127273,0.619647,0.666667
20200402,192,0.072727,0.127273,0.617128,0.333333
20200402,193,0.072727,0.127273,0.617128,0.666667
20200402,194,0.072727,0.054545,0.607053,1.0
20200402,195,0.072727,0.054545,0.607053,0.333333
20200402,196,0.072727,0.145455,0.602015,0.666667
20200402,197,0.072727,0.145455,0.602015,0.666667
20200402,198,0.070455,0.127273,0.596977,0.666667
20200402,199,0.070455,0.127273,0.596977,0.333333
20200402,200,0.070455,0.109091,0.576826,0.666667
20200402,201,0.070455,0.109091,0.576826,0.666667
20200402,202,0.072727,0.090909,0.586902,0.333333
20200402,203,0.072727,0.090909,0.586902,0.666667
20200402,204,0.071591,0.072727,0.594458,0.0
20200402,205,0.071591,0.072727,0.594458,0.333333
20200402,206,0.071591,0.054545,0.596977,0.666667
20200402,207,0.071591,0.054545,0.596977,0.666667
20200402,208,0.073864,0.072727,0.624685,0.666667
20200402,209,0.073864,0.072727,0.624685,1.0
20200402,210,0.072727,0.018182,0.622166,0.333333
20200402,211,0.072727,0.018182,0.622166,0.333333
20200402,212,0.071591,0.109091,0.61461,0.666667
20200402,213,0.071591,0.109091,0.61461,0.666667
20200402,214,0.068182,0.109091,0.599496,0.666667
20200402,215,0.068182,0.109091,0.599496,0.666667
20200402,216,0.069318,0.145455,0.589421,0.666667
20200402,217,0.069318,0.145455,0.589421,0.666667
20200402,218,0.070455,0.181818,0.586902,0.666667
20200402,219,0.070455,0.181818,0.586902,0.333333
20200402,220,0.068182,0.109091,0.594458,0.333333
20200402,221,0.068182,0.109091,0.594458,0.333333
20200402,222,0.071591,0.127273,0.599496,0.333333
20200402,223,0.071591,0.127273,0.599496,0.333333
20200402,224,0.072727,0.072727,0.617128,0.666667
20200402,225,0.072727,0.072727,0.617128,1.0
20200402,226,0.071591,0.109091,0.619647,0.333333
20200402,227,0.071591,0.109091,0.619647,0.666667
20200402,228,0.071591,0.072727,0.609572,0.333333
20200402,229,0.071591,0.072727,0.609572,0.666667
20200402,230,0.070455,0.054545,0.596977,1.0
20200402,231,0.070455,0.054545,0.596977,0.333333
20200402,232,0.070455,0.109091,0.589421,0.666667
20200402,233,0.070455,0.109091,0.589421,0.666667
20200402,234,0.071591,0.109091,0.596977,0.666667
20200402,235,0.071591,0.109091,0.596977,0.666667
20200402,236,0.070455,0.163636,0.584383,0.666667
20200402,237,0.070455,0.163636,0.584383,0.666667
20200402,238,0.072727,0.163636,0.607053,0.666667
20200402,239,0.072727,0.163636,0.607053,0.333333
20200402,240,0.072727,0.109091,0.61461,0.333333
20200402,241,0.072727,0.109091,0.61461,0.666667
20200402,242,0.072727,0.145455,0.617128,0.333333
20200402,243,0.072727,0.145455,0.617128,1.0
20200402,244,0.070455,0.090909,0.604534,0.666667
20200402,245,0.070455,0.090909,0.604534,0.666667
20200402,246,0.072727,0.109091,0.594458,0.666667
20200402,247,0.072727,0.109091,0.594458,0.666667
20200402,248,0.071591,0.181818,0.594458,0.666667
20200402,249,0.071591,0.181818,0.594458,0.666667
20200402,250,0.069318,0.109091,0.589421,0.666667
20200402,251,0.069318,0.109091,0.589421,0.666667
20200402,252,0.072727,0.163636,0.596977,0.666667
20200402,253,0.072727,0.163636,0.596977,0.333333
20200402,254,0.071591,0.145455,0.596977,0.333333
20200402,255,0.071591,0.145455,0.596977,0.666667
20200402,256,0.071591,0.127273,0.594458,0.333333
20200402,257,0.071591,0.127273,0.594458,1.0
20200402,258,0.071591,0.109091,0.602015,0.666667
20200402,259,0.071591,0.109091,0.602015,0.666667
20200402,260,0.070455,0.145455,0.576826,0.666667
20200402,261,0.070455,0.145455,0.576826,0.666667
20200402,262,0.070455,0.163636,0.589421,0.666667
20200402,263,0.070455,0.163636,0.589421,0.333333
20200402,264,0.071591,0.181818,0.594458,0.666667
20200402,265,0.071591,0.181818,0.594458,0.666667
20200402,266,0.070455,0.145455,0.609572,0.333333
20200402,267,0.070455,0.145455,0.609572,0.666667
20200402,268,0.071591,0.163636,0.612091,0.0
20200402,269,0.071591,0.163636,0.612091,0.333333
20200402,270,0.070455,0.236364,0.609572,0.666667
20200402,271,0.070455,0.236364,0.609572,0.666667
20200402,272,0.069318,0.145455,0.599496,0.666667
20200402,273,0.069318,0.145455,0.599496,1.0
20200402,274,0.069318,0.181818,0.576826,0.333333
20200402,275,0.069318,0.181818,0.576826,0.333333
20200402,276,0.069318,0.072727,0.586902,0.666667
20200402,277,0.069318,0.072727,0.586902,0.666667
20200402,278,0.068182,0.127273,0.59194,0.666667
20200402,279,0.068182,0.127273,0.59194,0.666667
20200402,280,0.071591,0.054545,0.599496,0.666667
20200402,281,0.071591,0.054545,0.599496,0.666667
20200402,282,0.071591,0.145455,0.624685,0.666667
20200402,283,0.071591,0.145455,0.624685,0.333333
20200402,284,0.069318,0.018182,0.624685,0.333333
20200402,285,0.069318,0.018182,0.624685,0.333333
20200402,286,0.072727,0.054545,0.622166,0.333333
20200402,287,0.072727,0.054545,0.622166,0.333333
20200402,288,0.069318,0.072727,0.599496,0.666667
20200402,289,0.069318,0.072727,0.599496,1.0
20200402,290,0.067045,0.109091,0.596977,0.333333
20200402,291,0.067045,0.109091,0.596977,0.666667
20200402,292,0.070455,0.090909,0.589421,0.333333
20200402,293,0.070455,0.090909,0.589421,0.666667
20200402,294,0.069318,0.036364,0.584383,1.0
20200402,295,0.069318,0.036364,0.584383,0.333333
20200402,296,0.070455,0.072727,0.594458,0.666667
20200402,297,0.070455,0.072727,0.594458,0.666667
20200402,298,0.070455,0.054545,0.612091,0.666667
20200402,299,0.070455,0.054545,0.612091,0.333333
20200402,300,0.072727,0.036364,0.622166,0.666667
20200402,301,0.072727,0.036364,0.622166,0.666667
20200402,302,0.072727,0.127273,0.619647,0.333333
20200402,303,0.072727,0.127273,0.619647,0.666667
20200402,304,0.068182,0.109091,0.61461,0.0
20200402,305,0.068182,0.109091,0.61461,0.333333
20200402,306,0.069318,0.163636,0.599496,0.666667
20200402,307,0.069318,0.163636,0.599496,0.666667
20200402,308,0.067045,0.145455,0.571788,0.666667
20200402,309,0.067045,0.145455,0.571788,1.0
20200402,310,0.070455,0.127273,0.581864,0.333333
20200402,311,0.070455,0.127273,0.581864,0.333333
20200402,312,0.070455,0.218182,0.594458,0.666667
20200402,313,0.070455,0.218182,0.594458,0.666667
20200402,314,0.069318,0.181818,0.61461,0.666667
20200402,315,0.069318,0.181818,0.61461,0.666667
20200402,316,0.072727,0.072727,0.624685,0.666667
20200402,317,0.072727,0.072727,0.624685,0.666667
20200402,318,0.071591,0.127273,0.627204,0.666667
20200402,319,0.071591,0.127273,0.627204,0.333333
20200402,320,0.071591,0.090909,0.61461,0.333333
20200402,321,0.071591,0.090909,0.61461,0.333333
20200402,322,0.064773,0.145455,0.602015,0.333333
20200402,323,0.064773,0.145455,0.602015,0.333333
20200402,324,0.069318,0.127273,0.602015,0.666667
20200402,325,0.069318,0.127273,0.602015,1.0
20200402,326,0.068182,0.109091,0.589421,0.333333
20200402,327,0.068182,0.109091,0.589421,0.666667
20200402,328,0.069318,0.127273,0.596977,0.333333
20200402,329,0.069318,0.127273,0.596977,0.666667
20200402,330,0.072727,0.109091,0.602015,1.0
20200402,331,0.071591,0.109091,0.596977,0.666667
20200402,332,0.071591,0.127273,0.594458,0.333333
20200402,333,0.071591,0.127273,0.594458,0.666667
20200402,334,0.067045,0.054545,0.596977,0.0
20200402,335,0.067045,0.054545,0.596977,0.333333
20200402,336,0.070455,0.145455,0.599496,0.666667
20200402,337,0.070455,0.145455,0.599496,0.666667
20200402,338,0.071591,0.145455,0.584383,0.666667
20200402,339,0.071591,0.145455,0.584383,1.0
20200402,340,0.071591,0.127273,0.599496,0.333333
20200402,341,0.071591,0.127273,0.599496,0.333333
20200402,342,0.069318,0.163636,0.599496,0.666667
20200402,343,0.069318,0.163636,0.599496,0.666667
20200402,344,0.068182,0.127273,0.599496,0.666667
20200402,345,0.068182,0.127273,0.599496,0.666667
20200402,346,0.070455,0.218182,0.59194,0.666667
20200402,347,0.070455,0.218182,0.59194,0.666667
20200402,348,0.068182,0.290909,0.594458,0.666667
20200402,349,0.068182,0.290909,0.594458,0.333333
20200402,350,0.069318,0.236364,0.596977,0.333333
20200402,351,0.069318,0.236364,0.596977,0.333333
20200402,352,0.071591,0.218182,0.596977,0.333333
20200402,353,0.071591,0.218182,0.596977,0.333333
20200402,354,0.071591,0.218182,0.596977,0.666667
20200402,355,0.071591,0.218182,0.596977,1.0
20200402,356,0.069318,0.327273,0.604534,0.333333
20200402,357,0.069318,0.327273,0.604534,0.666667
20200402,358,0.071591,0.272727,0.599496,0.333333
20200402,359,0.071591,0.272727,0.599496,0.666667
20200402,360,0.069318,0.254545,0.594458,1.0
20200402,361,0.069318,0.254545,0.594458,0.333333
20200402,362,0.070455,0.272727,0.581864,0.666667
20200402,363,0.070455,0.272727,0.581864,0.666667
20200402,364,0.070455,0.254545,0.594458,0.666667
20200402,365,0.070455,0.254545,0.594458,0.666667
20200402,366,0.070455,0.290909,0.604534,0.666667
20200402,367,0.070455,0.290909,0.604534,0.666667
20200402,368,0.069318,0.254545,0.607053,0.666667
20200402,369,0.069318,0.254545,0.607053,0.333333
20200402,370,0.070455,0.345455,0.59194,0.333333
20200402,371,0.070455,0.345455,0.59194,0.666667
20200402,372,0.068182,0.327273,0.602015,0.333333
20200402,373,0.068182,0.327273,0.602015,1.0
20200402,374,0.069318,0.327273,0.589421,0.666667
20200402,375,0.069318,0.327273,0.589421,0.666667
20200402,376,0.069318,0.363636,0.604534,0.666667
20200402,377,0.069318,0.363636,0.604534,0.666667
20200402,378,0.069318,0.272727,0.596977,0.666667
20200402,379,0.069318,0.272727,0.596977,0.666667
20200402,380,0.070455,0.345455,0.596977,0.666667
20200402,381,0.070455,0.345455,0.596977,0.666667
20200402,382,0.069318,0.327273,0.599496,0.666667
20200402,383,0.069318,0.327273,0.599496,0.333333
20200402,384,0.070455,0.345455,0.594458,0.333333
20200402,385,0.070455,0.345455,0.594458,0.666667
20200402,386,0.065909,0.327273,0.59194,0.333333
20200402,387,0.065909,0.327273,0.59194,1.0
20200402,388,0.067045,0.4,0.59194,0.666667
20200402,389,0.067045,0.4,0.59194,0.666667
20200402,390,0.068182,0.363636,0.596977,0.666667
20200402,391,0.068182,0.363636,0.596977,0.666667
20200402,392,0.067045,0.345455,0.599496,0.666667
20200402,393,0.067045,0.345455,0.599496,0.333333
20200402,394,0.067045,0.381818,0.604534,0.666667
20200402,395,0.067045,0.381818,0.604534,0.666667
20200402,396,0.068182,0.290909,0.594458,0.333333
20200402,397,0.068182,0.290909,0.594458,0.666667
20200402,398,0.067045,0.327273,0.59194,0.0
20200402,399,0.067045,0.327273,0.59194,0.333333
20200402,400,0.065909,0.345455,0.59194,0.666667
20200402,401,0.065909,0.345455,0.59194,0.666667
20200402,402,0.065909,0.272727,0.584383,0.666667
20200402,403,0.065909,0.272727,0.584383,0.666667
20200402,404,0.067045,0.272727,0.607053,0.333333
20200402,405,0.067045,0.272727,0.607053,0.666667
20200402,406,0.067045,0.381818,0.604534,0.666667
20200402,407,0.067045,0.381818,0.604534,0.333333
20200402,408,0.067045,0.327273,0.599496,0.666667
20200402,409,0.067045,0.327273,0.599496,0.0
20200402,410,0.065909,0.4,0.599496,0.333333
20200402,411,0.065909,0.4,0.599496,0.666667
20200402,412,0.065909,0.381818,0.596977,0.666667
20200402,413,0.065909,0.381818,0.596977,0.666667
20200402,414,0.065909,0.4,0.581864,1.0
20200402,415,0.065909,0.4,0.581864,0.333333
20200402,416,0.065909,0.345455,0.59194,0.333333
20200402,417,0.065909,0.345455,0.59194,0.666667
20200402,418,0.067045,0.381818,0.596977,0.666667
20200402,419,0.067045,0.381818,0.596977,0.666667
20200402,420,0.065909,0.363636,0.607053,0.666667
20200402,421,0.065909,0.363636,0.607053,0.666667
20200402,422,0.064773,0.345455,0.602015,0.666667
20200402,423,0.064773,0.345455,0.602015,0.666667
20200402,424,0.064773,0.363636,0.607053,0.333333
20200402,425,0.064773,0.363636,0.607053,0.333333
20200402,426,0.064773,0.381818,0.596977,0.333333
20200402,427,0.064773,0.381818,0.596977,0.333333
20200402,428,0.063636,0.4,0.596977,0.333333
20200402,429,0.063636,0.4,0.596977,0.666667
20200402,430,0.069318,0.454545,0.594458,1.0
20200402,431,0.069318,0.454545,0.594458,0.333333
20200402,432,0.070455,0.4,0.594458,0.666667
20200402,433,0.070455,0.4,0.594458,0.333333
20200402,434,0.069318,0.4,0.596977,0.666667
20200402,435,0.069318,0.4,0.596977,1.0
20200402,436,0.068182,0.345455,0.599496,0.333333
20200402,437,0.068182,0.345455,0.599496,0.666667
20200402,438,0.071591,0.381818,0.607053,0.666667
20200402,439,0.071591,0.381818,0.607053,0.666667
20200402,440,0.069318,0.4,0.599496,0.333333
20200402,441,0.069318,0.4,0.599496,0.666667
20200402,442,0.069318,0.418182,0.596977,0.666667
20200402,443,0.069318,0.418182,0.596977,0.333333
20200402,444,0.068182,0.436364,0.594458,0.666667
20200402,445,0.068182,0.436364,0.594458,0.0
20200402,446,0.069318,0.418182,0.594458,0.333333
20200402,447,0.069318,0.418182,0.594458,0.666667
20200402,448,0.069318,0.363636,0.589421,0.666667
20200402,449,0.069318,0.363636,0.589421,0.666667
20200402,450,0.070455,0.4,0.599496,1.0
20200402,451,0.070455,0.4,0.599496,0.333333
20200402,452,0.069318,0.381818,0.61461,0.333333
20200402,453,0.069318,0.381818,0.61461,0.666667
20200402,454,0.069318,0.381818,0.607053,0.666667
20200402,455,0.069318,0.381818,0.607053,0.666667
20200402,456,0.067045,0.418182,0.596977,0.666667
20200402,457,0.067045,0.418182,0.596977,0.666667
20200402,458,0.067045,0.436364,0.59194,0.666667
20200402,459,0.067045,0.436364,0.59194,0.666667
20200402,460,0.067045,0.363636,0.589421,0.333333
20200402,461,0.067045,0.363636,0.589421,0.333333
20200402,462,0.067045,0.381818,0.594458,0.333333
20200402,463,0.067045,0.381818,0.594458,0.333333
20200402,464,0.069318,0.472727,0.604534,0.333333
20200402,465,0.069318,0.472727,0.604534,0.666667
20200402,466,0.068182,0.363636,0.619647,1.0
20200402,467,0.068182,0.363636,0.619647,0.333333
20200402,468,0.069318,0.418182,0.607053,0.666667
20200402,469,0.069318,0.418182,0.607053,0.333333
20200402,470,0.068182,0.436364,0.607053,0.666667
20200402,471,0.068182,0.436364,0.607053,1.0
20200402,472,0.064773,0.381818,0.596977,0.333333
20200402,473,0.064773,0.381818,0.596977,0.666667
20200402,474,0.067045,0.4,0.589421,0.666667
20200402,475,0.067045,0.4,0.589421,0.666667
20200402,476,0.065909,0.381818,0.589421,0.666667
20200402,477,0.065909,0.381818,0.589421,0.666667
20200402,478,0.067045,0.363636,0.602015,0.666667
20200402,479,0.073864,0.090909,0.604534,0.666667
20200402,480,0.073864,0.090909,0.604534,0.333333
20200402,481,0.072727,0.090909,0.602015,0.666667
20200402,482,0.072727,0.090909,0.602015,1.0
20200402,483,0.072727,0.072727,0.584383,0.333333
20200402,484,0.072727,0.072727,0.584383,0.666667
20200402,485,0.073864,0.127273,0.589421,0.666667
20200402,486,0.073864,0.127273,0.589421,0.666667
20200402,487,0.071591,0.109091,0.594458,0.666667
20200402,488,0.071591,0.109091,0.594458,0.666667
20200402,489,0.072727,0.036364,0.607053,0.666667
20200402,490,0.072727,0.036364,0.607053,0.666667
20200402,491,0.072727,0.036364,0.604534,0.333333
20200402,492,0.072727,0.036364,0.604534,0.333333
20200402,493,0.073864,0.072727,0.617128,0.666667
20200402,494,0.073864,0.072727,0.617128,0.333333
20200402,495,0.072727,0.0,0.612091,1.0
20200402,496,0.072727,0.0,0.612091,0.666667
20200402,497,0.071591,0.127273,0.602015,0.666667
20200402,498,0.071591,0.127273,0.602015,0.666667
20200402,499,0.072727,0.090909,0.59194,0.733333
20200402,500,0.072727,0.090909,0.59194,0.733333
20200402,501,0.071591,0.127273,0.584383,0.726667
20200402,502,0.071591,0.127273,0.584383,0.726667
20200402,503,0.071591,0.090909,0.586902,0.72
20200402,504,0.071591,0.090909,0.586902,0.72
20200402,505,0.071591,0.109091,0.589421,0.746667
20200402,506,0.071591,0.109091,0.589421,0.746667
20200402,507,0.073864,0.109091,0.617128,0.746667
20200402,508,0.073864,0.109091,0.617128,0.746667
20200402,509,0.072727,0.054545,0.622166,0.746667
20200402,510,0.072727,0.054545,0.622166,0.746667
20200402,511,0.072727,0.072727,0.61461,0.746667
20200402,512,0.072727,0.072727,0.61461,0.746667
20200402,513,0.072727,0.127273,0.602015,0.726667
20200402,514,0.072727,0.127273,0.602015,0.726667
20200402,515,0.070455,0.109091,0.596977,0.72
20200402,516,0.070455,0.109091,0.596977,0.72
20200402,517,0.072727,0.090909,0.586902,0.726667
20200402,518,0.072727,0.090909,0.586902,0.726667
20200402,519,0.070455,0.145455,0.579345,0.72
20200402,520,0.070455,0.145455,0.579345,0.72
20200402,521,0.073864,0.109091,0.596977,0.726667
20200402,522,0.073864,0.109091,0.596977,0.726667
20200402,523,0.072727,0.090909,0.604534,0.733333
20200402,524,0.072727,0.090909,0.604534,0.733333
20200402,525,0.073864,0.036364,0.61461,0.726667
20200402,526,0.073864,0.036364,0.61461,0.666667
20200402,527,0.072727,0.145455,0.612091,0.666667
20200402,528,0.072727,0.145455,0.612091,0.333333
20200402,529,0.070455,0.127273,0.602015,0.666667
20200402,530,0.070455,0.127273,0.602015,0.666667
20200402,531,0.070455,0.090909,0.594458,0.333333
20200402,532,0.070455,0.090909,0.594458,0.666667
20200402,533,0.071591,0.127273,0.594458,0.0
20200402,534,0.071591,0.127273,0.594458,0.333333
20200402,535,0.070455,0.218182,0.59194,0.666667
20200402,536,0.070455,0.218182,0.59194,0.666667
20200402,537,0.072727,0.127273,0.596977,0.666667
20200402,538,0.072727,0.127273,0.596977,1.0
20200402,539,0.072727,0.090909,0.594458,0.333333
20200402,540,0.072727,0.090909,0.594458,0.333333
20200402,541,0.071591,0.072727,0.604534,0.666667
20200402,542,0.071591,0.072727,0.604534,0.666667
20200402,543,0.071591,0.109091,0.602015,0.666667
20200402,544,0.071591,0.109091,0.602015,0.666667
20200402,545,0.072727,0.090909,0.599496,0.666667
20200402,546,0.072727,0.090909,0.599496,0.666667
20200402,547,0.071591,0.145455,0.59194,0.666667
20200402,548,0.071591,0.145455,0.59194,0.333333
20200402,549,0.070455,0.090909,0.586902,0.333333
20200402,550,0.070455,0.090909,0.586902,0.333333
20200402,551,0.073864,0.127273,0.586902,0.333333
20200402,552,0.073864,0.127273,0.586902,0.333333
20200402,553,0.072727,0.127273,0.602015,0.666667
20200402,554,0.072727,0.127273,0.602015,1.0
20200402,555,0.070455,0.127273,0.619647,0.333333
20200402,556,0.070455,0.127273,0.619647,0.666667
20200402,557,0.072727,0.127273,0.617128,0.333333
20200402,558,0.072727,0.127273,0.617128,0.666667
20200402,559,0.072727,0.054545,0.607053,1.0
20200402,560,0.072727,0.054545,0.607053,0.333333
20200402,561,0.072727,0.145455,0.602015,0.666667
20200402,562,0.072727,0.145455,0.602015,0.666667
20200402,563,0.070455,0.127273,0.596977,0.666667
20200402,564,0.070455,0.127273,0.596977,0.333333
20200402,565,0.070455,0.109091,0.576826,0.666667
20200402,566,0.070455,0.109091,0.576826,0.666667
20200402,567,0.072727,0.090909,0.586902,0.333333
20200402,568,0.072727,0.090909,0.586902,0.666667
20200402,569,0.071591,0.072727,0.594458,0.0
20200402,570,0.071591,0.072727,0.594458,0.333333
20200402,571,0.071591,0.054545,0.596977,0.666667
20200402,572,0.071591,0.054545,0.596977,0.666667
20200402,573,0.073864,0.072727,0.624685,0.666667
20200402,574,0.073864,0.072727,0.624685,1.0
20200402,575,0.072727,0.018182,0.622166,0.333333
20200402,576,0.072727,0.018182,0.622166,0.333333
20200402,577,0.071591,0.109091,0.61461,0.666667
20200402,578,0.071591,0.109091,0.61461,0.666667
20200402,579,0.068182,0.109091,0.599496,0.666667
20200402,580,0.068182,0.109091,0.599496,0.666667
20200402,581,0.069318,0.145455,0.589421,0.666667
20200402,582,0.069318,0.145455,0.589421,0.666667
20200402,583,0.070455,0.181818,0.586902,0.666667
20200402,584,0.070455,0.181818,0.586902,0.333333
20200402,585,0.068182,0.109091,0.594458,0.333333
20200402,586,0.068182,0.109091,0.594458,0.333333
20200402,587,0.071591,0.127273,0.599496,0.333333
20200402,588,0.071591,0.127273,0.599496,0.333333
20200402,589,0.072727,0.072727,0.617128,0.666667
20200402,590,0.072727,0.072727,0.617128,1.0
20200402,591,0.071591,0.109091,0.619647,0.333333
20200402,592,0.071591,0.109091,0.619647,0.666667
20200402,593,0.071591,0.072727,0.609572,0.333333
20200402,594,0.071591,0.072727,0.609572,0.666667
20200402,595,0.070455,0.054545,0.596977,1.0
20200402,596,0.070455,0.054545,0.596977,0.333333
20200402,597,0.070455,0.109091,0.589421,0.666667
20200402,598,0.070455,0.109091,0.589421,0.666667
20200402,599,0.071591,0.109091,0.596977,0.666667
20200402,600,0.071591,0.109091,0.596977,0.666667
20200402,601,0.070455,0.163636,0.584383,0.666667
20200402,602,0.070455,0.163636,0.584383,0.666667
20200402,603,0.072727,0.163636,0.607053,0.666667
20200402,604,0.072727,0.163636,0.607053,0.333333
20200402,605,0.072727,0.109091,0.61461,0.333333
20200402,606,0.072727,0.109091,0.61461,0.666667
20200402,607,0.072727,0.145455,0.617128,0.333333
20200402,608,0.072727,0.145455,0.617128,1.0
20200402,609,0.070455,0.090909,0.604534,0.666667
20200402,610,0.070455,0.090909,0.604534,0.666667
20200402,611,0.072727,0.109091,0.594458,0.666667
20200402,612,0.072727,0.109091,0.594458,0.666667
20200402,613,0.071591,0.181818,0.594458,0.666667
20200402,614,0.071591,0.181818,0.594458,0.666667
20200402,615,0.069318,0.109091,0.589421,0.666667
20200402,616,0.069318,0.109091,0.589421,0.666667
20200402,617,0.072727,0.163636,0.596977,0.666667
20200402,618,0.072727,0.163636,0.596977,0.333333
20200402,619,0.071591,0.145455,0.596977,0.333333
20200402,620,0.071591,0.145455,0.596977,0.666667
20200402,621,0.071591,0.127273,0.594458,0.333333
20200402,622,0.071591,0.127273,0.594458,1.0
20200402,623,0.071591,0.109091,0.602015,0.666667
20200402,624,0.071591,0.109091,0.602015,0.666667
20200402,625,0.070455,0.145455,0.576826,0.666667
20200402,626,0.070455,0.145455,0.576826,0.666667
20200402,627,0.070455,0.163636,0.589421,0.666667
20200402,628,0.070455,0.163636,0.589421,0.333333
20200402,629,0.071591,0.181818,0.594458,0.666667
20200402,630,0.071591,0.181818,0.594458,0.666667
20200402,631,0.070455,0.145455,0.609572,0.333333
20200402,632,0.070455,0.145455,0.609572,0.666667
20200402,633,0.071591,0.163636,0.612091,0.0
20200402,634,0.071591,0.163636,0.612091,0.333333
20200402,635,0.070455,0.236364,0.609572,0.666667
20200402,636,0.070455,0.236364,0.609572,0.666667
20200402,637,0.069318,0.145455,0.599496,0.666667
20200402,638,0.069318,0.145455,0.599496,1.0
20200402,639,0.069318,0.181818,0.576826,0.333333
20200402,640,0.069318,0.181818,0.576826,0.333333
20200402,641,0.069318,0.072727,0.586902,0.666667
20200402,642,0.069318,0.072727,0.586902,0.666667
20200402,643,0.068182,0.127273,0.59194,0.666667
20200402,644,0.068182,0.127273,0.59194,0.666667
20200402,645,0.071591,0.054545,0.599496,0.666667
20200402,646,0.071591,0.054545,0.599496,0.666667
20200402,647,0.071591,0.145455,0.624685,0.666667
20200402,648,0.071591,0.145455,0.624685,0.333333
20200402,649,0.069318,0.018182,0.624685,0.333333
20200402,650,0.069318,0.018182,0.624685,0.333333
20200402,651,0.072727,0.054545,0.622166,0.333333
20200402,652,0.072727,0.054545,0.622166,0.333333
20200402,653,0.069318,0.072727,0.599496,0.666667
20200402,654,0.069318,0.072727,0.599496,1.0
20200402,655,0.067045,0.109091,0.596977,0.333333
20200402,656,0.067045,0.109091,0.596977,0.666667
20200402,657,0.070455,0.090909,0.589421,0.333333
20200402,658,0.070455,0.090909,0.589421,0.666667
20200402,659,0.069318,0.036364,0.584383,1.0
20200402,660,0.069318,0.036364,0.584383,0.333333
20200402,661,0.070455,0.072727,0.594458,0.666667
20200402,662,0.070455,0.072727,0.594458,0.666667
20200402,663,0.070455,0.054545,0.612091,0.666667
20200402,664,0.070455,0.054545,0.612091,0.333333
20200402,665,0.072727,0.036364,0.622166,0.666667
20200402,666,0.072727,0.036364,0.622166,0.666667
20200402,667,0.072727,0.127273,0.619647,0.333333
20200402,668,0.072727,0.127273,0.619647,0.666667
20200402,669,0.068182,0.109091,0.61461,0.0
20200402,670,0.068182,0.109091,0.61461,0.333333
20200402,671,0.069318,0.163636,0.599496,0.666667
20200402,672,0.069318,0.163636,0.599496,0.666667
20200402,673,0.067045,0.145455,0.571788,0.666667
20200402,674,0.067045,0.145455,0.571788,1.0
20200402,675,0.070455,0.127273,0.581864,0.333333
20200402,676,0.070455,0.127273,0.581864,0.333333
20200402,677,0.070455,0.218182,0.594458,0.666667
20200402,678,0.070455,0.218182,0.594458,0.666667
20200402,679,0.069318,0.181818,0.61461,0.666667
20200402,680,0.069318,0.181818,0.61461,0.666667
20200402,681,0.072727,0.072727,0.624685,0.666667
20200402,682,0.072727,0.072727,0.624685,0.666667
20200402,683,0.071591,0.127273,0.627204,0.666667
20200402,684,0.071591,0.127273,0.627204,0.333333
20200402,685,0.071591,0.090909,0.61461,0.333333
20200402,686,0.071591,0.090909,0.61461,0.333333
20200402,687,0.064773,0.145455,0.602015,0.333333
20200402,688,0.064773,0.145455,0.602015,0.333333
20200402,689,0.069318,0.127273,0.602015,0.666667
20200402,690,0.069318,0.127273,0.602015,1.0
20200402,691,0.068182,0.109091,0.589421,0.333333
20200402,692,0.068182,0.109091,0.589421,0.666667
20200402,693,0.069318,0.127273,0.596977,0.333333
20200402,694,0.069318,0.127273,0.596977,0.666667
20200402,695,0.072727,0.109091,0.602015,1.0
20200402,696,0.072727,0.109091,0.602015,0.333333
20200402,697,0.070455,0.109091,0.607053,0.666667
20200402,698,0.070455,0.109091,0.607053,0.666667
20200402,699,0.070455,0.181818,0.602015,0.666667
20200402,700,0.070455,0.181818,0.602015,0.666667
20200402,701,0.071591,0.090909,0.602015,0.666667
20200402,702,0.071591,0.090909,0.602015,0.666667
20200402,703,0.070455,0.127273,0.594458,0.666667
20200402,704,0.070455,0.127273,0.594458,0.333333
20200402,705,0.068182,0.127273,0.59194,0.333333
20200402,706,0.068182,0.127273,0.59194,0.666667
20200402,707,0.068182,0.145455,0.59194,0.333333
20200402,708,0.068182,0.145455,0.59194,1.0
20200402,709,0.069318,0.2,0.604534,0.666667
20200402,710,0.069318,0.2,0.604534,0.666667
20200402,711,0.069318,0.163636,0.602015,0.666667
20200402,712,0.069318,0.163636,0.602015,0.666667
20200402,713,0.070455,0.127273,0.61461,0.666667
20200402,714,0.070455,0.127273,0.61461,0.666667
20200402,715,0.071591,0.054545,0.609572,0.666667
20200402,716,0.071591,0.054545,0.609572,0.666667
20200402,717,0.068182,0.054545,0.599496,0.666667
20200402,718,0.068182,0.054545,0.599496,0.333333
20200402,719,0.070455,0.163636,0.586902,0.333333
20200402,720,0.070455,0.163636,0.586902,0.666667
20200402,721,0.069318,0.163636,0.594458,0.333333
20200402,722,0.069318,0.163636,0.594458,1.0
20200402,723,0.070455,0.054545,0.599496,0.666667
20200402,724,0.070455,0.054545,0.599496,0.666667
20200402,725,0.071591,0.145455,0.596977,0.666667
20200402,726,0.071591,0.145455,0.596977,0.666667
20200402,727,0.070455,0.090909,0.596977,0.666667
20200402,728,0.070455,0.090909,0.596977,0.333333
20200402,729,0.071591,0.109091,0.596977,0.666667
20200402,730,0.071591,0.109091,0.596977,0.666667
20200402,731,0.071591,0.127273,0.594458,0.333333
20200402,732,0.071591,0.127273,0.594458,0.666667
20200402,733,0.067045,0.054545,0.596977,0.0
20200402,734,0.067045,0.054545,0.596977,0.333333
20200402,735,0.070455,0.145455,0.599496,0.666667
20200402,736,0.070455,0.145455,0.599496,0.666667
20200402,737,0.071591,0.145455,0.584383,0.666667
20200402,738,0.071591,0.145455,0.584383,1.0
20200402,739,0.071591,0.127273,0.599496,0.333333
20200402,740,0.071591,0.127273,0.599496,0.333333
20200402,741,0.069318,0.163636,0.599496,0.666667
20200402,742,0.069318,0.163636,0.599496,0.666667
20200402,743,0.068182,0.127273,0.599496,0.666667
20200402,744,0.068182,0.127273,0.599496,0.666667
20200402,745,0.070455,0.218182,0.59194,0.666667
20200402,746,0.070455,0.218182,0.59194,0.666667
20200402,747,0.068182,0.290909,0.594458,0.666667
20200402,748,0.068182,0.290909,0.594458,0.333333
20200402,749,0.069318,0.236364,0.596977,0.333333
20200402,750,0.069318,0.236364,0.596977,0.333333
20200402,751,0.071591,0.218182,0.596977,0.333333
20200402,752,0.071591,0.218182,0.596977,0.333333
20200402,753,0.071591,0.218182,0.596977,0.666667
20200402,754,0.071591,0.218182,0.596977,1.0
20200402,755,0.069318,0.327273,0.604534,0.333333
20200402,756,0.069318,0.327273,0.604534,0.666667
20200402,757,0.071591,0.272727,0.599496,0.333333
20200402,758,0.071591,0.272727,0.599496,0.666667
20200402,759,0.069318,0.254545,0.594458,1.0
20200402,760,0.069318,0.254545,0.594458,0.333333
20200402,761,0.070455,0.272727,0.581864,0.666667
20200402,762,0.070455,0.272727,0.581864,0.666667
20200402,763,0.070455,0.254545,0.594458,0.666667
20200402,764,0.070455,0.254545,0.594458,0.666667
20200402,765,0.070455,0.290909,0.604534,0.666667
20200402,766,0.070455,0.290909,0.604534,0.666667
20200402,767,0.069318,0.254545,0.607053,0.666667
20200402,768,0.069318,0.254545,0.607053,0.333333
20200402,769,0.070455,0.345455,0.59194,0.333333
20200402,770,0.070455,0.345455,0.59194,0.666667
20200402,771,0.068182,0.327273,0.602015,0.333333
20200402,772,0.068182,0.327273,0.602015,1.0
20200402,773,0.069318,0.327273,0.589421,0.666667
20200402,774,0.069318,0.327273,0.589421,0.666667
20200402,775,0.069318,0.363636,0.604534,0.666667
20200402,776,0.069318,0.363636,0.604534,0.666667
20200402,777,0.069318,0.272727,0.596977,0.666667
20200402,778,0.069318,0.272727,0.596977,0.666667
20200402,779,0.070455,0.345455,0.596977,0.666667
20200402,780,0.070455,0.345455,0.596977,0.666667
20200402,781,0.069318,0.327273,0.599496,0.666667
20200402,782,0.069318,0.327273,0.599496,0.333333
20200402,783,0.070455,0.345455,0.594458,0.333333
20200402,784,0.070455,0.345455,0.594458,0.666667
20200402,785,0.065909,0.327273,0.59194,0.333333
20200402,786,0.065909,0.327273,0.59194,1.0
20200402,787,0.067045,0.4,0.59194,0.666667
20200402,788,0.067045,0.4,0.59194,0.666667
20200402,789,0.068182,0.363636,0.596977,0.666667
20200402,790,0.068182,0.363636,0.596977,0.666667
20200402,791,0.067045,0.345455,0.599496,0.666667
20200402,792,0.067045,0.345455,0.599496,0.333333
20200402,793,0.067045,0.381818,0.604534,0.666667
20200402,794,0.067045,0.381818,0.604534,0.666667
20200402,795,0.068182,0.290909,0.594458,0.333333
20200402,796,0.068182,0.290909,0.594458,0.666667
20200402,797,0.067045,0.327273,0.59194,0.0
20200402,798,0.067045,0.327273,0.59194,0.333333
20200402,799,0.065909,0.345455,0.59194,0.666667
20200402,800,0.065909,0.345455,0.59194,0.666667
20200402,801,0.065909,0.272727,0.584383,0.666667
20200402,802,0.065909,0.272727,0.584383,0.666667
20200402,803,0.067045,0.272727,0.607053,0.333333
20200402,804,0.067045,0.272727,0.607053,0.666667
20200402,805,0.067045,0.381818,0.604534,0.666667
20200402,806,0.067045,0.381818,0.604534,0.333333
20200402,807,0.067045,0.327273,0.599496,0.666667
20200402,808,0.067045,0.327273,0.599496,0.0
20200402,809,0.065909,0.4,0.599496,0.333333
20200402,810,0.065909,0.4,0.599496,0.666667
20200402,811,0.065909,0.381818,0.596977,0.666667
20200402,812,0.065909,0.381818,0.596977,0.666667
20200402,813,0.065909,0.4,0.581864,1.0
20200402,814,0.065909,0.4,0.581864,0.333333
20200402,815,0.065909,0.345455,0.59194,0.333333
20200402,816,0.065909,0.345455,0.59194,0.666667
20200402,817,0.067045,0.381818,0.596977,0.666667
20200402,818,0.067045,0.381818,0.596977,0.666667
20200402,819,0.065909,0.363636,0.607053,0.666667
20200402,820,0.065909,0.363636,0.607053,0.666667
20200402,821,0.064773,0.345455,0.602015,0.666667
20200402,822,0.064773,0.345455,0.602015,0.666667
20200402,823,0.064773,0.363636,0.607053,0.333333
20200402,824,0.064773,0.363636,0.607053,0.333333
20200402,825,0.064773,0.381818,0.596977,0.333333
20200402,826,0.064773,0.381818,0.596977,0.333333
20200402,827,0.063636,0.4,0.596977,0.333333
20200402,828,0.063636,0.4,0.596977,0.666667
20200402,829,0.069318,0.454545,0.594458,1.0
20200402,830,0.069318,0.454545,0.594458,0.333333
20200402,831,0.070455,0.4,0.594458,0.666667
20200402,832,0.070455,0.4,0.594458,0.333333
20200402,833,0.069318,0.4,0.596977,0.666667
20200402,834,0.069318,0.4,0.596977,1.0
20200402,835,0.068182,0.345455,0.599496,0.333333
20200402,836,0.068182,0.345455,0.599496,0.666667
20200402,837,0.071591,0.381818,0.607053,0.666667
20200402,838,0.071591,0.381818,0.607053,0.666667
20200402,839,0.069318,0.4,0.599496,0.333333
20200402,840,0.069318,0.4,0.599496,0.666667
20200402,841,0.069318,0.418182,0.596977,0.666667
20200402,842,0.069318,0.418182,0.596977,0.333333
20200402,843,0.068182,0.436364,0.594458,0.666667
20200402,844,0.068182,0.436364,0.594458,0.0
20200402,845,0.069318,0.418182,0.594458,0.333333
20200402,846,0.069318,0.418182,0.594458,0.666667
20200402,847,0.069318,0.363636,0.589421,0.666667
20200402,848,0.069318,0.363636,0.589421,0.666667
20200402,849,0.070455,0.4,0.599496,1.0
20200402,850,0.070455,0.4,0.599496,0.333333
20200402,851,0.069318,0.381818,0.61461,0.333333
20200402,852,0.069318,0.381818,0.61461,0.666667
20200402,853,0.069318,0.381818,0.607053,0.666667
20200402,854,0.069318,0.381818,0.607053,0.666667
20200402,855,0.067045,0.418182,0.596977,0.666667
20200402,856,0.067045,0.418182,0.596977,0.666667
20200402,857,0.067045,0.436364,0.59194,0.666667
20200402,858,0.067045,0.436364,0.59194,0.666667
20200402,859,0.067045,0.363636,0.589421,0.333333
20200402,860,0.067045,0.363636,0.589421,0.333333
20200402,861,0.067045,0.381818,0.594458,0.333333
20200402,862,0.067045,0.381818,0.594458,0.333333
20200402,863,0.069318,0.472727,0.604534,0.333333
20200402,864,0.069318,0.472727,0.604534,0.666667
20200402,865,0.068182,0.363636,0.619647,1.0
20200402,866,0.068182,0.363636,0.619647,0.333333
20200402,867,0.069318,0.418182,0.607053,0.666667
20200402,868,0.069318,0.418182,0.607053,0.333333
20200402,869,0.068182,0.436364,0.607053,0.666667
20200402,870,0.068182,0.436364,0.607053,1.0
20200402,871,0.064773,0.381818,0.596977,0.333333
20200402,872,0.064773,0.381818,0.596977,0.666667
20200402,873,0.067045,0.4,0.589421,0.666667
20200402,874,0.067045,0.4,0.589421,0.666667
20200402,875,0.065909,0.381818,0.589421,0.666667
20200402,876,0.065909,0.381818,0.589421,0.666667
20200402,877,0.067045,0.363636,0.602015,0.666667
20200402,878,0.067045,0.363636,0.602015,0.666667
20200402,879,0.067045,0.381818,0.607053,0.333333
20200402,880,0.067045,0.381818,0.607053,0.333333
20200402,881,0.069318,0.345455,0.612091,0.666667
20200402,882,0.069318,0.345455,0.612091,0.333333
20200402,883,0.067045,0.4,0.607053,1.0
20200402,884,0.067045,0.4,0.607053,0.666667
20200402,885,0.069318,0.4,0.599496,0.666667
20200402,886,0.069318,0.4,0.599496,0.666667
20200402,887,0.065909,0.418182,0.586902,0.666667
20200402,888,0.065909,0.418182,0.586902,0.666667
20200402,889,0.065909,0.4,0.589421,0.666667
20200402,890,0.065909,0.4,0.589421,0.666667
20200402,891,0.067045,0.436364,0.576826,0.666667
20200402,892,0.067045,0.436364,0.576826,0.666667
20200402,893,0.067045,0.4,0.602015,0.333333
20200402,894,0.067045,0.4,0.602015,0.333333
20200402,895,0.068182,0.418182,0.609572,0.666667
20200402,896,0.068182,0.418182,0.609572,0.333333
20200402,897,0.068182,0.4,0.609572,1.0
20200402,898,0.068182,0.4,0.609572,0.666667
20200402,899,0.064773,0.418182,0.609572,0.666667
20200402,900,0.064773,0.418182,0.609572,0.666667
20200402,901,0.065909,0.363636,0.602015,0.666667
20200402,902,0.065909,0.363636,0.602015,0.666667
20200402,903,0.067045,0.345455,0.584383,0.333333
20200402,904,0.067045,0.345455,0.584383,0.666667
20200402,905,0.065909,0.436364,0.59194,0.666667
20200402,906,0.065909,0.436364,0.59194,0.333333
20200402,907,0.065909,0.418182,0.589421,0.666667
20200402,908,0.065909,0.418182,0.589421,0.0
20200402,909,0.067045,0.381818,0.594458,0.333333
20200402,910,0.067045,0.381818,0.594458,0.666667
20200402,911,0.064773,0.4,0.607053,0.666667
20200402,912,0.064773,0.4,0.607053,0.666667
20200402,913,0.067045,0.381818,0.607053,1.0
20200402,914,0.067045,0.381818,0.607053,0.333333
20200402,915,0.068182,0.381818,0.604534,0.333333
20200402,916,0.068182,0.381818,0.604534,0.666667
20200402,917,0.067045,0.418182,0.602015,0.666667
20200402,918,0.067045,0.418182,0.602015,0.666667
20200402,919,0.064773,0.418182,0.594458,0.666667
20200402,920,0.064773,0.418182,0.594458,0.666667
20200402,921,0.065909,0.363636,0.59194,0.666667
20200402,922,0.065909,0.363636,0.59194,0.666667
20200402,923,0.067045,0.381818,0.59194,0.333333
20200402,924,0.067045,0.381818,0.59194,0.333333
20200402,925,0.065909,0.381818,0.599496,0.333333
20200402,926,0.065909,0.381818,0.599496,0.333333
20200402,927,0.067045,0.345455,0.61461,0.333333
20200402,928,0.067045,0.345455,0.61461,0.666667
20200402,929,0.067045,0.4,0.622166,1.0
20200402,930,0.067045,0.4,0.622166,0.333333
20200402,931,0.068182,0.327273,0.607053,0.666667
20200402,932,0.068182,0.327273,0.607053,0.333333
20200402,933,0.067045,0.381818,0.602015,0.666667
20200402,934,0.067045,0.381818,0.602015,1.0
20200402,935,0.064773,0.327273,0.596977,0.333333
20200402,936,0.064773,0.327273,0.596977,0.666667
20200402,937,0.065909,0.4,0.594458,0.666667
20200402,938,0.065909,0.4,0.594458,0.666667
20200402,939,0.067045,0.418182,0.594458,0.666667
20200402,940,0.067045,0.418182,0.594458,0.666667
20200402,941,0.068182,0.454545,0.59194,0.666667
20200402,942,0.068182,0.454545,0.59194,0.666667
20200402,943,0.067045,0.4,0.596977,0.333333
20200402,944,0.067045,0.4,0.596977,0.333333
20200402,945,0.069318,0.4,0.604534,0.666667
20200402,946,0.069318,0.4,0.604534,0.333333
20200402,947,0.068182,0.381818,0.599496,1.0
20200402,948,0.068182,0.381818,0.599496,0.666667
20200402,949,0.067045,0.363636,0.596977,0.666667
20200402,950,0.067045,0.363636,0.596977,0.666667
20200402,951,0.068182,0.4,0.594458,0.666667
20200402,952,0.068182,0.4,0.594458,0.666667
20200402,953,0.065909,0.4,0.59194,0.333333
20200402,954,0.065909,0.4,0.59194,0.666667
20200402,955,0.068182,0.345455,0.59194,0.666667
20200402,956,0.068182,0.345455,0.59194,0.333333
20200402,957,0.067045,0.363636,0.596977,0.666667
20200402,958,0.067045,0.363636,0.596977,0.0
20200402,959,0.067045,0.381818,0.61461,0.333333
20200402,960,0.067045,0.381818,0.61461,0.666667
20200402,961,0.067045,0.454545,0.617128,0.666667
20200402,962,0.067045,0.454545,0.617128,0.666667
20200402,963,0.067045,0.363636,0.599496,1.0
20200402,964,0.067045,0.363636,0.599496,0.333333
20200402,965,0.065909,0.4,0.581864,0.333333
20200402,966,0.065909,0.4,0.581864,0.666667
20200402,967,0.064773,0.418182,0.594458,0.666667
20200402,968,0.064773,0.418182,0.594458,0.666667
20200402,969,0.065909,0.381818,0.599496,0.666667
20200402,970,0.065909,0.381818,0.599496,0.666667
20200402,971,0.064773,0.381818,0.59194,0.666667
20200402,972,0.064773,0.381818,0.59194,0.666667
20200402,973,0.068182,0.418182,0.596977,0.333333
20200402,974,0.068182,0.418182,0.596977,0.333333
20200402,975,0.065909,0.381818,0.584383,0.333333
20200402,976,0.065909,0.381818,0.584383,0.333333
20200402,977,0.065909,0.381818,0.581864,0.333333
20200402,978,0.065909,0.381818,0.581864,0.666667
20200402,979,0.068182,0.363636,0.596977,1.0
20200402,980,0.068182,0.363636,0.596977,0.333333
20200402,981,0.065909,0.418182,0.596977,0.666667
20200402,982,0.065909,0.418182,0.596977,0.333333
20200402,983,0.064773,0.345455,0.596977,0.666667
20200402,984,0.064773,0.345455,0.596977,1.0
20200402,985,0.064773,0.4,0.586902,0.333333
20200402,986,0.064773,0.4,0.586902,0.666667
20200402,987,0.065909,0.363636,0.59194,0.666667
20200402,988,0.065909,0.363636,0.59194,0.666667
20200402,989,0.065909,0.418182,0.594458,0.666667
20200402,990,0.065909,0.418182,0.594458,0.666667
20200402,991,0.067045,0.381818,0.599496,0.666667
20200402,992,0.067045,0.381818,0.599496,0.666667
20200402,993,0.067045,0.363636,0.604534,0.333333
20200402,994,0.067045,0.363636,0.604534,0.333333
20200402,995,0.064773,0.454545,0.609572,0.666667
20200402,996,0.064773,0.454545,0.609572,0.333333
20200402,997,0.065909,0.345455,0.607053,1.0
20200402,998,0.065909,0.345455,0.607053,0.666667
20200402,999,0.064773,0.4,0.604534,0.666667
20200402,1000,0.064773,0.4,0.604534,0.666667
20200402,1001,0.064773,0.418182,0.599496,0.333333
20200402,1002,0.064773,0.418182,0.599496,0.666667
20200402,1003,0.065909,0.418182,0.596977,0.666667
20200402,1004,0.065909,0.418182,0.596977,0.333333
20200402,1005,0.064773,0.418182,0.599496,0.666667
20200402,1006,0.064773,0.418182,0.599496,0.0
20200402,1007,0.065909,0.381818,0.59194,0.333333
20200402,1008,0.065909,0.381818,0.59194,0.666667
20200402,1009,0.064773,0.472727,0.59194,0.666667
20200402,1010,0.064773,0.472727,0.59194,0.666667
20200402,1011,0.065909,0.381818,0.602015,1.0
20200402,1012,0.065909,0.381818,0.602015,0.333333
20200402,1013,0.065909,0.4,0.617128,0.333333
20200402,1014,0.065909,0.4,0.617128,0.666667
20200402,1015,0.065909,0.363636,0.612091,0.666667
20200402,1016,0.065909,0.363636,0.612091,0.666667
20200402,1017,0.067045,0.363636,0.602015,0.666667
20200402,1018,0.067045,0.363636,0.602015,0.666667
20200402,1019,0.065909,0.381818,0.599496,0.666667
20200402,1020,0.065909,0.381818,0.599496,0.666667
20200402,1021,0.065909,0.4,0.607053,0.333333
20200402,1022,0.065909,0.4,0.607053,0.333333
20200402,1023,0.070455,0.090909,0.596977,0.666667
20200402,1024,0.070455,0.090909,0.596977,0.333333
20200402,1025,0.071591,0.109091,0.596977,0.666667
20200402,1026,0.071591,0.109091,0.596977,0.666667
20200402,1027,0.071591,0.127273,0.594458,0.333333
20200402,1028,0.071591,0.127273,0.594458,0.666667
20200402,1029,0.067045,0.054545,0.596977,0.0
20200402,1030,0.067045,0.054545,0.596977,0.333333
20200402,1031,0.070455,0.145455,0.599496,0.666667
20200402,1032,0.070455,0.145455,0.599496,0.666667
20200402,1033,0.071591,0.145455,0.584383,0.666667
20200402,1034,0.071591,0.145455,0.584383,1.0
20200402,1035,0.071591,0.127273,0.599496,0.333333
20200402,1036,0.071591,0.127273,0.599496,0.333333
20200402,1037,0.069318,0.163636,0.599496,0.666667
20200402,1038,0.069318,0.163636,0.599496,0.666667
20200402,1039,0.068182,0.127273,0.599496,0.666667
20200402,1040,0.068182,0.127273,0.599496,0.666667
20200402,1041,0.070455,0.218182,0.59194,0.666667
20200402,1042,0.070455,0.218182,0.59194,0.666667
20200402,1043,0.068182,0.290909,0.594458,0.666667
20200402,1044,0.068182,0.290909,0.594458,0.333333
20200402,1045,0.069318,0.236364,0.596977,0.333333
20200402,1046,0.069318,0.236364,0.596977,0.333333
20200402,1047,0.071591,0.218182,0.596977,0.333333
20200402,1048,0.071591,0.218182,0.596977,0.333333
20200402,1049,0.071591,0.218182,0.596977,0.666667
20200402,1050,0.071591,0.218182,0.596977,1.0
20200402,1051,0.069318,0.327273,0.604534,0.333333
20200402,1052,0.069318,0.327273,0.604534,0.666667
20200402,1053,0.071591,0.272727,0.599496,0.333333
20200402,1054,0.071591,0.272727,0.599496,0.666667
20200402,1055,0.069318,0.254545,0.594458,1.0
20200402,1056,0.069318,0.254545,0.594458,0.333333
20200402,1057,0.070455,0.272727,0.581864,0.666667
20200402,1058,0.070455,0.272727,0.581864,0.666667
20200402,1059,0.070455,0.254545,0.594458,0.666667
20200402,1060,0.070455,0.254545,0.594458,0.666667
20200402,1061,0.070455,0.290909,0.604534,0.666667
20200402,1062,0.070455,0.290909,0.604534,0.666667
20200402,1063,0.069318,0.254545,0.607053,0.666667
20200402,1064,0.069318,0.254545,0.607053,0.333333
20200402,1065,0.070455,0.345455,0.59194,0.333333
20200402,1066,0.070455,0.345455,0.59194,0.666667
20200402,1067,0.068182,0.327273,0.602015,0.333333
20200402,1068,0.068182,0.327273,0.602015,1.0
20200402,1069,0.069318,0.327273,0.589421,0.666667
20200402,1070,0.069318,0.327273,0.589421,0.666667
20200402,1071,0.069318,0.363636,0.604534,0.666667
20200402,1072,0.069318,0.363636,0.604534,0.666667
20200402,1073,0.069318,0.272727,0.596977,0.666667
20200402,1074,0.069318,0.272727,0.596977,0.666667
20200402,1075,0.070455,0.345455,0.596977,0.666667
20200402,1076,0.070455,0.345455,0.596977,0.666667
20200402,1077,0.069318,0.327273,0.599496,0.666667
20200402,1078,0.069318,0.327273,0.599496,0.333333
20200402,1079,0.070455,0.345455,0.594458,0.333333
20200402,1080,0.070455,0.345455,0.594458,0.666667
20200402,1081,0.065909,0.327273,0.59194,0.333333
20200402,1082,0.065909,0.327273,0.59194,1.0
20200402,1083,0.067045,0.4,0.59194,0.666667
20200402,1084,0.067045,0.4,0.59194,0.666667
20200402,1085,0.068182,0.363636,0.596977,0.666667
20200402,1086,0.068182,0.363636,0.596977,0.666667
20200402,1087,0.067045,0.345455,0.599496,0.666667
20200402,1088,0.067045,0.345455,0.599496,0.333333
20200402,1089,0.067045,0.381818,0.604534,0.666667
20200402,1090,0.067045,0.381818,0.604534,0.666667
20200402,1091,0.068182,0.290909,0.594458,0.333333
20200402,1092,0.068182,0.290909,0.594458,0.666667
20200402,1093,0.067045,0.327273,0.59194,0.0
20200402,1094,0.067045,0.327273,0.59194,0.333333
20200402,1095,0.065909,0.345455,0.59194,0.666667
20200402,1096,0.065909,0.345455,0.59194,0.666667
20200402,1097,0.065909,0.272727,0.584383,0.666667
20200402,1098,0.065909,0.272727,0.584383,0.666667
20200402,1099,0.067045,0.272727,0.607053,0.333333
20200402,1100,0.067045,0.272727,0.607053,0.666667
20200402,1101,0.067045,0.381818,0.604534,0.666667
20200402,1102,0.067045,0.381818,0.604534,0.333333
20200402,1103,0.067045,0.327273,0.599496,0.666667
20200402,1104,0.067045,0.327273,0.599496,0.0
20200402,1105,0.065909,0.4,0.599496,0.333333
20200402,1106,0.065909,0.4,0.599496,0.666667
20200402,1107,0.065909,0.381818,0.596977,0.666667
20200402,1108,0.065909,0.381818,0.596977,0.666667
20200402,1109,0.065909,0.4,0.581864,1.0
20200402,1110,0.065909,0.4,0.581864,0.333333
20200402,1111,0.065909,0.345455,0.59194,0.333333
20200402,1112,0.065909,0.345455,0.59194,0.666667
20200402,1113,0.067045,0.381818,0.596977,0.666667
20200402,1114,0.067045,0.381818,0.596977,0.666667
20200402,1115,0.065909,0.363636,0.607053,0.666667
20200402,1116,0.065909,0.363636,0.607053,0.666667
20200402,1117,0.064773,0.345455,0.602015,0.666667
20200402,1118,0.064773,0.345455,0.602015,0.666667
20200402,1119,0.064773,0.363636,0.607053,0.333333
20200402,1120,0.064773,0.363636,0.607053,0.333333
20200402,1121,0.064773,0.381818,0.596977,0.333333
20200402,1122,0.064773,0.381818,0.596977,0.333333
20200402,1123,0.063636,0.4,0.596977,0.333333
20200402,1124,0.063636,0.4,0.596977,0.666667
20200402,1125,0.069318,0.454545,0.594458,1.0
20200402,1126,0.069318,0.454545,0.594458,0.333333
20200402,1127,0.070455,0.4,0.594458,0.666667
20200402,1128,0.070455,0.4,0.594458,0.333333
20200402,1129,0.069318,0.4,0.596977,0.666667
20200402,1130,0.069318,0.4,0.596977,1.0
20200402,1131,0.068182,0.345455,0.599496,0.333333
20200402,1132,0.068182,0.345455,0.599496,0.666667
20200402,1133,0.071591,0.381818,0.607053,0.666667
20200402,1134,0.071591,0.381818,0.607053,0.666667
20200402,1135,0.069318,0.4,0.599496,0.333333
20200402,1136,0.069318,0.4,0.599496,0.666667
20200402,1137,0.069318,0.418182,0.596977,0.666667
20200402,1138,0.069318,0.418182,0.596977,0.333333
20200402,1139,0.068182,0.436364,0.594458,0.666667
20200402,1140,0.068182,0.436364,0.594458,0.0
20200402,1141,0.069318,0.418182,0.594458,0.333333
20200402,1142,0.069318,0.418182,0.594458,0.666667
20200402,1143,0.069318,0.363636,0.589421,0.666667
20200402,1144,0.069318,0.363636,0.589421,0.666667
20200402,1145,0.070455,0.4,0.599496,1.0
20200402,1146,0.070455,0.4,0.599496,0.333333
20200402,1147,0.069318,0.381818,0.61461,0.333333
20200402,1148,0.069318,0.381818,0.61461,0.666667
20200402,1149,0.069318,0.381818,0.607053,0.666667
20200402,1150,0.069318,0.381818,0.607053,0.666667
20200402,1151,0.067045,0.418182,0.596977,0.666667
20200402,1152,0.067045,0.418182,0.596977,0.666667
20200402,1153,0.067045,0.436364,0.59194,0.666667
20200402,1154,0.067045,0.436364,0.59194,0.666667
20200402,1155,0.067045,0.363636,0.589421,0.333333
20200402,1156,0.067045,0.363636,0.589421,0.333333
20200402,1157,0.067045,0.381818,0.594458,0.333333
20200402,1158,0.067045,0.381818,0.594458,0.333333
20200402,1159,0.069318,0.472727,0.604534,0.333333
20200402,1160,0.069318,0.472727,0.604534,0.666667
20200402,1161,0.068182,0.363636,0.619647,1.0
20200402,1162,0.068182,0.363636,0.619647,0.333333
20200402,1163,0.069318,0.418182,0.607053,0.666667
20200402,1164,0.069318,0.418182,0.607053,0.333333
20200402,1165,0.068182,0.436364,0.607053,0.666667
20200402,1166,0.068182,0.436364,0.607053,1.0
20200402,1167,0.064773,0.381818,0.596977,0.333333
20200402,1168,0.064773,0.381818,0.596977,0.666667
20200402,1169,0.067045,0.4,0.589421,0.666667
20200402,1170,0.067045,0.4,0.589421,0.666667
20200402,1171,0.065909,0.381818,0.589421,0.666667
20200402,1172,0.065909,0.381818,0.589421,0.666667
20200402,1173,0.067045,0.363636,0.602015,0.666667
20200402,1174,0.067045,0.363636,0.602015,0.666667
20200402,1175,0.067045,0.381818,0.607053,0.333333
20200402,1176,0.067045,0.381818,0.607053,0.333333
20200402,1177,0.069318,0.345455,0.612091,0.666667
20200402,1178,0.069318,0.345455,0.612091,0.333333
20200402,1179,0.067045,0.4,0.607053,1.0
20200402,1180,0.067045,0.4,0.607053,0.666667
20200402,1181,0.069318,0.4,0.599496,0.666667
20200402,1182,0.069318,0.4,0.599496,0.666667
20200402,1183,0.065909,0.418182,0.586902,0.666667
20200402,1184,0.065909,0.418182,0.586902,0.666667
20200402,1185,0.065909,0.4,0.589421,0.666667
20200402,1186,0.065909,0.4,0.589421,0.666667
20200402,1187,0.067045,0.436364,0.576826,0.666667
20200402,1188,0.067045,0.436364,0.576826,0.666667
20200402,1189,0.067045,0.4,0.602015,0.333333
20200402,1190,0.067045,0.4,0.602015,0.333333
20200402,1191,0.068182,0.418182,0.609572,0.666667
20200402,1192,0.068182,0.418182,0.609572,0.333333
20200402,1193,0.068182,0.4,0.609572,1.0
20200402,1194,0.068182,0.4,0.609572,0.666667
20200402,1195,0.064773,0.418182,0.609572,0.666667
20200402,1196,0.064773,0.418182,0.609572,0.666667
20200402,1197,0.065909,0.363636,0.602015,0.666667
20200402,1198,0.065909,0.363636,0.602015,0.666667
20200402,1199,0.067045,0.345455,0.584383,0.333333
20200402,1200,0.067045,0.345455,0.584383,0.666667
20200402,1201,0.065909,0.436364,0.59194,0.666667
20200402,1202,0.065909,0.436364,0.59194,0.333333
20200402,1203,0.065909,0.418182,0.589421,0.666667
20200402,1204,0.065909,0.418182,0.589421,0.0
20200402,1205,0.067045,0.381818,0.594458,0.333333
20200402,1206,0.067045,0.381818,0.594458,0.666667
20200402,1207,0.064773,0.4,0.607053,0.666667
20200402,1208,0.064773,0.4,0.607053,0.666667
20200402,1209,0.067045,0.381818,0.607053,1.0
20200402,1210,0.067045,0.381818,0.607053,0.333333
20200402,1211,0.068182,0.381818,0.604534,0.333333
20200402,1212,0.068182,0.381818,0.604534,0.666667
20200402,1213,0.067045,0.418182,0.602015,0.666667
20200402,1214,0.067045,0.418182,0.602015,0.666667
20200402,1215,0.064773,0.418182,0.594458,0.666667
20200402,1216,0.064773,0.418182,0.594458,0.666667
20200402,1217,0.065909,0.363636,0.59194,0.666667
20200402,1218,0.065909,0.363636,0.59194,0.666667
20200402,1219,0.067045,0.381818,0.59194,0.333333
20200402,1220,0.067045,0.381818,0.59194,0.333333
20200402,1221,0.065909,0.381818,0.599496,0.333333
20200402,1222,0.065909,0.381818,0.599496,0.333333
20200402,1223,0.067045,0.345455,0.61461,0.333333
20200402,1224,0.067045,0.345455,0.61461,0.666667
20200402,1225,0.067045,0.4,0.622166,1.0
20200402,1226,0.067045,0.4,0.622166,0.333333
20200402,1227,0.068182,0.327273,0.607053,0.666667
20200402,1228,0.068182,0.327273,0.607053,0.333333
20200402,1229,0.067045,0.381818,0.602015,0.666667
20200402,1230,0.067045,0.381818,0.602015,1.0
20200402,1231,0.064773,0.327273,0.596977,0.333333
20200402,1232,0.064773,0.327273,0.596977,0.666667
20200402,1233,0.065909,0.4,0.594458,0.666667
20200402,1234,0.065909,0.4,0.594458,0.666667
20200402,1235,0.067045,0.418182,0.594458,0.666667
20200402,1236,0.067045,0.418182,0.594458,0.666667
20200402,1237,0.068182,0.454545,0.59194,0.666667
20200402,1238,0.068182,0.454545,0.59194,0.666667
20200402,1239,0.067045,0.4,0.596977,0.333333
20200402,1240,0.067045,0.4,0.596977,0.333333
20200402,1241,0.069318,0.4,0.604534,0.666667
20200402,1242,0.069318,0.4,0.604534,0.333333
20200402,1243,0.068182,0.381818,0.599496,1.0
20200402,1244,0.068182,0.381818,0.599496,0.666667
20200402,1245,0.067045,0.363636,0.596977,0.666667
20200402,1246,0.067045,0.363636,0.596977,0.666667
20200402,1247,0.068182,0.4,0.594458,0.666667
20200402,1248,0.068182,0.4,0.594458,0.666667
20200402,1249,0.065909,0.4,0.59194,0.333333
20200402,1250,0.065909,0.4,0.59194,0.666667
20200402,1251,0.068182,0.345455,0.59194,0.666667
20200402,1252,0.068182,0.345455,0.59194,0.333333
20200402,1253,0.067045,0.363636,0.596977,0.666667
20200402,1254,0.067045,0.363636,0.596977,0.0
20200402,1255,0.067045,0.381818,0.61461,0.333333
20200402,1256,0.067045,0.381818,0.61461,0.666667
20200402,1257,0.067045,0.454545,0.617128,0.666667
20200402,1258,0.067045,0.454545,0.617128,0.666667
20200402,1259,0.067045,0.363636,0.599496,1.0
20200402,1260,0.067045,0.363636,0.599496,0.333333
20200402,1261,0.065909,0.4,0.581864,0.333333
20200402,1262,0.065909,0.4,0.581864,0.666667
20200402,1263,0.064773,0.418182,0.594458,0.666667
20200402,1264,0.064773,0.418182,0.594458,0.666667
20200402,1265,0.065909,0.381818,0.599496,0.666667
20200402,1266,0.065909,0.381818,0.599496,0.666667
20200402,1267,0.064773,0.381818,0.59194,0.666667
20200402,1268,0.064773,0.381818,0.59194,0.666667
20200402,1269,0.068182,0.418182,0.596977,0.333333
20200402,1270,0.068182,0.418182,0.596977,0.333333
20200402,1271,0.065909,0.381818,0.584383,0.333333
20200402,1272,0.065909,0.381818,0.584383,0.333333
20200402,1273,0.065909,0.381818,0.581864,0.333333
20200402,1274,0.065909,0.381818,0.581864,0.666667
20200402,1275,0.068182,0.363636,0.596977,1.0
20200402,1276,0.068182,0.363636,0.596977,0.333333
20200402,1277,0.065909,0.418182,0.596977,0.666667
20200402,1278,0.065909,0.418182,0.596977,0.333333
20200402,1279,0.064773,0.345455,0.596977,0.666667
20200402,1280,0.064773,0.345455,0.596977,1.0
20200402,1281,0.064773,0.4,0.586902,0.333333
20200402,1282,0.064773,0.4,0.586902,0.666667
20200402,1283,0.065909,0.363636,0.59194,0.666667
20200402,1284,0.065909,0.363636,0.59194,0.666667
20200402,1285,0.065909,0.418182,0.594458,0.666667
20200402,1286,0.065909,0.418182,0.594458,0.666667
20200402,1287,0.067045,0.381818,0.599496,0.666667
20200402,1288,0.067045,0.381818,0.599496,0.666667
20200402,1289,0.067045,0.363636,0.604534,0.333333
20200402,1290,0.067045,0.363636,0.604534,0.333333
20200402,1291,0.064773,0.454545,0.609572,0.666667
20200402,1292,0.064773,0.454545,0.609572,0.333333
20200402,1293,0.065909,0.345455,0.607053,1.0
20200402,1294,0.065909,0.345455,0.607053,0.666667
20200402,1295,0.064773,0.4,0.604534,0.666667
20200402,1296,0.064773,0.4,0.604534,0.666667
20200402,1297,0.064773,0.418182,0.599496,0.333333
20200402,1298,0.064773,0.418182,0.599496,0.666667
20200402,1299,0.065909,0.418182,0.596977,0.666667
20200402,1300,0.065909,0.418182,0.596977,0.333333
20200402,1301,0.064773,0.418182,0.599496,0.666667
20200402,1302,0.064773,0.418182,0.599496,0.0
20200402,1303,0.065909,0.381818,0.59194,0.333333
20200402,1304,0.065909,0.381818,0.59194,0.666667
20200402,1305,0.064773,0.472727,0.59194,0.666667
20200402,1306,0.064773,0.472727,0.59194,0.666667
20200402,1307,0.065909,0.381818,0.602015,1.0
20200402,1308,0.065909,0.381818,0.602015,0.333333
20200402,1309,0.065909,0.4,0.617128,0.333333
20200402,1310,0.065909,0.4,0.617128,0.666667
20200402,1311,0.065909,0.363636,0.612091,0.666667
20200402,1312,0.065909,0.363636,0.612091,0.666667
20200402,1313,0.067045,0.363636,0.602015,0.666667
20200402,1314,0.067045,0.363636,0.602015,0.666667
20200402,1315,0.065909,0.381818,0.599496,0.666667
20200402,1316,0.065909,0.381818,0.599496,0.666667
20200402,1317,0.065909,0.4,0.607053,0.333333
20200402,1318,0.065909,0.4,0.607053,0.333333
20200402,1319,0.064773,0.418182,0.596977,0.333333
20200402,1320,0.064773,0.418182,0.596977,0.333333
20200402,1321,0.064773,0.454545,0.596977,0.333333
20200402,1322,0.064773,0.454545,0.596977,0.666667
20200402,1323,0.064773,0.254545,0.607053,0.333333
20200402,1324,0.064773,0.254545,0.607053,0.333333
20200402,1325,0.065909,0.290909,0.599496,0.666667
20200402,1326,0.065909,0.290909,0.599496,0.333333
20200402,1327,0.067045,0.309091,0.59194,1.0
20200402,1328,0.067045,0.309091,0.59194,0.666667
20200402,1329,0.064773,0.418182,0.574307,0.666667
20200402,1330,0.064773,0.418182,0.574307,0.666667
20200402,1331,0.065909,0.345455,0.579345,0.666667
20200402,1332,0.065909,0.345455,0.579345,0.666667
20200402,1333,0.069318,0.4,0.589421,0.666667
20200402,1334,0.069318,0.4,0.589421,0.333333
20200402,1335,0.065909,0.4,0.612091,0.333333
20200402,1336,0.065909,0.4,0.612091,0.666667
20200402,1337,0.068182,0.345455,0.617128,0.333333
20200402,1338,0.068182,0.345455,0.617128,1.0
20200402,1339,0.065909,0.436364,0.609572,0.666667
20200402,1340,0.065909,0.436364,0.609572,0.666667
20200402,1341,0.064773,0.4,0.599496,0.666667
20200402,1342,0.064773,0.4,0.599496,0.666667
20200402,1343,0.064773,0.436364,0.574307,0.333333
20200402,1344,0.064773,0.436364,0.574307,0.666667
20200402,1345,0.065909,0.472727,0.574307,0.666667
20200402,1346,0.065909,0.472727,0.574307,0.333333
20200402,1347,0.065909,0.363636,0.596977,0.666667
20200402,1348,0.065909,0.363636,0.596977,0.0
20200402,1349,0.068182,0.418182,0.617128,0.333333
20200402,1350,0.068182,0.418182,0.617128,0.666667
20200402,1351,0.067045,0.345455,0.63728,0.666667
20200402,1352,0.067045,0.345455,0.63728,0.666667
20200402,1353,0.068182,0.4,0.629723,1.0
20200402,1354,0.068182,0.4,0.629723,0.333333
20200402,1355,0.067045,0.309091,0.612091,0.333333
20200402,1356,0.067045,0.309091,0.612091,0.666667
20200402,1357,0.064773,0.363636,0.596977,0.666667
20200402,1358,0.064773,0.363636,0.596977,0.666667
20200402,1359,0.064773,0.4,0.586902,0.666667
20200402,1360,0.064773,0.4,0.586902,0.666667
20200402,1361,0.065909,0.327273,0.571788,0.666667
20200402,1362,0.065909,0.327273,0.571788,0.666667
20200402,1363,0.063636,0.4,0.584383,0.333333
20200402,1364,0.063636,0.4,0.584383,0.333333
20200402,1365,0.064773,0.327273,0.61461,0.333333
20200402,1366,0.064773,0.327273,0.61461,0.333333
20200402,1367,0.065909,0.327273,0.624685,0.333333
20200402,1368,0.065909,0.327273,0.624685,0.666667
20200402,1369,0.064773,0.363636,0.622166,1.0
20200402,1370,0.064773,0.363636,0.622166,0.333333
20200402,1371,0.064773,0.363636,0.61461,0.666667
20200402,1372,0.064773,0.363636,0.61461,0.666667
20200402,1373,0.0625,0.4,0.602015,0.333333
20200402,1374,0.0625,0.4,0.602015,0.666667
20200402,1375,0.065909,0.4,0.584383,0.666667
20200402,1376,0.065909,0.4,0.584383,0.333333
20200402,1377,0.064773,0.454545,0.586902,0.666667
20200402,1378,0.064773,0.454545,0.586902,0.0
20200402,1379,0.064773,0.327273,0.589421,0.333333
20200402,1380,0.064773,0.327273,0.589421,0.666667
20200402,1381,0.064773,0.363636,0.607053,0.666667
20200402,1382,0.064773,0.363636,0.607053,0.666667
20200402,1383,0.067045,0.327273,0.61461,1.0
20200402,1384,0.067045,0.327273,0.61461,0.333333
20200402,1385,0.067045,0.345455,0.624685,0.333333
20200402,1386,0.067045,0.345455,0.624685,0.666667
20200402,1387,0.068182,0.327273,0.61461,0.666667
20200402,1388,0.068182,0.327273,0.61461,0.666667
20200402,1389,0.067045,0.363636,0.607053,0.666667
20200402,1390,0.067045,0.363636,0.607053,0.666667
20200402,1391,0.064773,0.4,0.594458,0.666667
20200402,1392,0.064773,0.4,0.594458,0.666667
20200402,1393,0.064773,0.418182,0.589421,0.333333
20200402,1394,0.064773,0.418182,0.589421,0.333333
20200402,1395,0.064773,0.472727,0.586902,0.333333
20200402,1396,0.064773,0.472727,0.586902,0.333333
20200402,1397,0.067045,0.363636,0.599496,0.333333
20200402,1398,0.067045,0.363636,0.599496,0.666667
20200402,1399,0.069318,0.309091,0.612091,1.0
20200402,1400,0.069318,0.309091,0.612091,0.333333
20200402,1401,0.068182,0.345455,0.619647,0.666667
20200402,1402,0.068182,0.345455,0.619647,0.333333
20200402,1403,0.067045,0.327273,0.619647,0.666667
20200402,1404,0.067045,0.327273,0.619647,1.0
20200402,1405,0.068182,0.381818,0.604534,0.333333
20200402,1406,0.068182,0.381818,0.604534,0.666667
20200402,1407,0.064773,0.363636,0.604534,0.666667
20200402,1408,0.064773,0.363636,0.604534,0.666667
20200402,1409,0.067045,0.381818,0.574307,0.333333
20200402,1410,0.067045,0.381818,0.574307,0.666667
20200402,1411,0.064773,0.363636,0.586902,0.666667
20200402,1412,0.064773,0.363636,0.586902,0.333333
20200402,1413,0.064773,0.472727,0.596977,0.666667
20200402,1414,0.064773,0.472727,0.596977,0.0
20200402,1415,0.065909,0.363636,0.609572,0.333333
20200402,1416,0.065909,0.363636,0.609572,0.666667
20200402,1417,0.067045,0.436364,0.612091,0.666667
20200402,1418,0.067045,0.436364,0.612091,0.666667
20200402,1419,0.065909,0.345455,0.609572,1.0
20200402,1420,0.065909,0.345455,0.609572,0.333333
20200402,1421,0.065909,0.327273,0.602015,0.333333
20200402,1422,0.065909,0.327273,0.602015,0.666667
20200402,1423,0.065909,0.381818,0.594458,0.666667
20200402,1424,0.065909,0.381818,0.594458,0.666667
20200402,1425,0.064773,0.4,0.581864,0.666667
20200402,1426,0.064773,0.4,0.581864,0.666667
20200402,1427,0.065909,0.418182,0.574307,0.666667
20200402,1428,0.065909,0.418182,0.574307,0.666667
20200402,1429,0.067045,0.4,0.602015,0.333333
20200402,1430,0.067045,0.4,0.602015,0.333333
20200402,1431,0.067045,0.454545,0.607053,0.333333
20200402,1432,0.067045,0.454545,0.607053,0.333333
20200402,1433,0.069318,0.436364,0.612091,0.333333
20200402,1434,0.069318,0.436364,0.612091,0.666667
20200402,1435,0.063636,0.381818,0.607053,1.0
20200402,1436,0.063636,0.381818,0.607053,0.333333
20200402,1437,0.070455,0.363636,0.604534,0.666667
20200402,1438,0.070455,0.363636,0.604534,0.333333
20200402,1439,0.064773,0.381818,0.581864,0.666667
20200402,1440,0.064773,0.381818,0.581864,1.0
20200402,1441,0.064773,0.381818,0.584383,0.333333
20200402,1442,0.064773,0.381818,0.584383,0.666667
20200402,1443,0.065909,0.436364,0.589421,0.666667
20200402,1444,0.065909,0.436364,0.589421,0.666667
20200402,1445,0.065909,0.381818,0.61461,0.666667
20200402,1446,0.065909,0.381818,0.61461,0.666667
20200402,1447,0.064773,0.4,0.629723,0.666667
20200402,1448,0.064773,0.4,0.629723,0.666667
20200402,1449,0.068182,0.4,0.624685,0.333333
20200402,1450,0.068182,0.4,0.624685,0.333333
20200402,1451,0.065909,0.381818,0.619647,0.666667
20200402,1452,0.065909,0.381818,0.619647,0.333333
20200402,1453,0.0625,0.436364,0.602015,1.0
20200402,1454,0.0625,0.436364,0.602015,0.666667
20200402,1455,0.064773,0.4,0.584383,0.666667
20200402,1456,0.064773,0.4,0.584383,0.666667
20200402,1457,0.0625,0.418182,0.586902,0.666667
20200402,1458,0.0625,0.418182,0.586902,0.666667
20200402,1459,0.064773,0.363636,0.576826,0.666667
20200402,1460,0.064773,0.363636,0.576826,0.666667
20200402,1461,0.065909,0.418182,0.607053,0.666667
20200402,1462,0.065909,0.418182,0.607053,0.666667
20200402,1463,0.064773,0.363636,0.612091,0.333333
20200402,1464,0.064773,0.363636,0.612091,0.333333
20200402,1465,0.068182,0.4,0.61461,0.666667
20200402,1466,0.068182,0.4,0.61461,0.333333
20200402,1467,0.065909,0.454545,0.609572,1.0
20200402,1468,0.065909,0.454545,0.609572,0.666667
20200402,1469,0.063636,0.436364,0.602015,0.666667
20200402,1470,0.063636,0.436364,0.602015,0.666667
20200402,1471,0.064773,0.436364,0.594458,0.666667
20200402,1472,0.064773,0.436364,0.594458,0.666667
20200402,1473,0.065909,0.436364,0.589421,0.333333
20200402,1474,0.065909,0.436364,0.589421,0.666667
20200402,1475,0.063636,0.490909,0.59194,0.666667
20200402,1476,0.063636,0.490909,0.59194,0.333333
20200402,1477,0.065909,0.418182,0.59194,0.666667
20200402,1478,0.065909,0.418182,0.59194,0.0
20200402,1479,0.064773,0.418182,0.617128,0.333333
20200402,1480,0.064773,0.418182,0.617128,0.666667
20200402,1481,0.065909,0.363636,0.61461,0.666667
20200402,1482,0.065909,0.363636,0.61461,0.666667
20200402,1483,0.067045,0.436364,0.604534,1.0
20200402,1484,0.067045,0.436364,0.604534,0.333333
20200402,1485,0.064773,0.381818,0.594458,0.333333
20200402,1486,0.064773,0.381818,0.594458,0.666667
20200402,1487,0.065909,0.472727,0.59194,0.666667
20200402,1488,0.065909,0.472727,0.59194,0.666667
20200402,1489,0.064773,0.454545,0.59194,0.666667
20200402,1490,0.064773,0.454545,0.59194,0.666667
20200402,1491,0.063636,0.418182,0.596977,0.666667
20200402,1492,0.063636,0.418182,0.596977,0.666667
20200402,1493,0.065909,0.418182,0.602015,0.333333
20200402,1494,0.065909,0.418182,0.602015,0.333333
20200402,1495,0.065909,0.381818,0.612091,0.333333
20200402,1496,0.065909,0.381818,0.612091,0.333333
20200402,1497,0.064773,0.418182,0.607053,0.333333
20200402,1498,0.064773,0.418182,0.607053,0.666667
20200402,1499,0.065909,0.363636,0.599496,1.0
20200402,1500,0.065909,0.363636,0.599496,0.333333
20200402,1501,0.063636,0.363636,0.594458,0.666667
20200402,1502,0.063636,0.363636,0.594458,0.333333
20200402,1503,0.063636,0.436364,0.59194,0.666667
20200402,1504,0.063636,0.436364,0.59194,1.0
20200402,1505,0.065909,0.436364,0.599496,0.333333
20200402,1506,0.065909,0.436364,0.599496,0.666667
20200402,1507,0.064773,0.381818,0.594458,0.666667
20200402,1508,0.064773,0.381818,0.594458,0.666667
20200402,1509,0.065909,0.4,0.589421,0.666667
20200402,1510,0.065909,0.4,0.589421,0.666667
20200402,1511,0.065909,0.472727,0.579345,0.666667
20200402,1512,0.065909,0.472727,0.579345,0.666667
20200402,1513,0.064773,0.436364,0.594458,0.333333
20200402,1514,0.064773,0.436364,0.594458,0.333333
20200402,1515,0.064773,0.418182,0.604534,0.666667
20200402,1516,0.064773,0.418182,0.604534,0.333333
20200402,1517,0.065909,0.418182,0.609572,1.0
20200402,1518,0.065909,0.418182,0.609572,0.666667
20200402,1519,0.064773,0.436364,0.607053,0.666667
20200402,1520,0.064773,0.436364,0.607053,0.333333
20200402,1521,0.064773,0.363636,0.602015,0.666667
20200402,1522,0.064773,0.363636,0.602015,0.333333
20200402,1523,0.064773,0.436364,0.59194,0.666667
20200402,1524,0.064773,0.436364,0.59194,1.0
20200402,1525,0.064773,0.418182,0.59194,0.333333
20200402,1526,0.064773,0.418182,0.59194,0.666667
20200402,1527,0.064773,0.472727,0.59194,0.666667
20200402,1528,0.064773,0.472727,0.59194,0.666667
20200402,1529,0.063636,0.436364,0.604534,0.333333
20200402,1530,0.063636,0.436364,0.604534,0.666667
20200402,1531,0.067045,0.381818,0.61461,0.666667
20200402,1532,0.067045,0.381818,0.61461,0.333333
20200402,1533,0.064773,0.418182,0.61461,0.666667
20200402,1534,0.064773,0.418182,0.61461,0.0
20200402,1535,0.064773,0.418182,0.604534,0.333333
20200402,1536,0.064773,0.418182,0.604534,0.666667
20200402,1537,0.064773,0.4,0.581864,0.666667
20200402,1538,0.064773,0.4,0.581864,0.666667
20200402,1539,0.063636,0.4,0.59194,1.0
20200402,1540,0.063636,0.4,0.59194,0.333333
20200402,1541,0.064773,0.4,0.584383,0.333333
20200402,1542,0.064773,0.4,0.584383,0.666667
20200402,1543,0.065909,0.381818,0.599496,0.666667
20200402,1544,0.065909,0.381818,0.599496,0.666667
20200402,1545,0.067045,0.4,0.617128,0.666667
20200402,1546,0.067045,0.4,0.617128,0.666667
20200402,1547,0.065909,0.4,0.632242,0.666667
20200402,1548,0.065909,0.4,0.632242,0.666667
20200402,1549,0.065909,0.381818,0.622166,0.333333
20200402,1550,0.065909,0.381818,0.622166,0.333333
20200402,1551,0.064773,0.436364,0.612091,0.333333
20200402,1552,0.064773,0.436364,0.612091,0.333333
20200402,1553,0.064773,0.345455,0.599496,0.333333
20200402,1554,0.064773,0.345455,0.599496,0.666667
20200402,1555,0.0625,0.418182,0.59194,1.0
20200402,1556,0.0625,0.418182,0.59194,0.333333
20200402,1557,0.0625,0.472727,0.586902,0.666667
20200402,1558,0.0625,0.472727,0.586902,0.333333
20200402,1559,0.065909,0.436364,0.586902,0.666667
20200402,1560,0.065909,0.436364,0.586902,1.0
20200402,1561,0.063636,0.4,0.609572,0.333333
20200402,1562,0.063636,0.4,0.609572,0.666667
20200402,1563,0.064773,0.4,0.619647,0.666667
20200402,1564,0.064773,0.4,0.619647,0.666667
20200402,1565,0.064773,0.327273,0.612091,0.666667
20200402,1566,0.064773,0.327273,0.612091,0.666667
20200402,1567,0.064773,0.381818,0.594458,0.666667
20200402,1568,0.064773,0.381818,0.594458,0.666667
20200402,1569,0.0625,0.363636,0.584383,0.333333
20200402,1570,0.0625,0.363636,0.584383,0.333333
20200402,1571,0.063636,0.418182,0.589421,0.666667
20200402,1572,0.063636,0.418182,0.589421,0.333333
20200402,1573,0.063636,0.363636,0.594458,1.0
20200402,1574,0.063636,0.363636,0.594458,0.666667
20200402,1575,0.064773,0.436364,0.602015,0.666667
20200402,1576,0.064773,0.436364,0.602015,0.666667
20200402,1577,0.063636,0.381818,0.609572,0.666667
20200402,1578,0.063636,0.381818,0.609572,0.666667
20200402,1579,0.064773,0.418182,0.609572,0.666667
20200402,1580,0.064773,0.418182,0.609572,0.666667
20200402,1581,0.064773,0.363636,0.61461,0.666667
20200402,1582,0.064773,0.363636,0.61461,0.666667
20200402,1583,0.063636,0.381818,0.602015,0.333333
20200402,1584,0.063636,0.381818,0.602015,0.333333
20200402,1585,0.0625,0.4,0.59194,0.666667
20200402,1586,0.0625,0.4,0.59194,0.333333
20200402,1587,0.064773,0.436364,0.594458,1.0
20200402,1588,0.064773,0.436364,0.594458,0.666667
20200402,1589,0.0625,0.381818,0.594458,0.666667
20200402,1590,0.0625,0.381818,0.594458,0.666667
20200402,1591,0.063636,0.418182,0.594458,0.666667
20200402,1592,0.063636,0.418182,0.594458,0.666667
20200402,1593,0.064773,0.436364,0.602015,0.333333
20200402,1594,0.064773,0.436364,0.602015,0.666667
20200402,1595,0.065909,0.418182,0.607053,0.666667
20200402,1596,0.065909,0.418182,0.607053,0.333333
20200402,1597,0.064773,0.4,0.604534,0.666667
20200402,1598,0.064773,0.4,0.604534,0.0
20200402,1599,0.064773,0.4,0.604534,0.333333
20200402,1600,0.064773,0.4,0.604534,0.666667
20200402,1601,0.063636,0.454545,0.596977,0.666667
20200402,1602,0.063636,0.454545,0.596977,0.666667
20200402,1603,0.0625,0.418182,0.589421,1.0
20200402,1604,0.0625,0.418182,0.589421,0.333333
20200402,1605,0.063636,0.454545,0.594458,0.333333
20200402,1606,0.063636,0.454545,0.594458,0.666667
20200402,1607,0.063636,0.490909,0.586902,0.666667
20200402,1608,0.063636,0.490909,0.586902,0.666667
20200402,1609,0.065909,0.381818,0.604534,0.666667
20200402,1610,0.065909,0.381818,0.604534,0.666667
20200402,1611,0.063636,0.436364,0.607053,0.666667
20200402,1612,0.063636,0.436364,0.607053,0.666667
20200402,1613,0.063636,0.345455,0.596977,0.333333
20200402,1614,0.063636,0.345455,0.596977,0.333333
20200402,1615,0.064773,0.436364,0.581864,0.333333
20200402,1616,0.064773,0.436364,0.581864,0.333333
20200402,1617,0.0625,0.4,0.59194,0.333333
20200402,1618,0.0625,0.4,0.59194,0.666667
20200402,1619,0.063636,0.4,0.59194,1.0
20200402,1620,0.063636,0.4,0.59194,0.333333
20200402,1621,0.064773,0.363636,0.584383,0.666667
20200402,1622,0.064773,0.363636,0.584383,0.333333
20200402,1623,0.063636,0.436364,0.602015,0.666667
20200402,1624,0.063636,0.436364,0.602015,1.0
20200402,1625,0.064773,0.436364,0.604534,0.333333
20200402,1626,0.064773,0.436364,0.604534,0.666667
20200402,1627,0.064773,0.4,0.607053,0.666667
20200402,1628,0.064773,0.4,0.607053,0.666667
20200402,1629,0.0625,0.436364,0.599496,0.666667
20200402,1630,0.0625,0.436364,0.599496,0.666667
20200402,1631,0.063636,0.363636,0.594458,0.666667
20200402,1632,0.063636,0.363636,0.594458,0.666667
20200402,1633,0.063636,0.472727,0.59194,0.333333
20200402,1634,0.063636,0.472727,0.59194,0.666667
20200402,1635,0.0625,0.345455,0.59194,0.666667
20200402,1636,0.0625,0.345455,0.59194,0.333333
20200402,1637,0.0625,0.4,0.602015,0.666667
20200402,1638,0.0625,0.4,0.602015,0.666667
20200402,1639,0.064773,0.436364,0.607053,0.333333
20200402,1640,0.064773,0.436364,0.607053,0.666667
20200402,1641,0.063636,0.454545,0.609572,0.0
20200402,1642,0.063636,0.454545,0.609572,0.333333
20200402,1643,0.064773,0.363636,0.604534,0.666667
20200402,1644,0.064773,0.363636,0.604534,0.666667
20200402,1645,0.063636,0.381818,0.602015,0.666667
20200402,1646,0.063636,0.381818,0.602015,1.0
20200402,1647,0.063636,0.418182,0.581864,0.333333
20200402,1648,0.063636,0.418182,0.581864,0.333333
20200402,1649,0.063636,0.418182,0.59194,0.666667
20200402,1650,0.063636,0.418182,0.59194,0.666667
20200402,1651,0.063636,0.472727,0.596977,0.666667
20200402,1652,0.063636,0.472727,0.596977,0.666667
20200402,1653,0.064773,0.418182,0.604534,0.666667
20200402,1654,0.064773,0.418182,0.604534,0.666667
20200402,1655,0.063636,0.454545,0.604534,0.666667
20200402,1656,0.063636,0.454545,0.604534,0.333333
20200402,1657,0.064773,0.454545,0.604534,0.333333
20200402,1658,0.064773,0.454545,0.604534,0.333333
20200402,1659,0.064773,0.363636,0.596977,0.333333
20200402,1660,0.064773,0.363636,0.596977,0.333333
20200402,1661,0.063636,0.418182,0.584383,0.666667
20200402,1662,0.063636,0.418182,0.584383,1.0
20200402,1663,0.063636,0.363636,0.581864,0.333333
20200402,1664,0.063636,0.363636,0.581864,0.666667
20200402,1665,0.065909,0.381818,0.602015,0.333333
20200402,1666,0.065909,0.381818,0.602015,0.666667
20200402,1667,0.065909,0.418182,0.61461,1.0
20200402,1668,0.065909,0.418182,0.61461,0.333333
20200402,1669,0.064773,0.4,0.612091,0.666667
20200402,1670,0.064773,0.4,0.612091,0.666667
20200402,1671,0.064773,0.454545,0.602015,0.666667
20200402,1672,0.064773,0.454545,0.602015,0.333333
20200402,1673,0.0625,0.418182,0.594458,0.666667
20200402,1674,0.0625,0.418182,0.594458,0.666667
20200402,1675,0.061364,0.363636,0.594458,0.333333
20200402,1676,0.061364,0.363636,0.594458,0.666667
20200402,1677,0.0625,0.418182,0.596977,0.0
20200402,1678,0.0625,0.418182,0.596977,0.333333
20200402,1679,0.0625,0.436364,0.596977,0.666667
20200402,1680,0.0625,0.436364,0.596977,0.666667
20200402,1681,0.065909,0.472727,0.602015,0.666667
20200402,1682,0.065909,0.472727,0.602015,1.0
20200402,1683,0.0625,0.418182,0.599496,0.333333
20200402,1684,0.0625,0.418182,0.599496,0.333333
20200402,1685,0.0625,0.4,0.594458,0.666667
20200402,1686,0.0625,0.4,0.594458,0.666667
20200402,1687,0.063636,0.472727,0.594458,0.666667
20200402,1688,0.063636,0.472727,0.594458,0.666667
20200402,1689,0.063636,0.381818,0.59194,0.666667
20200402,1690,0.063636,0.381818,0.59194,0.666667
20200402,1691,0.063636,0.418182,0.602015,0.666667
20200402,1692,0.063636,0.418182,0.602015,0.333333
20200402,1693,0.063636,0.345455,0.596977,0.333333
20200402,1694,0.063636,0.345455,0.596977,0.333333
20200402,1695,0.063636,0.418182,0.599496,0.333333
20200402,1696,0.063636,0.418182,0.599496,0.333333
20200402,1697,0.064773,0.381818,0.599496,0.666667
20200402,1698,0.064773,0.381818,0.599496,1.0
20200402,1699,0.063636,0.436364,0.594458,0.333333
20200402,1700,0.063636,0.436364,0.594458,0.666667
20200402,1701,0.064773,0.418182,0.59194,0.333333
20200402,1702,0.064773,0.418182,0.59194,0.666667
20200402,1703,0.065909,0.381818,0.59194,1.0
20200402,1704,0.065909,0.381818,0.59194,0.333333
20200402,1705,0.064773,0.454545,0.599496,0.666667
20200402,1706,0.064773,0.454545,0.599496,0.666667
20200402,1707,0.0625,0.436364,0.596977,0.666667
20200402,1708,0.0625,0.436364,0.596977,0.666667
20200402,1709,0.064773,0.418182,0.609572,0.666667
20200402,1710,0.064773,0.418182,0.609572,0.666667
20200402,1711,0.063636,0.345455,0.612091,0.666667
20200402,1712,0.063636,0.345455,0.612091,0.333333
20200402,1713,0.061364,0.381818,0.602015,0.333333
20200402,1714,0.061364,0.381818,0.602015,0.666667
20200402,1715,0.0625,0.418182,0.596977,0.333333
20200402,1716,0.0625,0.418182,0.596977,1.0
20200402,1717,0.063636,0.418182,0.579345,0.666667
20200402,1718,0.063636,0.418182,0.579345,0.666667
20200402,1719,0.0625,0.436364,0.59194,0.666667
20200402,1720,0.0625,0.436364,0.59194,0.666667
20200402,1721,0.063636,0.436364,0.602015,0.666667
20200402,1722,0.063636,0.436364,0.602015,0.666667
20200402,1723,0.064773,0.418182,0.612091,0.666667
20200402,1724,0.064773,0.418182,0.612091,0.666667
20200402,1725,0.063636,0.418182,0.617128,0.666667
20200402,1726,0.063636,0.418182,0.617128,0.333333
20200402,1727,0.063636,0.436364,0.61461,0.333333
20200402,1728,0.063636,0.436364,0.61461,0.666667
20200402,1729,0.059091,0.381818,0.599496,0.333333
20200402,1730,0.059091,0.381818,0.599496,1.0
20200402,1731,0.0625,0.4,0.589421,0.666667
20200402,1732,0.0625,0.4,0.589421,0.666667
20200402,1733,0.0625,0.490909,0.586902,0.666667
20200402,1734,0.0625,0.490909,0.586902,0.666667
20200402,1735,0.060227,0.418182,0.594458,0.666667
20200402,1736,0.060227,0.418182,0.594458,0.333333
20200402,1737,0.063636,0.4,0.609572,0.666667
20200402,1738,0.063636,0.4,0.609572,0.666667
20200402,1739,0.064773,0.381818,0.622166,0.333333
20200402,1740,0.064773,0.381818,0.622166,0.666667
20200402,1741,0.0625,0.436364,0.619647,0.0
20200402,1742,0.0625,0.436364,0.619647,0.333333
20200402,1743,0.063636,0.4,0.609572,0.666667
20200402,1744,0.063636,0.4,0.609572,0.666667
20200402,1745,0.061364,0.472727,0.596977,0.666667
20200402,1746,0.061364,0.472727,0.596977,1.0
20200402,1747,0.060227,0.472727,0.584383,0.333333
20200402,1748,0.060227,0.472727,0.584383,0.333333
20200402,1749,0.0625,0.509091,0.584383,0.666667
20200402,1750,0.0625,0.509091,0.584383,0.666667
20200402,1751,0.061364,0.454545,0.602015,0.666667
20200402,1752,0.061364,0.454545,0.602015,0.666667
20200402,1753,0.065909,0.436364,0.622166,0.666667
20200402,1754,0.065909,0.436364,0.622166,0.666667
20200402,1755,0.0625,0.363636,0.629723,0.666667
20200402,1756,0.0625,0.363636,0.629723,0.333333
20200402,1757,0.0625,0.381818,0.624685,0.333333
20200402,1758,0.0625,0.381818,0.624685,0.333333
20200402,1759,0.060227,0.381818,0.617128,0.333333
20200402,1760,0.060227,0.381818,0.617128,0.333333
20200402,1761,0.060227,0.436364,0.599496,0.666667
20200402,1762,0.060227,0.436364,0.599496,1.0
20200402,1763,0.059091,0.436364,0.589421,0.333333
20200402,1764,0.059091,0.436364,0.589421,0.666667
20200402,1765,0.060227,0.490909,0.586902,0.333333
20200402,1766,0.060227,0.490909,0.586902,0.666667
20200402,1767,0.060227,0.436364,0.596977,1.0
20200402,1768,0.060227,0.436364,0.596977,0.333333
20200402,1769,0.063636,0.418182,0.617128,0.666667
20200402,1770,0.063636,0.418182,0.617128,0.666667
20200402,1771,0.0625,0.381818,0.624685,0.666667
20200402,1772,0.0625,0.381818,0.624685,0.666667
20200402,1773,0.061364,0.363636,0.617128,0.666667
20200402,1774,0.061364,0.363636,0.617128,0.666667
20200402,1775,0.063636,0.4,0.599496,0.666667
20200402,1776,0.063636,0.4,0.599496,0.333333
20200402,1777,0.059091,0.381818,0.586902,0.333333
20200402,1778,0.059091,0.381818,0.586902,0.666667
20200402,1779,0.061364,0.363636,0.571788,0.333333
20200402,1780,0.061364,0.363636,0.571788,1.0
20200402,1781,0.0625,0.436364,0.59194,0.666667
20200402,1782,0.0625,0.436364,0.59194,0.666667
20200402,1783,0.061364,0.363636,0.607053,0.333333
20200402,1784,0.061364,0.363636,0.607053,0.666667
20200402,1785,0.063636,0.4,0.629723,0.666667
20200402,1786,0.063636,0.4,0.629723,0.666667
20200402,1787,0.0625,0.363636,0.634761,0.666667
20200402,1788,0.0625,0.363636,0.634761,0.666667
20200402,1789,0.061364,0.345455,0.622166,0.666667
20200402,1790,0.061364,0.345455,0.622166,0.666667
20200402,1791,0.0625,0.381818,0.604534,0.333333
20200402,1792,0.0625,0.381818,0.604534,0.333333
20200402,1793,0.059091,0.381818,0.594458,0.333333
20200402,1794,0.059091,0.381818,0.594458,0.333333
20200402,1795,0.061364,0.418182,0.584383,0.333333
20200402,1796,0.061364,0.418182,0.584383,0.666667
20200402,1797,0.063636,0.381818,0.596977,1.0
20200402,1798,0.063636,0.381818,0.596977,0.333333
20200402,1799,0.0625,0.4,0.602015,0.666667
20200402,1800,0.0625,0.4,0.602015,0.333333
20200402,1801,0.063636,0.4,0.61461,0.666667
20200402,1802,0.063636,0.4,0.61461,1.0
20200402,1803,0.064773,0.345455,0.61461,0.333333
20200402,1804,0.064773,0.345455,0.61461,0.666667
20200402,1805,0.0625,0.363636,0.604534,0.666667
20200402,1806,0.0625,0.363636,0.596977,0.666667
20200402,1807,0.0625,0.363636,0.596977,0.333333
20200402,1808,0.061364,0.363636,0.589421,0.666667
20200402,1809,0.061364,0.363636,0.589421,0.666667
20200402,1810,0.0625,0.454545,0.59194,0.333333
20200402,1811,0.0625,0.454545,0.59194,0.666667
20200402,1812,0.0625,0.418182,0.604534,0.0
20200402,1813,0.0625,0.418182,0.604534,0.333333
20200402,1814,0.063636,0.436364,0.617128,0.666667
20200402,1815,0.063636,0.436364,0.617128,0.666667
20200402,1816,0.063636,0.381818,0.619647,0.666667
20200402,1817,0.063636,0.381818,0.619647,1.0
20200402,1818,0.064773,0.381818,0.612091,0.333333
20200402,1819,0.064773,0.381818,0.612091,0.333333
20200402,1820,0.061364,0.381818,0.599496,0.666667
20200402,1821,0.061364,0.381818,0.599496,0.666667
20200402,1822,0.061364,0.4,0.594458,0.666667
20200402,1823,0.061364,0.4,0.594458,0.666667
20200402,1824,0.064773,0.436364,0.594458,0.666667
20200402,1825,0.064773,0.436364,0.594458,0.666667
20200402,1826,0.061364,0.454545,0.59194,0.666667
20200402,1827,0.061364,0.454545,0.59194,0.333333
20200402,1828,0.063636,0.4,0.604534,0.333333
20200402,1829,0.063636,0.4,0.604534,0.333333
20200402,1830,0.063636,0.418182,0.612091,0.333333
20200402,1831,0.063636,0.418182,0.612091,0.333333
20200402,1832,0.0625,0.4,0.61461,0.666667
20200402,1833,0.0625,0.4,0.61461,1.0
20200402,1834,0.0625,0.454545,0.607053,0.333333
20200402,1835,0.0625,0.454545,0.607053,0.666667
20200402,1836,0.061364,0.418182,0.599496,0.333333
20200402,1837,0.061364,0.418182,0.599496,0.666667
20200402,1838,0.061364,0.381818,0.576826,1.0
20200402,1839,0.061364,0.381818,0.576826,0.333333
20200402,1840,0.061364,0.472727,0.594458,0.666667
20200402,1841,0.061364,0.472727,0.594458,0.666667
20200402,1842,0.0625,0.363636,0.594458,0.666667
20200402,1843,0.0625,0.363636,0.594458,0.666667
20200402,1844,0.0625,0.454545,0.612091,0.666667
20200402,1845,0.0625,0.454545,0.612091,0.666667
20200402,1846,0.065909,0.436364,0.629723,0.666667
20200402,1847,0.065909,0.436364,0.629723,0.333333
20200402,1848,0.0625,0.381818,0.624685,0.333333
20200402,1849,0.0625,0.381818,0.624685,0.666667
20200402,1850,0.061364,0.4,0.602015,0.333333
20200402,1851,0.061364,0.4,0.602015,1.0
20200402,1852,0.064773,0.4,0.602015,0.666667
20200402,1853,0.064773,0.4,0.602015,0.666667
20200402,1854,0.060227,0.4,0.594458,0.666667
20200402,1855,0.060227,0.4,0.594458,0.666667
20200402,1856,0.063636,0.454545,0.589421,0.666667
20200402,1857,0.063636,0.454545,0.589421,0.666667
20200402,1858,0.063636,0.436364,0.586902,0.666667
20200402,1859,0.063636,0.436364,0.586902,0.666667
20200402,1860,0.064773,0.472727,0.602015,0.666667
20200402,1861,0.064773,0.472727,0.602015,0.333333
20200402,1862,0.063636,0.454545,0.617128,0.333333
20200402,1863,0.063636,0.454545,0.617128,0.666667
20200402,1864,0.064773,0.454545,0.617128,0.333333
20200402,1865,0.064773,0.454545,0.617128,1.0
20200402,1866,0.0625,0.309091,0.624685,0.666667
20200402,1867,0.0625,0.309091,0.624685,0.666667
20200402,1868,0.0625,0.363636,0.61461,0.666667
20200402,1869,0.0625,0.363636,0.61461,0.666667
20200402,1870,0.059091,0.4,0.599496,0.666667
20200402,1871,0.059091,0.4,0.599496,0.333333
20200402,1872,0.060227,0.418182,0.589421,0.666667
20200402,1873,0.060227,0.418182,0.589421,0.666667
20200402,1874,0.063636,0.418182,0.602015,0.333333
20200402,1875,0.063636,0.418182,0.602015,0.666667
20200402,1876,0.060227,0.363636,0.599496,0.0
20200402,1877,0.060227,0.363636,0.599496,0.333333
20200402,1878,0.063636,0.436364,0.602015,0.666667
20200402,1879,0.063636,0.436364,0.602015,0.666667
20200402,1880,0.063636,0.418182,0.599496,0.666667
20200402,1881,0.063636,0.418182,0.599496,1.0
20200402,1882,0.061364,0.363636,0.602015,0.333333
20200402,1883,0.061364,0.363636,0.602015,0.333333
20200402,1884,0.063636,0.436364,0.594458,0.666667
20200402,1885,0.063636,0.436364,0.594458,0.666667
20200402,1886,0.064773,0.4,0.59194,0.666667
20200402,1887,0.064773,0.4,0.59194,0.666667
20200402,1888,0.0625,0.418182,0.594458,0.666667
20200402,1889,0.0625,0.418182,0.594458,0.666667
20200402,1890,0.063636,0.381818,0.604534,0.666667
20200402,1891,0.063636,0.381818,0.604534,0.333333
20200402,1892,0.064773,0.381818,0.607053,0.333333
20200402,1893,0.064773,0.381818,0.607053,0.666667
20200402,1894,0.0625,0.454545,0.604534,0.666667
20200402,1895,0.0625,0.454545,0.604534,0.333333
20200402,1896,0.064773,0.4,0.596977,0.666667
20200402,1897,0.064773,0.4,0.596977,0.666667
20200402,1898,0.0625,0.454545,0.589421,0.333333
20200402,1899,0.0625,0.454545,0.589421,0.666667
20200402,1900,0.0625,0.381818,0.586902,0.0
20200402,1901,0.0625,0.381818,0.586902,0.333333
20200402,1902,0.064773,0.472727,0.596977,0.666667
20200402,1903,0.064773,0.472727,0.596977,0.666667
20200402,1904,0.061364,0.418182,0.612091,0.666667
20200402,1905,0.061364,0.418182,0.612091,1.0
20200402,1906,0.063636,0.381818,0.612091,0.333333
20200402,1907,0.063636,0.381818,0.612091,0.333333
20200402,1908,0.063636,0.381818,0.61461,0.666667
20200402,1909,0.063636,0.381818,0.61461,0.666667
20200402,1910,0.063636,0.4,0.604534,0.666667
20200402,1911,0.063636,0.4,0.604534,0.666667
20200402,1912,0.061364,0.418182,0.599496,0.666667
20200402,1913,0.061364,0.418182,0.599496,0.666667
20200402,1914,0.061364,0.418182,0.579345,0.666667
20200402,1915,0.061364,0.418182,0.579345,0.333333
20200402,1916,0.059091,0.454545,0.59194,0.333333
20200402,1917,0.059091,0.454545,0.59194,0.333333
20200402,1918,0.064773,0.418182,0.59194,0.333333
20200402,1919,0.064773,0.418182,0.59194,0.333333
20200402,1920,0.063636,0.454545,0.602015,0.666667
20200402,1921,0.063636,0.454545,0.602015,1.0
20200402,1922,0.0625,0.4,0.622166,0.333333
20200402,1923,0.0625,0.4,0.622166,0.666667
20200402,1924,0.064773,0.381818,0.622166,0.333333
20200402,1925,0.064773,0.381818,0.622166,0.666667
20200402,1926,0.060227,0.381818,0.617128,1.0
20200402,1927,0.060227,0.381818,0.617128,0.333333
20200402,1928,0.0625,0.345455,0.599496,0.666667
20200402,1929,0.0625,0.345455,0.599496,0.666667
20200402,1930,0.061364,0.381818,0.589421,0.666667
20200402,1931,0.061364,0.381818,0.589421,0.333333
20200402,1932,0.0625,0.490909,0.584383,0.666667
20200402,1933,0.0625,0.490909,0.584383,0.666667
20200402,1934,0.0625,0.527273,0.594458,0.333333
20200402,1935,0.0625,0.527273,0.594458,0.666667
20200402,1936,0.061364,0.4,0.602015,0.0
20200402,1937,0.061364,0.4,0.602015,0.333333
20200402,1938,0.063636,0.381818,0.629723,0.666667
20200402,1939,0.063636,0.381818,0.629723,0.666667
20200402,1940,0.064773,0.345455,0.632242,0.666667
20200402,1941,0.064773,0.345455,0.632242,1.0
20200402,1942,0.061364,0.418182,0.624685,0.333333
20200402,1943,0.061364,0.418182,0.624685,0.333333
20200402,1944,0.060227,0.472727,0.607053,0.666667
20200402,1945,0.060227,0.472727,0.607053,0.666667
20200402,1946,0.060227,0.454545,0.594458,0.666667
20200402,1947,0.060227,0.454545,0.594458,0.666667
20200402,1948,0.057955,0.436364,0.586902,0.666667
20200402,1949,0.057955,0.436364,0.586902,0.666667
20200402,1950,0.060227,0.418182,0.581864,0.666667
20200402,1951,0.060227,0.418182,0.581864,0.333333
20200402,1952,0.063636,0.381818,0.599496,0.333333
20200402,1953,0.063636,0.381818,0.599496,0.333333
20200402,1954,0.063636,0.418182,0.612091,0.333333
20200402,1955,0.063636,0.418182,0.612091,0.333333
20200402,1956,0.063636,0.345455,0.624685,0.666667
20200402,1957,0.063636,0.345455,0.624685,1.0
20200402,1958,0.061364,0.418182,0.624685,0.333333
20200402,1959,0.061364,0.418182,0.624685,0.666667
20200402,1960,0.064773,0.418182,0.609572,0.333333
20200402,1961,0.064773,0.418182,0.609572,0.666667
20200402,1962,0.059091,0.436364,0.602015,1.0
20200402,1963,0.059091,0.436364,0.602015,0.333333
20200402,1964,0.061364,0.418182,0.596977,0.666667
20200402,1965,0.061364,0.418182,0.596977,0.666667
20200402,1966,0.061364,0.472727,0.586902,0.666667
20200402,1967,0.061364,0.472727,0.586902,0.666667
20200402,1968,0.060227,0.418182,0.602015,0.666667
20200402,1969,0.060227,0.418182,0.602015,0.666667
20200402,1970,0.0625,0.4,0.602015,0.666667
20200402,1971,0.0625,0.4,0.602015,0.333333
20200402,1972,0.061364,0.436364,0.612091,0.333333
20200402,1973,0.061364,0.436364,0.612091,0.666667
20200402,1974,0.061364,0.363636,0.619647,0.333333
20200402,1975,0.061364,0.363636,0.619647,1.0
20200402,1976,0.0625,0.418182,0.604534,0.666667
20200402,1977,0.0625,0.418182,0.604534,0.666667
20200402,1978,0.063636,0.509091,0.599496,0.666667
20200402,1979,0.063636,0.509091,0.599496,0.666667
20200402,1980,0.059091,0.418182,0.589421,0.666667
20200402,1981,0.059091,0.418182,0.589421,0.666667
20200402,1982,0.063636,0.490909,0.586902,0.666667
20200402,1983,0.063636,0.490909,0.586902,0.666667
20200402,1984,0.059091,0.4,0.594458,0.666667
20200402,1985,0.059091,0.4,0.594458,0.333333
20200402,1986,0.060227,0.4,0.604534,0.333333
20200402,1987,0.060227,0.4,0.604534,0.666667
20200402,1988,0.061364,0.472727,0.604534,0.333333
20200402,1989,0.061364,0.472727,0.604534,1.0
20200402,1990,0.0625,0.472727,0.599496,0.666667
20200402,1991,0.0625,0.472727,0.599496,0.666667
20200402,1992,0.061364,0.509091,0.596977,0.666667
20200402,1993,0.061364,0.509091,0.596977,0.666667
20200402,1994,0.063636,0.472727,0.594458,0.666667
20200402,1995,0.063636,0.472727,0.594458,0.333333
20200402,1996,0.060227,0.454545,0.59194,0.666667
20200402,1997,0.060227,0.454545,0.59194,0.666667
20200402,1998,0.061364,0.363636,0.599496,0.333333
20200402,1999,0.061364,0.363636,0.599496,0.666667
20200402,2000,0.0625,0.472727,0.599496,0.0
20200403,1,0.0625,0.472727,0.599496,0.333333
20200403,2,0.060227,0.418182,0.599496,0.666667
20200403,3,0.060227,0.418182,0.599496,0.666667
20200403,4,0.063636,0.436364,0.602015,0.666667
20200403,5,0.063636,0.436364,0.602015,1.0
20200403,6,0.061364,0.4,0.59194,0.333333
20200403,7,0.061364,0.4,0.59194,0.333333
20200403,8,0.0625,0.381818,0.589421,0.666667
20200403,9,0.0625,0.381818,0.589421,0.666667
20200403,10,0.060227,0.436364,0.59194,0.333333
20200403,11,0.060227,0.436364,0.59194,0.666667
20200403,12,0.060227,0.418182,0.589421,0.666667
20200403,13,0.060227,0.418182,0.589421,0.333333
20200403,14,0.0625,0.381818,0.607053,0.666667
20200403,15,0.0625,0.381818,0.607053,0.0
20200403,16,0.063636,0.363636,0.612091,0.333333
20200403,17,0.063636,0.363636,0.612091,0.666667
20200403,18,0.064773,0.436364,0.617128,0.666667
20200403,19,0.064773,0.436364,0.617128,0.666667
20200403,20,0.063636,0.418182,0.612091,1.0
20200403,21,0.063636,0.418182,0.612091,0.333333
20200403,22,0.059091,0.490909,0.602015,0.333333
20200403,23,0.059091,0.490909,0.602015,0.666667
20200403,24,0.059091,0.454545,0.59194,0.666667
20200403,25,0.059091,0.454545,0.59194,0.666667
20200403,26,0.0625,0.381818,0.589421,0.666667
20200403,27,0.0625,0.381818,0.589421,0.666667
20200403,28,0.060227,0.418182,0.586902,0.666667
20200403,29,0.060227,0.418182,0.586902,0.666667
20200403,30,0.060227,0.363636,0.594458,0.333333
20200403,31,0.060227,0.363636,0.594458,0.333333
20200403,32,0.060227,0.436364,0.602015,0.333333
20200403,33,0.060227,0.436364,0.602015,0.333333
20200403,34,0.064773,0.345455,0.596977,0.333333
20200403,35,0.064773,0.345455,0.596977,0.666667
20200403,36,0.061364,0.4,0.581864,1.0
20200403,37,0.061364,0.4,0.581864,0.333333
20200403,38,0.061364,0.4,0.594458,0.666667
20200403,39,0.061364,0.4,0.594458,0.333333
20200403,40,0.063636,0.418182,0.596977,0.666667
20200403,41,0.063636,0.418182,0.596977,1.0
20200403,42,0.063636,0.363636,0.596977,0.333333
20200403,43,0.063636,0.363636,0.596977,0.666667
20200403,44,0.061364,0.4,0.599496,0.666667
20200403,45,0.061364,0.4,0.599496,0.666667
20200403,46,0.063636,0.381818,0.602015,0.333333
20200403,47,0.063636,0.381818,0.602015,0.666667
20200403,48,0.0625,0.381818,0.599496,0.666667
20200403,49,0.0625,0.381818,0.599496,0.333333
20200403,50,0.061364,0.381818,0.596977,0.666667
20200403,51,0.061364,0.381818,0.596977,0.0
20200403,52,0.061364,0.436364,0.581864,0.333333
20200403,53,0.061364,0.436364,0.581864,0.666667
20200403,54,0.064773,0.418182,0.59194,0.666667
20200403,55,0.064773,0.418182,0.59194,0.666667
20200403,56,0.0625,0.4,0.59194,1.0
20200403,57,0.0625,0.4,0.59194,0.333333
20200403,58,0.063636,0.4,0.596977,0.333333
20200403,59,0.063636,0.4,0.596977,0.666667
20200403,60,0.061364,0.381818,0.599496,0.666667
20200403,61,0.061364,0.381818,0.599496,0.666667
20200403,62,0.063636,0.418182,0.594458,0.666667
20200403,63,0.063636,0.418182,0.594458,0.666667
20200403,64,0.0625,0.436364,0.596977,0.666667
20200403,65,0.0625,0.436364,0.596977,0.666667
20200403,66,0.063636,0.363636,0.599496,0.333333
20200403,67,0.063636,0.363636,0.599496,0.333333
20200403,68,0.063636,0.4,0.596977,0.333333
20200403,69,0.063636,0.4,0.596977,0.333333
20200403,70,0.061364,0.436364,0.594458,0.333333
20200403,71,0.061364,0.436364,0.594458,0.666667
20200403,72,0.059091,0.454545,0.579345,1.0
20200403,73,0.059091,0.454545,0.579345,0.333333
20200403,74,0.061364,0.4,0.584383,0.666667
20200403,75,0.061364,0.4,0.584383,0.333333
20200403,76,0.063636,0.381818,0.599496,0.666667
20200403,77,0.063636,0.381818,0.599496,1.0
20200403,78,0.063636,0.418182,0.607053,0.333333
20200403,79,0.063636,0.418182,0.607053,0.666667
20200403,80,0.0625,0.418182,0.612091,0.666667
20200403,81,0.0625,0.418182,0.612091,0.666667
20200403,82,0.061364,0.490909,0.609572,0.666667
20200403,83,0.061364,0.490909,0.609572,0.666667
20200403,84,0.0625,0.4,0.599496,0.666667
20200403,85,0.0625,0.4,0.599496,0.666667
20200403,86,0.059091,0.472727,0.59194,0.333333
20200403,87,0.059091,0.472727,0.59194,0.333333
20200403,88,0.059091,0.436364,0.589421,0.666667
20200403,89,0.059091,0.436364,0.589421,0.333333
20200403,90,0.063636,0.4,0.594458,1.0
20200403,91,0.063636,0.4,0.594458,0.666667
20200403,92,0.060227,0.381818,0.599496,0.666667
20200403,93,0.060227,0.381818,0.599496,0.666667
20200403,94,0.0625,0.381818,0.619647,0.666667
20200403,95,0.0625,0.381818,0.619647,0.666667
20200403,96,0.063636,0.363636,0.617128,0.666667
20200403,97,0.063636,0.363636,0.617128,0.666667
20200403,98,0.060227,0.345455,0.612091,0.666667
20200403,99,0.060227,0.345455,0.612091,0.666667
20200403,100,0.0625,0.381818,0.596977,0.333333
20200403,101,0.0625,0.381818,0.596977,0.333333
20200403,102,0.059091,0.381818,0.589421,0.666667
20200403,103,0.059091,0.381818,0.589421,0.333333
20200403,104,0.061364,0.4,0.594458,0.666667
20200403,105,0.061364,0.4,0.594458,0.666667
20200403,106,0.0625,0.345455,0.594458,0.333333
20200403,107,0.0625,0.345455,0.594458,0.666667
20200403,108,0.0625,0.381818,0.589421,0.666667
20200403,109,0.0625,0.381818,0.589421,0.333333
20200403,110,0.063636,0.363636,0.609572,0.666667
20200403,111,0.063636,0.363636,0.609572,0.0
20200403,112,0.064773,0.345455,0.612091,0.333333
20200403,113,0.064773,0.345455,0.612091,0.666667
20200403,114,0.060227,0.381818,0.607053,0.666667
20200403,115,0.060227,0.381818,0.607053,0.666667
20200403,116,0.061364,0.4,0.596977,1.0
20200403,117,0.061364,0.4,0.596977,0.333333
20200403,118,0.0625,0.4,0.594458,0.333333
20200403,119,0.0625,0.4,0.594458,0.666667
20200403,120,0.061364,0.381818,0.581864,0.666667
20200403,121,0.061364,0.381818,0.581864,0.666667
20200403,122,0.0625,0.4,0.584383,0.666667
20200403,123,0.0625,0.4,0.584383,0.666667
20200403,124,0.063636,0.454545,0.607053,0.666667
20200403,125,0.063636,0.454545,0.607053,0.666667
20200403,126,0.061364,0.4,0.609572,0.333333
20200403,127,0.061364,0.4,0.609572,0.333333
20200403,128,0.061364,0.381818,0.602015,0.333333
20200403,129,0.061364,0.381818,0.602015,0.333333
20200403,130,0.061364,0.418182,0.59194,0.333333
20200403,131,0.061364,0.418182,0.59194,0.666667
20200403,132,0.061364,0.436364,0.59194,1.0
20200403,133,0.061364,0.436364,0.59194,0.333333
20200403,134,0.0625,0.472727,0.574307,0.666667
20200403,135,0.0625,0.472727,0.574307,0.333333
20200403,136,0.0625,0.418182,0.59194,0.666667
20200403,137,0.0625,0.418182,0.59194,1.0
20200403,138,0.0625,0.563636,0.602015,0.333333
20200403,139,0.0625,0.563636,0.602015,0.666667
20200403,140,0.063636,0.509091,0.61461,0.666667
20200403,141,0.063636,0.509091,0.61461,0.666667
20200403,142,0.064773,0.509091,0.612091,0.333333
20200403,143,0.064773,0.509091,0.612091,0.666667
20200403,144,0.064773,0.509091,0.609572,0.666667
20200403,145,0.064773,0.509091,0.609572,0.333333
20200403,146,0.064773,0.527273,0.599496,0.666667
20200403,147,0.064773,0.527273,0.599496,0.0
20200403,148,0.063636,0.509091,0.594458,0.333333
20200403,149,0.063636,0.509091,0.594458,0.666667
20200403,150,0.064773,0.472727,0.571788,0.666667
20200403,151,0.064773,0.472727,0.571788,0.666667
20200403,152,0.063636,0.527273,0.594458,1.0
20200403,153,0.063636,0.527273,0.594458,0.333333
20200403,154,0.064773,0.581818,0.612091,0.333333
20200403,155,0.064773,0.581818,0.612091,0.666667
20200403,156,0.064773,0.563636,0.617128,0.666667
20200403,157,0.064773,0.563636,0.617128,0.666667
20200403,158,0.063636,0.527273,0.617128,0.666667
20200403,159,0.063636,0.527273,0.617128,0.666667
20200403,160,0.063636,0.527273,0.607053,0.666667
20200403,161,0.063636,0.527273,0.607053,0.666667
20200403,162,0.064773,0.6,0.584383,0.333333
20200403,163,0.064773,0.6,0.584383,0.333333
20200403,164,0.063636,0.581818,0.584383,0.333333
20200403,165,0.063636,0.581818,0.584383,0.333333
20200403,166,0.0625,0.545455,0.589421,0.333333
20200403,167,0.0625,0.545455,0.589421,0.666667
20200403,168,0.0625,0.563636,0.596977,1.0
20200403,169,0.0625,0.563636,0.596977,0.333333
20200403,170,0.064773,0.6,0.604534,0.666667
20200403,171,0.064773,0.6,0.604534,0.333333
20200403,172,0.067045,0.563636,0.602015,0.666667
20200403,173,0.067045,0.563636,0.602015,1.0
20200403,174,0.065909,0.545455,0.599496,0.333333
20200403,175,0.065909,0.545455,0.599496,0.666667
20200403,176,0.063636,0.6,0.589421,0.666667
20200403,177,0.063636,0.6,0.589421,0.666667
20200403,178,0.064773,0.654545,0.59194,0.666667
20200403,179,0.064773,0.654545,0.59194,0.666667
20200403,180,0.063636,0.818182,0.594458,0.666667
20200403,181,0.063636,0.818182,0.594458,0.666667
20200403,182,0.065909,0.763636,0.607053,0.333333
20200403,183,0.065909,0.763636,0.607053,0.333333
20200403,184,0.068182,0.709091,0.627204,0.666667
20200403,185,0.068182,0.709091,0.627204,0.333333
20200403,186,0.068182,0.745455,0.619647,1.0
20200403,187,0.068182,0.745455,0.619647,0.666667
20200403,188,0.069318,0.854545,0.612091,0.666667
20200403,189,0.069318,0.854545,0.612091,0.666667
20200403,190,0.064773,1.0,0.59194,0.666667
20200403,191,0.064773,1.0,0.59194,0.666667
20200403,192,0.067045,0.745455,0.586902,0.666667
20200403,193,0.067045,0.745455,0.586902,0.666667
20200403,194,0.070455,0.763636,0.594458,0.666667
20200403,195,0.070455,0.763636,0.594458,0.666667
20200403,196,0.067045,0.672727,0.599496,0.333333
20200403,197,0.067045,0.672727,0.599496,0.333333
20200403,198,0.069318,0.781818,0.609572,0.666667
20200403,199,0.069318,0.781818,0.609572,0.333333
20200403,200,0.068182,0.4,0.604534,1.0
20200403,201,0.068182,0.4,0.604534,0.666667
20200403,202,0.067045,0.381818,0.596977,0.666667
20200403,203,0.067045,0.381818,0.596977,0.666667
20200403,204,0.068182,0.418182,0.589421,0.666667
20200403,205,0.068182,0.418182,0.589421,0.666667
20200403,206,0.064773,0.436364,0.59194,0.333333
20200403,207,0.064773,0.436364,0.59194,0.666667
20200403,208,0.064773,0.472727,0.602015,0.666667
20200403,209,0.064773,0.472727,0.602015,0.333333
20200403,210,0.065909,0.418182,0.612091,0.666667
20200403,211,0.065909,0.418182,0.612091,0.0
20200403,212,0.069318,0.563636,0.612091,0.333333
20200403,213,0.069318,0.563636,0.612091,0.666667
20200403,214,0.068182,0.509091,0.594458,0.666667
20200403,215,0.068182,0.509091,0.594458,0.666667
20200403,216,0.075,0.509091,0.586902,1.0
20200403,217,0.075,0.509091,0.586902,0.333333
20200403,218,0.067045,0.509091,0.59194,0.333333
20200403,219,0.067045,0.509091,0.59194,0.666667
20200403,220,0.064773,0.527273,0.599496,0.666667
20200403,221,0.064773,0.527273,0.599496,0.666667
20200403,222,0.065909,0.509091,0.61461,0.666667
20200403,223,0.065909,0.509091,0.61461,0.666667
20200403,224,0.067045,0.472727,0.624685,0.666667
20200403,225,0.067045,0.472727,0.624685,0.666667
20200403,226,0.065909,0.527273,0.617128,0.333333
20200403,227,0.065909,0.527273,0.617128,0.333333
20200403,228,0.067045,0.581818,0.612091,0.333333
20200403,229,0.067045,0.581818,0.612091,0.333333
20200403,230,0.063636,0.563636,0.596977,0.333333
20200403,231,0.063636,0.563636,0.596977,0.666667
20200403,232,0.067045,0.527273,0.586902,1.0
20200403,233,0.067045,0.527273,0.586902,0.333333
20200403,234,0.064773,0.527273,0.59194,0.666667
20200403,235,0.064773,0.527273,0.59194,0.333333
20200403,236,0.064773,0.6,0.599496,0.666667
20200403,237,0.064773,0.6,0.599496,1.0
20200403,238,0.067045,0.581818,0.612091,0.333333
20200403,239,0.067045,0.581818,0.612091,0.666667
20200403,240,0.067045,0.545455,0.619647,0.666667
20200403,241,0.067045,0.545455,0.619647,0.333333
20200403,242,0.067045,0.563636,0.617128,0.666667
20200403,243,0.067045,0.563636,0.617128,0.666667
20200403,244,0.064773,0.6,0.612091,0.333333
20200403,245,0.064773,0.6,0.612091,0.666667
20200403,246,0.065909,0.563636,0.59194,0.0
20200403,247,0.065909,0.563636,0.59194,0.333333
20200403,248,0.072727,0.545455,0.589421,0.666667
20200403,249,0.072727,0.545455,0.589421,0.666667
20200403,250,0.064773,0.6,0.604534,0.666667
20200403,251,0.064773,0.6,0.604534,1.0
20200403,252,0.069318,0.654545,0.612091,0.333333
20200403,253,0.069318,0.654545,0.612091,0.333333
20200403,254,0.071591,0.818182,0.609572,0.666667
20200403,255,0.071591,0.818182,0.609572,0.666667
20200403,256,0.068182,0.763636,0.59194,0.666667
20200403,257,0.068182,0.763636,0.59194,0.666667
20200403,258,0.071591,0.709091,0.589421,0.666667
20200403,259,0.071591,0.709091,0.589421,0.666667
20200403,260,0.061364,0.745455,0.576826,0.666667
20200403,261,0.061364,0.745455,0.576826,0.333333
20200403,262,0.061364,0.854545,0.594458,0.333333
20200403,263,0.061364,0.854545,0.594458,0.333333
20200403,264,0.0625,1.0,0.596977,0.333333
20200403,265,0.0625,1.0,0.596977,0.333333
20200403,266,0.063636,0.745455,0.604534,0.666667
20200403,267,0.063636,0.745455,0.604534,1.0
20200403,268,0.063636,0.763636,0.609572,0.333333
20200403,269,0.063636,0.763636,0.609572,0.666667
20200403,270,0.060227,0.672727,0.604534,0.333333
20200403,271,0.060227,0.672727,0.604534,0.666667
20200403,272,0.064773,0.781818,0.602015,1.0
20200403,273,0.064773,0.781818,0.602015,0.333333
20200403,274,0.063636,0.4,0.594458,0.666667
20200403,275,0.063636,0.381818,0.594458,0.666667
20200403,276,0.069318,0.381818,0.59194,0.666667
20200403,277,0.069318,0.381818,0.59194,0.333333
20200403,278,0.069318,0.381818,0.602015,0.666667
20200403,279,0.069318,0.363636,0.602015,0.666667
20200403,280,0.0,0.363636,0.599496,0.333333
20200403,281,0.0,0.345455,0.599496,0.666667
20200403,282,0.053409,0.345455,0.56927,0.0
20200403,283,0.053409,0.381818,0.56927,0.333333
20200403,284,0.069318,0.381818,0.596977,0.666667
20200403,285,0.069318,0.381818,0.596977,0.666667
20200403,286,0.084091,0.381818,0.61461,0.666667
20200403,287,0.084091,0.4,0.61461,1.0
20200403,288,0.075,0.4,0.624685,0.333333
20200403,289,0.075,0.345455,0.624685,0.333333
20200403,290,0.078409,0.345455,0.629723,0.666667
20200403,291,0.078409,0.381818,0.629723,0.666667
20200403,292,0.081818,0.381818,0.612091,0.666667
20200403,293,0.081818,0.363636,0.612091,0.666667
20200403,294,0.080682,0.363636,0.602015,0.666667
20200403,295,0.080682,0.345455,0.602015,0.666667
20200403,296,0.081818,0.345455,0.589421,0.666667
20200403,297,0.081818,0.381818,0.589421,0.333333
20200403,298,0.080682,0.381818,0.586902,0.333333
20200403,299,0.080682,0.4,0.586902,0.333333
20200403,300,0.081818,0.4,0.599496,0.333333
20200403,301,0.081818,0.4,0.599496,0.333333
20200403,302,0.094318,0.4,0.61461,0.666667
20200403,303,0.094318,0.381818,0.61461,1.0
20200403,304,0.084091,0.381818,0.61461,0.333333
20200403,305,0.084091,0.4,0.61461,0.666667
20200403,306,0.084091,0.4,0.599496,0.333333
20200403,307,0.084091,0.454545,0.599496,0.666667
20200403,308,0.092045,0.454545,0.589421,1.0
20200403,309,0.092045,0.4,0.589421,0.333333
20200403,310,0.079545,0.4,0.59194,0.666667
20200403,311,0.079545,0.381818,0.59194,0.666667
20200403,312,0.081818,0.381818,0.599496,0.666667
20200403,313,0.081818,0.418182,0.599496,0.666667
20200403,314,0.081818,0.418182,0.596977,0.666667
20200403,315,0.081818,0.436364,0.596977,0.666667
20200403,316,0.085227,0.436364,0.599496,0.666667
20200403,317,0.085227,0.472727,0.599496,0.333333
20200403,318,0.082955,0.472727,0.596977,0.333333
20200403,319,0.082955,0.418182,0.596977,0.666667
20200403,320,0.082955,0.418182,0.589421,0.333333
20200403,321,0.082955,0.563636,0.589421,1.0
20200403,322,0.081818,0.563636,0.586902,0.666667
20200403,323,0.081818,0.509091,0.586902,0.666667
20200403,324,0.080682,0.509091,0.59194,0.666667
20200403,325,0.080682,0.509091,0.59194,0.666667
20200403,326,0.079545,0.509091,0.607053,0.666667
20200403,327,0.079545,0.509091,0.607053,0.666667
20200403,328,0.077273,0.509091,0.617128,0.666667
20200403,329,0.077273,0.527273,0.617128,0.666667
20200403,330,0.078409,0.527273,0.617128,0.666667
20200403,331,0.078409,0.509091,0.617128,0.333333
20200403,332,0.075,0.509091,0.607053,0.333333
20200403,333,0.075,0.472727,0.607053,0.666667
20200403,334,0.073864,0.472727,0.607053,0.333333
20200403,335,0.073864,0.527273,0.607053,1.0
20200403,336,0.075,0.527273,0.594458,0.666667
20200403,337,0.075,0.581818,0.594458,0.666667
20200403,338,0.073864,0.581818,0.586902,0.666667
20200403,339,0.073864,0.563636,0.586902,0.666667
20200403,340,0.072727,0.563636,0.584383,0.666667
20200403,341,0.072727,0.527273,0.584383,0.333333
20200403,342,0.076136,0.527273,0.594458,0.666667
20200403,343,0.076136,0.527273,0.594458,0.666667
20200403,344,0.075,0.527273,0.61461,0.333333
20200403,345,0.075,0.6,0.61461,0.666667
20200403,346,0.075,0.6,0.627204,0.0
20200403,347,0.075,0.581818,0.627204,0.333333
20200403,348,0.084091,0.581818,0.604534,0.666667
20200403,349,0.084091,0.545455,0.604534,0.666667
20200403,350,0.082955,0.545455,0.59194,0.666667
20200403,351,0.082955,0.563636,0.59194,1.0
20200403,352,0.084091,0.563636,0.59194,0.333333
20200403,353,0.084091,0.6,0.59194,0.333333
20200403,354,0.086364,0.6,0.59194,0.666667
20200403,355,0.086364,0.563636,0.59194,0.666667
20200403,356,0.082955,0.563636,0.596977,0.666667
20200403,357,0.082955,0.545455,0.596977,0.666667
20200403,358,0.085227,0.545455,0.604534,0.333333
20200403,359,0.085227,0.6,0.604534,0.666667
20200403,360,0.082955,0.6,0.617128,0.666667
20200403,361,0.082955,0.654545,0.617128,0.333333
20200403,362,0.0875,0.654545,0.61461,0.666667
20200403,363,0.0875,0.818182,0.61461,0.0
20200403,364,0.086364,0.818182,0.607053,0.333333
20200403,365,0.086364,0.763636,0.607053,0.666667
20200403,366,0.081818,0.763636,0.602015,0.666667
20200403,367,0.081818,0.709091,0.602015,0.666667
20200403,368,0.081818,0.709091,0.594458,1.0
20200403,369,0.081818,0.745455,0.594458,0.333333
20200403,370,0.081818,0.745455,0.589421,0.333333
20200403,371,0.081818,0.854545,0.589421,0.666667
20200403,372,0.086364,0.854545,0.586902,0.666667
20200403,373,0.086364,1.0,0.586902,0.666667
20200403,374,0.085227,1.0,0.602015,0.666667
20200403,375,0.085227,0.745455,0.602015,0.666667
20200403,376,0.085227,0.745455,0.609572,0.666667
20200403,377,0.085227,0.763636,0.609572,0.666667
20200403,378,0.084091,0.763636,0.617128,0.333333
20200403,379,0.084091,0.672727,0.617128,0.333333
20200403,380,0.0875,0.672727,0.602015,0.333333
20200403,381,0.0875,0.781818,0.602015,0.333333
20200403,382,0.079545,0.781818,0.584383,0.333333
20200403,383,0.079545,0.4,0.584383,0.666667
20200403,384,0.085227,0.4,0.599496,1.0
20200403,385,0.085227,0.381818,0.599496,0.333333
20200403,386,0.084091,0.381818,0.589421,0.666667
20200403,387,0.084091,0.363636,0.589421,0.333333
20200403,388,0.084091,0.363636,0.584383,0.666667
20200403,389,0.084091,0.345455,0.584383,1.0
20200403,390,0.081818,0.345455,0.604534,0.333333
20200403,391,0.081818,0.381818,0.604534,0.666667
20200403,392,0.088636,0.381818,0.607053,0.666667
20200403,393,0.088636,0.4,0.607053,0.666667
20200403,394,0.085227,0.4,0.609572,0.333333
20200403,395,0.085227,0.4,0.609572,0.666667
20200403,396,0.085227,0.4,0.59194,0.666667
20200403,397,0.085227,0.381818,0.59194,0.333333
20200403,398,0.086364,0.381818,0.589421,0.666667
20200403,399,0.086364,0.4,0.589421,0.0
20200403,400,0.084091,0.4,0.579345,0.333333
20200403,401,0.084091,0.454545,0.579345,0.666667
20200403,402,0.084091,0.454545,0.596977,0.666667
20200403,403,0.084091,0.4,0.596977,0.666667
20200403,404,0.085227,0.4,0.196474,1.0
20200403,405,0.085227,0.381818,0.196474,0.333333
20200403,406,0.085227,0.381818,0.042821,0.333333
20200403,407,0.085227,0.418182,0.042821,0.666667
20200403,408,1.0,0.418182,0.030227,0.666667
20200403,409,1.0,0.436364,0.030227,0.666667
20200403,410,0.855682,0.436364,0.025189,0.666667
20200403,411,0.855682,0.472727,0.025189,0.666667
20200403,412,0.832955,0.472727,0.010076,0.666667
20200403,413,0.832955,0.418182,0.010076,0.666667
20200403,414,0.826136,0.418182,0.0,0.333333
20200403,415,0.826136,0.563636,0.0,0.333333
20200403,416,0.830682,0.563636,0.007557,0.333333
20200403,417,0.830682,0.509091,0.007557,0.333333
20200403,418,0.829545,0.509091,0.080605,0.333333
20200403,419,0.829545,0.509091,0.080605,0.666667
20200403,420,0.822727,0.509091,0.191436,1.0
20200403,421,0.822727,0.509091,0.191436,0.333333
20200403,422,0.819318,0.509091,0.355164,0.666667
20200403,423,0.819318,0.527273,0.355164,0.333333
20200403,424,0.801136,0.527273,0.526448,0.666667
20200403,425,0.801136,0.509091,0.526448,1.0
20200403,426,0.777273,0.509091,0.644836,0.333333
20200403,427,0.777273,0.472727,0.644836,0.666667
20200403,428,0.739773,0.472727,0.707809,0.666667
20200403,429,0.739773,0.527273,0.707809,0.666667
20200403,430,0.702273,0.527273,0.722922,0.666667
20200403,431,0.702273,0.581818,0.722922,0.666667
20200403,432,0.667045,0.581818,0.735516,0.666667
20200403,433,0.667045,0.563636,0.735516,0.666667
20200403,434,0.635227,0.563636,0.715365,0.333333
20200403,435,0.635227,0.527273,0.715365,0.333333
20200403,436,0.618182,0.527273,0.697733,0.666667
20200403,437,0.618182,0.527273,0.697733,0.333333
20200403,438,0.603409,0.527273,0.68262,1.0
20200403,439,0.603409,0.6,0.68262,0.666667
20200403,440,0.597727,0.6,0.664987,0.666667
20200403,441,0.597727,0.581818,0.664987,0.666667
20200403,442,0.589773,0.581818,0.644836,0.666667
20200403,443,0.589773,0.545455,0.644836,0.666667
20200403,444,0.585227,0.545455,0.612091,0.666667
20200403,445,0.585227,0.563636,0.612091,0.666667
20200403,446,0.585227,0.563636,0.59194,0.666667
20200403,447,0.557955,0.6,0.579345,0.666667
20200403,448,0.561364,0.6,0.556675,0.333333
20200403,449,0.563636,0.563636,0.536524,0.333333
20200403,450,0.568182,0.563636,0.518892,0.666667
20200403,451,0.565909,0.545455,0.501259,0.333333
20200403,452,0.572727,0.545455,0.488665,1.0
20200403,453,0.55,0.6,0.468514,0.666667
20200403,454,0.553409,0.6,0.463476,0.666667
20200403,455,0.547727,0.654545,0.468514,0.666667
20200403,456,0.548864,0.654545,0.471033,0.666667
20200403,457,0.556818,0.818182,0.478589,0.666667
20200403,458,0.555682,0.818182,0.486146,0.333333
20200403,459,0.560227,0.763636,0.481108,0.666667
20200403,460,0.567045,0.763636,0.483627,0.666667
20200403,461,0.563636,0.709091,0.473552,0.333333
20200403,462,0.555682,0.709091,0.476071,0.666667
20200403,463,0.556818,0.745455,0.450882,0.0
20200403,464,0.560227,0.745455,0.478589,0.333333
20200403,465,0.563636,0.854545,0.478589,0.666667
20200403,466,0.568182,0.854545,0.481108,0.666667
20200403,467,0.577273,1.0,0.483627,0.666667
20200403,468,0.568182,1.0,0.476071,0.333333
20200403,469,0.572727,0.745455,0.478589,0.666667
20200403,470,0.5875,0.745455,0.465995,0.666667
20200403,471,0.586364,0.763636,0.463476,0.333333
20200403,472,0.590909,0.763636,0.471033,0.666667
20200403,473,0.588636,0.672727,0.473552,0.0
20200403,474,0.584091,0.672727,0.478589,0.333333
20200403,475,0.580682,0.781818,0.473552,0.666667
20200403,476,0.580682,0.781818,0.478589,0.666667
20200403,477,0.578409,0.4,0.481108,0.666667
20200403,478,0.579545,0.4,0.473552,1.0
20200403,479,0.578409,0.381818,0.473552,0.333333
20200403,480,0.578409,0.381818,0.468514,0.333333
20200403,481,0.6,0.418182,0.465995,0.666667
20200403,482,0.598864,0.418182,0.465995,0.666667
20200403,483,0.601136,0.436364,0.450882,0.666667
20200403,484,0.594318,0.436364,0.471033,0.666667
20200403,485,0.590909,0.472727,0.473552,0.666667
20200403,486,0.5875,0.472727,0.465995,0.666667
20200403,487,0.592045,0.418182,0.450882,0.666667
20200403,488,0.729545,0.418182,0.450882,0.333333
20200403,489,0.614773,0.563636,0.486146,0.333333
20200403,490,0.595455,0.563636,0.483627,0.333333
20200403,491,0.592045,0.509091,0.491184,0.333333
20200403,492,0.581818,0.509091,0.491184,0.333333
20200403,493,0.580682,0.509091,0.488665,0.666667
20200403,494,0.582955,0.509091,0.471033,1.0
20200403,495,0.584091,0.509091,0.463476,0.333333
20200403,496,0.582955,0.509091,0.491184,0.666667
20200403,497,0.582955,0.527273,0.576826,0.333333
20200403,498,0.575,0.527273,0.690176,0.666667
20200403,499,0.302273,0.509091,0.79597,1.0
20200403,500,0.302273,0.509091,0.851385,0.333333
20200403,501,0.289773,0.472727,0.874055,0.666667
20200403,502,0.269318,0.472727,0.874055,0.666667
20200403,503,0.203409,0.527273,0.86398,0.666667
20200403,504,0.235227,0.527273,0.843829,0.333333
20200403,505,0.240909,0.581818,0.826196,0.666667
20200403,506,0.225,0.581818,0.801008,0.666667
20200403,507,0.222727,0.563636,0.783375,0.333333
20200403,508,0.222727,0.563636,0.765743,0.666667
20200403,509,0.226136,0.527273,0.738035,0.0
20200403,510,0.227273,0.527273,0.720403,0.333333
20200403,511,0.211364,0.527273,0.702771,0.666667
20200403,512,0.215909,0.527273,0.695214,0.666667
20200403,513,0.215909,0.6,0.717884,0.666667
20200403,514,0.215909,0.6,0.755668,1.0
20200403,515,0.226136,0.581818,0.785894,0.333333
20200403,516,0.223864,0.581818,0.788413,0.333333
20200403,517,0.217045,0.545455,0.785894,0.666667
20200403,518,0.219318,0.545455,0.770781,0.666667
20200403,519,0.215909,0.563636,0.745592,0.666667
20200403,520,0.210227,0.563636,0.730479,0.666667
20200403,521,0.219318,0.6,0.715365,0.666667
20200403,522,0.217045,0.6,0.695214,0.666667
20200403,523,0.217045,0.563636,0.712846,0.666667
20200403,524,0.221591,0.563636,0.732997,0.333333
20200403,525,0.215909,0.545455,0.753149,0.333333
20200403,526,0.214773,0.545455,0.760705,0.333333
20200403,527,0.185227,0.6,0.715365,0.333333
20200403,528,0.489773,0.6,0.730479,0.333333
20200403,529,0.151136,0.654545,0.755668,0.666667
20200403,530,0.144318,0.654545,0.75063,1.0
20200403,531,0.132955,0.818182,0.748111,0.333333
20200403,532,0.129545,0.818182,0.732997,0.666667
20200403,533,0.136364,0.763636,0.717884,0.333333
20200403,534,0.130682,0.763636,0.710327,0.666667
20200403,535,0.119318,0.709091,0.712846,1.0
20200403,536,0.130682,0.709091,0.72796,0.333333
20200403,537,0.127273,0.745455,0.745592,0.666667
20200403,538,0.159091,0.745455,0.745592,0.666667
20200403,539,0.153409,0.854545,0.738035,0.666667
20200403,540,0.173864,0.854545,0.599496,0.666667
20200403,541,0.731818,1.0,0.59194,0.666667
20200403,542,0.814773,1.0,0.571788,0.666667
20200403,543,0.506818,0.745455,0.627204,0.666667
20200403,544,0.484091,0.745455,0.667506,0.333333
20200403,545,0.473864,0.763636,0.785894,0.333333
20200403,546,0.385227,0.763636,0.891688,0.666667
20200403,547,0.386364,0.672727,0.957179,0.333333
20200403,548,0.386364,0.672727,0.989924,1.0
20200403,549,0.380682,0.781818,1.0,0.666667
20200403,550,0.264773,0.781818,0.982368,0.666667
20200403,551,0.314773,0.4,0.964736,0.666667
20200403,552,0.323864,0.381818,0.942065,0.666667
20200403,553,0.320455,0.381818,0.921914,0.666667
20200403,554,0.315909,0.381818,0.896725,0.666667
20200403,555,0.313636,0.381818,0.871537,0.666667
20200403,556,0.3125,0.363636,0.851385,0.666667
20200403,557,0.319318,0.363636,0.823678,0.666667
20200403,558,0.386364,0.345455,0.801008,0.333333
20200403,559,0.372727,0.345455,0.780856,0.333333
20200403,560,0.355682,0.381818,0.758186,0.666667
20200403,561,0.353409,0.381818,0.738035,0.666667
20200403,562,0.3875,0.381818,0.717884,0.333333
20200403,563,0.4125,0.381818,0.695214,0.666667
20200403,564,0.421591,0.4,0.717884,0.666667
20200403,565,0.651136,0.4,0.738035,0.333333
20200403,566,0.645455,0.345455,0.748111,0.666667
20200403,567,0.645455,0.345455,0.75063,0.0
20200403,568,0.730682,0.381818,0.753149,0.333333
20200403,569,0.470455,0.381818,0.732997,0.666667
20200403,570,0.840909,0.363636,0.712846,0.666667
20200403,571,0.855682,0.363636,0.712846,0.666667
20200403,572,0.760227,0.345455,0.725441,1.0
20200403,573,0.757955,0.345455,0.743073,0.333333
20200403,574,0.756818,0.381818,0.755668,0.333333
20200403,575,0.754545,0.381818,0.748111,0.666667
20200403,576,0.661364,0.4,0.738035,0.666667
20200403,577,0.661364,0.4,0.725441,0.666667
20200403,578,0.659091,0.4,0.712846,0.666667
20200403,579,0.618182,0.4,0.707809,0.666667
20200403,580,0.575,0.381818,0.730479,0.666667
20200403,581,0.577273,0.381818,0.748111,0.666667
20200403,582,0.572727,0.4,0.758186,0.333333
20200403,583,0.502273,0.4,0.753149,0.333333
20200403,584,0.472727,0.454545,0.740554,0.333333
20200403,585,0.460227,0.454545,0.72796,0.333333
20200403,586,0.354545,0.4,0.712846,0.333333
20200403,587,0.364773,0.4,0.715365,0.666667
20200403,588,0.365909,0.381818,0.72796,1.0
20200403,589,0.371591,0.381818,0.738035,0.333333
20200403,590,0.365909,0.418182,0.753149,0.666667
20200403,591,0.373864,0.418182,0.745592,0.333333
20200403,592,0.625,0.436364,0.732997,0.666667
20200403,593,0.617045,0.436364,0.720403,1.0
20200403,594,0.590909,0.472727,0.720403,0.333333
20200403,595,0.702273,0.472727,0.717884,0.666667
20200403,596,0.815909,0.418182,0.722922,0.666667
20200403,597,0.754545,0.418182,0.735516,0.666667
20200403,598,0.747727,0.563636,0.740554,0.333333
20200403,599,0.722727,0.563636,0.738035,0.666667
20200403,600,0.725,0.509091,0.72796,0.666667
20200403,601,0.7,0.509091,0.720403,0.333333
20200403,602,0.701136,0.509091,0.710327,0.666667
20200403,603,0.702273,0.509091,0.712846,0.0
20200403,604,0.701136,0.509091,0.732997,0.333333
20200403,605,0.701136,0.509091,0.75063,0.666667
20200403,606,0.703409,0.527273,0.753149,0.666667
20200403,607,0.705682,0.527273,0.75063,0.666667
20200403,608,0.703409,0.509091,0.732997,1.0
20200403,609,0.702273,0.509091,0.72796,0.333333
20200403,610,0.701136,0.472727,0.717884,0.333333
20200403,611,0.698864,0.472727,0.712846,0.666667
20200403,612,0.701136,0.527273,0.717884,0.666667
20200403,613,0.7,0.527273,0.72796,0.666667
20200403,614,0.7,0.581818,0.745592,0.666667
20200403,615,0.703409,0.581818,0.743073,0.666667
20200403,616,0.704545,0.563636,0.740554,0.666667
20200403,617,0.701136,0.563636,0.730479,0.666667
20200403,618,0.702273,0.527273,0.72796,0.333333
20200403,619,0.7,0.527273,0.712846,0.333333
20200403,620,0.698864,0.527273,0.712846,0.333333
20200403,621,0.701136,0.527273,0.72796,0.333333
20200403,622,0.701136,0.6,0.743073,0.333333
20200403,623,0.702273,0.6,0.75063,0.666667
20200403,624,0.702273,0.581818,0.740554,1.0
20200403,625,0.703409,0.581818,0.72796,0.333333
20200403,626,0.701136,0.545455,0.712846,0.666667
20200403,627,0.701136,0.545455,0.712846,0.333333
20200403,628,0.701136,0.563636,0.715365,0.666667
20200403,629,0.7,0.563636,0.738035,1.0
20200403,630,0.703409,0.6,0.745592,0.333333
20200403,631,0.701136,0.6,0.753149,0.666667
20200403,632,0.703409,0.563636,0.745592,0.666667
20200403,633,0.704545,0.563636,0.725441,0.666667
20200403,634,0.7,0.545455,0.720403,0.666667
20200403,635,0.7,0.545455,0.707809,0.666667
20200403,636,0.698864,0.6,0.710327,0.666667
20200403,637,0.698864,0.6,0.725441,0.666667
20200403,638,0.701136,0.654545,0.738035,0.333333
20200403,639,0.703409,0.654545,0.75063,0.333333
20200403,640,0.701136,0.818182,0.745592,0.666667
20200403,641,0.702273,0.818182,0.738035,0.333333
20200403,642,0.7,0.763636,0.725441,1.0
20200403,643,0.7,0.763636,0.70529,0.666667
20200403,644,0.698864,0.709091,0.692695,0.666667
20200403,645,0.698864,0.709091,0.717884,0.666667
20200403,646,0.698864,0.745455,0.730479,0.666667
20200403,647,0.7,0.745455,0.738035,0.666667
20200403,648,0.701136,0.854545,0.743073,0.666667
20200403,649,0.702273,0.854545,0.735516,0.666667
20200403,650,0.701136,1.0,0.72796,0.666667
20200403,651,0.7,1.0,0.715365,0.666667
20200403,652,0.7,0.745455,0.712846,0.333333
20200403,653,0.697727,0.745455,0.717884,0.333333
20200403,654,0.697727,0.763636,0.730479,0.666667
20200403,655,0.701136,0.763636,0.738035,0.333333
20200403,656,0.701136,0.672727,0.738035,1.0
20200403,657,0.702273,0.672727,0.732997,0.666667
20200403,658,0.698864,0.781818,0.720403,0.666667
20200403,659,0.698864,0.781818,0.715365,0.666667
20200403,660,0.7,0.745455,0.717884,0.666667
20200403,661,0.698864,0.854545,0.707809,0.666667
20200403,662,0.701136,0.854545,0.732997,0.333333
20200403,663,0.7,1.0,0.735516,0.666667
20200403,664,0.7,1.0,0.735516,0.666667
20200403,665,0.701136,0.745455,0.725441,0.333333
20200403,666,0.7,0.745455,0.712846,0.666667
20200403,667,0.698864,0.763636,0.715365,0.0
20200403,668,0.7,0.763636,0.70529,0.333333
20200403,669,0.698864,0.672727,0.72796,0.666667
20200403,670,0.697727,0.672727,0.738035,0.666667
20200403,671,0.701136,0.781818,0.738035,0.666667
20200403,672,0.7,0.781818,0.72796,1.0
20200403,673,0.7,0.4,0.720403,0.333333
20200403,674,0.698864,0.4,0.715365,0.333333
20200403,675,0.698864,0.381818,0.715365,0.666667
20200403,676,0.698864,0.381818,0.725441,0.666667
20200403,677,0.7,0.418182,0.725441,0.666667
20200403,678,0.7,0.418182,0.730479,0.666667
20200403,679,0.698864,1.0,0.730479,0.666667
20200403,680,0.701136,1.0,0.717884,0.666667
20200403,681,0.701136,0.745455,0.715365,0.666667
20200403,682,0.698864,0.745455,0.715365,0.333333
20200403,683,0.7,0.763636,0.717884,0.333333
20200403,684,0.701136,0.763636,0.735516,0.333333
20200403,685,0.7,0.672727,0.743073,0.333333
20200403,686,0.7,0.672727,0.730479,0.333333
20200403,687,0.7,0.781818,0.725441,0.666667
20200403,688,0.698864,0.781818,0.70529,1.0
20200403,689,0.698864,0.745455,0.697733,0.333333
20200403,690,0.696591,0.854545,0.715365,0.666667
20200403,691,0.697727,0.854545,0.72796,0.333333
20200403,692,0.698864,1.0,0.743073,0.666667
20200403,693,0.701136,1.0,0.743073,1.0
20200403,694,0.7,0.745455,0.738035,0.333333
20200403,695,0.7,0.745455,0.730479,0.666667
20200403,696,0.698864,0.763636,0.725441,0.666667
20200403,697,0.697727,0.763636,0.712846,0.666667
20200403,698,0.701136,0.672727,0.712846,0.666667
20200403,699,0.702273,0.672727,0.720403,0.666667
20200403,700,0.701136,0.781818,0.735516,0.666667
20200403,701,0.702273,0.781818,0.743073,0.666667
20200403,702,0.703409,0.4,0.758186,0.333333
20200403,703,0.703409,0.4,0.745592,0.333333
20200403,704,0.705682,0.381818,0.738035,0.666667
20200403,705,0.704545,0.381818,0.725441,0.333333
20200403,706,0.073864,0.090909,0.604534,0.666667
20200403,707,0.073864,0.090909,0.604534,0.333333
20200403,708,0.072727,0.090909,0.602015,0.666667
20200403,709,0.072727,0.090909,0.602015,1.0
20200403,710,0.072727,0.072727,0.584383,0.333333
20200403,711,0.072727,0.072727,0.584383,0.666667
20200403,712,0.073864,0.127273,0.589421,0.666667
20200403,713,0.073864,0.127273,0.589421,0.666667
20200403,714,0.071591,0.109091,0.594458,0.666667
20200403,715,0.071591,0.109091,0.594458,0.666667
20200403,716,0.072727,0.036364,0.607053,0.666667
20200403,717,0.072727,0.036364,0.607053,0.666667
20200403,718,0.072727,0.036364,0.604534,0.333333
20200403,719,0.072727,0.036364,0.604534,0.333333
20200403,720,0.073864,0.072727,0.617128,0.666667
20200403,721,0.073864,0.072727,0.617128,0.333333
20200403,722,0.072727,0.0,0.612091,1.0
20200403,723,0.072727,0.0,0.612091,0.666667
20200403,724,0.071591,0.127273,0.602015,0.666667
20200403,725,0.071591,0.127273,0.602015,0.666667
20200403,726,0.072727,0.090909,0.59194,0.733333
20200403,727,0.072727,0.090909,0.59194,0.733333
20200403,728,0.071591,0.127273,0.584383,0.726667
20200403,729,0.071591,0.127273,0.584383,0.726667
20200403,730,0.071591,0.090909,0.586902,0.72
20200403,731,0.071591,0.090909,0.586902,0.72
20200403,732,0.071591,0.109091,0.589421,0.746667
20200403,733,0.071591,0.109091,0.589421,0.746667
20200403,734,0.073864,0.109091,0.617128,0.746667
20200403,735,0.073864,0.109091,0.617128,0.746667
20200403,736,0.072727,0.054545,0.622166,0.746667
20200403,737,0.072727,0.054545,0.622166,0.746667
20200403,738,0.072727,0.072727,0.61461,0.746667
20200403,739,0.072727,0.072727,0.61461,0.746667
20200403,740,0.072727,0.127273,0.602015,0.726667
20200403,741,0.072727,0.127273,0.602015,0.726667
20200403,742,0.070455,0.109091,0.596977,0.72
20200403,743,0.070455,0.109091,0.596977,0.72
20200403,744,0.072727,0.090909,0.586902,0.726667
20200403,745,0.072727,0.090909,0.586902,0.726667
20200403,746,0.070455,0.145455,0.579345,0.72
20200403,747,0.070455,0.145455,0.579345,0.72
20200403,748,0.073864,0.109091,0.596977,0.726667
20200403,749,0.073864,0.109091,0.596977,0.726667
20200403,750,0.072727,0.090909,0.604534,0.733333
20200403,751,0.072727,0.090909,0.604534,0.733333
20200403,752,0.073864,0.036364,0.61461,0.726667
20200403,753,0.073864,0.036364,0.61461,0.666667
20200403,754,0.072727,0.145455,0.612091,0.666667
20200403,755,0.072727,0.145455,0.612091,0.333333
20200403,756,0.070455,0.127273,0.602015,0.666667
20200403,757,0.070455,0.127273,0.602015,0.666667
20200403,758,0.070455,0.090909,0.594458,0.333333
20200403,759,0.070455,0.090909,0.594458,0.666667
20200403,760,0.071591,0.127273,0.594458,0.0
20200403,761,0.071591,0.127273,0.594458,0.333333
20200403,762,0.070455,0.218182,0.59194,0.666667
20200403,763,0.070455,0.218182,0.59194,0.666667
20200403,764,0.072727,0.127273,0.596977,0.666667
20200403,765,0.072727,0.127273,0.596977,1.0
20200403,766,0.072727,0.090909,0.594458,0.333333
20200403,767,0.072727,0.090909,0.594458,0.333333
20200403,768,0.071591,0.072727,0.604534,0.666667
20200403,769,0.071591,0.072727,0.604534,0.666667
20200403,770,0.071591,0.109091,0.602015,0.666667
20200403,771,0.071591,0.109091,0.602015,0.666667
20200403,772,0.072727,0.090909,0.599496,0.666667
20200403,773,0.072727,0.090909,0.599496,0.666667
20200403,774,0.071591,0.145455,0.59194,0.666667
20200403,775,0.071591,0.145455,0.59194,0.333333
20200403,776,0.070455,0.090909,0.586902,0.333333
20200403,777,0.070455,0.090909,0.586902,0.333333
20200403,778,0.073864,0.127273,0.586902,0.333333
20200403,779,0.073864,0.127273,0.586902,0.333333
20200403,780,0.072727,0.127273,0.602015,0.666667
20200403,781,0.072727,0.127273,0.602015,1.0
20200403,782,0.070455,0.127273,0.619647,0.333333
20200403,783,0.070455,0.127273,0.619647,0.666667
20200403,784,0.072727,0.127273,0.617128,0.333333
20200403,785,0.072727,0.127273,0.617128,0.666667
20200403,786,0.072727,0.054545,0.607053,1.0
20200403,787,0.072727,0.054545,0.607053,0.333333
20200403,788,0.072727,0.145455,0.602015,0.666667
20200403,789,0.072727,0.145455,0.602015,0.666667
20200403,790,0.070455,0.127273,0.596977,0.666667
20200403,791,0.070455,0.127273,0.596977,0.333333
20200403,792,0.070455,0.109091,0.576826,0.666667
20200403,793,0.070455,0.109091,0.576826,0.666667
20200403,794,0.072727,0.090909,0.586902,0.333333
20200403,795,0.072727,0.090909,0.586902,0.666667
20200403,796,0.071591,0.072727,0.594458,0.0
20200403,797,0.071591,0.072727,0.594458,0.333333
20200403,798,0.071591,0.054545,0.596977,0.666667
20200403,799,0.071591,0.054545,0.596977,0.666667
20200403,800,0.073864,0.072727,0.624685,0.666667
20200407,1,0.073864,0.072727,0.624685,1.0
20200407,2,0.072727,0.018182,0.622166,0.333333
20200407,3,0.072727,0.018182,0.622166,0.333333
20200407,4,0.071591,0.109091,0.61461,0.666667
20200407,5,0.071591,0.109091,0.61461,0.666667
20200407,6,0.068182,0.109091,0.599496,0.666667
20200407,7,0.068182,0.109091,0.599496,0.666667
20200407,8,0.069318,0.145455,0.589421,0.666667
20200407,9,0.069318,0.145455,0.589421,0.666667
20200407,10,0.070455,0.181818,0.586902,0.666667
20200407,11,0.070455,0.181818,0.586902,0.333333
20200407,12,0.068182,0.109091,0.594458,0.333333
20200407,13,0.068182,0.109091,0.594458,0.333333
20200407,14,0.071591,0.127273,0.599496,0.333333
20200407,15,0.071591,0.127273,0.599496,0.333333
20200407,16,0.072727,0.072727,0.617128,0.666667
20200407,17,0.072727,0.072727,0.617128,1.0
20200407,18,0.071591,0.109091,0.619647,0.333333
20200407,19,0.071591,0.109091,0.619647,0.666667
20200407,20,0.071591,0.072727,0.609572,0.333333
20200407,21,0.071591,0.072727,0.609572,0.666667
20200407,22,0.070455,0.054545,0.596977,1.0
20200407,23,0.070455,0.054545,0.596977,0.333333
20200407,24,0.070455,0.109091,0.589421,0.666667
20200407,25,0.070455,0.109091,0.589421,0.666667
20200407,26,0.071591,0.109091,0.596977,0.666667
20200407,27,0.071591,0.109091,0.596977,0.666667
20200407,28,0.070455,0.163636,0.584383,0.666667
20200407,29,0.070455,0.163636,0.584383,0.666667
20200407,30,0.072727,0.163636,0.607053,0.666667
20200407,31,0.072727,0.163636,0.607053,0.333333
20200407,32,0.072727,0.109091,0.61461,0.333333
20200407,33,0.072727,0.109091,0.61461,0.666667
20200407,34,0.072727,0.145455,0.617128,0.333333
20200407,35,0.072727,0.145455,0.617128,1.0
20200407,36,0.070455,0.090909,0.604534,0.666667
20200407,37,0.070455,0.090909,0.604534,0.666667
20200407,38,0.072727,0.109091,0.594458,0.666667
20200407,39,0.072727,0.109091,0.594458,0.666667
20200407,40,0.071591,0.181818,0.594458,0.666667
20200407,41,0.071591,0.181818,0.594458,0.666667
20200407,42,0.069318,0.109091,0.589421,0.666667
20200407,43,0.069318,0.109091,0.589421,0.666667
20200407,44,0.072727,0.163636,0.596977,0.666667
20200407,45,0.072727,0.163636,0.596977,0.333333
20200407,46,0.071591,0.145455,0.596977,0.333333
20200407,47,0.071591,0.145455,0.596977,0.666667
20200407,48,0.071591,0.127273,0.594458,0.333333
20200407,49,0.071591,0.127273,0.594458,1.0
20200407,50,0.071591,0.109091,0.602015,0.666667
20200407,51,0.071591,0.109091,0.602015,0.666667
20200407,52,0.070455,0.145455,0.576826,0.666667
20200407,53,0.070455,0.145455,0.576826,0.666667
20200407,54,0.070455,0.163636,0.589421,0.666667
20200407,55,0.070455,0.163636,0.589421,0.333333
20200407,56,0.071591,0.181818,0.594458,0.666667
20200407,57,0.071591,0.181818,0.594458,0.666667
20200407,58,0.070455,0.145455,0.609572,0.333333
20200407,59,0.070455,0.145455,0.609572,0.666667
20200407,60,0.071591,0.163636,0.612091,0.0
20200407,61,0.071591,0.163636,0.612091,0.333333
20200407,62,0.070455,0.236364,0.609572,0.666667
20200407,63,0.070455,0.236364,0.609572,0.666667
20200407,64,0.069318,0.145455,0.599496,0.666667
20200407,65,0.069318,0.145455,0.599496,1.0
20200407,66,0.069318,0.181818,0.576826,0.333333
20200407,67,0.069318,0.181818,0.576826,0.333333
20200407,68,0.069318,0.072727,0.586902,0.666667
20200407,69,0.069318,0.072727,0.586902,0.666667
20200407,70,0.068182,0.127273,0.59194,0.666667
20200407,71,0.068182,0.127273,0.59194,0.666667
20200407,72,0.071591,0.054545,0.599496,0.666667
20200407,73,0.071591,0.054545,0.599496,0.666667
20200407,74,0.071591,0.145455,0.624685,0.666667
20200407,75,0.071591,0.145455,0.624685,0.333333
20200407,76,0.069318,0.018182,0.624685,0.333333
20200407,77,0.069318,0.018182,0.624685,0.333333
20200407,78,0.072727,0.054545,0.622166,0.333333
20200407,79,0.072727,0.054545,0.622166,0.333333
20200407,80,0.069318,0.072727,0.599496,0.666667
20200407,81,0.069318,0.072727,0.599496,1.0
20200407,82,0.067045,0.109091,0.596977,0.333333
20200407,83,0.067045,0.109091,0.596977,0.666667
20200407,84,0.070455,0.090909,0.589421,0.333333
20200407,85,0.070455,0.090909,0.589421,0.666667
20200407,86,0.069318,0.036364,0.584383,1.0
20200407,87,0.069318,0.036364,0.584383,0.333333
20200407,88,0.070455,0.072727,0.594458,0.666667
20200407,89,0.070455,0.072727,0.594458,0.666667
20200407,90,0.070455,0.054545,0.612091,0.666667
20200407,91,0.070455,0.054545,0.612091,0.333333
20200407,92,0.072727,0.036364,0.622166,0.666667
20200407,93,0.072727,0.036364,0.622166,0.666667
20200407,94,0.072727,0.127273,0.619647,0.333333
20200407,95,0.072727,0.127273,0.619647,0.666667
20200407,96,0.068182,0.109091,0.61461,0.0
20200407,97,0.068182,0.109091,0.61461,0.333333
20200407,98,0.069318,0.163636,0.599496,0.666667
20200407,99,0.069318,0.163636,0.599496,0.666667
20200407,100,0.067045,0.145455,0.571788,0.666667
20200407,101,0.067045,0.145455,0.571788,1.0
20200407,102,0.070455,0.127273,0.581864,0.333333
20200407,103,0.070455,0.127273,0.581864,0.333333
20200407,104,0.070455,0.218182,0.594458,0.666667
20200407,105,0.070455,0.218182,0.594458,0.666667
20200407,106,0.069318,0.181818,0.61461,0.666667
20200407,107,0.069318,0.181818,0.61461,0.666667
20200407,108,0.072727,0.072727,0.624685,0.666667
20200407,109,0.072727,0.072727,0.624685,0.666667
20200407,110,0.071591,0.127273,0.627204,0.666667
20200407,111,0.071591,0.127273,0.627204,0.333333
20200407,112,0.071591,0.090909,0.61461,0.333333
20200407,113,0.071591,0.090909,0.61461,0.333333
20200407,114,0.064773,0.145455,0.602015,0.333333
20200407,115,0.064773,0.145455,0.602015,0.333333
20200407,116,0.069318,0.127273,0.602015,0.666667
20200407,117,0.069318,0.127273,0.602015,1.0
20200407,118,0.068182,0.109091,0.589421,0.333333
20200407,119,0.068182,0.109091,0.589421,0.666667
20200407,120,0.069318,0.127273,0.596977,0.333333
20200407,121,0.069318,0.127273,0.596977,0.666667
20200407,122,0.072727,0.109091,0.602015,1.0
20200407,123,0.072727,0.109091,0.602015,0.333333
20200407,124,0.070455,0.109091,0.607053,0.666667
20200407,125,0.070455,0.109091,0.607053,0.666667
20200407,126,0.070455,0.181818,0.602015,0.666667
20200407,127,0.070455,0.181818,0.602015,0.666667
20200407,128,0.071591,0.090909,0.602015,0.666667
20200407,129,0.071591,0.090909,0.602015,0.666667
20200407,130,0.070455,0.127273,0.594458,0.666667
20200407,131,0.070455,0.127273,0.594458,0.333333
20200407,132,0.068182,0.127273,0.59194,0.333333
20200407,133,0.068182,0.127273,0.59194,0.666667
20200407,134,0.068182,0.145455,0.59194,0.333333
20200407,135,0.068182,0.145455,0.59194,1.0
20200407,136,0.069318,0.2,0.604534,0.666667
20200407,137,0.069318,0.2,0.604534,0.666667
20200407,138,0.069318,0.163636,0.602015,0.666667
20200407,139,0.069318,0.163636,0.602015,0.666667
20200407,140,0.070455,0.127273,0.61461,0.666667
20200407,141,0.070455,0.127273,0.61461,0.666667
20200407,142,0.071591,0.054545,0.609572,0.666667
20200407,143,0.071591,0.054545,0.609572,0.666667
20200407,144,0.068182,0.054545,0.599496,0.666667
20200407,145,0.068182,0.054545,0.599496,0.333333
20200407,146,0.070455,0.163636,0.586902,0.333333
20200407,147,0.070455,0.163636,0.586902,0.666667
20200407,148,0.069318,0.163636,0.594458,0.333333
20200407,149,0.069318,0.163636,0.594458,1.0
20200407,150,0.070455,0.054545,0.599496,0.666667
20200407,151,0.070455,0.054545,0.599496,0.666667
20200407,152,0.071591,0.145455,0.596977,0.666667
20200407,153,0.071591,0.145455,0.596977,0.666667
20200407,154,0.070455,0.090909,0.596977,0.666667
20200407,155,0.070455,0.090909,0.596977,0.333333
20200407,156,0.071591,0.109091,0.596977,0.666667
20200407,157,0.071591,0.109091,0.596977,0.666667
20200407,158,0.071591,0.127273,0.594458,0.333333
20200407,159,0.071591,0.127273,0.594458,0.666667
20200407,160,0.067045,0.054545,0.596977,0.0
20200407,161,0.067045,0.054545,0.596977,0.333333
20200407,162,0.070455,0.145455,0.599496,0.666667
20200407,163,0.070455,0.145455,0.599496,0.666667
20200407,164,0.071591,0.145455,0.584383,0.666667
20200407,165,0.071591,0.145455,0.584383,1.0
20200407,166,0.071591,0.127273,0.599496,0.333333
20200407,167,0.071591,0.127273,0.599496,0.333333
20200407,168,0.069318,0.163636,0.599496,0.666667
20200407,169,0.069318,0.163636,0.599496,0.666667
20200407,170,0.068182,0.127273,0.599496,0.666667
20200407,171,0.068182,0.127273,0.599496,0.666667
20200407,172,0.070455,0.218182,0.59194,0.666667
20200407,173,0.070455,0.218182,0.59194,0.666667
20200407,174,0.068182,0.290909,0.594458,0.666667
20200407,175,0.068182,0.290909,0.594458,0.333333
20200407,176,0.069318,0.236364,0.596977,0.333333
20200407,177,0.069318,0.236364,0.596977,0.333333
20200407,178,0.071591,0.218182,0.596977,0.333333
20200407,179,0.071591,0.218182,0.596977,0.333333
20200407,180,0.071591,0.218182,0.596977,0.666667
20200407,181,0.071591,0.218182,0.596977,1.0
20200407,182,0.069318,0.327273,0.604534,0.333333
20200407,183,0.069318,0.327273,0.604534,0.666667
20200407,184,0.071591,0.272727,0.599496,0.333333
20200407,185,0.071591,0.272727,0.599496,0.666667
20200407,186,0.069318,0.254545,0.594458,1.0
20200407,187,0.069318,0.254545,0.594458,0.333333
20200407,188,0.070455,0.272727,0.581864,0.666667
20200407,189,0.070455,0.272727,0.581864,0.666667
20200407,190,0.070455,0.254545,0.594458,0.666667
20200407,191,0.070455,0.254545,0.594458,0.666667
20200407,192,0.070455,0.290909,0.604534,0.666667
20200407,193,0.070455,0.290909,0.604534,0.666667
20200407,194,0.069318,0.254545,0.607053,0.666667
20200407,195,0.069318,0.254545,0.607053,0.333333
20200407,196,0.070455,0.345455,0.59194,0.333333
20200407,197,0.070455,0.345455,0.59194,0.666667
20200407,198,0.068182,0.327273,0.602015,0.333333
20200407,199,0.068182,0.327273,0.602015,1.0
20200407,200,0.069318,0.327273,0.589421,0.666667
20200407,201,0.069318,0.327273,0.589421,0.666667
20200407,202,0.069318,0.363636,0.604534,0.666667
20200407,203,0.069318,0.363636,0.604534,0.666667
20200407,204,0.069318,0.272727,0.596977,0.666667
20200407,205,0.069318,0.272727,0.596977,0.666667
20200407,206,0.070455,0.345455,0.596977,0.666667
20200407,207,0.070455,0.345455,0.596977,0.666667
20200407,208,0.069318,0.327273,0.599496,0.666667
20200407,209,0.069318,0.327273,0.599496,0.333333
20200407,210,0.070455,0.345455,0.594458,0.333333
20200407,211,0.070455,0.345455,0.594458,0.666667
20200407,212,0.065909,0.327273,0.59194,0.333333
20200407,213,0.065909,0.327273,0.59194,1.0
20200407,214,0.067045,0.4,0.59194,0.666667
20200407,215,0.067045,0.4,0.59194,0.666667
20200407,216,0.068182,0.363636,0.596977,0.666667
20200407,217,0.068182,0.363636,0.596977,0.666667
20200407,218,0.067045,0.345455,0.599496,0.666667
20200407,219,0.067045,0.345455,0.599496,0.333333
20200407,220,0.067045,0.381818,0.604534,0.666667
20200407,221,0.067045,0.381818,0.604534,0.666667
20200407,222,0.068182,0.290909,0.594458,0.333333
20200407,223,0.068182,0.290909,0.594458,0.666667
20200407,224,0.067045,0.327273,0.59194,0.0
20200407,225,0.067045,0.327273,0.59194,0.333333
20200407,226,0.065909,0.345455,0.59194,0.666667
20200407,227,0.065909,0.345455,0.59194,0.666667
20200407,228,0.065909,0.272727,0.584383,0.666667
20200407,229,0.065909,0.272727,0.584383,0.666667
20200407,230,0.067045,0.272727,0.607053,0.333333
20200407,231,0.067045,0.272727,0.607053,0.666667
20200407,232,0.067045,0.381818,0.604534,0.666667
20200407,233,0.067045,0.381818,0.604534,0.333333
20200407,234,0.067045,0.327273,0.599496,0.666667
20200407,235,0.067045,0.327273,0.599496,0.0
20200407,236,0.065909,0.4,0.599496,0.333333
20200407,237,0.065909,0.4,0.599496,0.666667
20200407,238,0.065909,0.381818,0.596977,0.666667
20200407,239,0.065909,0.381818,0.596977,0.666667
20200407,240,0.065909,0.4,0.581864,1.0
20200407,241,0.065909,0.4,0.581864,0.333333
20200407,242,0.065909,0.345455,0.59194,0.333333
20200407,243,0.065909,0.345455,0.59194,0.666667
20200407,244,0.067045,0.381818,0.596977,0.666667
20200407,245,0.067045,0.381818,0.596977,0.666667
20200407,246,0.065909,0.363636,0.607053,0.666667
20200407,247,0.065909,0.363636,0.607053,0.666667
20200407,248,0.064773,0.345455,0.602015,0.666667
20200407,249,0.064773,0.345455,0.602015,0.666667
20200407,250,0.064773,0.363636,0.607053,0.333333
20200407,251,0.064773,0.363636,0.607053,0.333333
20200407,252,0.064773,0.381818,0.596977,0.333333
20200407,253,0.064773,0.381818,0.596977,0.333333
20200407,254,0.063636,0.4,0.596977,0.333333
20200407,255,0.063636,0.4,0.596977,0.666667
20200407,256,0.069318,0.454545,0.594458,1.0
20200407,257,0.069318,0.454545,0.594458,0.333333
20200407,258,0.070455,0.4,0.594458,0.666667
20200407,259,0.070455,0.4,0.594458,0.333333
20200407,260,0.069318,0.4,0.596977,0.666667
20200407,261,0.069318,0.4,0.596977,1.0
20200407,262,0.068182,0.345455,0.599496,0.333333
20200407,263,0.070455,0.145455,0.576826,0.666667
20200407,264,0.070455,0.163636,0.589421,0.666667
20200407,265,0.070455,0.163636,0.589421,0.333333
20200407,266,0.071591,0.181818,0.594458,0.666667
20200407,267,0.071591,0.181818,0.594458,0.666667
20200407,268,0.070455,0.145455,0.609572,0.333333
20200407,269,0.070455,0.145455,0.609572,0.666667
20200407,270,0.071591,0.163636,0.612091,0.0
20200407,271,0.071591,0.163636,0.612091,0.333333
20200407,272,0.070455,0.236364,0.609572,0.666667
20200407,273,0.070455,0.236364,0.609572,0.666667
20200407,274,0.069318,0.145455,0.599496,0.666667
20200407,275,0.069318,0.145455,0.599496,1.0
20200407,276,0.069318,0.181818,0.576826,0.333333
20200407,277,0.069318,0.181818,0.576826,0.333333
20200407,278,0.069318,0.072727,0.586902,0.666667
20200407,279,0.069318,0.072727,0.586902,0.666667
20200407,280,0.068182,0.127273,0.59194,0.666667
20200407,281,0.068182,0.127273,0.59194,0.666667
20200407,282,0.071591,0.054545,0.599496,0.666667
20200407,283,0.071591,0.054545,0.599496,0.666667
20200407,284,0.071591,0.145455,0.624685,0.666667
20200407,285,0.071591,0.145455,0.624685,0.333333
20200407,286,0.069318,0.018182,0.624685,0.333333
20200407,287,0.069318,0.018182,0.624685,0.333333
20200407,288,0.072727,0.054545,0.622166,0.333333
20200407,289,0.072727,0.054545,0.622166,0.333333
20200407,290,0.069318,0.072727,0.599496,0.666667
20200407,291,0.069318,0.072727,0.599496,1.0
20200407,292,0.067045,0.109091,0.596977,0.333333
20200407,293,0.067045,0.109091,0.596977,0.666667
20200407,294,0.070455,0.090909,0.589421,0.333333
20200407,295,0.070455,0.090909,0.589421,0.666667
20200407,296,0.069318,0.036364,0.584383,1.0
20200407,297,0.069318,0.036364,0.584383,0.333333
20200407,298,0.070455,0.072727,0.594458,0.666667
20200407,299,0.070455,0.072727,0.594458,0.666667
20200407,300,0.070455,0.054545,0.612091,0.666667
20200407,301,0.070455,0.054545,0.612091,0.333333
20200407,302,0.072727,0.036364,0.622166,0.666667
20200407,303,0.072727,0.036364,0.622166,0.666667
20200407,304,0.072727,0.127273,0.619647,0.333333
20200407,305,0.072727,0.127273,0.619647,0.666667
20200407,306,0.068182,0.109091,0.61461,0.0
20200407,307,0.068182,0.109091,0.61461,0.333333
20200407,308,0.069318,0.163636,0.599496,0.666667
20200407,309,0.069318,0.163636,0.599496,0.666667
20200407,310,0.067045,0.145455,0.571788,0.666667
20200407,311,0.067045,0.145455,0.571788,1.0
20200407,312,0.070455,0.127273,0.581864,0.333333
20200407,313,0.070455,0.127273,0.581864,0.333333
20200407,314,0.067045,0.327273,0.599496,0.666667
20200407,315,0.067045,0.327273,0.599496,0.0
20200407,316,0.065909,0.4,0.599496,0.333333
20200407,317,0.065909,0.4,0.599496,0.666667
20200407,318,0.065909,0.381818,0.596977,0.666667
20200407,319,0.065909,0.381818,0.596977,0.666667
20200407,320,0.065909,0.4,0.581864,1.0
20200407,321,0.065909,0.4,0.581864,0.333333
20200407,322,0.065909,0.345455,0.59194,0.333333
20200407,323,0.065909,0.345455,0.59194,0.666667
20200407,324,0.067045,0.381818,0.596977,0.666667
20200407,325,0.067045,0.381818,0.596977,0.666667
20200407,326,0.065909,0.363636,0.607053,0.666667
20200407,327,0.065909,0.363636,0.607053,0.666667
20200407,328,0.064773,0.345455,0.602015,0.666667
20200407,329,0.064773,0.345455,0.602015,0.666667
20200407,330,0.064773,0.363636,0.607053,0.333333
20200407,331,0.064773,0.363636,0.607053,0.333333
20200407,332,0.064773,0.381818,0.596977,0.333333
20200407,333,0.064773,0.381818,0.596977,0.333333
20200407,334,0.063636,0.4,0.596977,0.333333
20200407,335,0.063636,0.4,0.596977,0.666667
20200407,336,0.069318,0.454545,0.594458,1.0
20200407,337,0.069318,0.454545,0.594458,0.333333
20200407,338,0.070455,0.4,0.594458,0.666667
20200407,339,0.070455,0.4,0.594458,0.333333
20200407,340,0.069318,0.4,0.596977,0.666667
20200407,341,0.069318,0.4,0.596977,1.0
20200407,342,0.068182,0.345455,0.599496,0.333333
20200407,343,0.070455,0.145455,0.576826,0.666667
20200407,344,0.070455,0.163636,0.589421,0.666667
20200407,345,0.070455,0.163636,0.589421,0.333333
20200407,346,0.071591,0.181818,0.594458,0.666667
20200407,347,0.071591,0.181818,0.594458,0.666667
20200407,348,0.070455,0.145455,0.609572,0.333333
20200407,349,0.070455,0.145455,0.609572,0.666667
20200407,350,0.071591,0.163636,0.612091,0.0
20200407,351,0.071591,0.163636,0.612091,0.333333
20200407,352,0.070455,0.236364,0.609572,0.666667
20200407,353,0.070455,0.236364,0.609572,0.666667
20200407,354,0.069318,0.145455,0.599496,0.666667
20200407,355,0.069318,0.145455,0.599496,1.0
20200407,356,0.069318,0.181818,0.576826,0.333333
20200407,357,0.069318,0.181818,0.576826,0.333333
20200407,358,0.069318,0.072727,0.586902,0.666667
20200407,359,0.069318,0.072727,0.586902,0.666667
20200407,360,0.068182,0.127273,0.59194,0.666667
20200407,361,0.068182,0.127273,0.59194,0.666667
20200407,362,0.071591,0.054545,0.599496,0.666667
20200407,363,0.071591,0.054545,0.599496,0.666667
20200407,364,0.071591,0.145455,0.624685,0.666667
20200407,365,0.071591,0.145455,0.624685,0.333333
20200407,366,0.069318,0.018182,0.624685,0.333333
20200407,367,0.069318,0.018182,0.624685,0.333333
20200407,368,0.072727,0.054545,0.622166,0.333333
20200407,369,0.072727,0.054545,0.622166,0.333333
20200407,370,0.069318,0.072727,0.599496,0.666667
20200407,371,0.069318,0.072727,0.599496,1.0
20200407,372,0.067045,0.109091,0.596977,0.333333
20200407,373,0.067045,0.109091,0.596977,0.666667
20200407,374,0.070455,0.090909,0.589421,0.333333
20200407,375,0.070455,0.090909,0.589421,0.666667
20200407,376,0.069318,0.036364,0.584383,1.0
20200407,377,0.069318,0.036364,0.584383,0.333333
20200407,378,0.070455,0.072727,0.594458,0.666667
20200407,379,0.070455,0.072727,0.594458,0.666667
20200407,380,0.070455,0.054545,0.612091,0.666667
20200407,381,0.070455,0.054545,0.612091,0.333333
20200407,382,0.072727,0.036364,0.622166,0.666667
20200407,383,0.072727,0.036364,0.622166,0.666667
20200407,384,0.072727,0.127273,0.619647,0.333333
20200407,385,0.072727,0.127273,0.619647,0.666667
20200407,386,0.068182,0.109091,0.61461,0.0
20200407,387,0.068182,0.109091,0.61461,0.333333
20200407,388,0.069318,0.163636,0.599496,0.666667
20200407,389,0.069318,0.163636,0.599496,0.666667
20200407,390,0.071591,0.127273,0.599496,0.333333
20200407,391,0.071591,0.127273,0.599496,0.333333
20200407,392,0.069318,0.163636,0.599496,0.666667
20200407,393,0.069318,0.163636,0.599496,0.666667
20200407,394,0.068182,0.127273,0.599496,0.666667
20200407,395,0.068182,0.127273,0.599496,0.666667
20200407,396,0.070455,0.218182,0.59194,0.666667
20200407,397,0.070455,0.218182,0.59194,0.666667
20200407,398,0.068182,0.290909,0.594458,0.666667
20200407,399,0.068182,0.290909,0.594458,0.333333
20200407,400,0.069318,0.236364,0.596977,0.333333
20200407,401,0.069318,0.236364,0.596977,0.333333
20200407,402,0.071591,0.218182,0.596977,0.333333
20200407,403,0.071591,0.218182,0.596977,0.333333
20200407,404,0.071591,0.218182,0.596977,0.666667
20200407,405,0.071591,0.218182,0.596977,1.0
20200407,406,0.069318,0.327273,0.604534,0.333333
20200407,407,0.069318,0.327273,0.604534,0.666667
20200407,408,0.071591,0.272727,0.599496,0.333333
20200407,409,0.071591,0.272727,0.599496,0.666667
20200407,410,0.069318,0.254545,0.594458,1.0
20200407,411,0.069318,0.254545,0.594458,0.333333
20200407,412,0.070455,0.272727,0.581864,0.666667
20200407,413,0.070455,0.272727,0.581864,0.666667
20200407,414,0.070455,0.254545,0.594458,0.666667
20200407,415,0.070455,0.254545,0.594458,0.666667
20200407,416,0.070455,0.290909,0.604534,0.666667
20200407,417,0.070455,0.290909,0.604534,0.666667
20200407,418,0.069318,0.254545,0.607053,0.666667
20200407,419,0.069318,0.254545,0.607053,0.333333
20200407,420,0.070455,0.345455,0.59194,0.333333
20200407,421,0.070455,0.345455,0.59194,0.666667
20200407,422,0.068182,0.327273,0.602015,0.333333
20200407,423,0.068182,0.327273,0.602015,1.0
20200407,424,0.069318,0.327273,0.589421,0.666667
20200407,425,0.069318,0.327273,0.589421,0.666667
20200407,426,0.069318,0.363636,0.604534,0.666667
20200407,427,0.069318,0.363636,0.604534,0.666667
20200407,428,0.069318,0.272727,0.596977,0.666667
20200407,429,0.069318,0.272727,0.596977,0.666667
20200407,430,0.070455,0.345455,0.596977,0.666667
20200407,431,0.070455,0.345455,0.596977,0.666667
20200407,432,0.069318,0.327273,0.599496,0.666667
20200407,433,0.069318,0.327273,0.599496,0.333333
20200407,434,0.070455,0.345455,0.594458,0.333333
20200407,435,0.070455,0.345455,0.594458,0.666667
20200407,436,0.065909,0.327273,0.59194,0.333333
20200407,437,0.065909,0.327273,0.59194,1.0
20200407,438,0.067045,0.4,0.59194,0.666667
20200407,439,0.067045,0.4,0.59194,0.666667
20200407,440,0.068182,0.363636,0.596977,0.666667
20200407,441,0.068182,0.363636,0.596977,0.666667
20200407,442,0.067045,0.345455,0.599496,0.666667
20200407,443,0.067045,0.345455,0.599496,0.333333
20200407,444,0.067045,0.381818,0.604534,0.666667
20200407,445,0.067045,0.381818,0.604534,0.666667
20200407,446,0.068182,0.290909,0.594458,0.333333
20200407,447,0.068182,0.290909,0.594458,0.666667
20200407,448,0.067045,0.327273,0.59194,0.0
20200407,449,0.067045,0.327273,0.59194,0.333333
20200407,450,0.065909,0.345455,0.59194,0.666667
20200407,451,0.065909,0.345455,0.59194,0.666667
20200407,452,0.065909,0.272727,0.584383,0.666667
20200407,453,0.065909,0.272727,0.584383,0.666667
20200407,454,0.067045,0.272727,0.607053,0.333333
20200407,455,0.067045,0.272727,0.607053,0.666667
20200407,456,0.067045,0.381818,0.604534,0.666667
20200407,457,0.067045,0.381818,0.604534,0.333333
20200407,458,0.067045,0.327273,0.599496,0.666667
20200407,459,0.067045,0.327273,0.599496,0.0
20200407,460,0.065909,0.4,0.599496,0.333333
20200407,461,0.065909,0.4,0.599496,0.666667
20200407,462,0.065909,0.381818,0.596977,0.666667
20200407,463,0.065909,0.381818,0.596977,0.666667
20200407,464,0.065909,0.4,0.581864,1.0
20200407,465,0.065909,0.4,0.581864,0.333333
20200407,466,0.065909,0.345455,0.59194,0.333333
20200407,467,0.065909,0.345455,0.59194,0.666667
20200407,468,0.067045,0.381818,0.596977,0.666667
20200407,469,0.067045,0.381818,0.596977,0.666667
20200407,470,0.065909,0.363636,0.607053,0.666667
20200407,471,0.065909,0.363636,0.607053,0.666667
20200407,472,0.064773,0.345455,0.602015,0.666667
20200407,473,0.064773,0.345455,0.602015,0.666667
20200407,474,0.064773,0.363636,0.607053,0.333333
20200407,475,0.064773,0.363636,0.607053,0.333333
20200407,476,0.064773,0.381818,0.596977,0.333333
20200407,477,0.064773,0.381818,0.596977,0.333333
20200407,478,0.063636,0.4,0.596977,0.333333
20200407,479,0.063636,0.4,0.596977,0.666667
20200407,480,0.069318,0.454545,0.594458,1.0
20200407,481,0.069318,0.454545,0.594458,0.333333
20200407,482,0.070455,0.4,0.594458,0.666667
20200407,483,0.070455,0.4,0.594458,0.333333
20200407,484,0.069318,0.4,0.596977,0.666667
20200407,485,0.069318,0.4,0.596977,1.0
20200407,486,0.068182,0.345455,0.599496,0.333333
20200407,487,0.070455,0.145455,0.576826,0.666667
20200407,488,0.070455,0.163636,0.589421,0.666667
20200407,489,0.070455,0.163636,0.589421,0.333333
20200407,490,0.071591,0.181818,0.594458,0.666667
20200407,491,0.071591,0.181818,0.594458,0.666667
20200407,492,0.070455,0.145455,0.609572,0.333333
20200407,493,0.070455,0.145455,0.609572,0.666667
20200407,494,0.071591,0.163636,0.612091,0.0
20200407,495,0.071591,0.163636,0.612091,0.333333
20200407,496,0.070455,0.236364,0.609572,0.666667
20200407,497,0.070455,0.236364,0.609572,0.666667
20200407,498,0.069318,0.145455,0.599496,0.666667
20200407,499,0.069318,0.145455,0.599496,1.0
20200407,500,0.069318,0.181818,0.576826,0.333333
20200407,501,0.069318,0.181818,0.576826,0.333333
20200407,502,0.069318,0.072727,0.586902,0.666667
20200407,503,0.069318,0.072727,0.586902,0.666667
20200407,504,0.068182,0.127273,0.59194,0.666667
20200407,505,0.068182,0.127273,0.59194,0.666667
20200407,506,0.071591,0.054545,0.599496,0.666667
20200407,507,0.071591,0.054545,0.599496,0.666667
20200407,508,0.071591,0.145455,0.624685,0.666667
20200407,509,0.071591,0.145455,0.624685,0.333333
20200407,510,0.069318,0.018182,0.624685,0.333333
20200407,511,0.069318,0.018182,0.624685,0.333333
20200407,512,0.072727,0.054545,0.622166,0.333333
20200407,513,0.072727,0.054545,0.622166,0.333333
20200407,514,0.069318,0.072727,0.599496,0.666667
20200407,515,0.069318,0.072727,0.599496,1.0
20200407,516,0.067045,0.109091,0.596977,0.333333
20200407,517,0.067045,0.109091,0.596977,0.666667
20200407,518,0.070455,0.090909,0.589421,0.333333
20200407,519,0.070455,0.090909,0.589421,0.666667
20200407,520,0.069318,0.036364,0.584383,1.0
20200407,521,0.069318,0.036364,0.584383,0.333333
20200407,522,0.070455,0.072727,0.594458,0.666667
20200407,523,0.070455,0.072727,0.594458,0.666667
20200407,524,0.070455,0.054545,0.612091,0.666667
20200407,525,0.070455,0.054545,0.612091,0.333333
20200407,526,0.072727,0.036364,0.622166,0.666667
20200407,527,0.072727,0.036364,0.622166,0.666667
20200407,528,0.072727,0.127273,0.619647,0.333333
20200407,529,0.072727,0.127273,0.619647,0.666667
20200407,530,0.068182,0.109091,0.61461,0.0
20200407,531,0.068182,0.109091,0.61461,0.333333
20200407,532,0.069318,0.163636,0.599496,0.666667
20200407,533,0.069318,0.163636,0.599496,0.666667
20200407,534,0.067045,0.145455,0.571788,0.666667
20200407,535,0.067045,0.145455,0.571788,1.0
20200407,536,0.070455,0.127273,0.581864,0.333333
20200407,537,0.070455,0.127273,0.581864,0.333333
20200407,538,0.067045,0.327273,0.599496,0.666667
20200407,539,0.067045,0.327273,0.599496,0.0
20200407,540,0.065909,0.4,0.599496,0.333333
20200407,541,0.065909,0.4,0.599496,0.666667
20200407,542,0.065909,0.381818,0.596977,0.666667
20200407,543,0.065909,0.381818,0.596977,0.666667
20200407,544,0.065909,0.4,0.581864,1.0
20200407,545,0.065909,0.4,0.581864,0.333333
20200407,546,0.065909,0.345455,0.59194,0.333333
20200407,547,0.065909,0.345455,0.59194,0.666667
20200407,548,0.067045,0.381818,0.596977,0.666667
20200407,549,0.067045,0.381818,0.596977,0.666667
20200407,550,0.065909,0.363636,0.607053,0.666667
20200407,551,0.065909,0.363636,0.607053,0.666667
20200407,552,0.064773,0.345455,0.602015,0.666667
20200407,553,0.064773,0.345455,0.602015,0.666667
20200407,554,0.064773,0.363636,0.607053,0.333333
20200407,555,0.064773,0.363636,0.607053,0.333333
20200407,556,0.064773,0.381818,0.596977,0.333333
20200407,557,0.064773,0.381818,0.596977,0.333333
20200407,558,0.063636,0.4,0.596977,0.333333
20200407,559,0.063636,0.4,0.596977,0.666667
20200407,560,0.069318,0.454545,0.594458,1.0
20200407,561,0.069318,0.454545,0.594458,0.333333
20200407,562,0.070455,0.4,0.594458,0.666667
20200407,563,0.070455,0.4,0.594458,0.333333
20200407,564,0.069318,0.4,0.596977,0.666667
20200407,565,0.069318,0.4,0.596977,1.0
20200407,566,0.068182,0.345455,0.599496,0.333333
20200407,567,0.070455,0.145455,0.576826,0.666667
20200407,568,0.070455,0.163636,0.589421,0.666667
20200407,569,0.070455,0.163636,0.589421,0.333333
20200407,570,0.071591,0.181818,0.594458,0.666667
20200407,571,0.071591,0.181818,0.594458,0.666667
20200407,572,0.070455,0.145455,0.609572,0.333333
20200407,573,0.070455,0.145455,0.609572,0.666667
20200407,574,0.071591,0.163636,0.612091,0.0
20200407,575,0.071591,0.163636,0.612091,0.333333
20200407,576,0.070455,0.236364,0.609572,0.666667
20200407,577,0.070455,0.236364,0.609572,0.666667
20200407,578,0.069318,0.145455,0.599496,0.666667
20200407,579,0.069318,0.145455,0.599496,1.0
20200407,580,0.069318,0.181818,0.576826,0.333333
20200407,581,0.069318,0.181818,0.576826,0.333333
20200407,582,0.069318,0.072727,0.586902,0.666667
20200407,583,0.069318,0.072727,0.586902,0.666667
20200407,584,0.068182,0.127273,0.59194,0.666667
20200407,585,0.068182,0.127273,0.59194,0.666667
20200407,586,0.071591,0.054545,0.599496,0.666667
20200407,587,0.071591,0.054545,0.599496,0.666667
20200407,588,0.071591,0.145455,0.624685,0.666667
20200407,589,0.071591,0.145455,0.624685,0.333333
20200407,590,0.069318,0.018182,0.624685,0.333333
20200407,591,0.069318,0.018182,0.624685,0.333333
20200407,592,0.072727,0.054545,0.622166,0.333333
20200407,593,0.072727,0.054545,0.622166,0.333333
20200407,594,0.069318,0.072727,0.599496,0.666667
20200407,595,0.069318,0.072727,0.599496,1.0
20200407,596,0.067045,0.109091,0.596977,0.333333
20200407,597,0.067045,0.109091,0.596977,0.666667
20200407,598,0.070455,0.090909,0.589421,0.333333
20200407,599,0.070455,0.090909,0.589421,0.666667
20200407,600,0.069318,0.036364,0.584383,1.0
20200407,601,0.069318,0.036364,0.584383,0.333333
20200407,602,0.070455,0.072727,0.594458,0.666667
20200407,603,0.070455,0.072727,0.594458,0.666667
20200407,604,0.070455,0.054545,0.612091,0.666667
20200407,605,0.070455,0.054545,0.612091,0.333333
20200407,606,0.072727,0.036364,0.622166,0.666667
20200407,607,0.072727,0.036364,0.622166,0.666667
20200407,608,0.072727,0.127273,0.619647,0.333333
20200407,609,0.072727,0.127273,0.619647,0.666667
20200407,610,0.068182,0.109091,0.61461,0.0
20200407,611,0.068182,0.109091,0.61461,0.333333
20200407,612,0.069318,0.163636,0.599496,0.666667
20200407,613,0.069318,0.163636,0.599496,0.666667
20200407,614,0.067045,0.381818,0.604534,0.666667
20200407,615,0.067045,0.381818,0.604534,0.333333
20200407,616,0.067045,0.327273,0.599496,0.666667
20200407,617,0.067045,0.327273,0.599496,0.0
20200407,618,0.065909,0.4,0.599496,0.333333
20200407,619,0.065909,0.4,0.599496,0.666667
20200407,620,0.065909,0.381818,0.596977,0.666667
20200407,621,0.065909,0.381818,0.596977,0.666667
20200407,622,0.065909,0.4,0.581864,1.0
20200407,623,0.065909,0.4,0.581864,0.333333
20200407,624,0.065909,0.345455,0.59194,0.333333
20200407,625,0.065909,0.345455,0.59194,0.666667
20200407,626,0.067045,0.381818,0.596977,0.666667
20200407,627,0.067045,0.381818,0.596977,0.666667
20200407,628,0.065909,0.363636,0.607053,0.666667
20200407,629,0.065909,0.363636,0.607053,0.666667
20200407,630,0.064773,0.345455,0.602015,0.666667
20200407,631,0.064773,0.345455,0.602015,0.666667
20200407,632,0.064773,0.363636,0.607053,0.333333
20200407,633,0.064773,0.363636,0.607053,0.333333
20200407,634,0.064773,0.381818,0.596977,0.333333
20200407,635,0.064773,0.381818,0.596977,0.333333
20200407,636,0.063636,0.4,0.596977,0.333333
20200407,637,0.063636,0.4,0.596977,0.666667
20200407,638,0.069318,0.454545,0.594458,1.0
20200407,639,0.069318,0.454545,0.594458,0.333333
20200407,640,0.070455,0.4,0.594458,0.666667
20200407,641,0.070455,0.4,0.594458,0.333333
20200407,642,0.069318,0.4,0.596977,0.666667
20200407,643,0.069318,0.4,0.596977,1.0
20200407,644,0.068182,0.345455,0.599496,0.333333
20200407,645,0.070455,0.145455,0.576826,0.666667
20200407,646,0.070455,0.163636,0.589421,0.666667
20200407,647,0.070455,0.163636,0.589421,0.333333
20200407,648,0.071591,0.181818,0.594458,0.666667
20200407,649,0.071591,0.181818,0.594458,0.666667
20200407,650,0.070455,0.145455,0.609572,0.333333
20200407,651,0.070455,0.145455,0.609572,0.666667
20200407,652,0.071591,0.163636,0.612091,0.0
20200407,653,0.071591,0.163636,0.612091,0.333333
20200407,654,0.070455,0.236364,0.609572,0.666667
20200407,655,0.070455,0.236364,0.609572,0.666667
20200407,656,0.069318,0.145455,0.599496,0.666667
20200407,657,0.069318,0.145455,0.599496,1.0
20200407,658,0.069318,0.181818,0.576826,0.333333
20200407,659,0.069318,0.181818,0.576826,0.333333
20200407,660,0.069318,0.072727,0.586902,0.666667
20200407,661,0.069318,0.072727,0.586902,0.666667
20200407,662,0.068182,0.127273,0.59194,0.666667
20200407,663,0.068182,0.127273,0.59194,0.666667
20200407,664,0.071591,0.054545,0.599496,0.666667
20200407,665,0.071591,0.054545,0.599496,0.666667
20200407,666,0.071591,0.145455,0.624685,0.666667
20200407,667,0.071591,0.145455,0.624685,0.333333
20200407,668,0.069318,0.018182,0.624685,0.333333
20200407,669,0.069318,0.018182,0.624685,0.333333
