row,용접 가압력(bar),전류(kA),전압(V),통전시간(ms)
0,-0.355759,0.492502,-0.181177,-1.144329
1,-0.280207,-1.224398,-0.181177,0.444477
2,-0.314549,-1.426386,-0.181177,0.444477
3,-0.293943,-1.426386,-0.181177,0.444477
4,-0.287075,-1.729369,-0.181177,-1.144329
5,-0.287075,-1.729369,-0.181177,0.444477
6,-0.293943,-1.52738,-0.181177,0.444477
7,-0.30768,-1.52738,-0.181177,-1.144329
8,-0.300812,-1.830363,-0.181177,0.444477
9,-0.314549,-1.830363,-0.181177,-2.733136
10,-0.321417,-1.426386,-0.181177,-1.144329
11,-0.321417,-1.426386,-0.181177,0.444477
12,-0.314549,-1.224398,-0.181177,0.444477
13,-0.293943,-1.224398,-0.181177,0.444477
14,-0.287075,-1.224398,-0.181177,2.033284
15,-0.287075,-1.224398,-0.181177,-1.144329
16,-0.287075,-1.224398,-0.181177,-1.144329
17,-0.293943,-1.224398,-0.181177,0.444477
18,-0.300812,-1.325392,0.220955,0.444477
19,-0.293943,-1.628375,-0.181177,0.444477
20,-0.293943,-1.628375,-0.181177,0.444477
21,-0.30768,-1.628375,-0.181177,0.444477
22,-0.30768,-1.628375,-0.181177,0.444477
23,-0.293943,-1.426386,-0.181177,-1.144329
24,-0.293943,-1.426386,-0.181177,-1.144329
25,-0.293943,-1.325392,-0.181177,-1.144329
26,-0.280207,-1.325392,-0.181177,-1.144329
27,-0.335154,-1.02241,-0.181177,-1.144329
28,-0.335154,-1.02241,-0.181177,0.444477
29,-0.293943,-1.52738,-0.181177,2.033284
30,-0.293943,-1.52738,-0.181177,-1.144329
31,-0.280207,-1.224398,0.220955,0.444477
32,-0.280207,-1.224398,0.220955,-1.144329
33,-0.293943,-1.224398,0.220955,0.444477
34,-0.293943,-1.224398,0.220955,2.033284
35,-0.314549,-1.426386,-0.181177,-1.144329
36,-0.293943,-1.426386,-0.181177,0.444477
37,-0.280207,-0.921416,-0.181177,0.444477
38,-0.328286,-0.921416,-0.181177,0.444477
39,-0.335154,-1.02241,-0.181177,-1.144329
40,-0.335154,-1.02241,-0.181177,0.444477
41,-0.30768,-1.02241,-0.583309,0.444477
42,-0.30768,-1.02241,-0.583309,-1.144329
43,-0.314549,-1.02241,-0.181177,0.444477
44,-0.314549,-1.02241,-0.181177,-2.733136
45,-0.287075,-1.123404,-0.181177,-1.144329
46,-0.287075,-1.123404,-0.181177,0.444477
47,-0.287075,-1.123404,0.220955,0.444477
48,-0.328286,-1.123404,0.220955,0.444477
49,-0.293943,-1.426386,0.220955,2.033284
50,-0.293943,-1.426386,0.220955,-1.144329
51,-0.300812,-1.224398,0.220955,-1.144329
52,-0.300812,-1.224398,0.220955,0.444477
53,-0.280207,-1.224398,-0.181177,0.444477
54,-0.280207,-1.224398,-0.181177,0.444477
55,-0.280207,-1.224398,-0.181177,0.444477
56,-0.30768,-1.224398,-0.181177,0.444477
57,-0.300812,-1.123404,-0.583309,0.444477
58,-0.300812,-1.123404,-0.583309,0.444477
59,-0.287075,-1.123404,-0.583309,-1.144329
60,-0.287075,-1.224398,-0.583309,-1.144329
61,-0.30768,-0.820422,-0.181177,-1.144329
62,-0.30768,-0.820422,-0.181177,-1.144329
63,-0.335154,-1.325392,0.220955,-1.144329
64,-0.335154,-1.325392,0.220955,0.444477
65,-0.328286,-1.123404,0.220955,2.033284
66,-0.328286,-1.123404,0.220955,-1.144329
67,-0.369496,-0.921416,0.220955,0.444477
68,-0.369496,-0.921416,0.220955,-1.144329
69,-0.410707,-1.02241,0.220955,0.444477
70,-0.410707,-1.02241,0.220955,2.033284
71,-0.424443,-0.719428,-0.181177,-1.144329
72,-0.424443,-0.719428,-0.181177,0.444477
73,-0.431312,-0.719428,-0.181177,0.444477
74,-0.431312,-0.719428,-0.181177,0.444477
75,-0.417575,-0.618433,-0.181177,0.444477
76,-0.362628,-1.123404,-0.181177,0.444477
77,-0.362628,-1.123404,-0.181177,0.444477
78,-0.293943,-1.426386,-0.181177,-1.144329
79,-0.293943,-1.426386,-0.181177,-1.144329
80,-0.287075,-1.123404,0.220955,0.444477
81,-0.287075,-1.123404,0.220955,-1.144329
82,-0.280207,-1.224398,-0.181177,2.033284
83,-0.280207,-1.224398,-0.181177,0.444477
84,-0.300812,-1.628375,-0.181177,0.444477
85,-0.300812,-1.628375,-0.181177,0.444477
86,-0.280207,-1.325392,-0.181177,0.444477
87,-0.280207,-1.325392,-0.181177,0.444477
88,-0.300812,-1.325392,-0.181177,0.444477
89,-0.300812,-1.325392,-0.181177,0.444477
90,-0.287075,-1.628375,-0.181177,0.444477
91,-0.287075,-1.628375,-0.181177,0.444477
92,-0.273338,-1.426386,0.220955,-1.144329
93,-0.273338,-1.426386,0.220955,-1.144329
94,-0.300812,-1.426386,0.220955,0.444477
95,-0.300812,-1.325392,0.220955,-1.144329
96,-0.280207,-1.628375,0.220955,2.033284
97,-0.314549,-1.628375,0.220955,0.444477
98,-0.280207,-1.224398,-0.181177,0.444477
99,-0.314549,-1.224398,-0.181177,0.444477
100,-0.280207,-1.325392,-0.181177,0.444477
101,-0.314549,-1.325392,-0.181177,0.444477
102,-0.287075,-1.325392,-0.181177,-1.144329
103,-0.287075,-1.325392,-0.181177,0.444477
104,-0.30768,-1.123404,-0.583309,0.444477
105,-0.293943,-1.123404,-0.583309,-1.144329
106,-0.287075,-1.52738,-0.181177,0.444477
107,-0.300812,-1.52738,-0.181177,-2.733136
108,-0.273338,-1.426386,-0.181177,-1.144329
109,-0.273338,-1.426386,-0.181177,0.444477
110,-0.280207,-1.426386,0.220955,0.444477
111,-0.280207,-1.426386,0.220955,0.444477
112,-0.280207,-1.729369,0.220955,2.033284
113,-0.280207,-1.729369,0.220955,-1.144329
114,-0.280207,-1.628375,-0.181177,-1.144329
115,-0.280207,-1.628375,-0.181177,0.444477
116,-0.287075,-1.325392,-0.181177,0.444477
117,-0.287075,-1.325392,-0.181177,0.444477
118,-0.293943,-1.325392,-0.181177,0.444477
119,-0.293943,-1.325392,-0.181177,0.444477
120,-0.287075,-1.02241,-0.181177,0.444477
121,-0.287075,-1.02241,-0.181177,0.444477
122,-0.293943,-1.224398,-0.181177,-1.144329
123,-0.293943,-1.224398,-0.181177,-1.144329
124,-0.287075,-1.325392,-0.181177,-1.144329
125,-0.287075,-1.325392,-0.181177,-1.144329
126,-0.280207,-1.224398,-0.181177,-1.144329
127,-0.280207,-1.830363,0.220955,2.033284
128,-0.280207,-1.830363,0.220955,-1.144329
129,-0.273338,-1.426386,-0.181177,0.444477
130,-0.273338,-1.426386,-0.181177,-1.144329
131,-0.280207,-1.426386,-0.181177,0.444477
132,-0.280207,-1.426386,-0.181177,2.033284
133,-0.280207,-1.52738,-0.181177,-1.144329
134,-0.280207,-1.52738,-0.181177,0.444477
135,-0.273338,-1.224398,-0.181177,0.444477
136,-0.273338,-1.224398,-0.181177,0.444477
137,-0.287075,-1.325392,-0.181177,0.444477
138,-0.287075,-1.325392,-0.181177,0.444477
139,-0.280207,-1.729369,0.220955,0.444477
140,-0.280207,-1.729369,0.220955,0.444477
141,-0.280207,-1.729369,-0.181177,-1.144329
142,-0.280207,-1.729369,-0.181177,-1.144329
143,-0.273338,-1.52738,0.220955,0.444477
144,-0.273338,-1.52738,0.220955,-1.144329
145,-0.273338,-1.931357,0.220955,2.033284
146,-0.273338,-1.931357,0.220955,0.444477
147,-0.287075,-1.224398,-0.181177,0.444477
148,-0.287075,-1.224398,-0.181177,0.444477
149,-0.280207,-1.426386,-0.181177,0.444477
150,-0.280207,-1.426386,-0.181177,0.444477
151,-0.287075,-1.224398,-0.181177,0.444477
152,-0.287075,-1.224398,-0.181177,0.444477
153,-0.287075,-1.426386,-0.181177,0.444477
154,-0.287075,-1.426386,-0.181177,0.444477
155,-0.287075,-1.325392,-0.181177,0.444477
156,-0.287075,-1.325392,-0.181177,0.444477
157,-0.273338,-1.325392,0.220955,0.444477
158,-0.273338,-1.325392,0.220955,0.444477
159,-0.280207,-1.628375,0.220955,0.444477
160,-0.280207,-1.628375,0.220955,0.444477
161,-0.280207,-1.52738,0.220955,0.444477
162,-0.280207,-1.52738,0.220955,0.444477
163,-0.280207,-1.224398,-0.181177,0.444477
164,-0.280207,-1.224398,-0.181177,0.444477
165,-0.293943,-1.325392,-0.181177,0.444477
166,-0.293943,-1.325392,-0.181177,0.444477
167,-0.280207,-1.426386,-0.181177,0.444477
168,-0.280207,-1.426386,-0.181177,0.444477
169,-0.293943,-1.123404,-0.583309,0.444477
170,-0.293943,-1.123404,-0.583309,0.444477
171,-0.273338,-1.325392,-0.181177,0.444477
172,-0.273338,-1.325392,-0.181177,0.444477
173,-0.280207,-1.426386,-0.181177,0.444477
174,-0.280207,-1.426386,-0.181177,0.444477
175,-0.273338,-1.729369,0.220955,0.444477
176,-0.273338,-1.729369,0.220955,0.444477
177,-0.280207,-1.123404,0.220955,0.444477
178,-0.280207,-1.123404,0.220955,-1.144329
179,-0.293943,-1.224398,-0.181177,0.444477
180,-0.293943,-1.224398,-0.181177,0.444477
181,-0.293943,-1.426386,-0.181177,-1.144329
182,-0.293943,-1.426386,-0.181177,0.444477
183,-0.287075,-1.224398,-0.181177,-2.733136
184,-0.287075,-1.224398,-0.181177,-1.144329
185,-0.293943,-0.719428,-0.181177,0.444477
186,-0.293943,-0.719428,-0.181177,0.444477
187,-0.280207,-1.224398,-0.181177,0.444477
188,-0.280207,-1.224398,-0.181177,2.033284
189,-0.280207,-1.426386,-0.181177,-1.144329
190,-0.280207,-1.426386,-0.181177,-1.144329
191,-0.287075,-1.52738,-0.181177,0.444477
192,-0.287075,-1.52738,-0.181177,0.444477
193,-0.287075,-1.325392,-0.181177,0.444477
194,-0.287075,-1.325392,-0.181177,0.444477
195,-0.280207,-1.426386,-0.181177,0.444477
196,-0.280207,-1.426386,-0.181177,0.444477
197,-0.287075,-1.123404,-0.181177,0.444477
198,-0.287075,-1.123404,-0.181177,-1.144329
199,-0.293943,-1.426386,-0.181177,-1.144329
200,-0.293943,-1.426386,-0.181177,-1.144329
201,-0.273338,-1.224398,-0.181177,-1.144329
202,-0.273338,-1.224398,-0.181177,-1.144329
203,-0.280207,-1.224398,-0.181177,0.444477
204,-0.280207,-1.224398,-0.181177,2.033284
205,-0.293943,-1.224398,0.220955,-1.144329
206,-0.293943,-1.224398,0.220955,0.444477
207,-0.280207,-1.224398,0.220955,-1.144329
208,-0.280207,-1.224398,0.220955,0.444477
209,-0.280207,-1.628375,0.220955,2.033284
210,-0.280207,-1.628375,0.220955,-1.144329
211,-0.280207,-1.123404,-0.181177,0.444477
212,-0.280207,-1.123404,-0.181177,0.444477
213,-0.293943,-1.224398,-0.181177,0.444477
214,-0.293943,-1.224398,-0.181177,-1.144329
215,-0.293943,-1.325392,-0.583309,0.444477
216,-0.293943,-1.325392,-0.583309,0.444477
217,-0.280207,-1.426386,-0.181177,-1.144329
218,-0.280207,-1.426386,-0.181177,0.444477
219,-0.287075,-1.52738,-0.181177,-2.733136
220,-0.287075,-1.52738,-0.181177,-1.144329
221,-0.287075,-1.628375,-0.181177,0.444477
222,-0.287075,-1.628375,-0.181177,0.444477
223,-0.273338,-1.52738,0.220955,0.444477
224,-0.273338,-1.52738,0.220955,2.033284
225,-0.280207,-1.830363,0.220955,-1.144329
226,-0.280207,-1.830363,0.220955,-1.144329
227,-0.287075,-1.325392,0.220955,0.444477
228,-0.287075,-1.325392,0.220955,0.444477
229,-0.30768,-1.325392,-0.181177,0.444477
230,-0.30768,-1.325392,-0.181177,0.444477
231,-0.300812,-1.123404,-0.181177,0.444477
232,-0.300812,-1.123404,-0.181177,0.444477
233,-0.293943,-0.921416,-0.181177,0.444477
234,-0.293943,-0.921416,-0.181177,-1.144329
235,-0.30768,-1.325392,-0.181177,-1.144329
236,-0.30768,-1.325392,-0.181177,-1.144329
237,-0.287075,-1.224398,-0.181177,-1.144329
238,-0.287075,-1.224398,-0.181177,-1.144329
239,-0.280207,-1.52738,0.220955,0.444477
240,-0.280207,-1.52738,0.220955,2.033284
241,-0.287075,-1.325392,0.220955,-1.144329
242,-0.287075,-1.325392,0.220955,0.444477
243,-0.287075,-1.52738,0.220955,0.444477
244,-0.293943,-1.628375,-0.181177,2.033284
245,-0.293943,-1.628375,-0.181177,-1.144329
246,-0.293943,-1.325392,-0.181177,0.444477
247,-0.293943,-1.325392,-0.181177,0.444477
248,-0.287075,-1.325392,-0.181177,0.444477
249,-0.287075,-1.325392,-0.181177,0.444477
250,-0.293943,-1.02241,-0.181177,0.444477
251,-0.293943,-1.02241,-0.181177,0.444477
252,-0.280207,-1.02241,0.220955,0.444477
253,-0.280207,-1.02241,0.220955,-1.144329
254,-0.280207,-1.325392,0.220955,-1.144329
255,-0.280207,-1.325392,0.220955,0.444477
256,-0.280207,-1.123404,0.220955,-1.144329
257,-0.280207,-1.123404,0.220955,2.033284
258,-0.293943,-1.426386,-0.181177,0.444477
259,-0.293943,-1.426386,-0.181177,0.444477
260,-0.280207,-1.325392,-0.181177,0.444477
261,-0.280207,-1.325392,-0.181177,0.444477
262,-0.287075,-0.921416,-0.181177,0.444477
263,-0.287075,-0.921416,-0.181177,0.444477
264,-0.300812,-1.325392,-0.181177,0.444477
265,-0.300812,-1.325392,-0.181177,0.444477
266,-0.280207,-1.02241,-0.181177,0.444477
267,-0.280207,-1.02241,-0.181177,-1.144329
268,-0.287075,-1.123404,-0.181177,-1.144329
269,-0.287075,-1.123404,-0.181177,0.444477
270,-0.287075,-1.224398,-0.181177,-1.144329
271,-0.287075,-1.224398,-0.181177,2.033284
272,-0.287075,-1.325392,-0.181177,0.444477
273,-0.287075,-1.325392,-0.181177,0.444477
274,-0.293943,-1.123404,-0.583309,0.444477
275,-0.293943,-1.123404,-0.583309,0.444477
276,-0.293943,-1.02241,-0.181177,0.444477
277,-0.293943,-1.02241,-0.181177,-1.144329
278,-0.287075,-0.921416,-0.181177,0.444477
279,-0.287075,-0.921416,-0.181177,0.444477
280,-0.293943,-1.123404,0.220955,-1.144329
281,-0.293943,-1.123404,0.220955,0.444477
282,-0.287075,-1.02241,0.220955,-2.733136
283,-0.287075,-1.02241,0.220955,-1.144329
284,-0.293943,-0.618433,0.220955,0.444477
285,-0.293943,-0.618433,0.220955,0.444477
286,-0.300812,-1.123404,-0.181177,0.444477
287,-0.300812,-1.123404,-0.181177,2.033284
288,-0.300812,-0.921416,-0.583309,-1.144329
289,-0.300812,-0.921416,-0.583309,-1.144329
290,-0.300812,-1.52738,-0.181177,0.444477
291,-0.300812,-1.52738,-0.181177,0.444477
292,-0.30768,-1.224398,-0.181177,0.444477
293,-0.30768,-1.224398,-0.181177,0.444477
294,-0.287075,-1.628375,-0.181177,0.444477
295,-0.287075,-1.628375,-0.181177,0.444477
296,-0.287075,-1.123404,0.220955,0.444477
297,-0.287075,-1.123404,0.220955,-1.144329
298,-0.300812,-1.830363,0.220955,-1.144329
299,-0.300812,-1.830363,0.220955,-1.144329
300,-0.280207,-1.628375,0.220955,-1.144329
301,-0.280207,-1.628375,0.220955,-1.144329
302,-0.300812,-1.52738,-0.181177,0.444477
303,-0.300812,-1.52738,-0.181177,2.033284
304,-0.314549,-1.325392,-0.181177,-1.144329
305,-0.314549,-1.325392,-0.181177,0.444477
306,-0.293943,-1.426386,-0.181177,-1.144329
307,-0.293943,-1.426386,-0.181177,0.444477
308,-0.300812,-1.729369,-0.181177,2.033284
309,-0.300812,-1.729369,-0.181177,-1.144329
310,-0.293943,-1.52738,-0.181177,0.444477
311,-0.293943,-1.52738,-0.181177,0.444477
312,-0.293943,-1.628375,0.220955,0.444477
313,-0.293943,-1.628375,0.220955,-1.144329
314,-0.280207,-1.729369,0.220955,0.444477
315,-0.280207,-1.729369,0.220955,0.444477
316,-0.280207,-1.224398,0.220955,-1.144329
317,-0.280207,-1.224398,0.220955,0.444477
318,-0.30768,-1.325392,0.220955,-2.733136
319,-0.30768,-1.325392,0.220955,-1.144329
320,-0.300812,-1.02241,-0.181177,0.444477
321,-0.300812,-1.02241,-0.181177,0.444477
322,-0.314549,-1.123404,-0.583309,0.444477
323,-0.314549,-1.123404,-0.583309,2.033284
324,-0.293943,-1.224398,-0.181177,-1.144329
325,-0.293943,-1.224398,-0.181177,-1.144329
326,-0.293943,-0.719428,-0.181177,0.444477
327,-0.293943,-0.719428,-0.181177,0.444477
328,-0.300812,-0.921416,0.220955,0.444477
329,-0.300812,-0.921416,0.220955,0.444477
330,-0.280207,-1.52738,0.220955,0.444477
331,-0.280207,-1.52738,0.220955,0.444477
332,-0.287075,-1.224398,0.220955,0.444477
333,-0.287075,-1.224398,0.220955,-1.144329
334,-0.287075,-1.426386,0.220955,-1.144329
335,-0.287075,-1.426386,0.220955,-1.144329
336,-0.328286,-1.123404,-0.181177,-1.144329
337,-0.328286,-1.123404,-0.181177,-1.144329
338,-0.300812,-1.224398,-0.181177,0.444477
339,-0.300812,-1.224398,-0.181177,2.033284
340,-0.30768,-1.325392,-0.181177,-1.144329
341,-0.30768,-1.325392,-0.181177,0.444477
342,-0.300812,-1.224398,-0.181177,-1.144329
343,-0.300812,-1.224398,-0.181177,0.444477
344,-0.280207,-1.325392,-0.181177,2.033284
345,-0.280207,-1.325392,-0.181177,-1.144329
346,-0.293943,-1.325392,0.220955,0.444477
347,-0.293943,-1.325392,0.220955,0.444477
348,-0.293943,-0.921416,-0.181177,0.444477
349,-0.293943,-0.921416,-0.181177,0.444477
350,-0.287075,-1.426386,-0.181177,0.444477
351,-0.287075,-1.426386,-0.181177,0.444477
352,-0.293943,-1.224398,-0.181177,0.444477
353,-0.293943,-1.224398,-0.181177,-1.144329
354,-0.30768,-1.224398,-0.181177,-1.144329
355,-0.30768,-1.224398,-0.181177,0.444477
356,-0.30768,-1.123404,-0.181177,-1.144329
357,-0.30768,-1.123404,-0.181177,2.033284
358,-0.300812,-0.820422,-0.181177,0.444477
359,-0.300812,-0.820422,-0.181177,0.444477
360,-0.300812,-1.02241,-0.181177,0.444477
361,-0.300812,-1.02241,-0.181177,0.444477
362,-0.293943,-1.224398,0.220955,0.444477
363,-0.293943,-1.224398,0.220955,0.444477
364,-0.287075,-1.628375,0.220955,0.444477
365,-0.287075,-1.628375,0.220955,0.444477
366,-0.30768,-1.628375,-0.181177,0.444477
367,-0.30768,-1.628375,-0.181177,-1.144329
368,-0.293943,-1.02241,-0.181177,-1.144329
369,-0.293943,-1.02241,-0.181177,0.444477
370,-0.300812,-1.02241,-0.181177,-1.144329
371,-0.300812,-1.02241,-0.181177,2.033284
372,-0.293943,-1.628375,-0.181177,0.444477
373,-0.293943,-1.628375,-0.181177,0.444477
374,-0.287075,-1.123404,-0.181177,0.444477
375,-0.287075,-1.123404,-0.181177,0.444477
376,-0.293943,-1.426386,-0.181177,0.444477
377,-0.293943,-1.426386,-0.181177,-1.144329
378,-0.287075,-1.325392,-0.181177,0.444477
379,-0.287075,-1.325392,-0.181177,0.444477
380,-0.287075,-1.224398,-0.181177,-1.144329
381,-0.287075,-1.224398,-0.181177,0.444477
382,-0.314549,-1.628375,-0.181177,-2.733136
383,-0.314549,-1.628375,-0.181177,-1.144329
384,-0.293943,-1.123404,-0.181177,0.444477
385,-0.293943,-1.123404,-0.181177,0.444477
386,-0.287075,-1.123404,-0.181177,0.444477
387,-0.287075,-1.123404,-0.181177,2.033284
388,-0.287075,-1.224398,-0.181177,-1.144329
389,-0.287075,-1.224398,-0.181177,-1.144329
390,-0.300812,-1.02241,-0.181177,0.444477
391,-0.300812,-1.02241,-0.181177,0.444477
392,-0.30768,-1.224398,-0.181177,0.444477
393,-0.30768,-1.224398,-0.181177,0.444477
394,-0.293943,-0.719428,-0.181177,0.444477
395,-0.293943,-0.719428,-0.181177,0.444477
396,-0.30768,-0.315451,-0.181177,0.444477
397,-0.30768,-0.315451,-0.181177,-1.144329
398,-0.300812,-0.618433,-0.181177,-1.144329
399,-0.300812,-0.618433,-0.181177,-1.144329
400,-0.287075,-0.719428,-0.181177,-1.144329
401,-0.287075,-0.719428,-0.181177,-1.144329
402,-0.287075,-0.719428,-0.181177,0.444477
403,-0.287075,-0.719428,-0.181177,2.033284
404,-0.300812,-0.113463,-0.181177,-1.144329
405,-0.300812,-0.113463,-0.181177,0.444477
406,-0.287075,-0.416445,-0.181177,-1.144329
407,-0.287075,-0.416445,-0.181177,0.444477
408,-0.300812,-0.517439,-0.181177,2.033284
409,-0.300812,-0.517439,-0.181177,-1.144329
410,-0.293943,-0.416445,-0.181177,0.444477
411,-0.293943,-0.416445,-0.181177,0.444477
412,-0.293943,-0.517439,-0.181177,0.444477
413,-0.293943,-0.517439,-0.181177,0.444477
414,-0.293943,-0.315451,-0.181177,0.444477
415,-0.293943,-0.315451,-0.181177,0.444477
416,-0.300812,-0.517439,0.220955,0.444477
417,-0.300812,-0.517439,0.220955,-1.144329
418,-0.293943,-0.012469,-0.181177,-1.144329
419,-0.293943,-0.012469,-0.181177,0.444477
420,-0.30768,-0.113463,-0.181177,-1.144329
421,-0.30768,-0.113463,-0.181177,2.033284
422,-0.300812,-0.113463,-0.181177,0.444477
423,-0.300812,-0.113463,-0.181177,0.444477
424,-0.300812,0.088525,-0.181177,0.444477
425,-0.300812,0.088525,-0.181177,0.444477
426,-0.300812,-0.416445,-0.181177,0.444477
427,-0.300812,-0.416445,-0.181177,0.444477
428,-0.293943,-0.012469,-0.181177,0.444477
429,-0.293943,-0.012469,-0.181177,0.444477
430,-0.300812,-0.113463,-0.181177,0.444477
431,-0.300812,-0.113463,-0.181177,-1.144329
432,-0.293943,-0.012469,-0.181177,-1.144329
433,-0.293943,-0.012469,-0.181177,0.444477
434,-0.321417,-0.113463,-0.181177,-1.144329
435,-0.321417,-0.113463,-0.181177,2.033284
436,-0.314549,0.290513,-0.181177,2.033284
437,-0.314549,0.290513,-0.181177,0.444477
438,-0.30768,0.088525,-0.181177,0.444477
439,-0.30768,0.088525,-0.181177,0.444477
440,-0.314549,-0.012469,-0.181177,0.444477
441,-0.314549,-0.012469,-0.181177,-1.144329
442,-0.314549,0.189519,-0.181177,0.444477
443,-0.314549,0.189519,-0.181177,0.444477
444,-0.30768,-0.315451,-0.181177,-1.144329
445,-0.30768,-0.315451,-0.181177,0.444477
446,-0.314549,-0.113463,-0.181177,-2.733136
447,-0.314549,-0.113463,-0.181177,-1.144329
448,-0.321417,-0.012469,-0.181177,0.444477
449,-0.321417,-0.012469,-0.181177,0.444477
450,-0.321417,-0.416445,-0.181177,0.444477
451,-0.321417,-0.416445,-0.181177,0.444477
452,-0.314549,-0.416445,0.220955,-1.144329
453,-0.314549,-0.416445,0.220955,0.444477
454,-0.314549,0.189519,-0.181177,0.444477
455,-0.314549,0.189519,-0.181177,-1.144329
456,-0.314549,-0.113463,-0.181177,0.444477
457,-0.314549,-0.113463,-0.181177,-2.733136
458,-0.321417,0.290513,-0.181177,-1.144329
459,-0.321417,0.290513,-0.181177,0.444477
460,-0.321417,0.189519,-0.181177,0.444477
461,-0.321417,0.189519,-0.181177,0.444477
462,-0.321417,0.290513,-0.181177,2.033284
463,-0.321417,0.290513,-0.181177,-1.144329
464,-0.321417,-0.012469,-0.181177,-1.144329
465,-0.321417,-0.012469,-0.181177,0.444477
466,-0.314549,0.189519,-0.181177,0.444477
467,-0.314549,0.189519,-0.181177,0.444477
468,-0.321417,0.088525,0.220955,0.444477
469,-0.321417,0.088525,0.220955,0.444477
470,-0.328286,-0.012469,-0.181177,0.444477
471,-0.328286,-0.012469,-0.181177,0.444477
472,-0.328286,0.088525,0.220955,-1.144329
473,-0.328286,0.088525,0.220955,-1.144329
474,-0.328286,0.189519,-0.181177,-1.144329
475,-0.328286,0.189519,-0.181177,-1.144329
476,-0.335154,0.290513,-0.181177,-1.144329
477,-0.335154,0.290513,-0.181177,0.444477
478,-0.300812,0.593496,-0.181177,2.033284
479,-0.300812,0.593496,-0.181177,-1.144329
480,-0.293943,0.290513,-0.181177,0.444477
481,-0.293943,0.290513,-0.181177,-1.144329
482,-0.300812,0.290513,-0.181177,0.444477
483,-0.300812,0.290513,-0.181177,2.033284
484,-0.30768,-0.012469,-0.181177,-1.144329
485,-0.30768,-0.012469,-0.181177,0.444477
486,-0.287075,0.189519,0.220955,0.444477
487,-0.287075,0.189519,0.220955,0.444477
488,-0.300812,0.290513,-0.181177,-1.144329
489,-0.300812,0.290513,-0.181177,0.444477
490,-0.300812,0.391508,-0.181177,0.444477
491,-0.300812,0.391508,-0.181177,-1.144329
492,-0.30768,0.492502,-0.181177,0.444477
493,-0.30768,0.492502,-0.181177,-2.733136
494,-0.30768,0.391508,-0.181177,-1.144329
495,-0.30768,0.391508,-0.181177,0.444477
496,-0.300812,0.088525,-0.181177,0.444477
497,-0.300812,0.088525,-0.181177,0.444477
498,-0.293943,0.290513,-0.181177,2.033284
499,-0.293943,0.290513,-0.181177,-1.144329
500,-0.300812,0.189519,0.220955,-1.144329
501,-0.300812,0.189519,0.220955,0.444477
502,-0.300812,0.189519,0.220955,0.444477
503,-0.300812,0.189519,0.220955,0.444477
504,-0.314549,0.391508,-0.181177,0.444477
505,-0.314549,0.391508,-0.181177,0.444477
506,-0.314549,0.492502,-0.181177,0.444477
507,-0.314549,0.492502,-0.181177,0.444477
508,-0.314549,0.088525,-0.181177,-1.144329
509,-0.314549,0.088525,-0.181177,-1.144329
510,-0.314549,0.189519,-0.181177,-1.144329
511,-0.314549,0.189519,-0.181177,-1.144329
512,-0.300812,0.69449,-0.181177,-1.144329
513,-0.300812,0.69449,-0.181177,0.444477
514,-0.30768,0.088525,0.220955,2.033284
515,-0.30768,0.088525,0.220955,-1.144329
516,-0.300812,0.391508,0.220955,0.444477
517,-0.300812,0.391508,0.220955,-1.144329
518,-0.30768,0.492502,0.220955,0.444477
519,-0.30768,0.492502,0.220955,2.033284
520,-0.328286,0.189519,-0.181177,-1.144329
521,-0.328286,0.189519,-0.181177,0.444477
522,-0.314549,0.290513,-0.181177,0.444477
523,-0.314549,0.290513,-0.181177,0.444477
524,-0.321417,0.189519,-0.181177,0.444477
525,-0.321417,0.189519,-0.181177,0.444477
526,-0.314549,0.088525,-0.181177,0.444477
527,-0.314549,0.088525,-0.181177,0.444477
528,-0.314549,0.189519,0.220955,-1.144329
529,-0.314549,0.189519,0.220955,-1.144329
530,-0.300812,-0.012469,0.220955,0.444477
531,-0.300812,-0.012469,0.220955,-1.144329
532,-0.314549,0.290513,0.220955,2.033284
533,-0.314549,0.290513,0.220955,0.444477
534,-0.300812,0.290513,-0.181177,0.444477
535,-0.300812,0.290513,-0.181177,0.444477
536,-0.321417,0.391508,-0.181177,0.444477
537,-0.321417,0.391508,-0.181177,0.444477
538,-0.321417,0.290513,-0.181177,0.444477
539,-0.321417,0.290513,-0.181177,0.444477
540,-0.314549,0.492502,-0.583309,0.444477
541,-0.314549,0.492502,-0.583309,0.444477
542,-0.314549,0.290513,-0.181177,-1.144329
543,-0.314549,0.290513,-0.181177,-1.144329
544,-0.30768,0.391508,0.220955,0.444477
545,-0.30768,0.391508,0.220955,-1.144329
546,-0.30768,0.290513,0.220955,2.033284
547,-0.30768,0.290513,0.220955,0.444477
548,-0.328286,0.391508,0.220955,0.444477
549,-0.328286,0.391508,0.220955,0.444477
550,-0.321417,0.088525,-0.181177,0.444477
551,-0.321417,0.088525,-0.181177,0.444477
552,-0.314549,-0.012469,-0.181177,-1.144329
553,-0.314549,-0.012469,-0.181177,0.444477
554,-0.321417,0.492502,-0.181177,0.444477
555,-0.321417,0.492502,-0.181177,-1.144329
556,-0.321417,0.391508,-0.181177,0.444477
557,-0.321417,0.391508,-0.181177,-2.733136
558,-0.314549,0.189519,-0.181177,-1.144329
559,-0.314549,0.189519,-0.181177,0.444477
560,-0.328286,0.290513,0.220955,0.444477
561,-0.328286,0.290513,0.220955,0.444477
562,-0.314549,0.189519,0.220955,2.033284
563,-0.314549,0.189519,0.220955,-1.144329
564,-0.30768,0.189519,-0.181177,-1.144329
565,-0.30768,0.189519,-0.181177,0.444477
566,-0.314549,0.391508,-0.181177,0.444477
567,-0.314549,0.391508,-0.181177,0.444477
568,-0.328286,0.391508,-0.181177,0.444477
569,-0.328286,0.391508,-0.181177,0.444477
570,-0.321417,0.088525,-0.181177,0.444477
571,-0.321417,0.088525,-0.181177,0.444477
572,-0.314549,0.189519,-0.181177,-1.144329
573,-0.314549,0.189519,-0.181177,-1.144329
574,-0.321417,0.189519,-0.181177,-1.144329
575,-0.321417,0.189519,-0.181177,-1.144329
576,-0.314549,-0.012469,0.220955,-1.144329
577,-0.314549,-0.012469,0.220955,0.444477
578,-0.314549,0.290513,0.220955,2.033284
579,-0.314549,0.290513,0.220955,-1.144329
580,-0.30768,-0.113463,0.220955,0.444477
581,-0.30768,-0.113463,0.220955,-1.144329
582,-0.314549,0.189519,-0.181177,0.444477
583,-0.314549,0.189519,-0.181177,2.033284
584,-0.328286,0.189519,-0.181177,-1.144329
585,-0.328286,-0.113463,-0.181177,0.444477
586,-0.321417,0.290513,-0.181177,0.444477
587,-0.321417,0.290513,-0.181177,0.444477
588,-0.314549,0.391508,-0.181177,0.444477
589,-0.314549,0.391508,-0.181177,0.444477
590,-0.30768,0.593496,-0.181177,0.444477
591,-0.30768,0.593496,-0.181177,0.444477
592,-0.314549,0.290513,-0.181177,-1.144329
593,-0.314549,0.290513,-0.181177,-1.144329
594,-0.300812,0.290513,-0.181177,0.444477
595,-0.300812,0.290513,-0.181177,-1.144329
596,-0.30768,0.189519,-0.181177,2.033284
597,-0.30768,0.189519,-0.181177,0.444477
598,-0.314549,0.088525,-0.181177,0.444477
599,-0.314549,0.088525,-0.181177,0.444477
600,-0.30768,0.290513,-0.181177,0.444477
601,-0.30768,0.290513,-0.181177,0.444477
602,-0.321417,0.290513,-0.181177,-1.144329
603,-0.321417,0.290513,-0.181177,0.444477
604,-0.30768,-0.012469,-0.181177,0.444477
605,-0.30768,-0.012469,-0.181177,-1.144329
606,-0.314549,0.088525,-0.181177,0.444477
607,-0.314549,0.088525,-0.181177,-2.733136
608,-0.314549,0.189519,0.220955,-1.144329
609,-0.314549,0.189519,0.220955,0.444477
610,-0.314549,0.593496,0.220955,0.444477
611,-0.314549,0.593496,0.220955,0.444477
612,-0.314549,0.088525,-0.181177,2.033284
613,-0.314549,0.088525,-0.181177,-1.144329
614,-0.321417,0.290513,-0.181177,-1.144329
615,-0.321417,0.290513,-0.181177,0.444477
616,-0.328286,0.391508,-0.181177,0.444477
617,-0.328286,0.391508,-0.181177,0.444477
618,-0.321417,0.189519,-0.181177,0.444477
619,-0.321417,0.189519,-0.181177,0.444477
620,-0.328286,0.189519,-0.181177,0.444477
621,-0.328286,0.189519,-0.181177,0.444477
622,-0.30768,0.391508,-0.181177,-1.144329
623,-0.30768,0.391508,-0.181177,-1.144329
624,-0.321417,0.189519,-0.181177,-1.144329
625,-0.321417,0.189519,-0.181177,-1.144329
626,-0.321417,0.189519,-0.181177,-1.144329
627,-0.321417,0.189519,-0.181177,0.444477
628,-0.30768,0.088525,-0.181177,2.033284
629,-0.30768,0.088525,-0.181177,-1.144329
630,-0.321417,0.391508,-0.181177,0.444477
631,-0.321417,0.391508,-0.181177,-1.144329
632,-0.328286,-0.012469,-0.181177,0.444477
633,-0.328286,-0.012469,-0.181177,2.033284
634,-0.328286,0.290513,-0.181177,-1.144329
635,-0.328286,0.290513,-0.181177,0.444477
636,-0.321417,0.088525,-0.181177,0.444477
637,-0.321417,0.088525,-0.181177,0.444477
638,-0.321417,0.391508,-0.181177,0.444477
639,-0.321417,0.391508,-0.181177,0.444477
640,-0.314549,0.189519,-0.181177,0.444477
641,-0.314549,0.189519,-0.181177,0.444477
642,-0.314549,0.088525,-0.181177,-1.144329
643,-0.314549,0.088525,-0.181177,-1.144329
644,-0.328286,0.593496,0.220955,0.444477
645,-0.328286,0.593496,0.220955,-1.144329
646,-0.321417,-0.012469,0.220955,2.033284
647,-0.321417,-0.012469,0.220955,0.444477
648,-0.328286,0.290513,-0.181177,0.444477
649,-0.328286,0.290513,-0.181177,0.444477
650,-0.328286,0.391508,-0.181177,-1.144329
651,-0.328286,0.391508,-0.181177,0.444477
652,-0.321417,0.391508,-0.181177,0.444477
653,-0.321417,0.391508,-0.181177,-1.144329
654,-0.328286,0.391508,-0.181177,0.444477
655,-0.328286,0.391508,-0.181177,-2.733136
656,-0.321417,0.189519,-0.181177,-1.144329
657,-0.321417,0.189519,-0.181177,0.444477
658,-0.328286,0.69449,-0.181177,0.444477
659,-0.328286,0.69449,-0.181177,0.444477
660,-0.321417,0.189519,-0.181177,2.033284
661,-0.321417,0.189519,-0.181177,-1.144329
662,-0.321417,0.290513,0.220955,-1.144329
663,-0.321417,0.290513,0.220955,0.444477
664,-0.321417,0.088525,0.220955,0.444477
665,-0.321417,0.088525,0.220955,0.444477
666,-0.314549,0.088525,-0.181177,0.444477
667,-0.314549,0.088525,-0.181177,0.444477
668,-0.321417,0.189519,-0.181177,0.444477
669,-0.321417,0.189519,-0.181177,0.444477
670,-0.321417,0.290513,0.220955,-1.144329
671,-0.321417,0.290513,0.220955,-1.144329
672,-0.328286,0.391508,-0.181177,-1.144329
673,-0.328286,0.391508,-0.181177,-1.144329
674,-0.328286,0.593496,-0.181177,-1.144329
675,-0.328286,0.593496,-0.181177,0.444477
676,-0.328286,0.69449,-0.181177,2.033284
677,-0.328286,0.69449,-0.181177,-1.144329
678,-0.314549,0.492502,-0.181177,0.444477
679,-0.314549,0.492502,-0.181177,-1.144329
680,-0.328286,0.391508,-0.181177,0.444477
681,-0.328286,0.391508,-0.181177,2.033284
682,-0.314549,0.593496,-0.181177,-1.144329
683,-0.314549,0.593496,-0.181177,0.444477
684,-0.328286,0.593496,-0.181177,0.444477
685,-0.328286,0.593496,-0.181177,0.444477
686,-0.335154,0.492502,-0.181177,-1.144329
687,-0.335154,0.492502,-0.181177,0.444477
688,-0.328286,0.391508,-0.181177,0.444477
689,-0.328286,0.391508,-0.181177,-1.144329
690,-0.328286,0.593496,-0.181177,0.444477
691,-0.328286,0.593496,-0.181177,-2.733136
692,-0.314549,-0.012469,0.220955,-1.144329
693,-0.314549,-0.012469,0.220955,0.444477
694,-0.328286,0.290513,0.220955,0.444477
695,-0.328286,0.290513,0.220955,0.444477
696,-0.328286,0.189519,-0.181177,2.033284
697,-0.328286,0.189519,-0.181177,-1.144329
698,-0.321417,0.391508,-0.181177,-1.144329
699,-0.321417,0.391508,-0.181177,0.444477
700,-0.328286,0.391508,-0.181177,0.444477
701,-0.328286,0.391508,-0.181177,0.444477
702,-0.328286,-0.214457,-0.181177,0.444477
703,-0.328286,-0.214457,-0.181177,0.444477
704,-0.321417,0.290513,-0.181177,0.444477
705,-0.321417,0.290513,-0.181177,0.444477
706,-0.321417,0.391508,0.220955,-1.144329
707,-0.321417,0.391508,0.220955,-1.144329
708,-0.328286,0.189519,0.220955,-1.144329
709,-0.328286,0.189519,0.220955,-1.144329
710,-0.328286,0.391508,0.220955,-1.144329
711,-0.328286,0.391508,0.220955,0.444477
712,-0.328286,0.088525,0.220955,2.033284
713,-0.328286,0.088525,0.220955,-1.144329
714,-0.328286,0.391508,-0.181177,0.444477
715,-0.328286,0.391508,-0.181177,-1.144329
716,-0.335154,0.290513,-0.181177,0.444477
717,-0.335154,0.290513,-0.181177,2.033284
718,-0.335154,0.391508,-0.583309,-1.144329
719,-0.335154,0.391508,-0.583309,0.444477
720,-0.328286,0.290513,-0.181177,0.444477
721,-0.328286,0.290513,-0.181177,0.444477
722,-0.321417,0.391508,0.220955,0.444477
723,-0.321417,0.391508,0.220955,0.444477
724,-0.328286,0.290513,0.220955,0.444477
725,-0.328286,0.290513,0.220955,0.444477
726,-0.342022,0.290513,-0.181177,-1.144329
727,-0.342022,0.290513,-0.181177,-1.144329
728,-0.342022,0.290513,-0.181177,0.444477
729,-0.342022,0.290513,-0.181177,-1.144329
730,-0.369496,0.492502,-0.181177,2.033284
731,-0.369496,0.492502,-0.181177,0.444477
732,-0.348891,0.795484,-0.181177,0.444477
733,-0.348891,0.795484,-0.181177,0.444477
734,-0.383233,0.492502,-0.181177,0.444477
735,-0.383233,0.492502,-0.181177,0.444477
736,-0.39697,0.593496,0.220955,0.444477
737,-0.39697,0.593496,0.220955,0.444477
738,-0.424443,0.997472,-0.181177,0.444477
739,-0.424443,0.997472,-0.181177,0.444477
740,-0.417575,0.997472,-0.181177,-1.144329
741,-0.417575,0.997472,-0.181177,-1.144329
742,-0.431312,0.795484,-0.181177,0.444477
743,-0.431312,0.795484,-0.181177,-1.144329
744,-0.424443,0.593496,-0.181177,2.033284
745,-0.424443,0.593496,-0.181177,0.444477
746,-0.417575,0.795484,-0.181177,0.444477
747,-0.417575,0.795484,-0.181177,0.444477
748,-0.431312,0.593496,0.220955,0.444477
749,-0.431312,0.593496,0.220955,0.444477
750,-0.417575,0.189519,-0.181177,-1.144329
751,-0.417575,0.189519,-0.181177,0.444477
752,-0.321417,0.189519,-0.181177,0.444477
753,-0.321417,0.189519,-0.181177,-1.144329
754,-0.321417,0.391508,-0.181177,0.444477
755,-0.321417,0.391508,-0.181177,-2.733136
756,-0.321417,2.613378,-0.181177,-1.144329
757,-0.321417,2.613378,-0.181177,0.444477
758,-0.26647,-0.214457,-0.181177,0.444477
759,-0.26647,-0.214457,-0.181177,0.444477
760,-0.321417,-0.416445,0.220955,2.033284
761,-0.321417,-0.416445,0.220955,-1.144329
762,-0.321417,-0.517439,0.220955,-1.144329
763,-0.321417,-0.517439,0.220955,0.444477
764,-0.321417,-0.315451,0.220955,0.444477
765,-0.321417,-0.315451,0.220955,0.444477
766,-0.321417,0.088525,-0.181177,0.444477
767,-0.321417,0.088525,-0.181177,0.444477
768,-0.321417,0.088525,-0.181177,0.444477
769,-0.321417,0.088525,-0.181177,0.444477
770,-0.321417,0.391508,-0.181177,-1.144329
771,-0.321417,0.391508,-0.181177,-1.144329
772,-0.314549,0.189519,-0.181177,-1.144329
773,-0.314549,0.189519,-0.181177,-1.144329
774,-0.30768,-0.012469,0.220955,-1.144329
775,-0.30768,-0.012469,0.220955,0.444477
776,-0.321417,0.391508,0.220955,2.033284
777,-0.321417,0.391508,0.220955,-1.144329
778,-0.314549,0.290513,0.220955,0.444477
779,-0.314549,0.290513,0.220955,-1.144329
780,-0.321417,-0.113463,-0.181177,0.444477
781,-0.321417,-0.113463,-0.181177,2.033284
782,-0.328286,0.290513,-0.181177,-1.144329
783,-0.328286,0.290513,-0.181177,0.444477
784,-0.314549,2.41139,-0.181177,0.444477
785,-0.314549,2.41139,-0.181177,0.444477
786,-0.273338,-0.214457,-0.181177,0.444477
787,-0.273338,-0.214457,-0.181177,0.444477
788,-0.30768,-0.214457,0.220955,0.444477
789,-0.30768,-0.214457,0.220955,0.444477
790,-0.328286,-0.517439,0.220955,-1.144329
791,-0.328286,-0.517439,0.220955,-1.144329
792,-0.321417,-0.315451,-0.181177,0.444477
793,-0.321417,-0.315451,-0.181177,-1.144329
794,-0.314549,-0.214457,-0.181177,2.033284
795,-0.314549,-0.214457,-0.181177,0.444477
796,-0.328286,0.391508,-0.583309,0.444477
797,-0.328286,0.391508,-0.583309,0.444477
798,-0.321417,-0.012469,-0.583309,0.444477
799,-0.321417,-0.012469,-0.583309,0.444477
800,-0.300812,0.290513,-0.181177,0.444477
801,-0.300812,0.290513,-0.181177,-1.144329
802,-0.321417,0.290513,0.220955,-1.144329
803,-0.321417,0.290513,0.220955,0.444477
804,-0.30768,-0.012469,0.220955,-1.144329
805,-0.30768,-0.012469,0.220955,2.033284
806,-0.321417,0.492502,0.220955,0.444477
807,-0.321417,0.492502,0.220955,0.444477
808,-0.328286,0.290513,-0.181177,0.444477
809,-0.328286,0.290513,-0.181177,0.444477
810,-0.328286,0.492502,-0.583309,-1.144329
811,-0.328286,0.492502,-0.583309,0.444477
812,-0.321417,0.69449,-0.583309,0.444477
813,-0.321417,0.69449,-0.583309,-1.144329
814,-0.321417,0.088525,-0.181177,0.444477
815,-0.321417,0.088525,-0.181177,-2.733136
816,-0.30768,0.391508,0.220955,-1.144329
817,-0.30768,0.391508,0.220955,0.444477
818,-0.314549,-0.012469,0.623088,0.444477
819,-0.314549,-0.012469,0.623088,0.444477
820,-0.30768,0.290513,0.220955,2.033284
821,-0.30768,0.290513,0.220955,-1.144329
822,-0.314549,-0.214457,0.220955,-1.144329
823,-0.314549,-0.214457,0.220955,0.444477
824,-0.328286,0.088525,-0.181177,0.444477
825,-0.328286,0.088525,-0.181177,0.444477
826,-0.328286,0.290513,-0.181177,0.444477
827,-0.328286,0.290513,-0.181177,0.444477
828,-0.321417,-0.113463,-0.583309,0.444477
829,-0.321417,-0.113463,-0.583309,0.444477
830,-0.335154,0.290513,-0.181177,-1.144329
831,-0.335154,0.290513,-0.181177,-1.144329
832,-0.328286,-0.113463,0.220955,-1.144329
833,-0.328286,-0.113463,0.220955,-1.144329
834,-0.321417,-0.113463,0.220955,-1.144329
835,-0.321417,-0.113463,0.220955,0.444477
836,-0.328286,0.088525,0.220955,2.033284
837,-0.328286,0.088525,0.220955,-1.144329
838,-0.328286,0.088525,0.220955,0.444477
839,-0.328286,0.088525,0.220955,0.444477
840,-0.342022,0.290513,-0.181177,-1.144329
841,-0.342022,0.290513,-0.181177,0.444477
842,-0.321417,0.290513,-0.181177,0.444477
843,-0.321417,0.290513,-0.181177,-1.144329
844,-0.328286,0.593496,-0.181177,0.444477
845,-0.328286,0.593496,-0.181177,-2.733136
846,-0.328286,-0.113463,-0.181177,-1.144329
847,-0.328286,-0.113463,-0.181177,0.444477
848,-0.328286,0.088525,0.220955,0.444477
849,-0.328286,0.088525,0.220955,0.444477
850,-0.314549,-0.113463,0.220955,2.033284
851,-0.314549,-0.113463,0.220955,-1.144329
852,-0.314549,-0.012469,0.220955,-1.144329
853,-0.314549,-0.012469,0.220955,0.444477
854,-0.30768,-0.113463,0.220955,0.444477
855,-0.30768,-0.113463,0.220955,0.444477
856,-0.314549,0.088525,0.220955,0.444477
857,-0.314549,0.088525,0.220955,0.444477
858,-0.328286,0.290513,-0.181177,0.444477
859,-0.328286,0.290513,-0.181177,0.444477
860,-0.328286,0.391508,-0.181177,-1.144329
861,-0.328286,0.391508,-0.181177,-1.144329
862,-0.328286,0.69449,-0.181177,-1.144329
863,-0.328286,0.69449,-0.181177,-1.144329
864,-0.314549,0.088525,-0.181177,-1.144329
865,-0.314549,0.088525,-0.181177,0.444477
866,-0.300812,-0.214457,0.220955,2.033284
867,-0.300812,-0.214457,0.220955,-1.144329
868,-0.30768,-0.012469,0.220955,0.444477
869,-0.30768,-0.012469,0.220955,-1.144329
870,-0.314549,-0.113463,0.220955,0.444477
871,-0.314549,-0.113463,0.220955,2.033284
872,-0.30768,0.189519,-0.181177,-1.144329
873,-0.30768,0.189519,-0.181177,0.444477
874,-0.328286,0.088525,-0.181177,0.444477
875,-0.328286,0.088525,-0.181177,0.444477
876,-0.314549,0.189519,-0.583309,-1.144329
877,-0.314549,0.189519,-0.583309,0.444477
878,-0.328286,0.088525,-0.181177,0.444477
879,-0.328286,0.088525,-0.181177,-1.144329
880,-0.328286,0.69449,-0.181177,0.444477
881,-0.328286,0.69449,-0.181177,-2.733136
882,-0.321417,0.088525,0.220955,-1.144329
883,-0.321417,0.088525,0.220955,0.444477
884,-0.314549,0.492502,0.220955,0.444477
885,-0.314549,0.492502,0.220955,0.444477
886,-0.321417,-0.012469,0.220955,2.033284
887,-0.321417,-0.012469,0.220955,-1.144329
888,-0.321417,-0.113463,-0.181177,-1.144329
889,-0.321417,-0.113463,-0.181177,0.444477
890,-0.321417,0.189519,-0.181177,0.444477
891,-0.321417,0.189519,-0.181177,0.444477
892,-0.328286,0.290513,-0.181177,0.444477
893,-0.328286,0.290513,-0.181177,0.444477
894,-0.321417,0.391508,-0.583309,0.444477
895,-0.321417,0.391508,-0.583309,0.444477
896,-0.314549,0.290513,-0.181177,-1.144329
897,-0.314549,0.290513,-0.181177,-1.144329
898,-0.314549,0.593496,0.220955,-1.144329
899,-0.314549,0.593496,0.220955,-1.144329
900,-0.300812,0.492502,0.220955,-1.144329
901,-0.300812,0.492502,0.220955,0.444477
902,-0.335154,0.189519,0.220955,2.033284
903,-0.335154,0.189519,0.220955,-1.144329
904,-0.293943,0.088525,-0.181177,0.444477
905,-0.293943,0.088525,-0.181177,-1.144329
906,-0.328286,0.189519,-0.181177,0.444477
907,-0.328286,0.189519,-0.181177,2.033284
908,-0.328286,0.189519,-0.181177,-1.144329
909,-0.328286,0.189519,-0.181177,0.444477
910,-0.321417,0.492502,-0.181177,0.444477
911,-0.321417,0.492502,-0.181177,0.444477
912,-0.321417,0.189519,0.220955,0.444477
913,-0.321417,0.189519,0.220955,0.444477
914,-0.328286,0.290513,0.220955,0.444477
915,-0.328286,0.290513,0.220955,0.444477
916,-0.30768,0.290513,0.220955,-1.144329
917,-0.30768,0.290513,0.220955,-1.144329
918,-0.321417,0.189519,0.220955,0.444477
919,-0.321417,0.189519,0.220955,-1.144329
920,-0.342022,0.492502,-0.181177,2.033284
921,-0.342022,0.492502,-0.181177,0.444477
922,-0.328286,0.290513,-0.181177,0.444477
923,-0.328286,0.290513,-0.181177,0.444477
924,-0.342022,0.391508,-0.181177,0.444477
925,-0.342022,0.391508,-0.181177,0.444477
926,-0.328286,0.088525,-0.583309,0.444477
927,-0.328286,0.088525,-0.583309,0.444477
928,-0.321417,0.391508,0.220955,0.444477
929,-0.321417,0.391508,0.220955,0.444477
930,-0.328286,0.088525,0.220955,-1.144329
931,-0.328286,0.088525,0.220955,-1.144329
932,-0.30768,0.290513,0.220955,0.444477
933,-0.30768,0.290513,0.220955,-1.144329
934,-0.321417,0.593496,0.220955,2.033284
935,-0.321417,0.593496,0.220955,0.444477
936,-0.335154,0.492502,-0.181177,0.444477
937,-0.335154,0.492502,-0.181177,0.444477
938,-0.328286,0.492502,-0.181177,0.444477
939,-0.328286,0.492502,-0.181177,0.444477
940,-0.321417,0.492502,-0.181177,-1.144329
941,-0.321417,0.492502,-0.181177,0.444477
942,-0.335154,0.795484,-0.181177,0.444477
943,-0.335154,0.795484,-0.181177,-1.144329
944,-0.321417,0.391508,-0.181177,0.444477
945,-0.321417,0.391508,-0.181177,-2.733136
946,-0.328286,0.391508,0.220955,-1.144329
947,-0.328286,0.391508,0.220955,0.444477
948,-0.321417,0.088525,0.220955,0.444477
949,-0.321417,0.088525,0.220955,0.444477
950,-0.314549,0.492502,-0.181177,2.033284
951,-0.314549,0.492502,-0.181177,-1.144329
952,-0.328286,0.189519,-0.181177,-1.144329
953,-0.328286,0.189519,-0.181177,0.444477
954,-0.321417,0.69449,-0.181177,0.444477
955,-0.321417,0.69449,-0.181177,0.444477
956,-0.328286,0.593496,-0.181177,0.444477
957,-0.328286,0.593496,-0.181177,0.444477
958,-0.335154,0.391508,-0.181177,0.444477
959,-0.335154,0.391508,-0.181177,0.444477
960,-0.321417,0.391508,-0.181177,-1.144329
961,-0.321417,0.391508,-0.181177,-1.144329
962,-0.321417,0.189519,0.220955,-1.144329
963,-0.321417,0.189519,0.220955,-1.144329
964,-0.328286,0.391508,0.220955,-1.144329
965,-0.328286,0.391508,0.220955,0.444477
966,-0.321417,0.088525,-0.181177,2.033284
967,-0.321417,0.088525,-0.181177,-1.144329
968,-0.335154,0.088525,-0.181177,0.444477
969,-0.335154,0.088525,-0.181177,-1.144329
970,-0.335154,0.492502,-0.181177,0.444477
971,-0.335154,0.492502,-0.181177,2.033284
972,-0.321417,0.492502,-0.181177,-1.144329
973,-0.321417,0.492502,-0.181177,0.444477
974,-0.328286,0.189519,-0.181177,0.444477
975,-0.328286,0.189519,-0.181177,0.444477
976,-0.321417,0.290513,-0.181177,0.444477
977,-0.321417,0.290513,-0.181177,0.444477
978,-0.321417,0.69449,-0.583309,0.444477
979,-0.321417,0.69449,-0.583309,0.444477
980,-0.328286,0.492502,-0.181177,-1.144329
981,-0.328286,0.492502,-0.181177,-1.144329
982,-0.328286,0.391508,-0.181177,0.444477
983,-0.328286,0.391508,-0.181177,-1.144329
984,-0.321417,0.391508,0.220955,2.033284
985,-0.321417,0.391508,0.220955,0.444477
986,-0.321417,0.492502,0.220955,0.444477
987,-0.328286,0.492502,0.220955,-1.144329
988,-0.328286,0.088525,-0.181177,0.444477
989,-0.328286,0.088525,-0.181177,-1.144329
990,-0.328286,0.492502,-0.181177,0.444477
991,-0.328286,0.492502,-0.181177,2.033284
992,-0.328286,0.391508,-0.181177,-1.144329
993,-0.328286,0.391508,-0.181177,0.444477
994,-0.328286,0.69449,-0.181177,0.444477
995,-0.328286,0.69449,-0.181177,0.444477
996,-0.335154,0.492502,-0.181177,-1.144329
997,-0.335154,0.492502,-0.181177,0.444477
998,-0.314549,0.189519,0.220955,0.444477
999,-0.314549,0.189519,0.220955,-1.144329
1000,-0.328286,0.391508,0.220955,0.444477
1001,-0.328286,0.391508,0.220955,-2.733136
1002,-0.328286,0.391508,-0.181177,-1.144329
1003,-0.328286,0.391508,-0.181177,0.444477
1004,-0.328286,0.290513,-0.181177,0.444477
1005,-0.328286,0.290513,-0.181177,0.444477
1006,-0.335154,0.290513,-0.181177,2.033284
1007,-0.335154,0.290513,-0.181177,-1.144329
1008,-0.328286,0.290513,-0.181177,-1.144329
1009,-0.328286,0.290513,-0.181177,0.444477
1010,-0.321417,0.189519,-0.181177,0.444477
1011,-0.321417,0.189519,-0.181177,0.444477
1012,-0.314549,0.290513,0.220955,0.444477
1013,-0.314549,0.290513,0.220955,0.444477
1014,-0.321417,0.290513,0.623088,0.444477
1015,-0.321417,0.290513,0.623088,0.444477
1016,-0.321417,0.189519,0.220955,-1.144329
1017,-0.321417,0.189519,0.220955,-1.144329
1018,-0.328286,0.492502,0.220955,-1.144329
1019,-0.328286,0.492502,0.220955,-1.144329
1020,-0.328286,-0.012469,-0.181177,-1.144329
1021,-0.328286,-0.012469,-0.181177,0.444477
1022,-0.342022,0.391508,-0.181177,2.033284
1023,-0.342022,0.391508,-0.181177,-1.144329
1024,-0.342022,0.69449,-0.181177,0.444477
1025,-0.342022,0.69449,-0.181177,-1.144329
1026,-0.321417,0.492502,-0.181177,0.444477
1027,-0.321417,0.492502,-0.181177,2.033284
1028,-0.335154,0.290513,0.220955,-1.144329
1029,-0.335154,0.290513,0.220955,0.444477
1030,-0.328286,0.290513,0.220955,0.444477
1031,-0.328286,0.290513,0.220955,0.444477
1032,-0.328286,-0.113463,0.220955,0.444477
1033,-0.328286,-0.113463,0.220955,0.444477
1034,-0.328286,0.189519,-0.181177,0.444477
1035,-0.328286,0.189519,-0.181177,0.444477
1036,-0.342022,0.088525,-0.181177,-1.144329
1037,-0.342022,0.088525,-0.181177,-1.144329
1038,-0.335154,0.391508,-0.181177,0.444477
1039,-0.335154,0.391508,-0.181177,-1.144329
1040,-0.335154,0.088525,-0.181177,2.033284
1041,-0.335154,0.088525,-0.181177,0.444477
1042,-0.328286,0.492502,-0.181177,0.444477
1043,-0.328286,0.492502,-0.181177,0.444477
1044,-0.335154,0.189519,0.220955,0.444477
1045,-0.335154,0.189519,0.220955,0.444477
1046,-0.328286,0.391508,0.220955,0.444477
1047,-0.328286,0.391508,0.220955,0.444477
1048,-0.328286,0.088525,0.220955,0.444477
1049,-0.328286,0.088525,0.220955,0.444477
1050,-0.335154,0.189519,-0.181177,-1.144329
1051,-0.335154,0.189519,-0.181177,-1.144329
1052,-0.342022,0.290513,-0.181177,0.444477
1053,-0.342022,0.290513,-0.181177,-1.144329
1054,-0.328286,0.492502,-0.181177,2.033284
1055,-0.328286,0.492502,-0.181177,0.444477
1056,-0.342022,0.189519,-0.181177,0.444477
1057,-0.342022,0.189519,-0.181177,0.444477
1058,-0.335154,0.391508,-0.181177,0.444477
1059,-0.335154,0.391508,-0.181177,0.444477
1060,-0.328286,0.492502,-0.181177,-1.144329
1061,-0.328286,0.492502,-0.181177,0.444477
1062,-0.321417,0.391508,0.220955,0.444477
1063,-0.321417,0.391508,0.220955,-1.144329
1064,-0.328286,0.290513,-0.181177,0.444477
1065,-0.328286,0.290513,-0.181177,-2.733136
1066,-0.328286,0.290513,-0.181177,-1.144329
1067,-0.328286,0.290513,-0.181177,0.444477
1068,-0.335154,0.593496,-0.181177,0.444477
1069,-0.335154,0.593496,-0.181177,0.444477
1070,-0.342022,0.391508,-0.181177,2.033284
1071,-0.342022,0.391508,-0.181177,-1.144329
1072,-0.335154,0.593496,-0.181177,-1.144329
1073,-0.335154,0.593496,-0.181177,0.444477
1074,-0.335154,0.795484,-0.181177,0.444477
1075,-0.335154,0.795484,-0.181177,0.444477
1076,-0.321417,0.189519,-0.181177,0.444477
1077,-0.321417,0.189519,-0.181177,0.444477
1078,-0.335154,0.492502,0.220955,0.444477
1079,-0.335154,0.492502,0.220955,0.444477
1080,-0.335154,-0.012469,-0.181177,-1.144329
1081,-0.335154,-0.012469,-0.181177,-1.144329
1082,-0.328286,0.492502,-0.181177,-1.144329
1083,-0.328286,0.492502,-0.181177,-1.144329
1084,-0.342022,0.290513,-0.181177,-1.144329
1085,-0.342022,0.290513,-0.181177,0.444477
1086,-0.335154,0.290513,-0.181177,2.033284
1087,-0.335154,0.290513,-0.181177,-1.144329
1088,-0.328286,0.088525,-0.181177,0.444477
1089,-0.328286,0.088525,-0.181177,-1.144329
1090,-0.335154,0.492502,-0.181177,0.444477
1091,-0.335154,0.492502,-0.181177,2.033284
1092,-0.328286,0.492502,-0.181177,-1.144329
1093,-0.328286,0.492502,-0.181177,0.444477
1094,-0.328286,0.290513,0.220955,0.444477
1095,-0.328286,0.290513,0.220955,0.444477
1096,-0.342022,0.492502,-0.181177,0.444477
1097,-0.342022,0.492502,-0.181177,0.444477
1098,-0.335154,0.088525,-0.181177,0.444477
1099,-0.335154,0.088525,-0.181177,0.444477
1100,-0.335154,0.69449,-0.181177,-1.144329
1101,-0.335154,0.69449,-0.181177,0.444477
1102,-0.342022,-0.012469,-0.181177,0.444477
1103,-0.342022,-0.012469,-0.181177,-1.144329
1104,-0.342022,0.290513,-0.181177,0.444477
1105,-0.342022,0.290513,-0.181177,0.444477
1106,-0.328286,0.492502,0.220955,-1.144329
1107,-0.328286,0.492502,0.220955,0.444477
1108,-0.335154,0.593496,0.220955,-2.733136
1109,-0.335154,0.593496,0.220955,-1.144329
1110,-0.328286,0.088525,-0.181177,0.444477
1111,-0.328286,0.088525,-0.181177,0.444477
1112,-0.335154,0.189519,-0.181177,0.444477
1113,-0.335154,0.189519,-0.181177,2.033284
1114,-0.335154,0.391508,-0.181177,-1.144329
1115,-0.335154,0.391508,-0.181177,-1.144329
1116,-0.335154,0.391508,-0.181177,0.444477
1117,-0.335154,0.391508,-0.181177,0.444477
1118,-0.335154,0.69449,-0.181177,0.444477
1119,-0.335154,0.69449,-0.181177,0.444477
1120,-0.328286,0.391508,-0.181177,0.444477
1121,-0.328286,0.391508,-0.181177,0.444477
1122,-0.335154,0.593496,-0.181177,0.444477
1123,-0.335154,0.593496,-0.181177,-1.144329
1124,-0.328286,0.593496,-0.181177,-1.144329
1125,-0.328286,0.593496,-0.181177,-1.144329
1126,-0.328286,0.088525,-0.181177,-1.144329
1127,-0.328286,0.088525,-0.181177,-1.144329
1128,-0.335154,0.391508,-0.181177,0.444477
1129,-0.335154,0.391508,-0.181177,2.033284
1130,-0.335154,0.088525,-0.181177,2.033284
1131,-0.335154,0.088525,-0.181177,2.033284
1132,-0.321417,0.189519,-0.181177,-1.144329
1133,-0.321417,0.189519,-0.181177,0.444477
1134,-0.321417,0.391508,0.220955,2.033284
1135,-0.321417,0.391508,0.220955,-1.144329
1136,-0.328286,0.290513,0.220955,0.444477
1137,-0.328286,0.290513,0.220955,0.444477
1138,-0.328286,0.593496,-0.181177,0.444477
1139,-0.328286,0.593496,-0.181177,-1.144329
1140,-0.342022,0.391508,-0.181177,0.444477
1141,-0.342022,0.391508,-0.181177,0.444477
1142,-0.348891,0.088525,-0.181177,-1.144329
1143,-0.348891,0.088525,-0.181177,0.444477
1144,-0.342022,0.391508,-0.181177,-2.733136
1145,-0.342022,0.391508,-0.181177,-1.144329
1146,-0.342022,0.492502,-0.181177,0.444477
1147,-0.342022,0.492502,-0.181177,0.444477
1148,-0.321417,0.69449,-0.181177,0.444477
1149,-0.321417,0.69449,-0.181177,2.033284
1150,-0.342022,0.391508,-0.181177,-1.144329
1151,-0.342022,0.391508,-0.181177,-1.144329
1152,-0.342022,0.290513,-0.181177,0.444477
1153,-0.342022,0.290513,-0.181177,0.444477
1154,-0.335154,0.69449,-0.181177,0.444477
1155,-0.335154,0.69449,-0.181177,0.444477
1156,-0.335154,0.189519,-0.181177,0.444477
1157,-0.335154,0.189519,-0.181177,0.444477
1158,-0.335154,0.391508,-0.181177,0.444477
1159,-0.335154,0.391508,-0.181177,-1.144329
1160,-0.335154,-0.012469,-0.181177,-1.144329
1161,-0.335154,-0.012469,-0.181177,-1.144329
1162,-0.335154,0.391508,-0.181177,-1.144329
1163,-0.335154,0.391508,-0.181177,-1.144329
1164,-0.328286,0.189519,-0.181177,0.444477
1165,-0.328286,0.189519,-0.181177,2.033284
1166,-0.335154,0.492502,-0.181177,-1.144329
1167,-0.335154,0.492502,-0.181177,0.444477
1168,-0.328286,0.391508,-0.181177,-1.144329
1169,-0.328286,0.391508,-0.181177,0.444477
1170,-0.321417,0.189519,-0.181177,2.033284
1171,-0.321417,0.189519,-0.181177,-1.144329
1172,-0.328286,0.593496,-0.181177,0.444477
1173,-0.328286,0.593496,-0.181177,0.444477
1174,-0.342022,0.492502,-0.181177,0.444477
1175,-0.342022,0.492502,-0.181177,0.444477
1176,-0.328286,0.391508,0.220955,0.444477
1177,-0.328286,0.391508,0.220955,0.444477
1178,-0.335154,-0.012469,0.220955,0.444477
1179,-0.335154,-0.012469,0.220955,-1.144329
1180,-0.348891,0.189519,-0.181177,-1.144329
1181,-0.348891,0.189519,-0.181177,0.444477
1182,-0.342022,0.391508,-0.181177,-1.144329
1183,-0.342022,0.391508,-0.181177,2.033284
1184,-0.335154,0.391508,-0.583309,0.444477
1185,-0.335154,0.391508,-0.583309,0.444477
1186,-0.342022,0.492502,-0.181177,0.444477
1187,-0.342022,0.492502,-0.181177,0.444477
1188,-0.335154,0.492502,-0.181177,0.444477
1189,-0.335154,0.492502,-0.181177,0.444477
1190,-0.328286,0.391508,0.220955,0.444477
1191,-0.328286,0.391508,0.220955,0.444477
1192,-0.335154,0.391508,0.220955,0.444477
1193,-0.335154,0.391508,0.220955,-1.144329
1194,-0.335154,0.492502,0.220955,-1.144329
1195,-0.335154,0.492502,0.220955,0.444477
1196,-0.362628,0.189519,-0.181177,-1.144329
1197,-0.362628,0.189519,-0.181177,2.033284
1198,-0.342022,0.290513,-0.181177,0.444477
1199,-0.328286,0.189519,-0.181177,0.444477
1200,-0.342022,0.290513,-0.181177,0.444477
1201,-0.342022,0.795484,-0.181177,0.444477
1202,-0.342022,0.795484,-0.181177,0.444477
1203,-0.355759,0.391508,-0.181177,0.444477
1204,-0.355759,0.391508,-0.181177,-1.144329
1205,-0.335154,0.290513,0.220955,0.444477
1206,-0.335154,0.290513,0.220955,0.444477
1207,-0.328286,0.189519,0.220955,-1.144329
1208,-0.328286,0.189519,0.220955,0.444477
1209,-0.342022,0.492502,0.220955,-2.733136
1210,-0.342022,0.492502,0.220955,-1.144329
1211,-0.335154,0.290513,0.220955,0.444477
1212,-0.335154,0.290513,0.220955,0.444477
1213,-0.348891,0.69449,-0.181177,0.444477
1214,-0.348891,0.69449,-0.181177,2.033284
1215,-0.355759,0.69449,-0.181177,-1.144329
1216,-0.355759,0.69449,-0.181177,-1.144329
1217,-0.342022,0.896478,-0.181177,0.444477
1218,-0.342022,0.896478,-0.181177,0.444477
1219,-0.348891,0.593496,-0.181177,0.444477
1220,-0.348891,0.593496,-0.181177,0.444477
1221,-0.321417,0.492502,0.220955,0.444477
1222,-0.321417,0.492502,0.220955,0.444477
1223,-0.342022,0.088525,0.220955,0.444477
1224,-0.342022,0.088525,0.220955,-1.144329
1225,-0.342022,0.189519,0.220955,-1.144329
1226,-0.342022,0.189519,0.220955,-1.144329
1227,-0.355759,0.189519,0.220955,-1.144329
1228,-0.355759,0.189519,0.220955,-1.144329
1229,-0.355759,0.492502,-0.181177,0.444477
1230,-0.355759,0.492502,-0.181177,2.033284
1231,-0.362628,0.492502,-0.181177,-1.144329
1232,-0.362628,0.492502,-0.181177,0.444477
1233,-0.355759,0.795484,-0.181177,-1.144329
1234,-0.355759,0.795484,-0.181177,0.444477
1235,-0.355759,0.492502,-0.181177,2.033284
1236,-0.355759,0.492502,-0.181177,-1.144329
1237,-0.335154,0.391508,0.220955,0.444477
1238,-0.335154,0.391508,0.220955,0.444477
1239,-0.342022,0.189519,0.220955,0.444477
1240,-0.342022,0.189519,0.220955,0.444477
1241,-0.348891,0.088525,0.220955,0.444477
1242,-0.348891,0.088525,0.220955,0.444477
1243,-0.335154,0.290513,-0.181177,0.444477
1244,-0.335154,0.290513,-0.181177,-1.144329
1245,-0.362628,0.189519,-0.181177,-1.144329
1246,-0.362628,0.189519,-0.181177,0.444477
1247,-0.348891,0.088525,-0.583309,-1.144329
1248,-0.348891,0.088525,-0.583309,2.033284
1249,-0.342022,0.492502,-0.181177,0.444477
1250,-0.342022,0.492502,-0.181177,0.444477
1251,-0.348891,0.088525,0.220955,-1.144329
1252,-0.348891,0.088525,0.220955,0.444477
1253,-0.335154,0.290513,0.220955,0.444477
1254,-0.335154,0.290513,0.220955,0.444477
1255,-0.342022,0.088525,0.623088,0.444477
1256,-0.342022,0.088525,0.623088,0.444477
1257,-0.348891,-0.012469,0.220955,0.444477
1258,-0.348891,-0.012469,0.220955,0.444477
1259,-0.342022,0.189519,-0.181177,-1.144329
1260,-0.342022,0.189519,-0.181177,-1.144329
1261,-0.362628,0.189519,-0.181177,-1.144329
1262,-0.362628,0.189519,-0.181177,-1.144329
1263,-0.348891,0.391508,-0.181177,-1.144329
1264,-0.348891,0.391508,-0.181177,0.444477
1265,-0.335154,0.189519,-0.181177,2.033284
1266,-0.335154,0.189519,-0.181177,-1.144329
1267,-0.342022,0.290513,-0.181177,0.444477
1268,-0.342022,0.290513,-0.181177,-1.144329
1269,-0.335154,0.290513,0.220955,0.444477
1270,-0.335154,0.290513,0.220955,2.033284
1271,-0.328286,-0.012469,0.220955,-1.144329
1272,-0.328286,-0.012469,0.220955,0.444477
1273,-0.342022,0.088525,-0.181177,0.444477
1274,-0.342022,0.088525,-0.181177,0.444477
1275,-0.342022,0.088525,-0.181177,-1.144329
1276,-0.348891,0.088525,-0.181177,0.444477
1277,-0.348891,0.088525,-0.181177,0.444477
1278,-0.342022,0.593496,-0.181177,-1.144329
1279,-0.342022,0.593496,-0.181177,0.444477
1280,-0.342022,0.391508,-0.181177,-2.733136
1281,-0.342022,0.391508,-0.181177,-1.144329
1282,-0.335154,0.492502,0.220955,0.444477
1283,-0.335154,0.492502,0.220955,0.444477
1284,-0.335154,0.189519,0.220955,0.444477
1285,-0.335154,0.189519,0.220955,2.033284
1286,-0.328286,0.189519,0.220955,-1.144329
1287,-0.328286,0.189519,0.220955,-1.144329
1288,-0.348891,0.189519,-0.181177,0.444477
1289,-0.348891,0.189519,-0.181177,0.444477
1290,-0.348891,0.290513,-0.181177,0.444477
1291,-0.348891,0.290513,-0.181177,0.444477
1292,-0.328286,0.492502,-0.181177,0.444477
1293,-0.328286,0.492502,-0.181177,0.444477
1294,-0.348891,0.593496,-0.181177,0.444477
1295,-0.348891,0.593496,-0.181177,-1.144329
1296,-0.335154,0.290513,-0.181177,-1.144329
1297,-0.335154,0.290513,-0.181177,-1.144329
1298,-0.335154,0.391508,0.220955,-1.144329
1299,-0.335154,0.391508,0.220955,-1.144329
1300,-0.342022,0.290513,0.220955,0.444477
1301,-0.342022,0.290513,0.220955,2.033284
1302,-0.342022,0.593496,0.220955,-1.144329
1303,-0.342022,0.593496,0.220955,0.444477
1304,-0.348891,0.391508,-0.181177,-1.144329
1305,-0.348891,0.391508,-0.181177,0.444477
1306,-0.348891,0.189519,-0.583309,2.033284
1307,-0.348891,0.189519,-0.583309,-1.144329
1308,-0.348891,0.69449,-0.181177,0.444477
1309,-0.348891,0.69449,-0.181177,0.444477
1310,-0.342022,0.088525,-0.181177,0.444477
1311,-0.342022,0.088525,-0.181177,0.444477
1312,-0.342022,0.593496,0.220955,0.444477
1313,-0.342022,0.593496,0.220955,0.444477
1314,-0.321417,0.492502,0.220955,0.444477
1315,-0.321417,0.492502,0.220955,-1.144329
1316,-0.342022,0.189519,0.220955,-1.144329
1317,-0.342022,0.189519,0.220955,0.444477
1318,-0.348891,0.290513,-0.181177,-1.144329
1319,-0.348891,0.290513,-0.181177,2.033284
1320,-0.328286,0.290513,-0.181177,0.444477
1321,-0.328286,0.290513,-0.181177,0.444477
1322,-0.355759,0.290513,-0.181177,0.444477
1323,-0.355759,0.290513,-0.181177,0.444477
1324,-0.335154,0.593496,-0.181177,0.444477
1325,-0.335154,0.593496,-0.181177,0.444477
1326,-0.335154,0.492502,-0.181177,0.444477
1327,-0.335154,0.492502,-0.181177,0.444477
1328,-0.328286,0.69449,-0.181177,0.444477
1329,-0.328286,0.69449,-0.181177,-1.144329
1330,-0.335154,0.593496,0.220955,-1.144329
1331,-0.335154,0.593496,0.220955,0.444477
1332,-0.328286,0.593496,0.220955,-1.144329
1333,-0.328286,0.593496,0.220955,2.033284
1334,-0.342022,-0.214457,0.220955,0.444477
1335,-0.342022,-0.214457,0.220955,0.444477
1336,-0.342022,0.088525,0.220955,0.444477
1337,-0.342022,0.088525,0.220955,0.444477
1338,-0.362628,0.290513,-0.181177,0.444477
1339,-0.362628,0.290513,-0.181177,-1.144329
1340,-0.355759,0.391508,-0.181177,0.444477
1341,-0.355759,0.391508,-0.181177,0.444477
1342,-0.335154,0.391508,-0.181177,-1.144329
1343,-0.335154,0.391508,-0.181177,0.444477
1344,-0.355759,0.088525,-0.181177,-2.733136
1345,-0.355759,0.088525,-0.181177,-1.144329
1346,-0.335154,0.492502,-0.181177,0.444477
1347,-0.335154,0.492502,-0.181177,0.444477
1348,-0.335154,0.391508,-0.181177,0.444477
1349,-0.335154,0.391508,-0.181177,2.033284
1350,-0.348891,0.088525,-0.181177,-1.144329
1351,-0.348891,0.088525,-0.181177,-1.144329
1352,-0.335154,0.492502,-0.181177,0.444477
1353,-0.335154,0.492502,-0.181177,0.444477
1354,-0.328286,0.290513,-0.181177,0.444477
1355,-0.328286,0.290513,-0.181177,0.444477
1356,-0.342022,0.391508,-0.181177,0.444477
1357,-0.342022,0.391508,-0.181177,0.444477
1358,-0.335154,0.189519,-0.181177,0.444477
1359,-0.335154,0.189519,-0.181177,-1.144329
1360,-0.328286,0.189519,0.220955,-1.144329
1361,-0.328286,0.189519,0.220955,0.444477
1362,-0.342022,0.593496,-0.181177,0.444477
1363,-0.342022,0.593496,-0.181177,-1.144329
1364,-0.328286,0.290513,-0.181177,0.444477
1365,-0.328286,0.290513,-0.181177,0.444477
1366,-0.342022,0.593496,-0.181177,-1.144329
1367,-0.342022,0.593496,-0.181177,0.444477
1368,-0.342022,0.189519,-0.181177,-2.733136
1369,-0.342022,0.189519,-0.181177,-1.144329
1370,-0.328286,0.69449,-0.181177,0.444477
1371,-0.328286,0.69449,-0.181177,0.444477
1372,-0.348891,0.391508,0.220955,0.444477
1373,-0.348891,0.391508,0.220955,2.033284
1374,-0.335154,0.189519,0.220955,-1.144329
1375,-0.335154,0.189519,0.220955,-1.144329
1376,-0.335154,0.189519,0.220955,0.444477
1377,-0.335154,0.189519,0.220955,0.444477
1378,-0.335154,0.290513,-0.181177,0.444477
1379,-0.335154,0.290513,-0.181177,0.444477
1380,-0.348891,0.391508,-0.181177,0.444477
1381,-0.348891,0.391508,-0.181177,0.444477
1382,-0.348891,0.391508,-0.583309,0.444477
1383,-0.348891,0.391508,-0.583309,-1.144329
1384,-0.362628,0.593496,-0.181177,-1.144329
1385,-0.362628,0.593496,-0.181177,-1.144329
1386,-0.328286,0.391508,-0.181177,-1.144329
1387,-0.328286,0.391508,-0.181177,-1.144329
1388,-0.335154,0.593496,-0.181177,0.444477
1389,-0.335154,0.593496,-0.181177,2.033284
1390,-0.342022,0.290513,0.220955,-1.144329
1391,-0.342022,0.290513,0.220955,0.444477
1392,-0.328286,0.189519,0.220955,-1.144329
1393,-0.328286,0.189519,0.220955,0.444477
1394,-0.355759,0.189519,0.220955,2.033284
1395,-0.355759,0.189519,0.220955,-1.144329
1396,-0.342022,-0.012469,-0.181177,0.444477
1397,-0.342022,-0.012469,-0.181177,0.444477
1398,-0.348891,0.189519,-0.181177,0.444477
1399,-0.348891,0.189519,-0.181177,-1.144329
1400,-0.342022,0.795484,-0.181177,0.444477
1401,-0.342022,0.795484,-0.181177,0.444477
1402,-0.342022,0.997472,-0.181177,-1.144329
1403,-0.342022,0.997472,-0.181177,0.444477
1404,-0.348891,0.290513,-0.181177,-2.733136
1405,-0.348891,0.290513,-0.181177,-1.144329
1406,-0.335154,0.189519,0.220955,0.444477
1407,-0.335154,0.189519,0.220955,0.444477
1408,-0.328286,-0.012469,0.623088,0.444477
1409,-0.328286,-0.012469,0.623088,2.033284
1410,-0.348891,0.391508,0.220955,-1.144329
1411,-0.348891,0.391508,0.220955,-1.144329
1412,-0.355759,0.69449,0.220955,0.444477
1413,-0.355759,0.69449,0.220955,0.444477
1414,-0.355759,0.593496,-0.181177,0.444477
1415,-0.355759,0.593496,-0.181177,0.444477
1416,-0.369496,0.492502,-0.181177,0.444477
1417,-0.369496,0.492502,-0.181177,0.444477
1418,-0.355759,0.391508,-0.181177,0.444477
1419,-0.355759,0.391508,-0.181177,-1.144329
1420,-0.335154,0.189519,-0.181177,-1.144329
1421,-0.335154,0.189519,-0.181177,-1.144329
1422,-0.335154,0.391508,0.220955,-1.144329
1423,-0.335154,0.391508,0.220955,-1.144329
1424,-0.335154,-0.012469,0.220955,0.444477
1425,-0.335154,-0.012469,0.220955,2.033284
1426,-0.348891,0.391508,0.220955,-1.144329
1427,-0.348891,0.391508,0.220955,0.444477
1428,-0.328286,0.391508,0.220955,-1.144329
1429,-0.328286,0.391508,0.220955,0.444477
1430,-0.362628,0.492502,-0.181177,2.033284
1431,-0.362628,0.492502,-0.181177,-1.144329
1432,-0.348891,0.391508,-0.181177,0.444477
1433,-0.348891,0.391508,-0.181177,0.444477
1434,-0.348891,0.69449,-0.181177,0.444477
1435,-0.348891,0.69449,-0.181177,0.444477
1436,-0.355759,0.391508,-0.181177,0.444477
1437,-0.355759,0.391508,-0.181177,0.444477
1438,-0.342022,0.290513,-0.181177,0.444477
1439,-0.342022,0.290513,-0.181177,-1.144329
1440,-0.348891,0.492502,0.220955,-1.144329
1441,-0.348891,0.492502,0.220955,0.444477
1442,-0.348891,0.088525,0.220955,-1.144329
1443,-0.348891,0.088525,0.220955,2.033284
1444,-0.342022,0.391508,-0.181177,0.444477
1445,-0.342022,0.391508,-0.181177,0.444477
1446,-0.335154,0.896478,-0.181177,0.444477
1447,-0.335154,0.896478,-0.181177,0.444477
1448,-0.362628,0.391508,-0.181177,0.444477
1449,-0.362628,0.391508,-0.181177,0.444477
1450,-0.335154,0.795484,-0.181177,0.444477
1451,-0.335154,0.795484,-0.181177,0.444477
1452,-0.362628,0.290513,-0.181177,0.444477
1453,-0.362628,0.290513,-0.181177,-1.144329
1454,-0.355759,0.290513,-0.181177,-1.144329
1455,-0.355759,0.290513,-0.181177,0.444477
1456,-0.348891,0.69449,-0.181177,-1.144329
1457,-0.348891,0.69449,-0.181177,2.033284
1458,-0.342022,0.69449,-0.181177,0.444477
1459,-0.342022,0.69449,-0.181177,0.444477
1460,-0.348891,0.896478,-0.181177,0.444477
1461,-0.348891,0.896478,-0.181177,0.444477
1462,-0.335154,0.69449,-0.181177,0.444477
1463,-0.335154,0.69449,-0.181177,-1.144329
1464,-0.355759,0.593496,-0.181177,0.444477
1465,-0.355759,0.593496,-0.181177,0.444477
1466,-0.348891,0.088525,-0.181177,-1.144329
1467,-0.348891,0.088525,-0.181177,0.444477
1468,-0.342022,0.69449,-0.181177,-2.733136
1469,-0.342022,0.69449,-0.181177,-1.144329
1470,-0.355759,0.391508,-0.181177,0.444477
1471,-0.355759,0.391508,-0.181177,0.444477
1472,-0.335154,0.492502,-0.181177,0.444477
1473,-0.335154,0.492502,-0.181177,2.033284
1474,-0.348891,0.290513,-0.181177,-1.144329
1475,-0.348891,0.290513,-0.181177,-1.144329
1476,-0.342022,0.189519,-0.181177,0.444477
1477,-0.342022,0.189519,-0.181177,0.444477
1478,-0.355759,0.492502,-0.181177,-1.144329
1479,-0.355759,0.492502,-0.181177,0.444477
1480,-0.355759,0.391508,-0.181177,0.444477
1481,-0.355759,0.391508,-0.181177,-1.144329
1482,-0.342022,0.189519,0.220955,0.444477
1483,-0.342022,0.189519,0.220955,-2.733136
1484,-0.335154,0.088525,0.220955,-1.144329
1485,-0.335154,0.088525,0.220955,0.444477
1486,-0.328286,0.492502,0.220955,0.444477
1487,-0.328286,0.492502,0.220955,0.444477
1488,-0.335154,0.391508,0.220955,2.033284
1489,-0.335154,0.391508,0.220955,-1.144329
1490,-0.362628,0.795484,-0.181177,-1.144329
1491,-0.362628,0.795484,-0.181177,0.444477
1492,-0.362628,0.593496,-0.181177,0.444477
1493,-0.362628,0.593496,-0.181177,0.444477
1494,-0.342022,0.189519,-0.181177,0.444477
1495,-0.342022,0.189519,-0.181177,0.444477
1496,-0.355759,0.391508,-0.181177,0.444477
1497,-0.355759,0.391508,-0.181177,0.444477
1498,-0.355759,0.088525,-0.181177,-1.144329
1499,-0.355759,0.088525,-0.181177,-1.144329
1500,-0.355759,0.492502,-0.181177,-1.144329
1501,-0.355759,0.492502,-0.181177,-1.144329
1502,-0.328286,-0.012469,-0.181177,-1.144329
1503,-0.328286,-0.012469,-0.181177,0.444477
1504,-0.348891,0.290513,-0.181177,2.033284
1505,-0.348891,0.290513,-0.181177,-1.144329
1506,-0.348891,0.290513,-0.181177,0.444477
1507,-0.348891,0.290513,-0.181177,-1.144329
1508,-0.335154,0.391508,-0.181177,0.444477
1509,-0.335154,0.391508,-0.181177,2.033284
1510,-0.335154,0.088525,-0.181177,2.033284
1511,-0.335154,0.088525,-0.181177,2.033284
1512,-0.348891,0.290513,-0.181177,0.444477
1513,-0.348891,0.290513,-0.181177,0.444477
1514,-0.335154,0.189519,-0.181177,-1.144329
1515,-0.335154,0.189519,-0.181177,0.444477
1516,-0.342022,0.189519,-0.181177,0.444477
1517,-0.342022,0.189519,-0.181177,-1.144329
1518,-0.348891,0.189519,-0.181177,0.444477
1519,-0.348891,0.189519,-0.181177,-2.733136
1520,-0.348891,0.492502,-0.181177,-1.144329
1521,-0.348891,0.492502,-0.181177,0.444477
1522,-0.328286,0.391508,-0.181177,0.444477
1523,-0.328286,0.391508,-0.181177,0.444477
1524,-0.342022,0.290513,-0.181177,2.033284
1525,-0.342022,0.290513,-0.181177,-1.144329
1526,-0.335154,0.290513,-0.181177,-1.144329
1527,-0.335154,0.290513,-0.181177,0.444477
1528,-0.348891,0.189519,-0.181177,0.444477
1529,-0.348891,0.189519,-0.181177,0.444477
1530,-0.335154,0.391508,-0.181177,0.444477
1531,-0.335154,0.391508,-0.181177,0.444477
1532,-0.342022,0.492502,-0.181177,0.444477
1533,-0.342022,0.492502,-0.181177,0.444477
1534,-0.335154,0.088525,-0.181177,0.444477
1535,-0.335154,0.088525,-0.181177,-1.144329
1536,-0.335154,0.290513,-0.181177,-1.144329
1537,-0.335154,0.290513,-0.181177,-1.144329
1538,-0.348891,0.492502,-0.181177,-1.144329
1539,-0.348891,0.492502,-0.181177,0.444477
1540,-0.362628,0.593496,-0.583309,2.033284
1541,-0.362628,0.593496,-0.583309,-1.144329
1542,-0.348891,0.290513,-0.181177,0.444477
1543,-0.348891,0.290513,-0.181177,-1.144329
1544,-0.335154,0.189519,-0.181177,0.444477
1545,-0.335154,0.189519,-0.181177,2.033284
1546,-0.335154,0.391508,0.220955,-1.144329
1547,-0.335154,0.391508,0.220955,0.444477
1548,-0.342022,0.391508,0.220955,0.444477
1549,-0.342022,0.391508,0.220955,0.444477
1550,-0.348891,0.795484,0.220955,0.444477
1551,-0.348891,0.795484,0.220955,0.444477
1552,-0.342022,0.290513,-0.181177,0.444477
1553,-0.342022,0.290513,-0.181177,0.444477
1554,-0.362628,0.69449,-0.181177,-1.144329
1555,-0.362628,0.69449,-0.181177,-1.144329
1556,-0.362628,0.492502,-0.181177,0.444477
1557,-0.362628,0.492502,-0.181177,-1.144329
1558,-0.335154,0.290513,-0.181177,2.033284
1559,-0.335154,0.290513,-0.181177,0.444477
1560,-0.335154,0.189519,-0.181177,0.444477
1561,-0.335154,0.189519,-0.181177,0.444477
1562,-0.342022,0.189519,0.220955,0.444477
1563,-0.342022,0.189519,0.220955,0.444477
1564,-0.335154,0.088525,0.220955,0.444477
1565,-0.335154,0.088525,0.220955,0.444477
1566,-0.355759,-0.012469,0.220955,0.444477
1567,-0.355759,-0.012469,0.220955,0.444477
1568,-0.342022,0.189519,-0.181177,-1.144329
1569,-0.342022,0.189519,-0.181177,-1.144329
1570,-0.362628,0.189519,-0.181177,0.444477
1571,-0.362628,0.189519,-0.181177,-1.144329
1572,-0.348891,0.290513,-0.181177,0.444477
1573,-0.348891,0.290513,-0.181177,0.444477
1574,-0.342022,-0.012469,-0.181177,-1.144329
1575,-0.342022,-0.012469,-0.181177,0.444477
1576,-0.342022,0.189519,-0.181177,0.444477
1577,-0.342022,0.189519,-0.181177,-1.144329
1578,-0.335154,0.088525,0.220955,0.444477
1579,-0.335154,0.088525,0.220955,-2.733136
1580,-0.328286,-0.012469,0.220955,-1.144329
1581,-0.328286,-0.012469,0.220955,0.444477
1582,-0.355759,0.189519,0.220955,0.444477
1583,-0.355759,0.189519,0.220955,0.444477
1584,-0.348891,0.290513,-0.181177,2.033284
1585,-0.348891,0.290513,-0.181177,-1.144329
1586,-0.342022,0.290513,-0.181177,-1.144329
1587,-0.342022,0.290513,-0.181177,0.444477
1588,-0.348891,0.189519,-0.181177,0.444477
1589,-0.348891,0.189519,-0.181177,0.444477
1590,-0.342022,0.290513,-0.181177,0.444477
1591,-0.342022,0.290513,-0.181177,0.444477
1592,-0.335154,0.593496,0.220955,0.444477
1593,-0.335154,0.593496,0.220955,0.444477
1594,-0.348891,0.290513,0.220955,-1.144329
1595,-0.348891,0.290513,0.220955,-1.144329
1596,-0.348891,0.189519,-0.181177,-1.144329
1597,-0.348891,0.189519,-0.181177,-1.144329
1598,-0.348891,0.391508,-0.181177,-1.144329
1599,-0.348891,0.391508,-0.181177,0.444477
1600,-0.348891,0.492502,-0.181177,2.033284
1601,-0.348891,0.492502,-0.181177,-1.144329
1602,-0.342022,0.69449,-0.583309,0.444477
1603,-0.342022,0.69449,-0.583309,-1.144329
1604,-0.342022,0.391508,-0.181177,0.444477
1605,-0.342022,0.391508,-0.181177,2.033284
1606,-0.342022,1.19946,-0.181177,-1.144329
1607,-0.342022,1.19946,-0.181177,0.444477
1608,-0.335154,0.896478,0.220955,0.444477
1609,-0.335154,0.896478,0.220955,0.444477
1610,-0.328286,0.896478,0.220955,-1.144329
1611,-0.328286,0.896478,0.220955,0.444477
1612,-0.328286,0.896478,0.220955,0.444477
1613,-0.328286,0.896478,0.220955,-1.144329
1614,-0.328286,0.997472,-0.181177,0.444477
1615,-0.328286,0.997472,-0.181177,-2.733136
1616,-0.335154,0.896478,-0.181177,-1.144329
1617,-0.335154,0.896478,-0.181177,0.444477
1618,-0.328286,0.69449,-0.583309,0.444477
1619,-0.328286,0.69449,-0.583309,0.444477
1620,-0.335154,0.997472,-0.181177,2.033284
1621,-0.335154,0.997472,-0.181177,-1.144329
1622,-0.328286,1.300455,0.220955,-1.144329
1623,-0.328286,1.300455,0.220955,0.444477
1624,-0.328286,1.19946,0.220955,0.444477
1625,-0.328286,1.19946,0.220955,0.444477
1626,-0.335154,0.997472,0.220955,0.444477
1627,-0.335154,0.997472,0.220955,0.444477
1628,-0.335154,0.997472,0.220955,0.444477
1629,-0.335154,0.997472,0.220955,0.444477
1630,-0.328286,1.401449,-0.181177,-1.144329
1631,-0.328286,1.401449,-0.181177,-1.144329
1632,-0.335154,1.300455,-0.181177,-1.144329
1633,-0.335154,1.300455,-0.181177,-1.144329
1634,-0.342022,1.098466,-0.181177,-1.144329
1635,-0.342022,1.098466,-0.181177,0.444477
1636,-0.342022,1.19946,-0.181177,2.033284
1637,-0.342022,1.19946,-0.181177,-1.144329
1638,-0.328286,1.401449,-0.181177,0.444477
1639,-0.328286,1.401449,-0.181177,-1.144329
1640,-0.314549,1.19946,-0.181177,0.444477
1641,-0.314549,1.19946,-0.181177,2.033284
1642,-0.321417,1.098466,-0.181177,-1.144329
1643,-0.321417,1.098466,-0.181177,0.444477
1644,-0.335154,1.401449,-0.181177,0.444477
1645,-0.335154,1.401449,-0.181177,0.444477
1646,-0.328286,1.704431,-0.181177,0.444477
1647,-0.328286,1.704431,-0.181177,0.444477
1648,-0.335154,2.613378,-0.181177,0.444477
1649,-0.335154,2.613378,-0.181177,0.444477
1650,-0.321417,2.310396,0.220955,-1.144329
1651,-0.321417,2.310396,0.220955,-1.144329
1652,-0.30768,2.007413,0.220955,0.444477
1653,-0.30768,2.007413,0.220955,-1.144329
1654,-0.30768,2.209402,0.220955,2.033284
1655,-0.30768,2.209402,0.220955,0.444477
1656,-0.300812,2.815366,0.220955,0.444477
1657,-0.300812,2.815366,0.220955,0.444477
1658,-0.328286,3.623319,-0.181177,0.444477
1659,-0.328286,3.623319,-0.181177,0.444477
1660,-0.314549,2.209402,-0.181177,0.444477
1661,-0.314549,2.209402,-0.181177,0.444477
1662,-0.293943,2.310396,-0.181177,0.444477
1663,-0.293943,2.310396,-0.181177,0.444477
1664,-0.314549,1.805425,-0.181177,-1.144329
1665,-0.314549,1.805425,-0.181177,-1.144329
1666,-0.300812,2.41139,0.220955,0.444477
1667,-0.300812,2.41139,0.220955,-1.144329
1668,-0.30768,0.290513,-0.181177,2.033284
1669,-0.30768,0.290513,-0.181177,0.444477
1670,-0.314549,0.189519,-0.181177,0.444477
1671,-0.314549,0.189519,-0.181177,0.444477
1672,-0.30768,0.391508,-0.181177,0.444477
1673,-0.30768,0.391508,-0.181177,0.444477
1674,-0.328286,0.492502,-0.181177,-1.144329
1675,-0.328286,0.492502,-0.181177,0.444477
1676,-0.328286,0.69449,-0.181177,0.444477
1677,-0.328286,0.69449,-0.181177,-1.144329
1678,-0.321417,0.391508,0.220955,0.444477
1679,-0.321417,0.391508,0.220955,-2.733136
1680,-0.300812,1.19946,0.220955,-1.144329
1681,-0.300812,1.19946,0.220955,0.444477
1682,-0.30768,0.896478,-0.181177,0.444477
1683,-0.30768,0.896478,-0.181177,0.444477
1684,-0.26647,0.896478,-0.181177,2.033284
1685,-0.26647,0.896478,-0.181177,-1.144329
1686,-0.314549,0.896478,-0.181177,-1.144329
1687,-0.314549,0.896478,-0.181177,0.444477
1688,-0.328286,0.997472,-0.181177,0.444477
1689,-0.328286,0.997472,-0.181177,0.444477
1690,-0.321417,0.896478,0.220955,0.444477
1691,-0.321417,0.896478,0.220955,0.444477
1692,-0.314549,0.896478,0.220955,0.444477
1693,-0.314549,0.896478,0.220955,0.444477
1694,-0.321417,0.997472,0.220955,-1.144329
1695,-0.321417,0.997472,0.220955,-1.144329
1696,-0.314549,1.300455,0.220955,-1.144329
1697,-0.314549,1.300455,0.220955,-1.144329
1698,-0.335154,1.19946,-0.181177,-1.144329
1699,-0.335154,1.19946,-0.181177,0.444477
1700,-0.314549,0.997472,-0.181177,2.033284
1701,-0.314549,0.997472,-0.181177,-1.144329
1702,-0.328286,0.997472,-0.181177,0.444477
1703,-0.328286,0.997472,-0.181177,-1.144329
1704,-0.328286,1.401449,-0.181177,0.444477
1705,-0.328286,1.401449,-0.181177,2.033284
1706,-0.314549,1.300455,0.220955,-1.144329
1707,-0.314549,1.300455,0.220955,0.444477
1708,-0.314549,1.098466,0.220955,0.444477
1709,-0.314549,1.098466,0.220955,-1.144329
1710,-0.314549,1.19946,0.220955,0.444477
1711,-0.314549,1.19946,0.220955,0.444477
1712,-0.328286,1.401449,0.220955,-1.144329
1713,-0.328286,1.401449,0.220955,0.444477
1714,-0.321417,1.19946,-0.181177,-2.733136
1715,-0.321417,1.19946,-0.181177,-1.144329
1716,-0.280207,1.098466,-0.181177,0.444477
1717,-0.280207,1.098466,-0.181177,0.444477
1718,-0.328286,1.401449,-0.181177,0.444477
1719,-0.328286,1.401449,-0.181177,2.033284
1720,-0.300812,1.704431,0.220955,-1.144329
1721,-0.300812,1.704431,0.220955,-1.144329
1722,-0.287075,2.613378,0.220955,0.444477
1723,-0.287075,2.613378,0.220955,0.444477
1724,-0.30768,2.310396,-0.181177,0.444477
1725,-0.30768,2.310396,-0.181177,0.444477
1726,-0.287075,2.007413,-0.181177,0.444477
1727,-0.287075,2.007413,-0.181177,0.444477
1728,-0.348891,2.209402,-0.583309,0.444477
1729,-0.348891,2.209402,-0.583309,-1.144329
1730,-0.348891,2.815366,-0.181177,-1.144329
1731,-0.348891,2.815366,-0.181177,-1.144329
1732,-0.342022,3.623319,-0.181177,-1.144329
1733,-0.342022,3.623319,-0.181177,-1.144329
1734,-0.335154,2.209402,-0.181177,0.444477
1735,-0.335154,2.209402,-0.181177,2.033284
1736,-0.335154,2.310396,0.220955,-1.144329
1737,-0.335154,2.310396,0.220955,0.444477
1738,-0.355759,1.805425,-0.181177,-1.144329
1739,-0.355759,1.805425,-0.181177,0.444477
1740,-0.328286,2.41139,-0.181177,2.033284
1741,-0.328286,2.41139,-0.181177,-1.144329
1742,-0.335154,0.290513,-0.181177,0.444477
1743,-0.335154,0.189519,-0.181177,0.444477
1744,-0.300812,0.189519,-0.181177,0.444477
1745,-0.300812,0.189519,-0.181177,-1.144329
1746,-0.300812,0.189519,-0.181177,0.444477
1747,-0.300812,0.088525,-0.181177,0.444477
1748,-0.719785,0.088525,-0.181177,-1.144329
1749,-0.719785,-0.012469,-0.181177,0.444477
1750,-0.39697,-0.012469,-0.583309,-2.733136
1751,-0.39697,0.189519,-0.583309,-1.144329
1752,-0.300812,0.189519,-0.181177,0.444477
1753,-0.300812,0.189519,-0.181177,0.444477
1754,-0.211522,0.189519,0.220955,0.444477
1755,-0.211522,0.290513,0.220955,2.033284
1756,-0.26647,0.290513,0.220955,-1.144329
1757,-0.26647,-0.012469,0.220955,-1.144329
1758,-0.245865,-0.012469,0.220955,0.444477
1759,-0.245865,0.189519,0.220955,0.444477
1760,-0.225259,0.189519,0.220955,0.444477
1761,-0.225259,0.088525,0.220955,0.444477
1762,-0.232128,0.088525,-0.181177,0.444477
1763,-0.232128,-0.012469,-0.181177,0.444477
1764,-0.225259,-0.012469,-0.181177,0.444477
1765,-0.225259,0.189519,-0.181177,-1.144329
1766,-0.232128,0.189519,-0.181177,-1.144329
1767,-0.232128,0.290513,-0.181177,-1.144329
1768,-0.225259,0.290513,-0.181177,-1.144329
1769,-0.225259,0.290513,-0.181177,-1.144329
1770,-0.149707,0.290513,0.220955,0.444477
1771,-0.149707,0.189519,0.220955,2.033284
1772,-0.211522,0.189519,0.220955,-1.144329
1773,-0.211522,0.290513,0.220955,0.444477
1774,-0.211522,0.290513,-0.181177,-1.144329
1775,-0.211522,0.593496,-0.181177,0.444477
1776,-0.163444,0.593496,-0.181177,2.033284
1777,-0.163444,0.290513,-0.181177,-1.144329
1778,-0.238996,0.290513,-0.181177,0.444477
1779,-0.238996,0.189519,-0.181177,0.444477
1780,-0.225259,0.189519,-0.181177,0.444477
1781,-0.225259,0.391508,-0.181177,0.444477
1782,-0.225259,0.391508,-0.181177,0.444477
1783,-0.225259,0.492502,-0.181177,0.444477
1784,-0.204654,0.492502,-0.181177,0.444477
1785,-0.204654,0.69449,-0.181177,-1.144329
1786,-0.218391,0.69449,-0.181177,-1.144329
1787,-0.218391,0.391508,-0.181177,0.444477
1788,-0.218391,0.391508,-0.181177,-1.144329
1789,-0.218391,1.19946,-0.181177,2.033284
1790,-0.225259,1.19946,-0.181177,0.444477
1791,-0.225259,0.896478,-0.181177,0.444477
1792,-0.232128,0.896478,-0.181177,0.444477
1793,-0.232128,0.896478,-0.181177,0.444477
1794,-0.238996,0.896478,0.220955,0.444477
1795,-0.238996,0.896478,0.220955,0.444477
1796,-0.252733,0.896478,0.220955,0.444477
1797,-0.252733,0.997472,0.220955,0.444477
1798,-0.245865,0.997472,0.220955,0.444477
1799,-0.245865,0.896478,0.220955,-1.144329
1800,-0.26647,0.896478,0.220955,-1.144329
1801,-0.26647,0.69449,0.220955,0.444477
1802,-0.273338,0.69449,0.220955,-1.144329
1803,-0.273338,0.997472,0.220955,2.033284
1804,-0.26647,0.997472,-0.181177,0.444477
1805,-0.26647,1.300455,-0.181177,0.444477
1806,-0.273338,1.300455,-0.181177,0.444477
1807,-0.273338,1.19946,-0.181177,0.444477
1808,-0.280207,1.19946,-0.181177,0.444477
1809,-0.280207,0.997472,-0.181177,-1.144329
1810,-0.259601,0.997472,-0.181177,0.444477
1811,-0.259601,0.997472,-0.181177,0.444477
1812,-0.26647,0.997472,0.220955,-1.144329
1813,-0.26647,1.401449,0.220955,0.444477
1814,-0.26647,1.401449,0.220955,-2.733136
1815,-0.26647,1.300455,0.220955,-1.144329
1816,-0.211522,1.300455,-0.181177,0.444477
1817,-0.211522,1.098466,-0.181177,0.444477
1818,-0.218391,1.098466,-0.181177,0.444477
1819,-0.218391,1.19946,-0.181177,2.033284
1820,-0.211522,1.19946,-0.181177,-1.144329
1821,-0.211522,1.401449,-0.181177,-1.144329
1822,-0.197786,1.401449,-0.181177,0.444477
1823,-0.197786,1.19946,-0.181177,0.444477
1824,-0.218391,1.19946,-0.181177,0.444477
1825,-0.218391,1.098466,-0.181177,0.444477
1826,-0.204654,1.098466,-0.181177,-1.144329
1827,-0.204654,1.401449,-0.181177,0.444477
1828,-0.218391,1.401449,0.220955,0.444477
1829,-0.218391,1.704431,0.220955,-1.144329
1830,-0.190917,1.704431,0.220955,0.444477
1831,-0.190917,2.613378,0.220955,-2.733136
1832,-0.197786,2.613378,0.220955,-1.144329
1833,-0.197786,2.310396,0.220955,0.444477
1834,-0.225259,2.310396,-0.181177,0.444477
1835,-0.225259,2.007413,-0.181177,0.444477
1836,-0.225259,2.007413,-0.181177,2.033284
1837,-0.225259,2.209402,-0.181177,-1.144329
1838,-0.225259,2.209402,-0.181177,-1.144329
1839,-0.225259,2.815366,-0.181177,0.444477
1840,-0.197786,2.815366,-0.181177,0.444477
1841,-0.197786,3.623319,-0.181177,0.444477
1842,-0.204654,3.623319,-0.181177,0.444477
1843,-0.204654,2.209402,-0.181177,0.444477
1844,-0.204654,2.209402,0.220955,0.444477
1845,-0.204654,2.310396,0.220955,0.444477
1846,-0.211522,2.310396,0.220955,-1.144329
1847,-0.211522,1.805425,0.220955,-1.144329
1848,-0.190917,1.805425,-0.181177,-1.144329
1849,-0.190917,2.41139,-0.181177,-1.144329
1850,-0.238996,2.41139,-0.181177,-1.144329
1851,-0.238996,0.290513,-0.181177,0.444477
1852,-0.204654,0.290513,-0.181177,2.033284
1853,-0.204654,0.189519,-0.181177,-1.144329
1854,-0.211522,0.189519,-0.181177,0.444477
1855,-0.211522,0.088525,-0.181177,-1.144329
1856,-0.211522,0.088525,-0.181177,0.444477
1857,-0.211522,-0.012469,-0.181177,2.033284
1858,-0.225259,-0.012469,-0.181177,-1.144329
1859,-0.225259,0.189519,-0.181177,0.444477
1860,-0.184049,0.189519,0.220955,0.444477
1861,-0.184049,0.290513,0.220955,0.444477
1862,-0.204654,0.290513,0.220955,-1.144329
1863,-0.204654,0.290513,0.220955,0.444477
1864,-0.204654,0.290513,-0.181177,0.444477
1865,-0.204654,0.189519,-0.181177,-1.144329
1866,-0.197786,0.189519,-0.181177,0.444477
1867,-0.197786,0.290513,-0.181177,-2.733136
1868,-0.211522,0.290513,-0.583309,-1.144329
1869,-0.211522,0.593496,-0.583309,0.444477
1870,-0.211522,0.593496,-0.181177,0.444477
1871,-0.211522,0.290513,-0.181177,0.444477
1872,-0.204654,0.290513,-6.615292,2.033284
1873,-0.204654,0.189519,-6.615292,-1.144329
1874,-0.204654,0.189519,-9.028086,-1.144329
1875,-0.204654,0.391508,-9.028086,0.444477
1876,5.324423,0.391508,-9.028086,0.444477
1877,5.324423,0.391508,-9.028086,0.444477
1878,4.452134,0.492502,-9.430218,0.444477
1879,4.452134,0.69449,-9.430218,0.444477
1880,4.314765,0.69449,-9.430218,0.444477
1881,4.314765,0.391508,-9.430218,0.444477
1882,4.273555,0.391508,-9.83235,-1.144329
1883,4.273555,1.19946,-9.83235,-1.144329
1884,4.301029,1.19946,-9.430218,-1.144329
1885,4.301029,0.896478,-9.430218,-1.144329
1886,4.29416,0.896478,-8.223821,-1.144329
1887,4.29416,0.896478,-8.223821,0.444477
1888,4.25295,0.896478,-6.615292,2.033284
1889,4.25295,0.896478,-6.615292,-1.144329
1890,4.232344,0.896478,-3.800367,0.444477
1891,4.232344,0.997472,-3.800367,-1.144329
1892,4.12245,0.997472,-1.387573,0.444477
1893,4.12245,0.896478,-1.387573,2.033284
1894,3.978213,0.896478,0.623088,-1.144329
1895,3.978213,0.69449,0.623088,0.444477
1896,3.751555,0.69449,1.829484,0.444477
1897,3.751555,0.997472,1.829484,0.444477
1898,3.524897,0.997472,1.829484,0.444477
1899,3.524897,1.300455,1.829484,0.444477
1900,3.311976,1.300455,2.231617,0.444477
1901,3.311976,1.19946,2.231617,0.444477
1902,3.119661,1.19946,1.829484,-1.144329
1903,3.119661,0.997472,1.829484,-1.144329
1904,3.016634,0.997472,1.427352,0.444477
1905,3.016634,0.997472,1.427352,-1.144329
1906,2.927345,0.997472,1.427352,2.033284
1907,2.927345,1.401449,1.427352,0.444477
1908,2.893003,1.401449,1.02522,0.444477
1909,2.893003,1.300455,1.02522,0.444477
1910,2.844924,1.300455,0.623088,0.444477
1911,2.844924,1.098466,0.623088,0.444477
1912,2.81745,1.098466,0.220955,0.444477
1913,2.81745,1.19946,0.220955,0.444477
1914,2.81745,1.19946,-0.181177,0.444477
1915,2.652608,1.401449,-0.583309,0.444477
1916,2.673213,1.401449,-0.583309,-1.144329
1917,2.68695,1.19946,-0.985441,-1.144329
1918,2.714424,1.19946,-1.387573,0.444477
1919,2.700687,1.098466,-1.789706,-1.144329
1920,2.741898,1.098466,-1.789706,2.033284
1921,2.604529,1.401449,-2.191838,0.444477
1922,2.625134,1.401449,-2.191838,0.444477
1923,2.590792,1.704431,-2.191838,0.444477
1924,2.597661,1.704431,-2.191838,0.444477
1925,2.64574,2.613378,-2.191838,0.444477
1926,2.638871,2.613378,-1.789706,-1.144329
1927,2.666345,2.310396,-1.789706,0.444477
1928,2.707555,2.310396,-1.789706,0.444477
1929,2.68695,2.007413,-2.191838,-1.144329
1930,2.638871,2.007413,-2.191838,0.444477
1931,2.64574,2.209402,-2.59397,-2.733136
1932,2.666345,2.209402,-2.191838,-1.144329
1933,2.68695,2.815366,-2.191838,0.444477
1934,2.714424,2.815366,-2.191838,0.444477
1935,2.769371,3.623319,-1.789706,0.444477
1936,2.714424,3.623319,-2.191838,-1.144329
1937,2.741898,2.209402,-2.191838,0.444477
1938,2.831187,2.209402,-2.191838,0.444477
1939,2.824319,2.310396,-2.191838,-1.144329
1940,2.851792,2.310396,-2.191838,0.444477
1941,2.838055,1.805425,-2.191838,-2.733136
1942,2.810582,1.805425,-2.191838,-1.144329
1943,2.789976,2.41139,-2.191838,0.444477
1944,2.789976,2.41139,-2.191838,0.444477
1945,2.77624,0.290513,-1.789706,0.444477
1946,2.783108,0.290513,-2.191838,2.033284
1947,2.77624,0.189519,-2.191838,-1.144329
1948,2.77624,0.189519,-2.191838,-1.144329
1949,2.90674,0.391508,-2.191838,0.444477
1950,2.899871,0.391508,-2.191838,0.444477
1951,2.913608,0.492502,-2.59397,0.444477
1952,2.872397,0.492502,-2.191838,0.444477
1953,2.851792,0.69449,-2.191838,0.444477
1954,2.831187,0.69449,-2.191838,0.444477
1955,2.858661,0.391508,-2.59397,0.444477
1956,3.689739,0.391508,-2.59397,-1.144329
1957,2.996029,1.19946,-1.789706,-1.144329
1958,2.879266,1.19946,-1.789706,-1.144329
1959,2.858661,0.896478,-1.789706,-1.144329
1960,2.796845,0.896478,-1.789706,-1.144329
1961,2.789976,0.896478,-1.789706,0.444477
1962,2.803713,0.896478,-2.191838,2.033284
1963,2.810582,0.896478,-2.191838,-1.144329
1964,2.803713,0.896478,-1.789706,0.444477
1965,2.803713,0.997472,-0.583309,-1.144329
1966,2.755634,0.997472,1.427352,0.444477
1967,1.107214,0.896478,3.035881,2.033284
1968,1.107214,0.896478,3.840146,-1.144329
1969,1.031661,0.69449,4.242278,0.444477
1970,0.90803,0.69449,4.242278,0.444477
1971,0.509662,0.997472,4.242278,0.444477
1972,0.701977,0.997472,3.840146,-1.144329
1973,0.736319,1.300455,3.438013,0.444477
1974,0.640161,1.300455,3.035881,0.444477
1975,0.626425,1.19946,3.035881,-1.144329
1976,0.626425,1.19946,2.633749,0.444477
1977,0.64703,0.997472,2.231617,-2.733136
1978,0.653898,0.997472,1.829484,-1.144329
1979,0.55774,0.997472,1.427352,0.444477
1980,0.585214,0.997472,1.427352,0.444477
1981,0.585214,1.401449,1.829484,0.444477
1982,0.585214,1.401449,2.231617,2.033284
1983,0.64703,1.300455,3.035881,-1.144329
1984,0.633293,1.300455,3.035881,-1.144329
1985,0.592083,1.098466,3.035881,0.444477
1986,0.605819,1.098466,2.633749,0.444477
1987,0.585214,1.19946,2.231617,0.444477
1988,0.550872,1.19946,1.829484,0.444477
1989,0.605819,1.401449,1.829484,0.444477
1990,0.592083,1.401449,1.427352,0.444477
1991,0.592083,1.19946,1.829484,0.444477
1992,0.619556,1.19946,2.231617,-1.144329
1993,0.585214,1.098466,2.231617,-1.144329
1994,0.578346,1.098466,2.633749,-1.144329
1995,0.399767,1.401449,1.829484,-1.144329
1996,2.240503,1.401449,1.829484,-1.144329
1997,0.193714,1.704431,2.231617,0.444477
1998,0.152504,1.704431,2.231617,2.033284
1999,0.08382,2.613378,2.231617,-1.144329
2000,0.063214,2.613378,2.231617,0.444477
2001,0.104425,2.310396,1.829484,-1.144329
2002,0.070083,2.310396,1.829484,0.444477
2003,0.001399,2.007413,1.829484,2.033284
2004,0.070083,2.007413,1.829484,-1.144329
2005,0.049477,2.209402,2.231617,0.444477
2006,0.241793,2.209402,2.231617,0.444477
2007,0.207451,2.815366,2.231617,0.444477
2008,0.331083,2.815366,-0.181177,0.444477
2009,3.703476,3.623319,-0.181177,0.444477
2010,4.204871,3.623319,-0.583309,0.444477
2011,2.343529,2.209402,0.220955,0.444477
2012,2.206161,2.209402,1.02522,-1.144329
2013,2.144345,2.310396,3.035881,-1.144329
2014,1.608608,2.310396,4.64441,0.444477
2015,1.615477,1.805425,5.448674,-1.144329
2016,1.615477,1.805425,6.252939,2.033284
2017,1.581135,2.41139,6.252939,0.444477
2018,0.880556,2.41139,5.850807,0.444477
2019,1.182767,0.290513,5.850807,0.444477
2020,1.237714,0.189519,5.448674,0.444477
2021,1.217109,0.189519,5.046542,0.444477
2022,1.189635,0.189519,4.64441,0.444477
2023,1.175898,0.189519,4.242278,0.444477
2024,1.16903,0.088525,3.840146,0.444477
2025,1.21024,0.088525,3.438013,0.444477
2026,1.615477,-0.012469,3.035881,-1.144329
2027,1.533056,-0.012469,2.633749,-1.144329
2028,1.43003,0.189519,2.633749,0.444477
2029,1.416293,0.189519,2.231617,0.444477
2030,1.622345,0.189519,1.829484,-1.144329
2031,1.773451,0.189519,1.427352,0.444477
2032,1.828398,0.290513,1.829484,0.444477
2033,3.215818,0.290513,2.231617,-1.144329
2034,3.181476,-0.012469,2.231617,0.444477
2035,3.181476,-0.012469,2.231617,-2.733136
2036,3.696608,0.189519,2.231617,-1.144329
2037,2.12374,0.189519,2.231617,0.444477
2038,4.362844,0.088525,1.829484,0.444477
2039,4.452134,0.088525,1.829484,0.444477
2040,3.875187,-0.012469,1.829484,2.033284
2041,3.86145,-0.012469,2.231617,-1.144329
2042,3.854581,0.189519,2.231617,-1.144329
2043,3.840844,0.189519,2.231617,0.444477
2044,3.277634,0.290513,2.231617,0.444477
2045,3.277634,0.290513,1.829484,0.444477
2046,3.263897,0.290513,1.829484,0.444477
2047,3.016634,0.290513,1.829484,0.444477
2048,2.755634,0.189519,1.829484,0.444477
2049,2.769371,0.189519,2.231617,0.444477
2050,2.741898,0.290513,2.633749,-1.144329
2051,2.316056,0.290513,2.231617,-1.144329
2052,2.137477,0.593496,2.231617,-1.144329
2053,2.061924,0.593496,1.829484,-1.144329
2054,1.423161,0.290513,1.829484,-1.144329
2055,1.484977,0.290513,1.829484,0.444477
2056,1.491845,0.189519,1.829484,2.033284
2057,1.526187,0.189519,2.231617,-1.144329
2058,1.491845,0.391508,2.231617,0.444477
2059,1.539924,0.391508,2.231617,-1.144329
2060,3.057845,0.492502,2.231617,0.444477
2061,3.009766,0.492502,1.829484,2.033284
2062,2.851792,0.69449,1.829484,-1.144329
2063,3.524897,0.69449,1.829484,0.444477
2064,4.211739,0.391508,1.829484,0.444477
2065,3.840844,0.391508,2.231617,0.444477
2066,3.799634,1.19946,2.231617,-1.144329
2067,3.799634,1.19946,2.231617,0.444477
2068,3.662266,0.896478,1.829484,0.444477
2069,3.51116,0.896478,1.829484,-1.144329
2070,3.518029,0.896478,1.829484,0.444477
2071,3.524897,0.896478,1.829484,-2.733136
2072,3.518029,0.896478,2.231617,-1.144329
2073,3.518029,0.896478,2.231617,0.444477
2074,3.531766,0.997472,2.231617,0.444477
2075,3.545502,0.997472,2.231617,0.444477
2076,3.531766,0.896478,2.231617,2.033284
2077,3.524897,0.896478,1.829484,-1.144329
2078,3.518029,0.69449,1.829484,-1.144329
2079,3.504292,0.69449,1.829484,0.444477
2080,3.518029,0.997472,1.829484,0.444477
2081,3.51116,0.997472,1.829484,0.444477
2082,3.51116,1.300455,2.231617,0.444477
2083,3.531766,1.300455,2.231617,0.444477
2084,3.538634,1.19946,2.231617,0.444477
2085,3.518029,1.19946,1.829484,0.444477
2086,3.524897,0.997472,1.829484,-1.144329
2087,3.51116,0.997472,1.829484,-1.144329
2088,3.504292,0.997472,1.829484,-1.144329
2089,3.518029,0.997472,1.829484,-1.144329
2090,3.518029,1.401449,2.231617,-1.144329
2091,3.524897,1.401449,2.231617,0.444477
2092,3.524897,1.300455,2.231617,2.033284
2093,3.531766,1.300455,1.829484,-1.144329
2094,3.518029,1.098466,1.829484,0.444477
2095,3.518029,1.098466,1.829484,-1.144329
2096,3.518029,1.19946,1.829484,0.444477
2097,3.51116,1.19946,2.231617,2.033284
2098,3.531766,1.401449,2.231617,-1.144329
2099,3.518029,1.401449,2.231617,0.444477
2100,3.531766,1.19946,2.231617,0.444477
2101,3.538634,1.19946,1.829484,0.444477
2102,3.51116,1.098466,1.829484,0.444477
2103,3.51116,1.098466,1.829484,0.444477
2104,3.504292,1.401449,1.829484,0.444477
2105,3.504292,1.401449,1.829484,0.444477
2106,3.518029,1.704431,2.231617,-1.144329
2107,3.531766,1.704431,2.231617,-1.144329
2108,3.518029,2.613378,2.231617,-1.144329
2109,3.524897,2.613378,2.231617,-1.144329
2110,3.51116,2.310396,1.829484,2.033284
2111,3.51116,2.310396,1.427352,0.444477
2112,3.504292,2.007413,1.427352,0.444477
2113,3.504292,2.007413,1.829484,0.444477
2114,3.504292,2.209402,1.829484,0.444477
2115,3.51116,2.209402,2.231617,0.444477
2116,3.518029,2.815366,2.231617,0.444477
2117,3.524897,2.815366,2.231617,0.444477
2118,3.518029,3.623319,1.829484,0.444477
2119,3.51116,3.623319,1.829484,0.444477
2120,3.51116,2.209402,1.829484,-1.144329
2121,3.497424,2.209402,1.829484,-1.144329
2122,3.497424,2.310396,1.829484,0.444477
2123,3.518029,2.310396,2.231617,-1.144329
2124,3.518029,1.805425,2.231617,2.033284
2125,3.524897,1.805425,2.231617,0.444477
2126,3.504292,2.41139,1.829484,0.444477
2127,3.504292,2.41139,1.829484,0.444477
2128,3.51116,2.209402,1.829484,0.444477
2129,3.504292,2.815366,1.829484,0.444477
2130,3.518029,2.815366,2.231617,-1.144329
2131,3.51116,3.623319,2.231617,0.444477
2132,3.51116,3.623319,2.231617,0.444477
2133,3.518029,2.209402,1.829484,-1.144329
2134,3.51116,2.209402,1.829484,0.444477
2135,3.504292,2.310396,1.829484,-2.733136
2136,3.51116,2.310396,1.427352,-1.144329
2137,3.504292,1.805425,1.829484,0.444477
2138,3.497424,1.805425,2.231617,0.444477
2139,3.518029,2.41139,2.231617,0.444477
2140,3.51116,2.41139,1.829484,2.033284
2141,3.51116,0.290513,1.829484,-1.144329
2142,3.504292,0.290513,1.829484,-1.144329
2143,3.504292,0.189519,1.829484,0.444477
2144,3.504292,0.189519,1.829484,0.444477
2145,3.51116,0.391508,1.829484,0.444477
2146,3.51116,0.391508,1.829484,0.444477
2147,3.504292,3.623319,1.829484,0.444477
2148,3.518029,3.623319,1.829484,0.444477
2149,3.518029,2.209402,1.829484,0.444477
2150,3.504292,2.209402,1.829484,-1.144329
2151,3.51116,2.310396,1.829484,-1.144329
2152,3.518029,2.310396,2.231617,-1.144329
2153,3.51116,1.805425,2.231617,-1.144329
2154,3.51116,1.805425,1.829484,-1.144329
2155,3.51116,2.41139,1.829484,0.444477
2156,3.504292,2.41139,1.427352,2.033284
2157,3.504292,2.209402,1.427352,-1.144329
2158,3.490555,2.815366,1.829484,0.444477
2159,3.497424,2.815366,1.829484,-1.144329
2160,3.504292,3.623319,2.231617,0.444477
2161,3.518029,3.623319,2.231617,2.033284
2162,3.51116,2.209402,2.231617,-1.144329
2163,3.51116,2.209402,1.829484,0.444477
2164,3.504292,2.310396,1.829484,0.444477
2165,3.497424,2.310396,1.829484,0.444477
2166,3.518029,1.805425,1.829484,0.444477
2167,3.524897,1.805425,1.829484,0.444477
2168,3.518029,2.41139,2.231617,0.444477
2169,3.524897,2.41139,2.231617,0.444477
2170,3.531766,0.290513,2.633749,-1.144329
2171,3.531766,0.290513,2.231617,-1.144329
2172,3.545502,0.189519,2.231617,0.444477
2173,3.538634,0.189519,1.829484,-1.144329
2174,-0.273338,-1.426386,-0.181177,0.444477
2175,-0.273338,-1.426386,-0.181177,-1.144329
2176,-0.280207,-1.426386,-0.181177,0.444477
2177,-0.280207,-1.426386,-0.181177,2.033284
2178,-0.280207,-1.52738,-0.181177,-1.144329
2179,-0.280207,-1.52738,-0.181177,0.444477
2180,-0.273338,-1.224398,-0.181177,0.444477
2181,-0.273338,-1.224398,-0.181177,0.444477
2182,-0.287075,-1.325392,-0.181177,0.444477
2183,-0.287075,-1.325392,-0.181177,0.444477
2184,-0.280207,-1.729369,0.220955,0.444477
2185,-0.280207,-1.729369,0.220955,0.444477
2186,-0.280207,-1.729369,-0.181177,-1.144329
2187,-0.280207,-1.729369,-0.181177,-1.144329
2188,-0.273338,-1.52738,0.220955,0.444477
2189,-0.273338,-1.52738,0.220955,-1.144329
2190,-0.273338,-1.931357,0.220955,2.033284
2191,-0.273338,-1.931357,0.220955,0.444477
2192,-0.287075,-1.224398,-0.181177,0.444477
2193,-0.287075,-1.224398,-0.181177,0.444477
2194,-0.280207,-1.426386,-0.181177,0.444477
2195,-0.280207,-1.426386,-0.181177,0.444477
2196,-0.287075,-1.224398,-0.181177,0.444477
2197,-0.287075,-1.224398,-0.181177,0.444477
2198,-0.287075,-1.426386,-0.181177,0.444477
2199,-0.287075,-1.426386,-0.181177,0.444477
2200,-0.287075,-1.325392,-0.181177,0.444477
2201,-0.287075,-1.325392,-0.181177,0.444477
2202,-0.273338,-1.325392,0.220955,0.444477
2203,-0.273338,-1.325392,0.220955,0.444477
2204,-0.280207,-1.628375,0.220955,0.444477
2205,-0.280207,-1.628375,0.220955,0.444477
2206,-0.280207,-1.52738,0.220955,0.444477
2207,-0.280207,-1.52738,0.220955,0.444477
2208,-0.280207,-1.224398,-0.181177,0.444477
2209,-0.280207,-1.224398,-0.181177,0.444477
2210,-0.293943,-1.325392,-0.181177,0.444477
2211,-0.293943,-1.325392,-0.181177,0.444477
2212,-0.280207,-1.426386,-0.181177,0.444477
2213,-0.280207,-1.426386,-0.181177,0.444477
2214,-0.293943,-1.123404,-0.583309,0.444477
2215,-0.293943,-1.123404,-0.583309,0.444477
2216,-0.273338,-1.325392,-0.181177,0.444477
2217,-0.273338,-1.325392,-0.181177,0.444477
2218,-0.280207,-1.426386,-0.181177,0.444477
2219,-0.280207,-1.426386,-0.181177,0.444477
2220,-0.273338,-1.729369,0.220955,0.444477
2221,-0.273338,-1.729369,0.220955,0.444477
2222,-0.280207,-1.123404,0.220955,0.444477
2223,-0.280207,-1.123404,0.220955,-1.144329
2224,-0.293943,-1.224398,-0.181177,0.444477
2225,-0.293943,-1.224398,-0.181177,0.444477
2226,-0.293943,-1.426386,-0.181177,-1.144329
2227,-0.293943,-1.426386,-0.181177,0.444477
2228,-0.287075,-1.224398,-0.181177,-2.733136
2229,-0.287075,-1.224398,-0.181177,-1.144329
2230,-0.293943,-0.719428,-0.181177,0.444477
2231,-0.293943,-0.719428,-0.181177,0.444477
2232,-0.280207,-1.224398,-0.181177,0.444477
2233,-0.280207,-1.224398,-0.181177,2.033284
2234,-0.280207,-1.426386,-0.181177,-1.144329
2235,-0.280207,-1.426386,-0.181177,-1.144329
2236,-0.287075,-1.52738,-0.181177,0.444477
2237,-0.287075,-1.52738,-0.181177,0.444477
2238,-0.287075,-1.325392,-0.181177,0.444477
2239,-0.287075,-1.325392,-0.181177,0.444477
2240,-0.280207,-1.426386,-0.181177,0.444477
2241,-0.280207,-1.426386,-0.181177,0.444477
2242,-0.287075,-1.123404,-0.181177,0.444477
2243,-0.287075,-1.123404,-0.181177,-1.144329
2244,-0.293943,-1.426386,-0.181177,-1.144329
2245,-0.293943,-1.426386,-0.181177,-1.144329
2246,-0.273338,-1.224398,-0.181177,-1.144329
2247,-0.273338,-1.224398,-0.181177,-1.144329
2248,-0.280207,-1.224398,-0.181177,0.444477
2249,-0.280207,-1.224398,-0.181177,2.033284
2250,-0.293943,-1.224398,0.220955,-1.144329
2251,-0.293943,-1.224398,0.220955,0.444477
2252,-0.280207,-1.224398,0.220955,-1.144329
2253,-0.280207,-1.224398,0.220955,0.444477
2254,-0.280207,-1.628375,0.220955,2.033284
2255,-0.280207,-1.628375,0.220955,-1.144329
2256,-0.280207,-1.123404,-0.181177,0.444477
2257,-0.280207,-1.123404,-0.181177,0.444477
2258,-0.293943,-1.224398,-0.181177,0.444477
2259,-0.293943,-1.224398,-0.181177,-1.144329
2260,-0.293943,-1.325392,-0.583309,0.444477
2261,-0.293943,-1.325392,-0.583309,0.444477
2262,-0.280207,-1.426386,-0.181177,-1.144329
2263,-0.280207,-1.426386,-0.181177,0.444477
2264,-0.287075,-1.52738,-0.181177,-2.733136
2265,-0.287075,-1.52738,-0.181177,-1.144329
2266,-0.287075,-1.628375,-0.181177,0.444477
2267,-0.287075,-1.628375,-0.181177,0.444477
2268,-0.273338,-1.52738,0.220955,0.444477
2269,-0.273338,-1.52738,0.220955,2.033284
2270,-0.280207,-1.830363,0.220955,-1.144329
2271,-0.280207,-1.830363,0.220955,-1.144329
2272,-0.287075,-1.325392,0.220955,0.444477
2273,-0.287075,-1.325392,0.220955,0.444477
2274,-0.30768,-1.325392,-0.181177,0.444477
2275,-0.30768,-1.325392,-0.181177,0.444477
2276,-0.300812,-1.123404,-0.181177,0.444477
2277,-0.300812,-1.123404,-0.181177,0.444477
2278,-0.293943,-0.921416,-0.181177,0.444477
2279,-0.293943,-0.921416,-0.181177,-1.144329
2280,-0.30768,-1.325392,-0.181177,-1.144329
2281,-0.30768,-1.325392,-0.181177,-1.144329
2282,-0.287075,-1.224398,-0.181177,-1.144329
2283,-0.287075,-1.224398,-0.181177,-1.144329
2284,-0.280207,-1.52738,0.220955,0.444477
2285,-0.280207,-1.52738,0.220955,2.033284
2286,-0.287075,-1.325392,0.220955,-1.144329
2287,-0.287075,-1.325392,0.220955,0.444477
2288,-0.287075,-1.52738,0.220955,-1.144329
2289,-0.287075,-1.52738,0.220955,0.444477
2290,-0.293943,-1.628375,-0.181177,2.033284
2291,-0.293943,-1.628375,-0.181177,-1.144329
2292,-0.293943,-1.325392,-0.181177,0.444477
2293,-0.293943,-1.325392,-0.181177,0.444477
2294,-0.287075,-1.325392,-0.181177,0.444477
2295,-0.287075,-1.325392,-0.181177,0.444477
2296,-0.293943,-1.02241,-0.181177,0.444477
2297,-0.293943,-1.02241,-0.181177,0.444477
2298,-0.280207,-1.02241,0.220955,0.444477
2299,-0.280207,-1.02241,0.220955,-1.144329
2300,-0.280207,-1.325392,0.220955,-1.144329
2301,-0.280207,-1.325392,0.220955,0.444477
2302,-0.280207,-1.123404,0.220955,-1.144329
2303,-0.280207,-1.123404,0.220955,2.033284
2304,-0.293943,-1.426386,-0.181177,0.444477
2305,-0.293943,-1.426386,-0.181177,0.444477
2306,-0.280207,-1.325392,-0.181177,0.444477
2307,-0.280207,-1.325392,-0.181177,0.444477
2308,-0.287075,-0.921416,-0.181177,0.444477
2309,-0.287075,-0.921416,-0.181177,0.444477
2310,-0.300812,-1.325392,-0.181177,0.444477
2311,-0.300812,-1.325392,-0.181177,0.444477
2312,-0.280207,-1.02241,-0.181177,0.444477
2313,-0.280207,-1.02241,-0.181177,-1.144329
2314,-0.287075,-1.123404,-0.181177,-1.144329
2315,-0.287075,-1.123404,-0.181177,0.444477
2316,-0.287075,-1.224398,-0.181177,-1.144329
2317,-0.287075,-1.224398,-0.181177,2.033284
2318,-0.287075,-1.325392,-0.181177,0.444477
2319,-0.287075,-1.325392,-0.181177,0.444477
2320,-0.293943,-1.123404,-0.583309,0.444477
2321,-0.293943,-1.123404,-0.583309,0.444477
2322,-0.293943,-1.02241,-0.181177,0.444477
2323,-0.293943,-1.02241,-0.181177,-1.144329
2324,-0.287075,-0.921416,-0.181177,0.444477
2325,-0.287075,-0.921416,-0.181177,0.444477
2326,-0.293943,-1.123404,0.220955,-1.144329
2327,-0.293943,-1.123404,0.220955,0.444477
2328,-0.287075,-1.02241,0.220955,-2.733136
2329,-0.287075,-1.02241,0.220955,-1.144329
2330,-0.293943,-0.618433,0.220955,0.444477
2331,-0.293943,-0.618433,0.220955,0.444477
2332,-0.300812,-1.123404,-0.181177,0.444477
2333,-0.300812,-1.123404,-0.181177,2.033284
2334,-0.300812,-0.921416,-0.583309,-1.144329
2335,-0.300812,-0.921416,-0.583309,-1.144329
2336,-0.300812,-1.52738,-0.181177,0.444477
2337,-0.300812,-1.52738,-0.181177,0.444477
2338,-0.30768,-1.224398,-0.181177,0.444477
2339,-0.30768,-1.224398,-0.181177,0.444477
2340,-0.287075,-1.628375,-0.181177,0.444477
2341,-0.287075,-1.628375,-0.181177,0.444477
2342,-0.287075,-1.123404,0.220955,0.444477
2343,-0.287075,-1.123404,0.220955,-1.144329
2344,-0.300812,-1.830363,0.220955,-1.144329
2345,-0.300812,-1.830363,0.220955,-1.144329
2346,-0.280207,-1.628375,0.220955,-1.144329
2347,-0.280207,-1.628375,0.220955,-1.144329
2348,-0.300812,-1.52738,-0.181177,0.444477
2349,-0.300812,-1.52738,-0.181177,2.033284
2350,-0.314549,-1.325392,-0.181177,-1.144329
2351,-0.314549,-1.325392,-0.181177,0.444477
2352,-0.293943,-1.426386,-0.181177,-1.144329
2353,-0.293943,-1.426386,-0.181177,0.444477
2354,-0.300812,-1.729369,-0.181177,2.033284
2355,-0.300812,-1.729369,-0.181177,-1.144329
2356,-0.293943,-1.52738,-0.181177,0.444477
2357,-0.293943,-1.52738,-0.181177,0.444477
2358,-0.293943,-1.628375,0.220955,0.444477
2359,-0.293943,-1.628375,0.220955,-1.144329
2360,-0.280207,-1.729369,0.220955,0.444477
2361,-0.280207,-1.729369,0.220955,0.444477
2362,-0.280207,-1.224398,0.220955,-1.144329
2363,-0.280207,-1.224398,0.220955,0.444477
2364,-0.30768,-1.325392,0.220955,-2.733136
2365,-0.30768,-1.325392,0.220955,-1.144329
2366,-0.300812,-1.02241,-0.181177,0.444477
2367,-0.300812,-1.02241,-0.181177,0.444477
2368,-0.314549,-1.123404,-0.583309,0.444477
2369,-0.314549,-1.123404,-0.583309,2.033284
2370,-0.293943,-1.224398,-0.181177,-1.144329
2371,-0.293943,-1.224398,-0.181177,-1.144329
2372,-0.293943,-0.719428,-0.181177,0.444477
2373,-0.293943,-0.719428,-0.181177,0.444477
2374,-0.300812,-0.921416,0.220955,0.444477
2375,-0.300812,-0.921416,0.220955,0.444477
2376,-0.280207,-1.52738,0.220955,0.444477
2377,-0.280207,-1.52738,0.220955,0.444477
2378,-0.287075,-1.224398,0.220955,0.444477
2379,-0.287075,-1.224398,0.220955,-1.144329
2380,-0.287075,-1.426386,0.220955,-1.144329
2381,-0.287075,-1.426386,0.220955,-1.144329
2382,-0.328286,-1.123404,-0.181177,-1.144329
2383,-0.328286,-1.123404,-0.181177,-1.144329
2384,-0.300812,-1.224398,-0.181177,0.444477
2385,-0.300812,-1.224398,-0.181177,2.033284
2386,-0.30768,-1.325392,-0.181177,-1.144329
2387,-0.30768,-1.325392,-0.181177,0.444477
2388,-0.300812,-1.224398,-0.181177,-1.144329
2389,-0.300812,-1.224398,-0.181177,0.444477
2390,-0.280207,-1.325392,-0.181177,2.033284
2391,-0.280207,-1.325392,-0.181177,-1.144329
2392,-0.293943,-1.325392,0.220955,0.444477
2393,-0.293943,-1.325392,0.220955,0.444477
2394,-0.293943,-0.921416,-0.181177,0.444477
2395,-0.293943,-0.921416,-0.181177,0.444477
2396,-0.287075,-1.426386,-0.181177,0.444477
2397,-0.287075,-1.426386,-0.181177,0.444477
2398,-0.293943,-1.224398,-0.181177,0.444477
2399,-0.293943,-1.224398,-0.181177,-1.144329
2400,-0.30768,-1.224398,-0.181177,-1.144329
2401,-0.30768,-1.224398,-0.181177,0.444477
2402,-0.30768,-1.123404,-0.181177,-1.144329
2403,-0.30768,-1.123404,-0.181177,2.033284
2404,-0.300812,-0.820422,-0.181177,0.444477
2405,-0.300812,-0.820422,-0.181177,0.444477
2406,-0.300812,-1.02241,-0.181177,0.444477
2407,-0.300812,-1.02241,-0.181177,0.444477
2408,-0.293943,-1.224398,0.220955,0.444477
2409,-0.293943,-1.224398,0.220955,0.444477
2410,-0.287075,-1.628375,0.220955,0.444477
2411,-0.287075,-1.628375,0.220955,0.444477
2412,-0.30768,-1.628375,-0.181177,0.444477
2413,-0.30768,-1.628375,-0.181177,-1.144329
2414,-0.293943,-1.02241,-0.181177,-1.144329
2415,-0.293943,-1.02241,-0.181177,0.444477
2416,-0.300812,-1.02241,-0.181177,-1.144329
2417,-0.300812,-1.02241,-0.181177,2.033284
2418,-0.293943,-1.628375,-0.181177,0.444477
2419,-0.293943,-1.628375,-0.181177,0.444477
2420,-0.287075,-1.123404,-0.181177,0.444477
2421,-0.287075,-1.123404,-0.181177,0.444477
2422,-0.293943,-1.426386,-0.181177,0.444477
2423,-0.293943,-1.426386,-0.181177,-1.144329
2424,-0.287075,-1.325392,-0.181177,0.444477
2425,-0.287075,-1.325392,-0.181177,0.444477
2426,-0.287075,-1.325392,-0.181177,-1.144329
2427,-0.287075,-1.325392,-0.181177,0.444477
2428,-0.314549,-1.628375,-0.181177,-2.733136
2429,-0.314549,-1.628375,-0.181177,-1.144329
2430,-0.293943,-1.123404,-0.181177,0.444477
2431,-0.293943,-1.123404,-0.181177,0.444477
2432,-0.287075,-1.123404,-0.181177,0.444477
2433,-0.287075,-1.123404,-0.181177,2.033284
2434,-0.287075,-1.123404,-0.181177,-1.144329
2435,-0.287075,-1.123404,-0.181177,-1.144329
2436,-0.300812,-1.02241,-0.181177,0.444477
2437,-0.300812,-1.02241,-0.181177,0.444477
2438,-0.30768,-1.224398,-0.181177,0.444477
2439,-0.30768,-1.224398,-0.181177,0.444477
2440,-0.293943,-0.719428,-0.181177,0.444477
2441,-0.293943,-0.719428,-0.181177,0.444477
2442,-0.30768,-0.315451,-0.181177,0.444477
2443,-0.30768,-0.315451,-0.181177,-1.144329
2444,-0.300812,-0.618433,-0.181177,-1.144329
2445,-0.300812,-0.618433,-0.181177,-1.144329
2446,-0.287075,-0.719428,-0.181177,-1.144329
2447,-0.287075,-0.719428,-0.181177,-1.144329
2448,-0.287075,-0.719428,-0.181177,0.444477
2449,-0.287075,-0.719428,-0.181177,2.033284
2450,-0.300812,-0.113463,-0.181177,-1.144329
2451,-0.300812,-0.113463,-0.181177,0.444477
2452,-0.287075,-0.416445,-0.181177,-1.144329
2453,-0.287075,-0.416445,-0.181177,0.444477
2454,-0.300812,-0.517439,-0.181177,2.033284
2455,-0.300812,-0.517439,-0.181177,-1.144329
2456,-0.293943,-0.416445,-0.181177,0.444477
2457,-0.293943,-0.416445,-0.181177,0.444477
2458,-0.293943,-0.517439,-0.181177,0.444477
2459,-0.293943,-0.517439,-0.181177,0.444477
2460,-0.293943,-0.315451,-0.181177,0.444477
2461,-0.293943,-0.315451,-0.181177,0.444477
2462,-0.300812,-0.517439,0.220955,0.444477
2463,-0.300812,-0.517439,0.220955,-1.144329
2464,-0.293943,-0.012469,-0.181177,-1.144329
2465,-0.293943,-0.012469,-0.181177,0.444477
2466,-0.30768,-0.113463,-0.181177,-1.144329
2467,-0.30768,-0.113463,-0.181177,2.033284
2468,-0.300812,-0.113463,-0.181177,0.444477
2469,-0.300812,-0.113463,-0.181177,0.444477
2470,-0.300812,0.088525,-0.181177,0.444477
2471,-0.300812,0.088525,-0.181177,0.444477
2472,-0.300812,-0.416445,-0.181177,0.444477
2473,-0.300812,-0.416445,-0.181177,0.444477
2474,-0.293943,-0.012469,-0.181177,0.444477
2475,-0.293943,-0.012469,-0.181177,0.444477
2476,-0.300812,-0.113463,-0.181177,0.444477
2477,-0.300812,-0.113463,-0.181177,-1.144329
2478,-0.293943,-0.012469,-0.181177,-1.144329
2479,-0.293943,-0.012469,-0.181177,0.444477
2480,-0.321417,-0.113463,-0.181177,-1.144329
2481,-0.321417,-0.113463,-0.181177,2.033284
2482,-0.314549,0.290513,-0.181177,0.444477
2483,-0.314549,0.290513,-0.181177,0.444477
2484,-0.30768,0.088525,-0.181177,0.444477
2485,-0.30768,0.088525,-0.181177,0.444477
2486,-0.314549,-0.012469,-0.181177,0.444477
2487,-0.314549,-0.012469,-0.181177,-1.144329
2488,-0.314549,0.189519,-0.181177,0.444477
2489,-0.314549,0.189519,-0.181177,0.444477
2490,-0.30768,-0.315451,-0.181177,-1.144329
2491,-0.30768,-0.315451,-0.181177,0.444477
2492,-0.314549,-0.113463,-0.181177,-2.733136
2493,-0.314549,-0.113463,-0.181177,-1.144329
2494,-0.321417,-0.012469,-0.181177,0.444477
2495,-0.321417,-0.012469,-0.181177,0.444477
2496,-0.321417,-0.416445,-0.181177,0.444477
2497,-0.321417,-0.416445,-0.181177,0.444477
2498,-0.314549,-0.416445,0.220955,-1.144329
2499,-0.314549,-0.416445,0.220955,0.444477
2500,-0.314549,0.189519,-0.181177,0.444477
2501,-0.314549,0.189519,-0.181177,-1.144329
2502,-0.314549,-0.113463,-0.181177,0.444477
2503,-0.314549,-0.113463,-0.181177,-2.733136
2504,-0.321417,0.290513,-0.181177,-1.144329
2505,-0.321417,0.290513,-0.181177,0.444477
2506,-0.321417,0.189519,-0.181177,0.444477
2507,-0.321417,0.189519,-0.181177,0.444477
2508,-0.321417,0.290513,-0.181177,2.033284
2509,-0.321417,0.290513,-0.181177,-1.144329
2510,-0.321417,-0.012469,-0.181177,-1.144329
2511,-0.321417,-0.012469,-0.181177,0.444477
2512,-0.314549,0.189519,-0.181177,0.444477
2513,-0.314549,0.189519,-0.181177,0.444477
2514,-0.321417,0.088525,0.220955,0.444477
2515,-0.321417,0.088525,0.220955,0.444477
2516,-0.328286,-0.012469,-0.181177,0.444477
2517,-0.328286,-0.012469,-0.181177,0.444477
2518,-0.328286,0.088525,0.220955,-1.144329
2519,-0.328286,0.088525,0.220955,-1.144329
2520,-0.328286,0.189519,-0.181177,-1.144329
2521,-0.328286,0.189519,-0.181177,-1.144329
2522,-0.335154,0.290513,-0.181177,-1.144329
2523,-0.335154,0.290513,-0.181177,0.444477
2524,-0.300812,0.593496,-0.181177,2.033284
2525,-0.300812,0.593496,-0.181177,-1.144329
2526,-0.293943,0.290513,-0.181177,0.444477
2527,-0.293943,0.290513,-0.181177,0.444477
2528,-0.300812,0.290513,-0.181177,0.444477
2529,-0.300812,0.290513,-0.181177,2.033284
2530,-0.30768,-0.012469,-0.181177,-1.144329
2531,-0.30768,-0.012469,-0.181177,0.444477
2532,-0.287075,0.189519,0.220955,0.444477
2533,-0.287075,0.189519,0.220955,0.444477
2534,-0.300812,0.290513,-0.181177,-1.144329
2535,-0.300812,0.290513,-0.181177,0.444477
2536,-0.300812,0.391508,-0.181177,0.444477
2537,-0.300812,0.391508,-0.181177,-1.144329
2538,-0.30768,0.492502,-0.181177,0.444477
2539,-0.30768,0.492502,-0.181177,-2.733136
2540,-0.300812,0.391508,-0.181177,-1.144329
2541,-0.300812,0.391508,-0.181177,0.444477
2542,-0.300812,0.088525,-0.181177,0.444477
2543,-0.300812,0.088525,-0.181177,0.444477
2544,-0.293943,0.290513,-0.181177,2.033284
2545,-0.293943,0.290513,-0.181177,-1.144329
2546,-0.300812,0.189519,0.220955,-1.144329
2547,-0.300812,0.189519,0.220955,0.444477
2548,-0.300812,0.189519,0.220955,0.444477
2549,-0.300812,-1.224398,-0.181177,0.444477
2550,-0.300812,0.189519,0.220955,0.444477
2551,-0.314549,0.391508,-0.181177,0.444477
2552,-0.314549,0.391508,-0.181177,0.444477
2553,-0.314549,0.492502,-0.181177,0.444477
2554,-0.314549,0.492502,-0.181177,0.444477
2555,-0.314549,0.088525,-0.181177,-1.144329
2556,-0.314549,0.088525,-0.181177,-1.144329
2557,-0.314549,0.189519,-0.181177,-1.144329
2558,-0.314549,0.189519,-0.181177,-1.144329
2559,-0.300812,0.69449,-0.181177,-1.144329
2560,-0.300812,0.69449,-0.181177,0.444477
2561,-0.30768,0.088525,0.220955,2.033284
2562,-0.30768,0.088525,0.220955,-1.144329
2563,-0.300812,0.391508,0.220955,0.444477
2564,-0.300812,0.391508,0.220955,-1.144329
2565,-0.30768,0.391508,0.220955,0.444477
2566,-0.30768,0.492502,0.220955,2.033284
2567,-0.328286,0.189519,-0.181177,-1.144329
2568,-0.328286,0.189519,-0.181177,0.444477
2569,-0.314549,0.290513,-0.181177,0.444477
2570,-0.314549,0.290513,-0.181177,0.444477
2571,-0.321417,0.290513,-0.181177,0.444477
2572,-0.321417,0.189519,-0.181177,0.444477
2573,-0.314549,0.088525,-0.181177,0.444477
2574,-0.314549,0.088525,-0.181177,0.444477
2575,-0.314549,0.189519,0.220955,-1.144329
2576,-0.314549,0.189519,0.220955,-1.144329
2577,-0.300812,-0.012469,0.220955,0.444477
2578,-0.300812,-0.012469,0.220955,-1.144329
2579,-0.314549,0.290513,0.220955,2.033284
2580,-0.314549,0.290513,0.220955,0.444477
2581,-0.300812,0.290513,-0.181177,0.444477
2582,-0.300812,0.290513,-0.181177,0.444477
2583,-0.321417,0.391508,-0.181177,0.444477
2584,-0.321417,0.391508,-0.181177,0.444477
2585,-0.321417,0.290513,-0.181177,0.444477
2586,-0.321417,0.290513,-0.181177,0.444477
2587,-0.314549,0.492502,-0.583309,0.444477
2588,-0.314549,0.492502,-0.583309,0.444477
2589,-0.314549,0.290513,-0.181177,-1.144329
2590,-0.314549,0.290513,-0.181177,-1.144329
2591,-0.30768,0.391508,0.220955,0.444477
2592,-0.30768,0.391508,0.220955,-1.144329
2593,-0.30768,0.290513,0.220955,2.033284
2594,-0.30768,0.290513,0.220955,0.444477
2595,-0.328286,0.391508,0.220955,0.444477
2596,-0.328286,0.391508,0.220955,0.444477
2597,-0.321417,0.088525,-0.181177,0.444477
2598,-0.321417,0.088525,-0.181177,0.444477
2599,-0.314549,-0.012469,-0.181177,-1.144329
2600,-0.314549,-0.012469,-0.181177,0.444477
2601,-0.321417,0.492502,-0.181177,0.444477
2602,-0.321417,0.492502,-0.181177,-1.144329
2603,-0.321417,0.391508,-0.181177,0.444477
2604,-0.321417,0.391508,-0.181177,-2.733136
2605,-0.314549,0.189519,-0.181177,-1.144329
2606,-0.314549,0.189519,-0.181177,0.444477
2607,-0.328286,0.290513,0.220955,0.444477
2608,-0.328286,0.290513,0.220955,0.444477
2609,-0.314549,0.189519,0.220955,2.033284
2610,-0.314549,0.189519,0.220955,-1.144329
2611,-0.30768,0.189519,-0.181177,-1.144329
2612,-0.30768,0.189519,-0.181177,0.444477
2613,-0.314549,0.391508,-0.181177,0.444477
2614,-0.314549,0.391508,-0.181177,0.444477
2615,-0.328286,0.391508,-0.181177,0.444477
2616,-0.328286,0.391508,-0.181177,0.444477
2617,-0.321417,0.088525,-0.181177,0.444477
2618,-0.321417,0.088525,-0.181177,0.444477
2619,-0.314549,0.189519,-0.181177,-1.144329
2620,-0.314549,0.189519,-0.181177,-1.144329
2621,-0.321417,0.189519,-0.181177,-1.144329
2622,-0.321417,0.189519,-0.181177,-1.144329
2623,-0.314549,-0.012469,0.220955,-1.144329
2624,-0.314549,-0.012469,0.220955,0.444477
2625,-0.314549,0.290513,0.220955,2.033284
2626,-0.314549,0.290513,0.220955,-1.144329
2627,-0.30768,-0.113463,0.220955,0.444477
2628,-0.30768,-0.113463,0.220955,-1.144329
2629,-0.314549,0.189519,-0.181177,0.444477
2630,-0.314549,0.189519,-0.181177,2.033284
2631,-0.328286,-0.113463,-0.181177,-1.144329
2632,-0.328286,-0.113463,-0.181177,0.444477
2633,-0.321417,0.290513,-0.181177,0.444477
2634,-0.321417,0.290513,-0.181177,0.444477
2635,-0.314549,0.391508,-0.181177,0.444477
2636,-0.314549,0.391508,-0.181177,0.444477
2637,-0.30768,0.593496,-0.181177,0.444477
2638,-0.30768,0.593496,-0.181177,0.444477
2639,-0.314549,0.290513,-0.181177,-1.144329
2640,-0.314549,0.290513,-0.181177,-1.144329
2641,-0.300812,0.290513,-0.181177,0.444477
2642,-0.300812,0.290513,-0.181177,-1.144329
2643,-0.30768,0.189519,-0.181177,2.033284
2644,-0.30768,0.189519,-0.181177,0.444477
2645,-0.314549,0.088525,-0.181177,0.444477
2646,-0.314549,0.088525,-0.181177,0.444477
2647,-0.30768,0.290513,-0.181177,0.444477
2648,-0.30768,0.290513,-0.181177,0.444477
2649,-0.321417,0.290513,-0.181177,-1.144329
2650,-0.321417,0.290513,-0.181177,0.444477
2651,-0.30768,-0.012469,-0.181177,0.444477
2652,-0.30768,-0.012469,-0.181177,-1.144329
2653,-0.314549,0.088525,-0.181177,0.444477
2654,-0.314549,0.088525,-0.181177,-2.733136
2655,-0.314549,0.189519,0.220955,-1.144329
2656,-0.314549,0.189519,0.220955,0.444477
2657,-0.314549,0.593496,0.220955,0.444477
2658,-0.314549,0.593496,0.220955,0.444477
2659,-0.273338,-1.426386,-0.181177,0.444477
2660,-0.273338,-1.426386,-0.181177,-1.144329
2661,-0.280207,-1.426386,-0.181177,0.444477
2662,-0.280207,-1.426386,-0.181177,2.033284
2663,-0.280207,-1.52738,-0.181177,-1.144329
2664,-0.280207,-1.52738,-0.181177,0.444477
2665,-0.273338,-1.224398,-0.181177,0.444477
2666,-0.273338,-1.224398,-0.181177,0.444477
2667,-0.287075,-1.325392,-0.181177,0.444477
2668,-0.287075,-1.325392,-0.181177,0.444477
2669,-0.280207,-1.729369,0.220955,0.444477
2670,-0.280207,-1.729369,0.220955,0.444477
2671,-0.280207,-1.729369,-0.181177,-1.144329
2672,-0.280207,-1.729369,-0.181177,-1.144329
2673,-0.273338,-1.52738,0.220955,0.444477
2674,-0.273338,-1.52738,0.220955,-1.144329
2675,-0.273338,-1.931357,0.220955,2.033284
2676,-0.273338,-1.931357,0.220955,0.444477
2677,-0.287075,-1.931357,-0.181177,0.444477
2678,-0.287075,-1.931357,-0.181177,0.444477
2679,-0.280207,-1.426386,-0.181177,0.444477
2680,-0.280207,-1.426386,-0.181177,0.444477
2681,-0.287075,-1.426386,-0.181177,0.444477
2682,-0.287075,-1.224398,-0.181177,0.444477
2683,-0.287075,-1.426386,-0.181177,0.444477
2684,-0.287075,-1.426386,-0.181177,0.444477
2685,-0.287075,-1.325392,-0.181177,0.444477
2686,-0.287075,-1.325392,-0.181177,0.444477
2687,-0.273338,-1.325392,0.220955,0.444477
2688,-0.273338,-1.325392,0.220955,0.444477
2689,-0.280207,-1.628375,0.220955,0.444477
2690,-0.280207,-1.628375,0.220955,0.444477
2691,-0.280207,-1.52738,0.220955,0.444477
2692,-0.280207,-1.52738,0.220955,0.444477
2693,-0.280207,-1.224398,-0.181177,0.444477
2694,-0.280207,-1.224398,-0.181177,0.444477
2695,-0.293943,-1.325392,-0.181177,0.444477
2696,-0.293943,-1.325392,-0.181177,0.444477
2697,-0.280207,-1.426386,-0.181177,0.444477
2698,-0.280207,-1.426386,-0.181177,0.444477
2699,-0.293943,-1.123404,-0.583309,0.444477
2700,-0.293943,-1.123404,-0.583309,0.444477
2701,-0.273338,-1.325392,-0.181177,0.444477
2702,-0.273338,-1.325392,-0.181177,0.444477
2703,-0.280207,-1.426386,-0.181177,0.444477
2704,-0.280207,-1.426386,-0.181177,0.444477
2705,-0.273338,-1.729369,0.220955,0.444477
2706,-0.273338,-1.729369,0.220955,0.444477
2707,-0.280207,-1.123404,0.220955,0.444477
2708,-0.280207,-1.123404,0.220955,-1.144329
2709,-0.293943,-1.224398,-0.181177,0.444477
2710,-0.293943,-1.224398,-0.181177,0.444477
2711,-0.293943,-1.426386,-0.181177,-1.144329
2712,-0.293943,-1.426386,-0.181177,0.444477
2713,-0.287075,-1.224398,-0.181177,-2.733136
2714,-0.287075,-1.224398,-0.181177,-1.144329
2715,-0.293943,-0.719428,-0.181177,0.444477
2716,-0.293943,-0.719428,-0.181177,0.444477
2717,-0.280207,-1.224398,-0.181177,0.444477
2718,-0.280207,-1.224398,-0.181177,2.033284
2719,-0.280207,-1.426386,-0.181177,-1.144329
2720,-0.280207,-1.426386,-0.181177,-1.144329
2721,-0.287075,-1.52738,-0.181177,0.444477
2722,-0.287075,-1.52738,-0.181177,0.444477
2723,-0.287075,-1.325392,-0.181177,0.444477
2724,-0.287075,-1.325392,-0.181177,0.444477
2725,-0.280207,-1.426386,-0.181177,0.444477
2726,-0.280207,-1.426386,-0.181177,0.444477
2727,-0.287075,-1.123404,-0.181177,0.444477
2728,-0.287075,-1.123404,-0.181177,-1.144329
2729,-0.293943,-1.426386,-0.181177,-1.144329
2730,-0.293943,-1.426386,-0.181177,-1.144329
2731,-0.273338,-1.224398,-0.181177,-1.144329
2732,-0.273338,-1.224398,-0.181177,-1.144329
2733,-0.280207,-1.224398,-0.181177,0.444477
2734,-0.280207,-1.224398,-0.181177,2.033284
2735,-0.293943,-1.224398,0.220955,-1.144329
2736,-0.293943,-1.224398,0.220955,0.444477
2737,-0.280207,-1.224398,0.220955,-1.144329
2738,-0.280207,-1.224398,0.220955,0.444477
2739,-0.280207,-1.628375,0.220955,2.033284
2740,-0.280207,-1.628375,0.220955,-1.144329
2741,-0.280207,-1.123404,-0.181177,0.444477
2742,-0.280207,-1.123404,-0.181177,0.444477
2743,-0.293943,-1.224398,-0.181177,0.444477
2744,-0.293943,-1.224398,-0.181177,-1.144329
2745,-0.293943,-1.325392,-0.583309,0.444477
2746,-0.293943,-1.325392,-0.583309,0.444477
2747,-0.280207,-1.426386,-0.181177,-1.144329
2748,-0.280207,-1.426386,-0.181177,0.444477
2749,-0.287075,-1.52738,-0.181177,-2.733136
2750,-0.287075,-1.52738,-0.181177,-1.144329
2751,-0.287075,-1.628375,-0.181177,0.444477
2752,-0.287075,-1.628375,-0.181177,0.444477
2753,-0.273338,-1.52738,0.220955,0.444477
2754,-0.273338,-1.52738,0.220955,2.033284
2755,-0.280207,-1.830363,0.220955,-1.144329
2756,-0.280207,-1.830363,0.220955,-1.144329
2757,-0.287075,-1.325392,0.220955,0.444477
2758,-0.287075,-1.325392,0.220955,0.444477
2759,-0.30768,-1.325392,-0.181177,0.444477
2760,-0.30768,-1.325392,-0.181177,0.444477
2761,-0.300812,-1.123404,-0.181177,0.444477
2762,-0.300812,-1.123404,-0.181177,0.444477
2763,-0.293943,-0.921416,-0.181177,0.444477
2764,-0.293943,-0.921416,-0.181177,-1.144329
2765,-0.30768,-1.325392,-0.181177,-1.144329
2766,-0.30768,-1.325392,-0.181177,-1.144329
2767,-0.287075,-1.224398,-0.181177,-1.144329
2768,-0.287075,-1.224398,-0.181177,-1.144329
2769,-0.280207,-1.52738,0.220955,0.444477
2770,-0.280207,-1.52738,0.220955,2.033284
2771,-0.287075,-1.325392,0.220955,-1.144329
2772,-0.287075,-1.325392,0.220955,0.444477
2773,-0.287075,-1.52738,0.220955,-1.144329
2774,-0.287075,-1.52738,0.220955,0.444477
2775,-0.293943,-1.628375,-0.181177,2.033284
2776,-0.293943,-1.628375,-0.181177,-1.144329
2777,-0.293943,-1.325392,-0.181177,0.444477
2778,-0.293943,-1.325392,-0.181177,0.444477
2779,-0.287075,-1.325392,-0.181177,0.444477
2780,-0.287075,-1.325392,-0.181177,0.444477
2781,-0.293943,-1.02241,-0.181177,0.444477
2782,-0.293943,-1.02241,-0.181177,0.444477
2783,-0.280207,-1.02241,0.220955,0.444477
2784,-0.280207,-1.02241,0.220955,-1.144329
2785,-0.280207,-1.325392,0.220955,-1.144329
2786,-0.280207,-1.325392,0.220955,0.444477
2787,-0.280207,-1.123404,0.220955,-1.144329
2788,-0.280207,-1.123404,0.220955,2.033284
2789,-0.293943,-1.426386,-0.181177,0.444477
2790,-0.293943,-1.426386,-0.181177,0.444477
2791,-0.280207,-1.325392,-0.181177,0.444477
2792,-0.280207,-1.325392,-0.181177,0.444477
2793,-0.287075,-0.921416,-0.181177,0.444477
2794,-0.287075,-0.921416,-0.181177,0.444477
2795,-0.300812,-1.325392,-0.181177,0.444477
2796,-0.300812,-1.325392,-0.181177,0.444477
2797,-0.280207,-1.02241,-0.181177,0.444477
2798,-0.280207,-1.02241,-0.181177,-1.144329
2799,-0.287075,-1.123404,-0.181177,-1.144329
2800,-0.287075,-1.123404,-0.181177,0.444477
2801,-0.287075,-1.224398,-0.181177,-1.144329
2802,-0.287075,-1.224398,-0.181177,2.033284
2803,-0.287075,-1.325392,-0.181177,0.444477
2804,-0.287075,-1.325392,-0.181177,0.444477
2805,-0.293943,-1.123404,-0.583309,0.444477
2806,-0.293943,-1.123404,-0.583309,0.444477
2807,-0.293943,-1.02241,-0.181177,0.444477
2808,-0.293943,-1.02241,-0.181177,-1.144329
2809,-0.287075,-0.921416,-0.181177,0.444477
2810,-0.287075,-0.921416,-0.181177,0.444477
2811,-0.293943,-1.123404,0.220955,-1.144329
2812,-0.293943,-1.123404,0.220955,0.444477
2813,-0.287075,-1.02241,0.220955,-2.733136
2814,-0.287075,-1.02241,0.220955,-1.144329
2815,-0.293943,-0.618433,0.220955,0.444477
2816,-0.293943,-0.618433,0.220955,0.444477
2817,-0.300812,-1.123404,-0.181177,0.444477
2818,-0.300812,-1.123404,-0.181177,2.033284
2819,-0.300812,-0.921416,-0.583309,-1.144329
2820,-0.300812,-0.921416,-0.583309,-1.144329
2821,-0.300812,-1.52738,-0.181177,0.444477
2822,-0.300812,-1.52738,-0.181177,0.444477
2823,-0.30768,-1.224398,-0.181177,0.444477
2824,-0.30768,-1.224398,-0.181177,0.444477
2825,-0.287075,-1.628375,-0.181177,0.444477
2826,-0.287075,-1.628375,-0.181177,0.444477
2827,-0.287075,-1.123404,0.220955,0.444477
2828,-0.287075,-1.123404,0.220955,-1.144329
2829,-0.300812,-1.830363,0.220955,-1.144329
2830,-0.300812,-1.830363,0.220955,-1.144329
2831,-0.280207,-1.628375,0.220955,-1.144329
2832,-0.280207,-1.628375,0.220955,-1.144329
2833,-0.300812,-1.52738,-0.181177,0.444477
2834,-0.300812,-1.52738,-0.181177,2.033284
2835,-0.314549,-1.325392,-0.181177,-1.144329
2836,-0.314549,-1.325392,-0.181177,0.444477
2837,-0.293943,-1.426386,-0.181177,-1.144329
2838,-0.293943,-1.426386,-0.181177,0.444477
2839,-0.300812,-1.729369,-0.181177,2.033284
2840,-0.300812,-1.729369,-0.181177,-1.144329
2841,-0.293943,-1.52738,-0.181177,0.444477
2842,-0.293943,-1.52738,-0.181177,0.444477
2843,-0.293943,-1.628375,0.220955,0.444477
2844,-0.293943,-1.628375,0.220955,-1.144329
2845,-0.280207,-1.729369,0.220955,0.444477
2846,-0.280207,-1.729369,0.220955,0.444477
2847,-0.280207,-1.224398,0.220955,-1.144329
2848,-0.280207,-1.224398,0.220955,0.444477
2849,-0.30768,-1.325392,0.220955,-2.733136
2850,-0.30768,-1.325392,0.220955,-1.144329
2851,-0.300812,-1.02241,-0.181177,0.444477
2852,-0.300812,-1.02241,-0.181177,0.444477
2853,-0.314549,-1.123404,-0.583309,0.444477
2854,-0.314549,-1.123404,-0.583309,2.033284
2855,-0.293943,-1.224398,-0.181177,-1.144329
2856,-0.293943,-1.224398,-0.181177,-1.144329
2857,-0.293943,-0.719428,-0.181177,0.444477
2858,-0.293943,-0.719428,-0.181177,0.444477
2859,-0.300812,-0.921416,0.220955,0.444477
2860,-0.300812,-0.921416,0.220955,0.444477
2861,-0.280207,-1.52738,0.220955,0.444477
2862,-0.280207,-1.52738,0.220955,0.444477
2863,-0.287075,-1.224398,0.220955,0.444477
2864,-0.287075,-1.224398,0.220955,-1.144329
2865,-0.287075,-1.426386,0.220955,-1.144329
2866,-0.287075,-1.426386,0.220955,-1.144329
2867,-0.328286,-1.123404,-0.181177,-1.144329
2868,-0.328286,-1.123404,-0.181177,-1.144329
2869,-0.300812,-1.224398,-0.181177,0.444477
2870,-0.300812,-1.224398,-0.181177,2.033284
2871,-0.30768,-1.325392,-0.181177,-1.144329
2872,-0.30768,-1.325392,-0.181177,0.444477
2873,-0.300812,-1.224398,-0.181177,-1.144329
2874,-0.300812,-1.224398,-0.181177,0.444477
2875,-0.280207,-1.325392,-0.181177,2.033284
2876,-0.280207,-1.325392,-0.181177,-1.144329
2877,-0.293943,-1.325392,0.220955,0.444477
2878,-0.293943,-1.325392,0.220955,0.444477
2879,-0.293943,-0.921416,-0.181177,0.444477
2880,-0.293943,-0.921416,-0.181177,0.444477
2881,-0.287075,-1.426386,-0.181177,0.444477
2882,-0.287075,-1.426386,-0.181177,0.444477
2883,-0.293943,-1.224398,-0.181177,0.444477
2884,-0.293943,-1.224398,-0.181177,-1.144329
2885,-0.30768,-1.224398,-0.181177,-1.144329
2886,-0.30768,-1.224398,-0.181177,0.444477
2887,-0.30768,-1.123404,-0.181177,-1.144329
2888,-0.30768,-1.123404,-0.181177,2.033284
2889,-0.300812,-0.820422,-0.181177,0.444477
2890,-0.300812,-0.820422,-0.181177,0.444477
2891,-0.300812,-1.02241,-0.181177,0.444477
2892,-0.300812,-1.02241,-0.181177,0.444477
2893,-0.293943,-1.224398,0.220955,0.444477
2894,-0.293943,-1.224398,0.220955,0.444477
2895,-0.287075,-1.628375,0.220955,0.444477
2896,-0.287075,-1.628375,0.220955,0.444477
2897,-0.30768,-1.628375,-0.181177,0.444477
2898,-0.30768,-1.628375,-0.181177,-1.144329
2899,-0.293943,-1.02241,-0.181177,-1.144329
2900,-0.293943,-1.02241,-0.181177,0.444477
2901,-0.300812,-1.02241,-0.181177,-1.144329
2902,-0.300812,-1.02241,-0.181177,2.033284
2903,-0.293943,-1.628375,-0.181177,0.444477
2904,-0.293943,-1.628375,-0.181177,0.444477
2905,-0.287075,-1.123404,-0.181177,0.444477
2906,-0.287075,-1.123404,-0.181177,0.444477
2907,-0.293943,-1.426386,-0.181177,0.444477
2908,-0.293943,-1.426386,-0.181177,-1.144329
2909,-0.287075,-1.325392,-0.181177,0.444477
2910,-0.287075,-1.325392,-0.181177,0.444477
2911,-0.287075,-1.224398,-0.181177,-1.144329
2912,-0.287075,-1.224398,-0.181177,0.444477
2913,-0.314549,-1.628375,-0.181177,-2.733136
2914,-0.314549,-1.628375,-0.181177,-1.144329
2915,-0.293943,-1.123404,-0.181177,0.444477
2916,-0.293943,-1.123404,-0.181177,0.444477
2917,-0.287075,-1.123404,-0.181177,0.444477
2918,-0.287075,-1.123404,-0.181177,2.033284
2919,-0.287075,-1.224398,-0.181177,-1.144329
2920,-0.287075,-1.224398,-0.181177,-1.144329
2921,-0.300812,-1.02241,-0.181177,0.444477
2922,-0.300812,-1.02241,-0.181177,0.444477
2923,-0.30768,-1.224398,-0.181177,0.444477
2924,-0.30768,-1.224398,-0.181177,0.444477
2925,-0.293943,-0.719428,-0.181177,0.444477
2926,-0.293943,-0.719428,-0.181177,0.444477
2927,-0.30768,-0.315451,-0.181177,0.444477
2928,-0.30768,-0.315451,-0.181177,-1.144329
2929,-0.300812,-0.618433,-0.181177,-1.144329
2930,-0.300812,-0.618433,-0.181177,-1.144329
2931,-0.287075,-0.719428,-0.181177,-1.144329
2932,-0.287075,-0.719428,-0.181177,-1.144329
2933,-0.287075,-0.719428,-0.181177,0.444477
2934,-0.287075,-0.719428,-0.181177,2.033284
2935,-0.300812,-0.113463,-0.181177,-1.144329
2936,-0.300812,-0.113463,-0.181177,0.444477
2937,-0.287075,-0.416445,-0.181177,-1.144329
2938,-0.287075,-0.416445,-0.181177,0.444477
2939,-0.300812,-0.517439,-0.181177,2.033284
2940,-0.300812,-0.517439,-0.181177,-1.144329
2941,-0.293943,-0.416445,-0.181177,0.444477
2942,-0.293943,-0.416445,-0.181177,0.444477
2943,-0.293943,-0.517439,-0.181177,0.444477
2944,-0.293943,-0.517439,-0.181177,0.444477
2945,-0.293943,-0.315451,-0.181177,0.444477
2946,-0.293943,-0.315451,-0.181177,0.444477
2947,-0.300812,-0.517439,0.220955,0.444477
2948,-0.300812,-0.517439,0.220955,-1.144329
2949,-0.293943,-0.012469,-0.181177,-1.144329
2950,-0.293943,-0.012469,-0.181177,0.444477
2951,-0.30768,-0.113463,-0.181177,-1.144329
2952,-0.30768,-0.113463,-0.181177,2.033284
2953,-0.300812,-0.113463,-0.181177,0.444477
2954,-0.300812,-0.113463,-0.181177,0.444477
2955,-0.300812,0.088525,-0.181177,0.444477
2956,-0.300812,0.088525,-0.181177,0.444477
2957,-0.300812,-0.416445,-0.181177,0.444477
2958,-0.300812,-0.416445,-0.181177,0.444477
2959,-0.293943,-0.012469,-0.181177,0.444477
2960,-0.293943,-0.012469,-0.181177,0.444477
2961,-0.300812,-0.113463,-0.181177,0.444477
2962,-0.300812,-0.113463,-0.181177,-1.144329
2963,-0.293943,-0.012469,-0.181177,-1.144329
2964,-0.293943,-0.012469,-0.181177,0.444477
2965,-0.321417,-0.113463,-0.181177,-1.144329
2966,-0.321417,-0.113463,-0.181177,2.033284
2967,-0.314549,0.290513,-0.181177,0.444477
2968,-0.314549,0.290513,-0.181177,0.444477
2969,-0.30768,0.088525,-0.181177,0.444477
2970,-0.30768,0.088525,-0.181177,0.444477
2971,-0.314549,-0.012469,-0.181177,0.444477
2972,-0.314549,-0.012469,-0.181177,-1.144329
2973,-0.314549,0.189519,-0.181177,0.444477
2974,-0.314549,0.189519,-0.181177,0.444477
2975,-0.30768,-0.315451,-0.181177,-1.144329
2976,-0.30768,-0.315451,-0.181177,0.444477
2977,-0.314549,-0.113463,-0.181177,-2.733136
2978,-0.314549,-0.113463,-0.181177,-1.144329
2979,-0.321417,-0.012469,-0.181177,0.444477
2980,-0.321417,-0.012469,-0.181177,0.444477
2981,-0.321417,-0.416445,-0.181177,0.444477
2982,-0.321417,-0.416445,-0.181177,0.444477
2983,-0.314549,-0.416445,0.220955,-1.144329
2984,-0.314549,-0.416445,0.220955,0.444477
2985,-0.314549,0.189519,-0.181177,0.444477
2986,-0.314549,0.189519,-0.181177,-1.144329
2987,-0.314549,-0.113463,-0.181177,0.444477
2988,-0.314549,-0.113463,-0.181177,-2.733136
2989,-0.321417,0.290513,-0.181177,-1.144329
2990,-0.321417,0.290513,-0.181177,0.444477
2991,-0.321417,0.189519,-0.181177,0.444477
2992,-0.321417,0.189519,-0.181177,0.444477
2993,-0.321417,0.290513,-0.181177,2.033284
2994,-0.321417,0.290513,-0.181177,-1.144329
2995,-0.321417,-0.012469,-0.181177,-1.144329
2996,-0.321417,-0.012469,-0.181177,0.444477
2997,-0.314549,0.189519,-0.181177,0.444477
2998,-0.314549,0.189519,-0.181177,0.444477
2999,-0.321417,0.088525,0.220955,0.444477
3000,-0.321417,0.088525,0.220955,0.444477
3001,-0.328286,-0.012469,-0.181177,0.444477
3002,-0.328286,-0.012469,-0.181177,0.444477
3003,-0.328286,0.088525,0.220955,-1.144329
3004,-0.328286,0.088525,0.220955,-1.144329
3005,-0.328286,0.189519,-0.181177,-1.144329
3006,-0.328286,0.189519,-0.181177,-1.144329
3007,-0.335154,0.290513,-0.181177,-1.144329
3008,-0.335154,0.290513,-0.181177,0.444477
3009,-0.300812,0.593496,-0.181177,2.033284
3010,-0.300812,0.593496,-0.181177,-1.144329
3011,-0.293943,0.290513,-0.181177,0.444477
3012,-0.293943,0.290513,-0.181177,-1.144329
3013,-0.300812,0.290513,-0.181177,0.444477
3014,-0.300812,0.290513,-0.181177,2.033284
3015,-0.30768,-0.012469,-0.181177,-1.144329
3016,-0.30768,-0.012469,-0.181177,0.444477
3017,-0.287075,0.189519,0.220955,0.444477
3018,-0.287075,0.189519,0.220955,0.444477
3019,-0.300812,0.290513,-0.181177,-1.144329
3020,-0.300812,0.290513,-0.181177,0.444477
3021,-0.300812,0.391508,-0.181177,0.444477
3022,-0.300812,0.391508,-0.181177,-1.144329
3023,-0.30768,0.492502,-0.181177,0.444477
3024,-0.30768,0.492502,-0.181177,-2.733136
3025,-0.300812,0.391508,-0.181177,-1.144329
3026,-0.300812,0.391508,-0.181177,0.444477
3027,-0.300812,0.088525,-0.181177,0.444477
3028,-0.300812,0.088525,-0.181177,0.444477
3029,-0.293943,0.290513,-0.181177,2.033284
3030,-0.293943,0.290513,-0.181177,-1.144329
3031,-0.300812,0.189519,0.220955,-1.144329
3032,-0.300812,0.189519,0.220955,0.444477
3033,-0.300812,0.189519,0.220955,0.444477
3034,-0.300812,0.189519,0.220955,0.444477
3035,-0.314549,0.391508,-0.181177,0.444477
3036,-0.314549,0.391508,-0.181177,0.444477
3037,-0.314549,0.492502,-0.181177,0.444477
3038,-0.314549,0.492502,-0.181177,0.444477
3039,-0.314549,0.088525,-0.181177,-1.144329
3040,-0.314549,0.088525,-0.181177,-1.144329
3041,-0.314549,0.189519,-0.181177,-1.144329
3042,-0.314549,0.189519,-0.181177,-1.144329
3043,-0.300812,0.69449,-0.181177,-1.144329
3044,-0.300812,0.69449,-0.181177,0.444477
3045,-0.30768,0.088525,0.220955,2.033284
3046,-0.30768,0.088525,0.220955,-1.144329
3047,-0.300812,0.391508,0.220955,0.444477
3048,-0.300812,0.391508,0.220955,-1.144329
3049,-0.30768,0.492502,0.220955,0.444477
3050,-0.30768,0.492502,0.220955,2.033284
3051,-0.328286,0.189519,-0.181177,-1.144329
3052,-0.328286,0.189519,-0.181177,0.444477
3053,-0.314549,0.290513,-0.181177,0.444477
3054,-0.314549,0.290513,-0.181177,0.444477
3055,-0.321417,0.189519,-0.181177,0.444477
3056,-0.321417,0.189519,-0.181177,0.444477
3057,-0.314549,0.088525,-0.181177,0.444477
3058,-0.273338,-1.426386,-0.181177,0.444477
3059,-0.273338,-1.426386,-0.181177,-1.144329
3060,-0.280207,-1.426386,-0.181177,0.444477
3061,-0.280207,-1.426386,-0.181177,0.444477
3062,-0.280207,-1.52738,-0.181177,-1.144329
3063,-0.280207,-1.52738,-0.181177,0.444477
3064,-0.273338,-1.224398,-0.181177,0.444477
3065,-0.273338,-1.224398,-0.181177,0.444477
3066,-0.287075,-1.325392,-0.181177,0.444477
3067,-0.287075,-1.325392,-0.181177,0.444477
3068,-0.280207,-1.729369,0.220955,0.444477
3069,-0.280207,-1.729369,0.220955,0.444477
3070,-0.280207,-1.729369,-0.181177,-1.144329
3071,-0.280207,-1.729369,-0.181177,-1.144329
3072,-0.273338,-1.52738,0.220955,0.444477
3073,-0.273338,-1.52738,0.220955,-1.144329
3074,-0.273338,-1.931357,0.220955,2.033284
3075,-0.273338,-1.931357,0.220955,0.444477
3076,-0.287075,-1.224398,-0.181177,0.444477
3077,-0.287075,-1.224398,-0.181177,0.444477
3078,-0.280207,-1.426386,-0.181177,0.444477
3079,-0.280207,-1.426386,-0.181177,0.444477
3080,-0.287075,-1.224398,-0.181177,0.444477
3081,-0.287075,-1.224398,-0.181177,0.444477
3082,-0.287075,-1.426386,-0.181177,0.444477
3083,-0.287075,-1.426386,-0.181177,0.444477
3084,-0.287075,-1.325392,-0.181177,0.444477
3085,-0.287075,-1.325392,-0.181177,0.444477
3086,-0.273338,-1.325392,0.220955,0.444477
3087,-0.273338,-1.325392,0.220955,0.444477
3088,-0.280207,-1.628375,0.220955,0.444477
3089,-0.280207,-1.628375,0.220955,0.444477
3090,-0.280207,-1.52738,0.220955,0.444477
3091,-0.280207,-1.52738,0.220955,0.444477
3092,-0.280207,-1.224398,-0.181177,0.444477
3093,-0.280207,-1.224398,-0.181177,0.444477
3094,-0.293943,-1.325392,-0.181177,0.444477
3095,-0.293943,-1.325392,-0.181177,0.444477
3096,-0.280207,-1.426386,-0.181177,0.444477
3097,-0.280207,-1.426386,-0.181177,0.444477
3098,-0.293943,-1.123404,-0.583309,0.444477
3099,-0.293943,-1.123404,-0.583309,0.444477
3100,-0.273338,-1.325392,-0.181177,0.444477
3101,-0.273338,-1.325392,-0.181177,0.444477
3102,-0.280207,-1.426386,-0.181177,0.444477
3103,-0.280207,-1.426386,-0.181177,0.444477
3104,-0.273338,-1.729369,0.220955,0.444477
3105,-0.273338,-1.729369,0.220955,0.444477
3106,-0.280207,-1.123404,0.220955,0.444477
3107,-0.280207,-1.123404,0.220955,-1.144329
3108,-0.293943,-1.224398,-0.181177,0.444477
3109,-0.293943,-1.224398,-0.181177,0.444477
3110,-0.293943,-1.426386,-0.181177,-1.144329
3111,-0.293943,-1.426386,-0.181177,0.444477
3112,-0.287075,-1.224398,-0.181177,-2.733136
3113,-0.287075,-1.224398,-0.181177,-1.144329
3114,-0.293943,-0.719428,-0.181177,0.444477
3115,-0.293943,-0.719428,-0.181177,0.444477
3116,-0.280207,-1.224398,-0.181177,0.444477
3117,-0.280207,-1.224398,-0.181177,2.033284
3118,-0.280207,-1.426386,-0.181177,-1.144329
3119,-0.280207,-1.426386,-0.181177,-1.144329
3120,-0.287075,-1.52738,-0.181177,0.444477
3121,-0.287075,-1.52738,-0.181177,0.444477
3122,-0.287075,-1.325392,-0.181177,0.444477
3123,-0.287075,-1.325392,-0.181177,0.444477
3124,-0.280207,-1.426386,-0.181177,0.444477
3125,-0.280207,-1.426386,-0.181177,0.444477
3126,-0.287075,-1.123404,-0.181177,0.444477
3127,-0.287075,-1.123404,-0.181177,-1.144329
3128,-0.293943,-1.426386,-0.181177,-1.144329
3129,-0.293943,-1.426386,-0.181177,-1.144329
3130,-0.273338,-1.224398,-0.181177,-1.144329
3131,-0.273338,-1.224398,-0.181177,-1.144329
3132,-0.280207,-1.224398,-0.181177,0.444477
3133,-0.280207,-1.224398,-0.181177,2.033284
3134,-0.293943,-1.224398,0.220955,-1.144329
3135,-0.293943,-1.224398,0.220955,0.444477
3136,-0.280207,-1.224398,0.220955,-1.144329
3137,-0.280207,-1.224398,0.220955,0.444477
3138,-0.280207,-1.628375,0.220955,2.033284
3139,-0.280207,-1.628375,0.220955,-1.144329
3140,-0.280207,-1.123404,-0.181177,0.444477
3141,-0.280207,-1.123404,-0.181177,0.444477
3142,-0.293943,-1.224398,-0.181177,0.444477
3143,-0.293943,-1.224398,-0.181177,-1.144329
3144,-0.293943,-1.325392,-0.583309,0.444477
3145,-0.293943,-1.325392,-0.583309,0.444477
3146,-0.280207,-1.426386,-0.181177,-1.144329
3147,-0.280207,-1.426386,-0.181177,0.444477
3148,-0.287075,-1.52738,-0.181177,-2.733136
3149,-0.287075,-1.52738,-0.181177,-1.144329
3150,-0.287075,-1.628375,-0.181177,0.444477
3151,-0.287075,-1.628375,-0.181177,0.444477
3152,-0.273338,-1.52738,0.220955,0.444477
3153,-0.273338,-1.52738,0.220955,2.033284
3154,-0.280207,-1.830363,0.220955,-1.144329
3155,-0.280207,-1.830363,0.220955,-1.144329
3156,-0.287075,-1.325392,0.220955,0.444477
3157,-0.287075,-1.325392,0.220955,0.444477
3158,-0.30768,-1.325392,-0.181177,0.444477
3159,-0.30768,-1.325392,-0.181177,0.444477
3160,-0.300812,-1.123404,-0.181177,0.444477
3161,-0.300812,-1.123404,-0.181177,0.444477
3162,-0.293943,-0.921416,-0.181177,0.444477
3163,-0.293943,-0.921416,-0.181177,-1.144329
3164,-0.30768,-1.325392,-0.181177,-1.144329
3165,-0.30768,-1.325392,-0.181177,-1.144329
3166,-0.287075,-1.224398,-0.181177,-1.144329
3167,-0.287075,-1.224398,-0.181177,-1.144329
3168,-0.280207,-1.52738,0.220955,0.444477
3169,-0.280207,-1.52738,0.220955,2.033284
3170,-0.287075,-1.325392,0.220955,-1.144329
3171,-0.287075,-1.325392,0.220955,0.444477
3172,-0.287075,-1.52738,0.220955,-1.144329
3173,-0.287075,-1.52738,0.220955,0.444477
3174,-0.293943,-1.628375,-0.181177,2.033284
3175,-0.293943,-1.628375,-0.181177,-1.144329
3176,-0.293943,-1.325392,-0.181177,0.444477
3177,-0.293943,-1.325392,-0.181177,0.444477
3178,-0.287075,-1.325392,-0.181177,0.444477
3179,-0.287075,-1.325392,-0.181177,0.444477
3180,-0.293943,-1.02241,-0.181177,0.444477
3181,-0.293943,-1.02241,-0.181177,0.444477
3182,-0.280207,-1.02241,0.220955,0.444477
3183,-0.280207,-1.02241,0.220955,-1.144329
3184,-0.280207,-1.325392,0.220955,-1.144329
3185,-0.280207,-1.325392,0.220955,0.444477
3186,-0.280207,-1.123404,0.220955,-1.144329
3187,-0.280207,-1.123404,0.220955,2.033284
3188,-0.293943,-1.426386,-0.181177,0.444477
3189,-0.293943,-1.426386,-0.181177,0.444477
3190,-0.280207,-1.325392,-0.181177,0.444477
3191,-0.280207,-1.325392,-0.181177,0.444477
3192,-0.287075,-0.921416,-0.181177,0.444477
3193,-0.287075,-0.921416,-0.181177,0.444477
3194,-0.300812,-1.325392,-0.181177,0.444477
3195,-0.300812,-1.325392,-0.181177,0.444477
3196,-0.280207,-1.02241,-0.181177,0.444477
3197,-0.280207,-1.02241,-0.181177,-1.144329
3198,-0.287075,-1.123404,-0.181177,-1.144329
3199,-0.287075,-1.123404,-0.181177,0.444477
3200,-0.287075,-1.224398,-0.181177,-1.144329
3201,-0.287075,-1.224398,-0.181177,2.033284
3202,-0.287075,-1.325392,-0.181177,0.444477
3203,-0.287075,-1.325392,-0.181177,0.444477
3204,-0.293943,-1.123404,-0.583309,0.444477
3205,-0.293943,-1.123404,-0.583309,0.444477
3206,-0.293943,-1.02241,-0.181177,0.444477
3207,-0.293943,-1.02241,-0.181177,-1.144329
3208,-0.287075,-0.921416,-0.181177,0.444477
3209,-0.287075,-0.921416,-0.181177,0.444477
3210,-0.293943,-1.123404,0.220955,-1.144329
3211,-0.293943,-1.123404,0.220955,0.444477
3212,-0.287075,-1.02241,0.220955,-2.733136
3213,-0.287075,-1.02241,0.220955,-1.144329
3214,-0.293943,-0.618433,0.220955,0.444477
3215,-0.293943,-0.618433,0.220955,0.444477
3216,-0.300812,-1.123404,-0.181177,0.444477
3217,-0.300812,-1.123404,-0.181177,2.033284
3218,-0.300812,-0.921416,-0.583309,-1.144329
3219,-0.300812,-0.921416,-0.583309,-1.144329
3220,-0.300812,-1.52738,-0.181177,0.444477
3221,-0.300812,-1.52738,-0.181177,0.444477
3222,-0.30768,-1.224398,-0.181177,0.444477
3223,-0.30768,-1.224398,-0.181177,0.444477
3224,-0.287075,-1.628375,-0.181177,0.444477
3225,-0.287075,-1.628375,-0.181177,0.444477
3226,-0.287075,-1.123404,0.220955,0.444477
3227,-0.287075,-1.123404,0.220955,-1.144329
3228,-0.300812,-1.830363,0.220955,-1.144329
3229,-0.300812,-1.830363,0.220955,-1.144329
3230,-0.280207,-1.628375,0.220955,-1.144329
3231,-0.280207,-1.628375,0.220955,-1.144329
3232,-0.300812,-1.52738,-0.181177,0.444477
3233,-0.300812,-1.52738,-0.181177,2.033284
3234,-0.314549,-1.325392,-0.181177,-1.144329
3235,-0.314549,-1.325392,-0.181177,0.444477
3236,-0.293943,-1.426386,-0.181177,-1.144329
3237,-0.293943,-1.426386,-0.181177,0.444477
3238,-0.300812,-1.729369,-0.181177,2.033284
3239,-0.300812,-1.729369,-0.181177,-1.144329
3240,-0.293943,-1.52738,-0.181177,0.444477
3241,-0.293943,-1.52738,-0.181177,0.444477
3242,-0.293943,-1.628375,0.220955,0.444477
3243,-0.293943,-1.628375,0.220955,-1.144329
3244,-0.280207,-1.729369,0.220955,0.444477
3245,-0.280207,-1.729369,0.220955,0.444477
3246,-0.280207,-1.224398,0.220955,-1.144329
3247,-0.280207,-1.224398,0.220955,0.444477
3248,-0.30768,-1.325392,0.220955,-2.733136
3249,-0.30768,-1.325392,0.220955,-1.144329
3250,-0.300812,-1.02241,-0.181177,0.444477
3251,-0.300812,-1.02241,-0.181177,0.444477
3252,-0.314549,-1.123404,-0.583309,0.444477
3253,-0.314549,-1.123404,-0.583309,2.033284
3254,-0.293943,-1.224398,-0.181177,-1.144329
3255,-0.293943,-1.224398,-0.181177,-1.144329
3256,-0.293943,-0.719428,-0.181177,0.444477
3257,-0.293943,-0.719428,-0.181177,0.444477
3258,-0.300812,-0.921416,0.220955,0.444477
3259,-0.300812,-0.921416,0.220955,0.444477
3260,-0.280207,-1.52738,0.220955,0.444477
3261,-0.280207,-1.52738,0.220955,0.444477
3262,-0.287075,-1.224398,0.220955,0.444477
3263,-0.287075,-1.224398,0.220955,-1.144329
3264,-0.287075,-1.426386,0.220955,-1.144329
3265,-0.287075,-1.426386,0.220955,-1.144329
3266,-0.328286,-1.123404,-0.181177,-1.144329
3267,-0.328286,-1.123404,-0.181177,-1.144329
3268,-0.300812,-1.224398,-0.181177,0.444477
3269,-0.300812,-1.224398,-0.181177,2.033284
3270,-0.30768,-1.325392,-0.181177,-1.144329
3271,-0.30768,-1.325392,-0.181177,0.444477
3272,-0.300812,-1.224398,-0.181177,-1.144329
3273,-0.300812,-1.224398,-0.181177,0.444477
3274,-0.280207,-1.325392,-0.181177,2.033284
3275,-0.280207,-1.325392,-0.181177,-1.144329
3276,-0.293943,-1.325392,0.220955,0.444477
3277,-0.293943,-1.325392,0.220955,0.444477
3278,-0.293943,-0.921416,-0.181177,0.444477
3279,-0.293943,-0.921416,-0.181177,0.444477
3280,-0.287075,-1.426386,-0.181177,0.444477
3281,-0.287075,-1.426386,-0.181177,0.444477
3282,-0.293943,-1.224398,-0.181177,0.444477
3283,-0.293943,-1.224398,-0.181177,-1.144329
3284,-0.30768,-1.224398,-0.181177,-1.144329
3285,-0.30768,-1.224398,-0.181177,0.444477
3286,-0.30768,-1.123404,-0.181177,-1.144329
3287,-0.30768,-1.123404,-0.181177,2.033284
3288,-0.300812,-0.820422,-0.181177,0.444477
3289,-0.300812,-0.820422,-0.181177,0.444477
3290,-0.300812,-1.02241,-0.181177,0.444477
3291,-0.300812,-1.02241,-0.181177,0.444477
3292,-0.293943,-1.224398,0.220955,0.444477
3293,-0.293943,-1.224398,0.220955,0.444477
3294,-0.287075,-1.628375,0.220955,0.444477
3295,-0.287075,-1.628375,0.220955,0.444477
3296,-0.30768,-1.628375,-0.181177,0.444477
3297,-0.30768,-1.628375,-0.181177,-1.144329
3298,-0.293943,-1.02241,-0.181177,-1.144329
3299,-0.293943,-1.02241,-0.181177,0.444477
3300,-0.300812,-1.02241,-0.181177,-1.144329
3301,-0.300812,-1.02241,-0.181177,2.033284
3302,-0.293943,-1.628375,-0.181177,0.444477
3303,-0.293943,-1.628375,-0.181177,0.444477
3304,-0.287075,-1.123404,-0.181177,0.444477
3305,-0.287075,-1.123404,-0.181177,0.444477
3306,-0.293943,-1.426386,-0.181177,0.444477
3307,-0.293943,-1.426386,-0.181177,-1.144329
3308,-0.287075,-1.325392,-0.181177,0.444477
3309,-0.287075,-1.325392,-0.181177,0.444477
3310,-0.287075,-1.224398,-0.181177,-1.144329
3311,-0.287075,-1.224398,-0.181177,0.444477
3312,-0.314549,-1.628375,-0.181177,-2.733136
3313,-0.314549,-1.628375,-0.181177,-1.144329
3314,-0.293943,-1.123404,-0.181177,0.444477
3315,-0.293943,-1.123404,-0.181177,0.444477
3316,-0.287075,-1.123404,-0.181177,0.444477
3317,-0.287075,-1.123404,-0.181177,2.033284
3318,-0.287075,-1.224398,-0.181177,-1.144329
3319,-0.287075,-1.224398,-0.181177,-1.144329
3320,-0.300812,-1.02241,-0.181177,0.444477
3321,-0.300812,-1.02241,-0.181177,0.444477
3322,-0.30768,-1.224398,-0.181177,0.444477
3323,-0.30768,-1.224398,-0.181177,0.444477
3324,-0.293943,-0.719428,-0.181177,0.444477
3325,-0.293943,-0.719428,-0.181177,0.444477
3326,-0.30768,-0.315451,-0.181177,0.444477
3327,-0.30768,-0.315451,-0.181177,-1.144329
3328,-0.300812,-0.618433,-0.181177,-1.144329
3329,-0.300812,-0.618433,-0.181177,-1.144329
3330,-0.287075,-0.719428,-0.181177,-1.144329
3331,-0.287075,-0.719428,-0.181177,-1.144329
3332,-0.287075,-0.719428,-0.181177,0.444477
3333,-0.287075,-0.719428,-0.181177,2.033284
3334,-0.300812,-0.113463,-0.181177,-1.144329
3335,-0.300812,-0.113463,-0.181177,0.444477
3336,-0.287075,-0.416445,-0.181177,-1.144329
3337,-0.287075,-0.416445,-0.181177,0.444477
3338,-0.300812,-0.517439,-0.181177,2.033284
3339,-0.300812,-0.517439,-0.181177,-1.144329
3340,-0.293943,-0.416445,-0.181177,0.444477
3341,-0.293943,-0.416445,-0.181177,0.444477
3342,-0.293943,-0.517439,-0.181177,0.444477
3343,-0.293943,-0.517439,-0.181177,0.444477
3344,-0.293943,-0.315451,-0.181177,0.444477
3345,-0.293943,-0.315451,-0.181177,0.444477
3346,-0.300812,-0.517439,0.220955,0.444477
3347,-0.300812,-0.517439,0.220955,-1.144329
3348,-0.293943,-0.012469,-0.181177,-1.144329
3349,-0.293943,-0.012469,-0.181177,0.444477
3350,-0.30768,-0.113463,-0.181177,-1.144329
3351,-0.30768,-0.113463,-0.181177,2.033284
3352,-0.300812,-0.113463,-0.181177,0.444477
3353,-0.300812,-0.113463,-0.181177,0.444477
3354,-0.300812,0.088525,-0.181177,0.444477
3355,-0.300812,0.088525,-0.181177,0.444477
3356,-0.300812,-0.416445,-0.181177,0.444477
3357,-0.300812,-0.416445,-0.181177,0.444477
3358,-0.293943,-0.012469,-0.181177,0.444477
3359,-0.293943,-0.012469,-0.181177,0.444477
3360,-0.300812,-0.113463,-0.181177,0.444477
3361,-0.300812,-0.113463,-0.181177,-1.144329
3362,-0.293943,-0.012469,-0.181177,-1.144329
3363,-0.293943,-0.012469,-0.181177,0.444477
3364,-0.321417,-0.113463,-0.181177,-1.144329
3365,-0.321417,-0.113463,-0.181177,2.033284
3366,-0.314549,0.290513,-0.181177,0.444477
3367,-0.314549,0.290513,-0.181177,0.444477
3368,-0.30768,0.088525,-0.181177,0.444477
3369,-0.30768,0.088525,-0.181177,0.444477
3370,-0.314549,-0.012469,-0.181177,0.444477
3371,-0.314549,-0.012469,-0.181177,-1.144329
3372,-0.314549,0.189519,-0.181177,0.444477
3373,-0.314549,0.189519,-0.181177,0.444477
3374,-0.30768,-0.315451,-0.181177,-1.144329
3375,-0.30768,-0.315451,-0.181177,0.444477
3376,-0.314549,-0.113463,-0.181177,-2.733136
3377,-0.314549,-0.113463,-0.181177,-1.144329
3378,-0.321417,-0.012469,-0.181177,0.444477
3379,-0.321417,-0.012469,-0.181177,0.444477
3380,-0.321417,-0.416445,-0.181177,0.444477
3381,-0.321417,-0.416445,-0.181177,0.444477
3382,-0.314549,-0.416445,0.220955,-1.144329
3383,-0.314549,-0.416445,0.220955,0.444477
3384,-0.314549,0.189519,-0.181177,0.444477
3385,-0.314549,0.189519,-0.181177,-1.144329
3386,-0.314549,-0.113463,-0.181177,0.444477
3387,-0.314549,-0.113463,-0.181177,-2.733136
3388,-0.321417,0.290513,-0.181177,-1.144329
3389,-0.321417,0.290513,-0.181177,0.444477
3390,-0.321417,0.189519,-0.181177,0.444477
3391,-0.321417,0.189519,-0.181177,0.444477
3392,-0.321417,0.290513,-0.181177,2.033284
3393,-0.321417,0.290513,-0.181177,-1.144329
3394,-0.321417,-0.012469,-0.181177,-1.144329
3395,-0.321417,-0.012469,-0.181177,0.444477
3396,-0.314549,0.189519,-0.181177,0.444477
3397,-0.314549,0.189519,-0.181177,0.444477
3398,-0.321417,0.088525,0.220955,0.444477
3399,-0.321417,0.088525,0.220955,0.444477
3400,-0.328286,-0.012469,-0.181177,0.444477
3401,-0.328286,-0.012469,-0.181177,0.444477
3402,-0.328286,0.088525,0.220955,-1.144329
3403,-0.328286,0.088525,0.220955,-1.144329
3404,-0.328286,0.189519,0.220955,-1.144329
3405,-0.328286,0.189519,-0.181177,-1.144329
3406,-0.335154,0.290513,-0.181177,-1.144329
3407,-0.335154,0.290513,-0.181177,0.444477
3408,-0.300812,0.593496,-0.181177,2.033284
3409,-0.300812,0.593496,-0.181177,-1.144329
3410,-0.293943,0.290513,-0.181177,0.444477
3411,-0.293943,0.290513,-0.181177,-1.144329
3412,-0.300812,0.290513,-0.181177,0.444477
3413,-0.300812,0.290513,-0.181177,2.033284
3414,-0.30768,-0.012469,-0.181177,-1.144329
3415,-0.30768,-0.012469,-0.181177,0.444477
3416,-0.287075,0.189519,0.220955,0.444477
3417,-0.287075,0.189519,0.220955,0.444477
3418,-0.300812,0.290513,-0.181177,-1.144329
3419,-0.300812,0.290513,-0.181177,0.444477
3420,-0.300812,0.391508,-0.181177,0.444477
3421,-0.300812,0.391508,-0.181177,-1.144329
3422,-0.30768,0.492502,-0.181177,0.444477
3423,-0.30768,0.492502,-0.181177,-2.733136
3424,-0.300812,0.391508,-0.181177,-1.144329
3425,-0.300812,0.391508,-0.181177,0.444477
3426,-0.300812,0.088525,-0.181177,0.444477
3427,-0.300812,0.088525,-0.181177,0.444477
3428,-0.293943,0.290513,-0.181177,2.033284
3429,-0.293943,0.290513,-0.181177,-1.144329
3430,-0.300812,0.189519,0.220955,-1.144329
3431,-0.300812,0.189519,0.220955,0.444477
3432,-0.300812,0.189519,0.220955,0.444477
3433,-0.300812,0.189519,0.220955,0.444477
3434,-0.314549,0.391508,-0.181177,0.444477
3435,-0.314549,0.391508,-0.181177,0.444477
3436,-0.314549,0.492502,-0.181177,0.444477
3437,-0.314549,0.492502,-0.181177,0.444477
3438,-0.314549,0.088525,-0.181177,-1.144329
3439,-0.314549,0.088525,-0.181177,-1.144329
3440,-0.314549,0.189519,-0.181177,-1.144329
3441,-0.314549,0.189519,-0.181177,-1.144329
3442,-0.300812,0.69449,-0.181177,-1.144329
3443,-0.300812,0.69449,-0.181177,0.444477
3444,-0.30768,0.088525,0.220955,2.033284
3445,-0.30768,0.088525,0.220955,-1.144329
3446,-0.300812,0.391508,0.220955,0.444477
3447,-0.300812,0.391508,0.220955,-1.144329
3448,-0.30768,0.492502,0.220955,0.444477
3449,-0.30768,0.492502,0.220955,2.033284
3450,-0.328286,0.189519,-0.181177,-1.144329
3451,-0.328286,0.189519,-0.181177,0.444477
3452,-0.314549,0.290513,-0.181177,0.444477
3453,-0.314549,0.290513,-0.181177,0.444477
3454,-0.321417,0.189519,-0.181177,0.444477
3455,-0.321417,0.189519,-0.181177,0.444477
3456,-0.314549,0.088525,-0.181177,0.444477
3457,-0.314549,0.088525,-0.181177,0.444477
3458,-0.314549,0.189519,0.220955,-1.144329
3459,-0.314549,0.189519,0.220955,-1.144329
3460,-0.300812,-0.012469,0.220955,0.444477
3461,-0.300812,-0.012469,0.220955,-1.144329
3462,-0.314549,0.290513,0.220955,2.033284
3463,-0.314549,0.290513,0.220955,0.444477
3464,-0.300812,0.290513,-0.181177,0.444477
3465,-0.300812,0.290513,-0.181177,0.444477
3466,-0.321417,0.391508,-0.181177,0.444477
3467,-0.321417,0.391508,-0.181177,0.444477
3468,-0.321417,0.290513,-0.181177,0.444477
3469,-0.321417,0.290513,-0.181177,0.444477
3470,-0.314549,0.492502,-0.583309,0.444477
3471,-0.314549,0.492502,-0.583309,0.444477
3472,-0.314549,0.290513,-0.181177,-1.144329
3473,-0.314549,0.290513,-0.181177,-1.144329
3474,-0.30768,0.391508,0.220955,0.444477
3475,-0.30768,0.391508,0.220955,-1.144329
3476,-0.30768,0.290513,0.220955,2.033284
3477,-0.30768,0.290513,0.220955,0.444477
3478,-0.328286,0.391508,0.220955,0.444477
3479,-0.328286,0.391508,0.220955,0.444477
3480,-0.321417,0.088525,-0.181177,0.444477
3481,-0.321417,0.088525,-0.181177,0.444477
3482,-0.314549,-0.012469,-0.181177,-1.144329
3483,-0.314549,-0.012469,-0.181177,0.444477
3484,-0.321417,0.492502,-0.181177,0.444477
3485,-0.321417,0.492502,-0.181177,-1.144329
3486,-0.321417,0.391508,-0.181177,0.444477
3487,-0.321417,0.391508,-0.181177,-2.733136
3488,-0.314549,0.189519,-0.181177,-1.144329
3489,-0.314549,0.189519,-0.181177,0.444477
3490,-0.328286,0.290513,0.220955,0.444477
3491,-0.328286,0.290513,0.220955,0.444477
3492,-0.314549,0.189519,0.220955,2.033284
3493,-0.314549,0.189519,0.220955,-1.144329
3494,-0.30768,0.189519,-0.181177,-1.144329
3495,-0.30768,0.189519,-0.181177,0.444477
3496,-0.314549,0.391508,-0.181177,0.444477
3497,-0.314549,0.391508,-0.181177,0.444477
3498,-0.328286,0.391508,-0.181177,0.444477
3499,-0.328286,0.391508,-0.181177,0.444477
3500,-0.321417,0.088525,-0.181177,0.444477
3501,-0.321417,0.088525,-0.181177,0.444477
3502,-0.314549,0.189519,-0.181177,-1.144329
3503,-0.314549,0.189519,-0.181177,-1.144329
3504,-0.321417,0.189519,-0.181177,-1.144329
3505,-0.321417,0.189519,-0.181177,-1.144329
3506,-0.314549,-0.012469,0.220955,-1.144329
3507,-0.314549,-0.012469,0.220955,0.444477
3508,-0.314549,0.290513,0.220955,2.033284
3509,-0.314549,0.290513,0.220955,-1.144329
3510,-0.30768,-0.113463,0.220955,0.444477
3511,-0.30768,-0.113463,0.220955,-1.144329
3512,-0.314549,0.189519,-0.181177,0.444477
3513,-0.314549,0.189519,-0.181177,2.033284
3514,-0.328286,-0.113463,-0.181177,-1.144329
3515,-0.328286,-0.113463,-0.181177,0.444477
3516,-0.321417,0.290513,-0.181177,0.444477
3517,-0.321417,0.290513,-0.181177,0.444477
3518,-0.314549,0.391508,-0.181177,0.444477
3519,-0.314549,0.391508,-0.181177,0.444477
3520,-0.30768,0.593496,-0.181177,0.444477
3521,-0.30768,0.593496,-0.181177,0.444477
3522,-0.314549,0.290513,-0.181177,-1.144329
3523,-0.314549,0.290513,-0.181177,-1.144329
3524,-0.300812,0.290513,-0.181177,0.444477
3525,-0.300812,0.290513,-0.181177,-1.144329
3526,-0.30768,0.189519,-0.181177,2.033284
3527,-0.30768,0.189519,-0.181177,0.444477
3528,-0.314549,0.088525,-0.181177,0.444477
3529,-0.314549,0.088525,-0.181177,0.444477
3530,-0.30768,0.290513,-0.181177,0.444477
3531,-0.30768,0.290513,-0.181177,0.444477
3532,-0.321417,0.290513,-0.181177,-1.144329
3533,-0.321417,0.290513,-0.181177,0.444477
3534,-0.30768,-0.012469,-0.181177,0.444477
3535,-0.30768,-0.012469,-0.181177,-1.144329
3536,-0.314549,0.088525,-0.181177,0.444477
3537,-0.314549,0.088525,-0.181177,-2.733136
3538,-0.314549,0.189519,0.220955,-1.144329
3539,-0.314549,0.189519,0.220955,0.444477
3540,-0.314549,0.593496,0.220955,0.444477
3541,-0.314549,0.593496,0.220955,0.444477
3542,-0.314549,0.088525,-0.181177,2.033284
3543,-0.314549,0.088525,-0.181177,-1.144329
3544,-0.321417,0.290513,-0.181177,-1.144329
3545,-0.321417,0.290513,-0.181177,0.444477
3546,-0.328286,0.391508,-0.181177,0.444477
3547,-0.328286,0.391508,-0.181177,0.444477
3548,-0.321417,0.189519,-0.181177,0.444477
3549,-0.321417,0.189519,-0.181177,0.444477
3550,-0.328286,0.189519,-0.181177,0.444477
3551,-0.30768,0.391508,-0.181177,-1.144329
3552,-0.30768,0.391508,-0.181177,-1.144329
3553,-0.321417,0.189519,-0.181177,-1.144329
3554,-0.321417,0.189519,-0.181177,-1.144329
3555,-0.321417,0.189519,-0.181177,-1.144329
3556,-0.321417,0.189519,-0.181177,0.444477
3557,-0.321417,0.088525,-0.181177,2.033284
3558,-0.30768,0.088525,-0.181177,-1.144329
3559,-0.321417,0.391508,-0.181177,0.444477
3560,-0.321417,0.391508,-0.181177,-1.144329
3561,-0.328286,-0.012469,-0.181177,0.444477
3562,-0.328286,-0.012469,-0.181177,2.033284
3563,-0.328286,0.290513,-0.181177,-1.144329
3564,-0.328286,0.290513,-0.181177,0.444477
3565,-0.321417,0.088525,-0.181177,0.444477
3566,-0.321417,0.088525,-0.181177,0.444477
3567,-0.321417,0.391508,-0.181177,0.444477
3568,-0.321417,0.391508,-0.181177,0.444477
3569,-0.314549,0.189519,-0.181177,0.444477
3570,-0.314549,0.189519,-0.181177,0.444477
3571,-0.314549,0.189519,-0.181177,-1.144329
3572,-0.314549,0.189519,-0.181177,-1.144329
3573,-0.328286,0.593496,0.220955,0.444477
3574,-0.328286,0.593496,0.220955,-1.144329
3575,-0.321417,-0.012469,0.220955,2.033284
3576,-0.321417,-0.012469,0.220955,0.444477
3577,-0.328286,0.290513,-0.181177,0.444477
3578,-0.328286,0.290513,-0.181177,0.444477
3579,-0.328286,0.391508,-0.181177,-1.144329
3580,-0.328286,0.391508,-0.181177,0.444477
3581,-0.321417,0.391508,-0.181177,0.444477
3582,-0.321417,0.391508,-0.181177,-1.144329
3583,-0.328286,0.391508,-0.181177,0.444477
3584,-0.328286,0.391508,-0.181177,-2.733136
3585,-0.321417,0.189519,-0.181177,-1.144329
3586,-0.321417,0.189519,-0.181177,0.444477
3587,-0.328286,0.69449,-0.181177,0.444477
3588,-0.328286,0.69449,-0.181177,0.444477
3589,-0.321417,0.189519,-0.181177,2.033284
3590,-0.321417,0.189519,-0.181177,-1.144329
3591,-0.321417,0.290513,0.220955,-1.144329
3592,-0.321417,0.290513,0.220955,0.444477
3593,-0.321417,0.088525,0.220955,0.444477
3594,-0.321417,0.088525,0.220955,0.444477
3595,-0.314549,0.088525,-0.181177,0.444477
3596,-0.314549,0.088525,-0.181177,0.444477
3597,-0.321417,0.189519,-0.181177,0.444477
3598,-0.321417,0.189519,-0.181177,0.444477
3599,-0.321417,0.290513,0.220955,-1.144329
3600,-0.321417,0.290513,0.220955,-1.144329
3601,-0.328286,0.391508,-0.181177,-1.144329
3602,-0.328286,0.391508,-0.181177,-1.144329
3603,-0.328286,0.593496,-0.181177,-1.144329
3604,-0.328286,0.593496,-0.181177,0.444477
3605,-0.328286,-0.517439,0.220955,-1.144329
3606,-0.328286,-0.517439,0.220955,-1.144329
3607,-0.321417,-0.315451,-0.181177,0.444477
3608,-0.321417,-0.315451,-0.181177,-1.144329
3609,-0.314549,-0.214457,-0.181177,2.033284
3610,-0.314549,-0.214457,-0.181177,0.444477
3611,-0.328286,0.391508,-0.583309,0.444477
3612,-0.328286,0.391508,-0.583309,0.444477
3613,-0.321417,-0.012469,-0.583309,0.444477
3614,-0.321417,-0.012469,-0.583309,0.444477
3615,-0.300812,0.290513,-0.181177,0.444477
3616,-0.300812,0.290513,-0.181177,-1.144329
3617,-0.321417,0.290513,0.220955,-1.144329
3618,-0.321417,0.290513,0.220955,0.444477
3619,-0.30768,-0.012469,0.220955,-1.144329
3620,-0.30768,-0.012469,0.220955,2.033284
3621,-0.321417,0.492502,0.220955,0.444477
3622,-0.321417,0.492502,0.220955,0.444477
3623,-0.328286,0.290513,-0.181177,0.444477
3624,-0.328286,0.290513,-0.181177,0.444477
3625,-0.328286,0.492502,-0.583309,-1.144329
3626,-0.328286,0.492502,-0.583309,0.444477
3627,-0.321417,0.69449,-0.583309,0.444477
3628,-0.321417,0.69449,-0.583309,-1.144329
3629,-0.321417,0.088525,-0.181177,0.444477
3630,-0.321417,0.088525,-0.181177,-2.733136
3631,-0.30768,0.391508,0.220955,-1.144329
3632,-0.30768,0.391508,0.220955,0.444477
3633,-0.314549,-0.012469,0.623088,0.444477
3634,-0.314549,-0.012469,0.623088,0.444477
3635,-0.30768,0.290513,0.220955,2.033284
3636,-0.30768,0.290513,0.220955,-1.144329
3637,-0.314549,-0.214457,0.220955,-1.144329
3638,-0.314549,-0.214457,0.220955,0.444477
3639,-0.328286,0.088525,-0.181177,0.444477
3640,-0.328286,0.088525,-0.181177,0.444477
3641,-0.328286,0.290513,-0.181177,0.444477
3642,-0.328286,0.290513,-0.181177,0.444477
3643,-0.321417,-0.113463,-0.583309,0.444477
3644,-0.321417,-0.113463,-0.583309,0.444477
3645,-0.335154,0.290513,-0.181177,-1.144329
3646,-0.335154,0.290513,-0.181177,-1.144329
3647,-0.328286,-0.113463,0.220955,-1.144329
3648,-0.328286,-0.113463,0.220955,-1.144329
3649,-0.321417,-0.113463,0.220955,-1.144329
3650,-0.321417,-0.113463,0.220955,0.444477
3651,-0.328286,0.088525,0.220955,2.033284
3652,-0.328286,0.088525,0.220955,-1.144329
3653,-0.328286,0.088525,0.220955,0.444477
3654,-0.328286,0.088525,0.220955,0.444477
3655,-0.342022,0.290513,-0.181177,-1.144329
3656,-0.342022,0.290513,-0.181177,0.444477
3657,-0.321417,0.290513,-0.181177,0.444477
3658,-0.321417,0.290513,-0.181177,-1.144329
3659,-0.328286,0.593496,-0.181177,0.444477
3660,-0.328286,0.593496,-0.181177,-2.733136
3661,-0.328286,-0.113463,-0.181177,-1.144329
3662,-0.328286,-0.113463,-0.181177,0.444477
3663,-0.328286,0.088525,0.220955,0.444477
3664,-0.328286,0.088525,0.220955,0.444477
3665,-0.314549,-0.113463,0.220955,2.033284
3666,-0.314549,-0.113463,0.220955,-1.144329
3667,-0.314549,-0.012469,0.220955,-1.144329
3668,-0.314549,-0.012469,0.220955,0.444477
3669,-0.30768,-0.113463,0.220955,0.444477
3670,-0.30768,-0.113463,0.220955,0.444477
3671,-0.314549,0.088525,0.220955,0.444477
3672,-0.314549,0.088525,0.220955,0.444477
3673,-0.328286,0.290513,-0.181177,0.444477
3674,-0.328286,0.290513,-0.181177,0.444477
3675,-0.328286,0.391508,-0.181177,-1.144329
3676,-0.328286,0.391508,-0.181177,-1.144329
3677,-0.328286,0.69449,-0.181177,-1.144329
3678,-0.328286,0.69449,-0.181177,-1.144329
3679,-0.314549,0.088525,-0.181177,-1.144329
3680,-0.314549,0.088525,-0.181177,0.444477
3681,-0.300812,-0.214457,0.220955,2.033284
3682,-0.300812,-0.214457,0.220955,-1.144329
3683,-0.30768,-0.012469,0.220955,0.444477
3684,-0.30768,-0.012469,0.220955,-1.144329
3685,-0.314549,-0.113463,0.220955,0.444477
3686,-0.314549,-0.113463,0.220955,2.033284
3687,-0.30768,0.189519,-0.181177,-1.144329
3688,-0.30768,0.189519,-0.181177,0.444477
3689,-0.328286,0.088525,-0.181177,0.444477
3690,-0.328286,0.088525,-0.181177,0.444477
3691,-0.314549,0.189519,-0.583309,-1.144329
3692,-0.314549,0.189519,-0.583309,0.444477
3693,-0.328286,0.088525,-0.181177,0.444477
3694,-0.328286,0.088525,-0.181177,-1.144329
3695,-0.328286,0.69449,-0.181177,0.444477
3696,-0.328286,0.69449,-0.181177,-2.733136
3697,-0.321417,0.088525,0.220955,-1.144329
3698,-0.321417,0.088525,0.220955,0.444477
3699,-0.314549,0.492502,0.220955,0.444477
3700,-0.314549,0.492502,0.220955,0.444477
3701,-0.321417,-0.012469,0.220955,2.033284
3702,-0.321417,-0.012469,0.220955,-1.144329
3703,-0.321417,-0.113463,-0.181177,-1.144329
3704,-0.321417,-0.113463,-0.181177,0.444477
3705,-0.321417,0.189519,-0.181177,0.444477
3706,-0.321417,0.189519,-0.181177,0.444477
3707,-0.328286,0.290513,-0.181177,0.444477
3708,-0.328286,0.290513,-0.181177,0.444477
3709,-0.321417,0.391508,-0.583309,0.444477
3710,-0.321417,0.391508,-0.583309,0.444477
3711,-0.314549,0.290513,-0.181177,-1.144329
3712,-0.314549,0.290513,-0.181177,-1.144329
3713,-0.314549,0.593496,0.220955,-1.144329
3714,-0.314549,0.593496,0.220955,-1.144329
3715,-0.300812,0.492502,0.220955,-1.144329
3716,-0.300812,0.492502,0.220955,0.444477
3717,-0.335154,0.189519,0.220955,2.033284
3718,-0.335154,0.189519,0.220955,-1.144329
3719,-0.293943,0.088525,-0.181177,0.444477
3720,-0.293943,0.088525,-0.181177,-1.144329
3721,-0.328286,0.189519,-0.181177,0.444477
3722,-0.328286,0.189519,-0.181177,2.033284
3723,-0.328286,0.189519,-0.181177,-1.144329
3724,-0.328286,0.189519,-0.181177,0.444477
3725,-0.321417,0.492502,-0.181177,0.444477
3726,-0.321417,0.492502,-0.181177,0.444477
3727,-0.321417,0.189519,0.220955,0.444477
3728,-0.321417,0.189519,0.220955,0.444477
3729,-0.328286,0.290513,0.220955,0.444477
3730,-0.328286,0.290513,0.220955,0.444477
3731,-0.30768,0.290513,0.220955,-1.144329
3732,-0.30768,0.290513,0.220955,-1.144329
3733,-0.321417,0.189519,0.220955,0.444477
3734,-0.321417,0.189519,0.220955,-1.144329
3735,-0.342022,0.492502,-0.181177,2.033284
3736,-0.342022,0.492502,-0.181177,0.444477
3737,-0.328286,0.290513,-0.181177,0.444477
3738,-0.328286,0.290513,-0.181177,0.444477
3739,-0.342022,0.391508,-0.181177,0.444477
3740,-0.342022,0.391508,-0.181177,0.444477
3741,-0.328286,0.088525,-0.583309,0.444477
3742,-0.328286,0.088525,-0.583309,0.444477
3743,-0.321417,0.391508,0.220955,0.444477
3744,-0.321417,0.391508,0.220955,0.444477
3745,-0.328286,0.088525,0.220955,-1.144329
3746,-0.328286,0.088525,0.220955,-1.144329
3747,-0.30768,0.290513,0.220955,0.444477
3748,-0.30768,0.290513,0.220955,-1.144329
3749,-0.321417,0.593496,0.220955,2.033284
3750,-0.321417,0.593496,0.220955,0.444477
3751,-0.335154,0.492502,-0.181177,0.444477
3752,-0.335154,0.492502,-0.181177,0.444477
3753,-0.328286,0.492502,-0.181177,0.444477
3754,-0.328286,0.492502,-0.181177,0.444477
3755,-0.321417,0.492502,-0.181177,-1.144329
3756,-0.321417,0.492502,-0.181177,0.444477
3757,-0.335154,0.795484,-0.181177,0.444477
3758,-0.335154,0.795484,-0.181177,-1.144329
3759,-0.321417,0.391508,-0.181177,0.444477
3760,-0.321417,0.391508,-0.181177,-2.733136
3761,-0.328286,0.391508,0.220955,-1.144329
3762,-0.328286,0.391508,0.220955,0.444477
3763,-0.321417,0.088525,0.220955,0.444477
3764,-0.321417,0.088525,0.220955,0.444477
3765,-0.314549,0.492502,-0.181177,2.033284
3766,-0.314549,0.492502,-0.181177,-1.144329
3767,-0.328286,0.189519,-0.181177,-1.144329
3768,-0.328286,0.189519,-0.181177,0.444477
3769,-0.321417,0.69449,-0.181177,0.444477
3770,-0.321417,0.69449,-0.181177,0.444477
3771,-0.328286,0.593496,-0.181177,0.444477
3772,-0.328286,0.593496,-0.181177,0.444477
3773,-0.335154,0.391508,-0.181177,0.444477
3774,-0.335154,0.391508,-0.181177,0.444477
3775,-0.321417,0.391508,-0.181177,-1.144329
3776,-0.321417,0.391508,-0.181177,-1.144329
3777,-0.321417,0.189519,0.220955,-1.144329
3778,-0.321417,0.189519,0.220955,-1.144329
3779,-0.328286,0.391508,0.220955,-1.144329
3780,-0.328286,0.391508,0.220955,0.444477
3781,-0.321417,0.088525,-0.181177,2.033284
3782,-0.321417,0.088525,-0.181177,-1.144329
3783,-0.335154,0.088525,-0.181177,0.444477
3784,-0.335154,0.088525,-0.181177,-1.144329
3785,-0.335154,0.492502,-0.181177,0.444477
3786,-0.335154,0.492502,-0.181177,2.033284
3787,-0.321417,0.492502,-0.181177,-1.144329
3788,-0.321417,0.492502,-0.181177,0.444477
3789,-0.328286,0.189519,-0.181177,0.444477
3790,-0.328286,0.189519,-0.181177,0.444477
3791,-0.321417,0.290513,-0.181177,0.444477
3792,-0.321417,0.290513,-0.181177,0.444477
3793,-0.321417,0.69449,-0.583309,0.444477
3794,-0.321417,0.69449,-0.583309,0.444477
3795,-0.328286,0.492502,-0.181177,-1.144329
3796,-0.328286,0.492502,-0.181177,-1.144329
3797,-0.328286,0.391508,-0.181177,0.444477
3798,-0.328286,0.391508,-0.181177,-1.144329
3799,-0.321417,0.391508,0.220955,2.033284
3800,-0.321417,0.391508,0.220955,0.444477
3801,-0.328286,0.492502,0.220955,0.444477
3802,-0.328286,0.492502,0.220955,-1.144329
3803,-0.328286,0.088525,-0.181177,0.444477
3804,-0.328286,0.088525,-0.181177,-1.144329
3805,-0.328286,0.492502,-0.181177,0.444477
3806,-0.328286,0.492502,-0.181177,2.033284
3807,-0.328286,0.391508,-0.181177,-1.144329
3808,-0.328286,0.391508,-0.181177,0.444477
3809,-0.328286,0.69449,-0.181177,0.444477
3810,-0.328286,0.69449,-0.181177,0.444477
3811,-0.335154,0.492502,-0.181177,-1.144329
3812,-0.335154,0.492502,-0.181177,0.444477
3813,-0.314549,0.189519,0.220955,0.444477
3814,-0.314549,0.189519,0.220955,-1.144329
3815,-0.328286,0.391508,0.220955,0.444477
3816,-0.328286,0.391508,0.220955,-2.733136
3817,-0.328286,0.391508,-0.181177,-1.144329
3818,-0.328286,0.391508,-0.181177,0.444477
3819,-0.328286,0.290513,-0.181177,0.444477
3820,-0.328286,0.290513,-0.181177,0.444477
3821,-0.335154,0.290513,-0.181177,2.033284
3822,-0.335154,0.290513,-0.181177,-1.144329
3823,-0.328286,0.290513,-0.181177,-1.144329
3824,-0.328286,0.290513,-0.181177,0.444477
3825,-0.321417,0.189519,-0.181177,0.444477
3826,-0.321417,0.189519,-0.181177,0.444477
3827,-0.314549,0.290513,0.220955,0.444477
3828,-0.314549,0.290513,0.220955,0.444477
3829,-0.321417,0.290513,0.623088,0.444477
3830,-0.321417,0.290513,0.623088,0.444477
3831,-0.321417,0.189519,0.220955,-1.144329
3832,-0.321417,0.189519,0.220955,-1.144329
3833,-0.328286,0.492502,0.220955,-1.144329
3834,-0.328286,0.492502,0.220955,-1.144329
3835,-0.328286,-0.012469,-0.181177,-1.144329
3836,-0.328286,-0.012469,-0.181177,0.444477
3837,-0.342022,0.391508,-0.181177,2.033284
3838,-0.342022,0.391508,-0.181177,-1.144329
3839,-0.342022,0.69449,-0.181177,0.444477
3840,-0.342022,0.69449,-0.181177,-1.144329
3841,-0.321417,0.492502,-0.181177,0.444477
3842,-0.321417,0.492502,-0.181177,2.033284
3843,-0.335154,0.290513,0.220955,-1.144329
3844,-0.335154,0.290513,0.220955,0.444477
3845,-0.328286,0.290513,0.220955,0.444477
3846,-0.328286,0.290513,0.220955,0.444477
3847,-0.328286,-0.113463,0.220955,0.444477
3848,-0.328286,-0.113463,0.220955,0.444477
3849,-0.328286,0.189519,-0.181177,0.444477
3850,-0.328286,0.189519,-0.181177,0.444477
3851,-0.342022,0.088525,-0.181177,-1.144329
3852,-0.342022,0.088525,-0.181177,-1.144329
3853,-0.335154,0.391508,-0.181177,0.444477
3854,-0.335154,0.391508,-0.181177,-1.144329
3855,-0.335154,0.088525,-0.181177,2.033284
3856,-0.335154,0.088525,-0.181177,0.444477
3857,-0.328286,0.492502,-0.181177,0.444477
3858,-0.328286,0.492502,-0.181177,0.444477
3859,-0.335154,0.189519,0.220955,0.444477
3860,-0.335154,0.189519,0.220955,0.444477
3861,-0.328286,0.391508,0.220955,0.444477
3862,-0.328286,0.391508,0.220955,0.444477
3863,-0.328286,0.391508,0.220955,0.444477
3864,-0.328286,0.391508,0.220955,0.444477
3865,-0.335154,0.189519,-0.181177,-1.144329
3866,-0.335154,0.189519,-0.181177,-1.144329
3867,-0.342022,0.290513,-0.181177,0.444477
3868,-0.342022,0.290513,-0.181177,-1.144329
3869,-0.328286,0.492502,-0.181177,2.033284
3870,-0.328286,0.492502,-0.181177,0.444477
3871,-0.342022,0.189519,-0.181177,0.444477
3872,-0.342022,0.189519,-0.181177,0.444477
3873,-0.335154,0.391508,-0.181177,0.444477
3874,-0.335154,0.391508,-0.181177,0.444477
3875,-0.328286,0.492502,-0.181177,-1.144329
3876,-0.328286,0.492502,-0.181177,0.444477
3877,-0.321417,0.391508,0.220955,0.444477
3878,-0.321417,0.391508,0.220955,-1.144329
3879,-0.328286,0.290513,-0.181177,0.444477
3880,-0.328286,0.290513,-0.181177,-2.733136
3881,-0.328286,0.290513,-0.181177,-1.144329
3882,-0.328286,0.290513,-0.181177,0.444477
3883,-0.335154,0.593496,-0.181177,0.444477
3884,-0.335154,0.593496,-0.181177,0.444477
3885,-0.342022,0.391508,-0.181177,2.033284
3886,-0.342022,0.391508,-0.181177,-1.144329
3887,-0.335154,0.593496,-0.181177,-1.144329
3888,-0.335154,0.593496,-0.181177,0.444477
3889,-0.335154,0.795484,-0.181177,0.444477
3890,-0.335154,0.795484,-0.181177,0.444477
3891,-0.321417,0.189519,-0.181177,0.444477
3892,-0.321417,0.189519,-0.181177,0.444477
3893,-0.335154,0.492502,0.220955,0.444477
3894,-0.335154,0.492502,0.220955,0.444477
3895,-0.335154,-0.012469,-0.181177,-1.144329
3896,-0.335154,-0.012469,-0.181177,-1.144329
3897,-0.328286,0.492502,-0.181177,-1.144329
3898,-0.328286,0.492502,-0.181177,-1.144329
3899,-0.342022,0.290513,-0.181177,-1.144329
3900,-0.342022,0.290513,-0.181177,0.444477
3901,-0.335154,0.290513,-0.181177,2.033284
3902,-0.335154,0.290513,-0.181177,-1.144329
3903,-0.328286,0.088525,-0.181177,0.444477
3904,-0.328286,0.088525,-0.181177,-1.144329
3905,-0.335154,0.492502,-0.181177,0.444477
3906,-0.335154,0.492502,-0.181177,2.033284
3907,-0.328286,0.492502,-0.181177,-1.144329
3908,-0.328286,0.492502,-0.181177,0.444477
3909,-0.328286,0.290513,0.220955,0.444477
3910,-0.328286,0.290513,0.220955,0.444477
3911,-0.342022,0.492502,-0.181177,0.444477
3912,-0.342022,0.492502,-0.181177,0.444477
3913,-0.335154,0.088525,-0.181177,0.444477
3914,-0.335154,0.088525,-0.181177,0.444477
3915,-0.335154,0.69449,-0.181177,-1.144329
3916,-0.335154,0.69449,-0.181177,0.444477
3917,-0.342022,-0.012469,-0.181177,0.444477
3918,-0.342022,-0.012469,-0.181177,-1.144329
3919,-0.342022,0.290513,-0.181177,0.444477
3920,-0.342022,0.290513,-0.181177,0.444477
3921,-0.328286,0.492502,0.220955,-1.144329
3922,-0.328286,0.492502,0.220955,0.444477
3923,-0.335154,0.593496,0.220955,-2.733136
3924,-0.335154,0.593496,0.220955,-1.144329
3925,-0.328286,0.088525,-0.181177,0.444477
3926,-0.328286,0.088525,-0.181177,0.444477
3927,-0.335154,0.189519,-0.181177,0.444477
3928,-0.335154,0.189519,-0.181177,2.033284
3929,-0.335154,0.391508,-0.181177,-1.144329
3930,-0.335154,0.391508,-0.181177,-1.144329
3931,-0.335154,0.391508,-0.181177,0.444477
3932,-0.335154,0.391508,-0.181177,0.444477
3933,-0.335154,0.69449,-0.181177,0.444477
3934,-0.335154,0.69449,-0.181177,0.444477
3935,-0.328286,0.391508,-0.181177,0.444477
3936,-0.328286,0.391508,-0.181177,0.444477
3937,-0.335154,0.593496,-0.181177,0.444477
3938,-0.335154,0.593496,-0.181177,-1.144329
3939,-0.328286,0.593496,-0.181177,-1.144329
3940,-0.328286,0.593496,-0.181177,-1.144329
3941,-0.328286,0.088525,-0.181177,-1.144329
3942,-0.328286,0.088525,-0.181177,-1.144329
3943,-0.335154,0.391508,-0.181177,0.444477
3944,-0.335154,0.391508,-0.181177,2.033284
3945,-0.335154,0.088525,-0.181177,-1.144329
3946,-0.335154,0.088525,-0.181177,0.444477
3947,-0.321417,0.189519,-0.181177,-1.144329
3948,-0.321417,0.189519,-0.181177,0.444477
3949,-0.321417,0.391508,0.220955,2.033284
3950,-0.321417,0.391508,0.220955,-1.144329
3951,-0.328286,0.290513,0.220955,0.444477
3952,-0.328286,0.290513,0.220955,0.444477
3953,-0.328286,0.593496,-0.181177,0.444477
3954,-0.328286,0.593496,-0.181177,0.444477
3955,-0.342022,0.391508,-0.181177,0.444477
3956,-0.342022,0.391508,-0.181177,0.444477
3957,-0.348891,0.088525,-0.181177,-1.144329
3958,-0.348891,0.088525,-0.181177,0.444477
3959,-0.342022,0.391508,-0.181177,-2.733136
3960,-0.342022,0.391508,-0.181177,-1.144329
3961,-0.342022,0.492502,-0.181177,0.444477
3962,-0.342022,0.492502,-0.181177,0.444477
3963,-0.321417,0.69449,-0.181177,0.444477
3964,-0.321417,0.69449,-0.181177,2.033284
3965,-0.342022,0.391508,-0.181177,-1.144329
3966,-0.342022,0.391508,-0.181177,-1.144329
3967,-0.342022,0.290513,-0.181177,0.444477
3968,-0.342022,0.290513,-0.181177,0.444477
3969,-0.335154,0.69449,-0.181177,0.444477
3970,-0.335154,0.69449,-0.181177,0.444477
3971,-0.335154,0.189519,-0.181177,0.444477
3972,-0.335154,0.189519,-0.181177,0.444477
3973,-0.335154,0.391508,-0.181177,0.444477
3974,-0.335154,0.391508,-0.181177,-1.144329
3975,-0.335154,-0.012469,-0.181177,-1.144329
3976,-0.335154,-0.012469,-0.181177,-1.144329
3977,-0.335154,0.391508,-0.181177,-1.144329
3978,-0.335154,0.391508,-0.181177,-1.144329
3979,-0.328286,0.189519,-0.181177,0.444477
3980,-0.328286,0.189519,-0.181177,2.033284
3981,-0.335154,0.492502,-0.181177,-1.144329
3982,-0.335154,0.492502,-0.181177,0.444477
3983,-0.328286,0.391508,-0.181177,-1.144329
3984,-0.328286,0.391508,-0.181177,0.444477
3985,-0.321417,0.189519,-0.181177,2.033284
3986,-0.321417,0.189519,-0.181177,-1.144329
3987,-0.328286,0.593496,-0.181177,0.444477
3988,-0.328286,0.593496,-0.181177,0.444477
3989,-0.342022,0.492502,-0.181177,0.444477
3990,-0.342022,0.492502,-0.181177,0.444477
3991,-0.328286,0.391508,0.220955,0.444477
3992,-0.328286,0.391508,0.220955,0.444477
3993,-0.335154,-0.012469,0.220955,0.444477
3994,-0.335154,-0.012469,0.220955,-1.144329
3995,-0.348891,0.189519,-0.181177,-1.144329
3996,-0.348891,0.189519,-0.181177,0.444477
3997,-0.342022,0.391508,-0.181177,-1.144329
3998,-0.342022,0.391508,-0.181177,2.033284
3999,-0.335154,0.391508,-0.583309,0.444477
4000,-0.335154,0.391508,-0.583309,0.444477
4001,-0.342022,0.492502,-0.181177,0.444477
4002,-0.342022,0.492502,-0.181177,0.444477
4003,-0.335154,0.492502,-0.181177,0.444477
4004,-0.335154,0.492502,-0.181177,0.444477
4005,-0.328286,0.391508,0.220955,0.444477
4006,-0.328286,0.391508,0.220955,0.444477
4007,-0.335154,0.391508,0.220955,0.444477
4008,-0.335154,0.391508,0.220955,-1.144329
4009,-0.335154,0.492502,0.220955,-1.144329
4010,-0.335154,0.492502,0.220955,0.444477
4011,-0.362628,0.189519,-0.181177,-1.144329
4012,-0.362628,0.189519,-0.181177,2.033284
4013,-0.342022,0.290513,-0.181177,0.444477
4014,-0.342022,0.290513,-0.181177,0.444477
4015,-0.342022,0.795484,-0.181177,0.444477
4016,-0.342022,0.795484,-0.181177,0.444477
4017,-0.355759,0.391508,-0.181177,0.444477
4018,-0.355759,0.391508,-0.181177,-1.144329
4019,-0.335154,0.290513,0.220955,0.444477
4020,-0.335154,0.290513,0.220955,0.444477
4021,-0.328286,0.189519,0.220955,-1.144329
4022,-0.328286,0.189519,0.220955,0.444477
4023,-0.342022,0.492502,0.220955,-2.733136
4024,-0.342022,0.492502,0.220955,-1.144329
4025,-0.335154,0.290513,0.220955,0.444477
4026,-0.335154,0.290513,0.220955,0.444477
4027,-0.348891,0.69449,-0.181177,0.444477
4028,-0.348891,0.69449,-0.181177,2.033284
4029,-0.355759,0.69449,-0.181177,-1.144329
4030,-0.355759,0.69449,-0.181177,-1.144329
4031,-0.342022,0.896478,-0.181177,0.444477
4032,-0.342022,0.896478,-0.181177,0.444477
4033,-0.348891,0.593496,-0.181177,0.444477
4034,-0.348891,0.593496,-0.181177,0.444477
4035,-0.348891,0.492502,0.220955,0.444477
4036,-0.321417,0.492502,0.220955,0.444477
4037,-0.342022,0.088525,0.220955,0.444477
4038,-0.342022,0.088525,0.220955,-1.144329
4039,-0.342022,0.189519,0.220955,-1.144329
4040,-0.342022,0.189519,0.220955,-1.144329
4041,-0.355759,0.189519,0.220955,-1.144329
4042,-0.355759,0.189519,0.220955,-1.144329
4043,-0.355759,0.492502,-0.181177,0.444477
4044,-0.355759,0.492502,-0.181177,2.033284
4045,-0.362628,0.492502,-0.181177,-1.144329
4046,-0.362628,0.492502,-0.181177,0.444477
4047,-0.355759,0.795484,-0.181177,-1.144329
4048,-0.355759,0.795484,-0.181177,0.444477
4049,-0.355759,0.492502,-0.181177,2.033284
4050,-0.355759,0.492502,-0.181177,-1.144329
4051,-0.335154,0.391508,0.220955,0.444477
4052,-0.335154,0.391508,0.220955,0.444477
4053,-0.342022,0.189519,0.220955,0.444477
4054,-0.342022,0.189519,0.220955,0.444477
4055,-0.348891,0.088525,0.220955,0.444477
4056,-0.348891,0.088525,0.220955,0.444477
4057,-0.335154,0.290513,-0.181177,0.444477
4058,-0.335154,0.290513,-0.181177,-1.144329
4059,-0.362628,0.189519,-0.181177,-1.144329
4060,-0.362628,0.189519,-0.181177,0.444477
4061,-0.348891,0.088525,-0.583309,-1.144329
4062,-0.348891,0.088525,-0.583309,2.033284
4063,-0.342022,0.492502,-0.181177,0.444477
4064,-0.342022,0.492502,-0.181177,0.444477
4065,-0.348891,0.088525,0.220955,-1.144329
4066,-0.348891,0.088525,0.220955,0.444477
4067,-0.335154,0.290513,0.220955,0.444477
4068,-0.335154,0.290513,0.220955,0.444477
4069,-0.342022,0.088525,0.623088,0.444477
4070,-0.342022,0.088525,0.623088,0.444477
4071,-0.348891,-0.012469,0.220955,0.444477
4072,-0.348891,-0.012469,0.220955,0.444477
4073,-0.342022,0.189519,-0.181177,-1.144329
4074,-0.342022,0.189519,-0.181177,-1.144329
4075,-0.362628,0.189519,-0.181177,-1.144329
4076,-0.362628,0.189519,-0.181177,-1.144329
4077,-0.348891,0.391508,-0.181177,-1.144329
4078,-0.348891,0.391508,-0.181177,0.444477
4079,-0.335154,0.189519,-0.181177,2.033284
4080,-0.335154,0.189519,-0.181177,-1.144329
4081,-0.342022,0.290513,-0.181177,0.444477
4082,-0.342022,0.290513,-0.181177,-1.144329
4083,-0.335154,0.290513,0.220955,0.444477
4084,-0.335154,0.290513,0.220955,2.033284
4085,-0.328286,-0.012469,0.220955,-1.144329
4086,-0.328286,-0.012469,0.220955,0.444477
4087,-0.342022,0.088525,-0.181177,0.444477
4088,-0.342022,0.088525,-0.181177,0.444477
4089,-0.342022,0.088525,-0.181177,-1.144329
4090,-0.348891,0.088525,-0.181177,0.444477
4091,-0.348891,0.088525,-0.181177,0.444477
4092,-0.342022,0.593496,-0.181177,-1.144329
4093,-0.342022,0.593496,-0.181177,0.444477
4094,-0.342022,0.391508,-0.181177,-2.733136
4095,-0.342022,0.391508,-0.181177,-1.144329
4096,-0.335154,0.492502,0.220955,0.444477
4097,-0.335154,0.492502,0.220955,0.444477
4098,-0.335154,0.189519,0.220955,0.444477
4099,-0.335154,0.189519,0.220955,2.033284
4100,-0.328286,0.189519,0.220955,-1.144329
4101,-0.328286,0.189519,0.220955,-1.144329
4102,-0.348891,0.189519,-0.181177,0.444477
4103,-0.348891,0.189519,-0.181177,0.444477
4104,-0.348891,0.290513,-0.181177,0.444477
4105,-0.348891,0.290513,-0.181177,0.444477
4106,-0.328286,0.492502,-0.181177,0.444477
4107,-0.328286,0.492502,-0.181177,0.444477
4108,-0.348891,0.593496,-0.181177,0.444477
4109,-0.348891,0.593496,-0.181177,-1.144329
4110,-0.335154,0.290513,-0.181177,-1.144329
4111,-0.335154,0.290513,-0.181177,-1.144329
4112,-0.335154,0.391508,0.220955,-1.144329
4113,-0.335154,0.391508,0.220955,-1.144329
4114,-0.342022,0.290513,0.220955,0.444477
4115,-0.342022,0.290513,0.220955,2.033284
4116,-0.342022,0.593496,0.220955,-1.144329
4117,-0.342022,0.593496,0.220955,0.444477
4118,-0.348891,0.391508,-0.181177,-1.144329
4119,-0.348891,0.391508,-0.181177,0.444477
4120,-0.348891,0.391508,-0.583309,2.033284
4121,-0.348891,0.189519,-0.583309,-1.144329
4122,-0.348891,0.69449,-0.181177,0.444477
4123,-0.348891,0.69449,-0.181177,0.444477
4124,-0.342022,0.088525,-0.181177,0.444477
4125,-0.342022,0.088525,-0.181177,0.444477
4126,-0.342022,0.593496,0.220955,0.444477
4127,-0.342022,0.593496,0.220955,0.444477
4128,-0.321417,0.492502,0.220955,0.444477
4129,-0.321417,0.492502,0.220955,-1.144329
4130,-0.342022,0.189519,0.220955,-1.144329
4131,-0.342022,0.189519,0.220955,0.444477
4132,-0.348891,0.290513,-0.181177,-1.144329
4133,-0.348891,0.290513,-0.181177,2.033284
4134,-0.328286,0.290513,-0.181177,0.444477
4135,-0.328286,0.290513,-0.181177,0.444477
4136,-0.355759,0.290513,-0.181177,0.444477
4137,-0.355759,0.290513,-0.181177,0.444477
4138,-0.335154,0.593496,-0.181177,0.444477
4139,-0.335154,0.593496,-0.181177,0.444477
4140,-0.335154,0.492502,-0.181177,0.444477
4141,-0.335154,0.492502,-0.181177,0.444477
4142,-0.328286,0.69449,-0.181177,0.444477
4143,-0.328286,0.69449,-0.181177,-1.144329
4144,-0.335154,0.593496,0.220955,-1.144329
4145,-0.335154,0.593496,0.220955,0.444477
4146,-0.328286,0.593496,0.220955,-1.144329
4147,-0.328286,0.593496,0.220955,2.033284
4148,-0.342022,-0.214457,0.220955,0.444477
4149,-0.342022,-0.214457,0.220955,0.444477
4150,-0.342022,0.088525,0.220955,0.444477
4151,-0.342022,0.088525,0.220955,0.444477
4152,-0.362628,0.290513,-0.181177,0.444477
4153,-0.362628,0.290513,-0.181177,-1.144329
4154,-0.355759,0.391508,-0.181177,0.444477
4155,-0.355759,0.391508,-0.181177,0.444477
4156,-0.335154,0.391508,-0.181177,-1.144329
4157,-0.335154,0.391508,-0.181177,0.444477
4158,-0.355759,0.088525,-0.181177,-2.733136
4159,-0.355759,0.088525,-0.181177,-1.144329
4160,-0.335154,0.492502,-0.181177,0.444477
4161,-0.335154,0.492502,-0.181177,0.444477
4162,-0.335154,0.391508,-0.181177,0.444477
4163,-0.335154,0.391508,-0.181177,2.033284
4164,-0.348891,0.088525,-0.181177,-1.144329
4165,-0.348891,0.088525,-0.181177,-1.144329
4166,-0.335154,0.492502,-0.181177,0.444477
4167,-0.335154,0.492502,-0.181177,0.444477
4168,-0.328286,0.290513,-0.181177,0.444477
4169,-0.328286,0.290513,-0.181177,0.444477
4170,-0.342022,0.391508,-0.181177,0.444477
4171,-0.342022,0.391508,-0.181177,0.444477
4172,-0.335154,0.189519,-0.181177,0.444477
4173,-0.335154,0.189519,-0.181177,-1.144329
4174,-0.328286,0.189519,0.220955,-1.144329
4175,-0.328286,0.189519,0.220955,0.444477
4176,-0.342022,0.593496,-0.181177,0.444477
4177,-0.342022,0.593496,-0.181177,-1.144329
4178,-0.328286,0.290513,-0.181177,0.444477
4179,-0.328286,0.290513,-0.181177,0.444477
4180,-0.342022,0.593496,-0.181177,-1.144329
4181,-0.342022,0.593496,-0.181177,0.444477
4182,-0.342022,0.189519,-0.181177,-2.733136
4183,-0.342022,0.189519,-0.181177,-1.144329
4184,-0.328286,0.69449,-0.181177,0.444477
4185,-0.328286,0.69449,-0.181177,0.444477
4186,-0.348891,0.391508,0.220955,0.444477
4187,-0.348891,0.391508,0.220955,2.033284
4188,-0.335154,0.189519,0.220955,-1.144329
4189,-0.335154,0.189519,0.220955,-1.144329
4190,-0.335154,0.189519,0.220955,0.444477
4191,-0.335154,0.189519,0.220955,0.444477
4192,-0.335154,0.290513,-0.181177,0.444477
4193,-0.335154,0.290513,-0.181177,0.444477
4194,-0.348891,0.391508,-0.181177,0.444477
4195,-0.348891,0.391508,-0.181177,0.444477
4196,-0.348891,0.391508,-0.583309,0.444477
4197,-0.348891,0.391508,-0.583309,-1.144329
4198,-0.362628,0.593496,-0.181177,-1.144329
4199,-0.362628,0.593496,-0.181177,-1.144329
4200,-0.328286,0.391508,-0.181177,-1.144329
4201,-0.328286,0.391508,-0.181177,-1.144329
4202,-0.335154,0.593496,-0.181177,0.444477
4203,-0.335154,0.593496,-0.181177,2.033284
4204,-0.342022,0.290513,0.220955,-1.144329
4205,-0.342022,0.290513,0.220955,0.444477
4206,-0.328286,0.189519,0.220955,-1.144329
4207,-0.328286,0.189519,0.220955,0.444477
4208,-0.355759,0.189519,0.220955,2.033284
4209,-0.355759,0.189519,0.220955,-1.144329
4210,-0.342022,-0.012469,-0.181177,0.444477
4211,-0.342022,-0.012469,-0.181177,0.444477
4212,-0.348891,0.189519,-0.181177,0.444477
4213,-0.348891,0.189519,-0.181177,-1.144329
4214,-0.342022,0.795484,-0.181177,0.444477
4215,-0.342022,0.795484,-0.181177,0.444477
4216,-0.342022,0.997472,-0.181177,-1.144329
4217,-0.342022,0.997472,-0.181177,0.444477
4218,-0.348891,0.290513,-0.181177,-2.733136
4219,-0.348891,0.290513,-0.181177,-1.144329
4220,-0.335154,0.189519,0.220955,0.444477
4221,-0.335154,0.189519,0.220955,0.444477
4222,-0.328286,-0.012469,0.623088,0.444477
4223,-0.328286,-0.012469,0.623088,2.033284
4224,-0.348891,0.391508,0.220955,-1.144329
4225,-0.348891,0.391508,0.220955,-1.144329
4226,-0.355759,0.69449,0.220955,0.444477
4227,-0.355759,0.69449,0.220955,0.444477
4228,-0.355759,0.593496,-0.181177,0.444477
4229,-0.355759,0.593496,-0.181177,0.444477
4230,-0.369496,0.492502,-0.181177,0.444477
4231,-0.369496,0.492502,-0.181177,0.444477
4232,-0.355759,0.391508,-0.181177,0.444477
4233,-0.355759,0.391508,-0.181177,-1.144329
4234,-0.335154,0.189519,-0.181177,-1.144329
4235,-0.335154,0.189519,-0.181177,-1.144329
4236,-0.335154,0.391508,0.220955,-1.144329
4237,-0.335154,0.391508,0.220955,-1.144329
4238,-0.335154,-0.012469,0.220955,0.444477
4239,-0.335154,-0.012469,0.220955,2.033284
4240,-0.348891,0.391508,0.220955,-1.144329
4241,-0.348891,0.391508,0.220955,0.444477
4242,-0.328286,0.391508,0.220955,-1.144329
4243,-0.328286,0.391508,0.220955,0.444477
4244,-0.362628,0.492502,-0.181177,2.033284
4245,-0.362628,0.492502,-0.181177,-1.144329
4246,-0.348891,0.391508,-0.181177,0.444477
4247,-0.348891,0.391508,-0.181177,0.444477
4248,-0.348891,0.69449,-0.181177,0.444477
4249,-0.348891,0.69449,-0.181177,0.444477
4250,-0.355759,0.391508,-0.181177,0.444477
4251,-0.355759,0.391508,-0.181177,0.444477
4252,-0.342022,0.290513,-0.181177,0.444477
4253,-0.342022,0.290513,-0.181177,-1.144329
4254,-0.348891,0.492502,0.220955,-1.144329
4255,-0.348891,0.492502,0.220955,0.444477
4256,-0.348891,0.088525,0.220955,-1.144329
4257,-0.348891,0.088525,0.220955,2.033284
4258,-0.342022,0.391508,-0.181177,0.444477
4259,-0.342022,0.391508,-0.181177,0.444477
4260,-0.335154,0.896478,-0.181177,0.444477
4261,-0.335154,0.896478,-0.181177,0.444477
4262,-0.362628,0.391508,-0.181177,0.444477
4263,-0.362628,0.391508,-0.181177,0.444477
4264,-0.335154,0.795484,-0.181177,0.444477
4265,-0.335154,0.795484,-0.181177,0.444477
4266,-0.362628,0.290513,-0.181177,0.444477
4267,-0.362628,0.290513,-0.181177,-1.144329
4268,-0.355759,0.290513,-0.181177,-1.144329
4269,-0.355759,0.290513,-0.181177,0.444477
4270,-0.348891,0.69449,-0.181177,-1.144329
4271,-0.348891,0.69449,-0.181177,2.033284
4272,-0.342022,0.69449,-0.181177,0.444477
4273,-0.342022,0.69449,-0.181177,0.444477
4274,-0.348891,0.896478,-0.181177,0.444477
4275,-0.348891,0.896478,-0.181177,0.444477
4276,-0.335154,0.69449,-0.181177,0.444477
4277,-0.335154,0.69449,-0.181177,-1.144329
4278,-0.355759,0.593496,-0.181177,0.444477
4279,-0.355759,0.593496,-0.181177,0.444477
4280,-0.348891,0.088525,-0.181177,-1.144329
4281,-0.348891,0.088525,-0.181177,0.444477
4282,-0.342022,0.69449,-0.181177,-2.733136
4283,-0.342022,0.69449,-0.181177,-1.144329
4284,-0.355759,0.391508,-0.181177,0.444477
4285,-0.355759,0.391508,-0.181177,0.444477
4286,-0.335154,0.492502,-0.181177,0.444477
4287,-0.335154,0.492502,-0.181177,2.033284
4288,-0.348891,0.290513,-0.181177,-1.144329
4289,-0.348891,0.290513,-0.181177,-1.144329
4290,-0.342022,0.189519,-0.181177,0.444477
4291,-0.342022,0.189519,-0.181177,0.444477
4292,-0.355759,0.492502,-0.181177,-1.144329
4293,-0.355759,0.492502,-0.181177,0.444477
4294,-0.355759,0.391508,-0.181177,0.444477
4295,-0.355759,0.391508,-0.181177,-1.144329
4296,-0.342022,0.189519,0.220955,0.444477
4297,-0.342022,0.189519,0.220955,-2.733136
4298,-0.335154,0.088525,0.220955,-1.144329
4299,-0.335154,0.088525,0.220955,0.444477
4300,-0.328286,0.492502,0.220955,0.444477
4301,-0.328286,0.492502,0.220955,0.444477
4302,-0.335154,0.391508,0.220955,2.033284
4303,-0.335154,0.391508,0.220955,-1.144329
4304,-0.362628,0.795484,-0.181177,-1.144329
4305,-0.362628,0.795484,-0.181177,0.444477
4306,-0.362628,0.593496,-0.181177,0.444477
4307,-0.362628,0.593496,-0.181177,0.444477
4308,-0.342022,0.189519,-0.181177,0.444477
4309,-0.342022,0.189519,-0.181177,0.444477
4310,-0.355759,0.391508,-0.181177,0.444477
4311,-0.355759,0.391508,-0.181177,0.444477
4312,-0.355759,0.088525,-0.181177,-1.144329
4313,-0.355759,0.088525,-0.181177,-1.144329
4314,-0.355759,0.492502,-0.181177,-1.144329
4315,-0.355759,0.492502,-0.181177,-1.144329
4316,-0.328286,-0.012469,-0.181177,-1.144329
4317,-0.328286,-0.012469,-0.181177,0.444477
4318,-0.348891,0.290513,-0.181177,2.033284
4319,-0.348891,0.290513,-0.181177,-1.144329
4320,-0.348891,0.290513,-0.181177,0.444477
4321,-0.348891,0.290513,-0.181177,-1.144329
4322,-0.335154,0.391508,-0.181177,0.444477
4323,-0.335154,0.391508,-0.181177,2.033284
4324,-0.335154,0.088525,-0.181177,-1.144329
4325,-0.335154,0.088525,-0.181177,0.444477
4326,-0.348891,0.290513,-0.181177,0.444477
4327,-0.348891,0.290513,-0.181177,0.444477
4328,-0.335154,0.189519,-0.181177,-1.144329
4329,-0.335154,0.189519,-0.181177,0.444477
4330,-0.342022,0.189519,-0.181177,0.444477
4331,-0.342022,0.189519,-0.181177,-1.144329
4332,-0.348891,0.189519,-0.181177,0.444477
4333,-0.348891,0.189519,-0.181177,-2.733136
4334,-0.348891,0.492502,-0.181177,-1.144329
4335,-0.348891,0.492502,-0.181177,0.444477
4336,-0.328286,0.391508,-0.181177,0.444477
4337,-0.328286,0.391508,-0.181177,0.444477
4338,-0.342022,0.290513,-0.181177,2.033284
4339,-0.342022,0.290513,-0.181177,-1.144329
4340,-0.335154,0.290513,-0.181177,-1.144329
4341,-0.335154,0.290513,-0.181177,0.444477
4342,-0.348891,0.189519,-0.181177,0.444477
4343,-0.348891,0.189519,-0.181177,0.444477
4344,-0.335154,0.189519,-0.181177,0.444477
4345,-0.335154,0.391508,-0.181177,0.444477
4346,-0.342022,0.492502,-0.181177,0.444477
4347,-0.342022,0.492502,-0.181177,0.444477
4348,-0.335154,0.088525,-0.181177,-1.144329
4349,-0.335154,0.088525,-0.181177,-1.144329
4350,-0.335154,0.290513,-0.181177,-1.144329
4351,-0.335154,0.290513,-0.181177,-1.144329
4352,-0.348891,0.492502,-0.181177,-1.144329
4353,-0.348891,0.492502,-0.181177,0.444477
4354,-0.362628,0.593496,-0.583309,2.033284
4355,-0.362628,0.593496,-0.583309,-1.144329
4356,-0.348891,0.290513,-0.181177,0.444477
4357,-0.348891,0.290513,-0.181177,-1.144329
4358,-0.335154,0.189519,-0.181177,0.444477
4359,-0.335154,0.189519,-0.181177,2.033284
4360,-0.335154,0.391508,0.220955,-1.144329
4361,-0.335154,0.391508,0.220955,0.444477
4362,-0.342022,0.391508,0.220955,0.444477
4363,-0.342022,0.391508,0.220955,0.444477
4364,-0.348891,0.795484,0.220955,0.444477
4365,-0.348891,0.795484,0.220955,0.444477
4366,-0.342022,0.290513,-0.181177,0.444477
4367,-0.342022,0.290513,-0.181177,0.444477
4368,-0.362628,0.69449,-0.181177,-1.144329
4369,-0.362628,0.69449,-0.181177,-1.144329
4370,-0.362628,0.492502,-0.181177,0.444477
4371,-0.362628,0.492502,-0.181177,-1.144329
4372,-0.335154,0.290513,-0.181177,2.033284
4373,-0.335154,0.290513,-0.181177,0.444477
4374,-0.355759,0.189519,-0.181177,0.444477
4375,-0.355759,0.189519,-0.181177,0.444477
4376,-0.342022,0.189519,0.220955,0.444477
4377,-0.342022,0.189519,0.220955,0.444477
4378,-0.335154,0.088525,0.220955,0.444477
4379,-0.335154,0.088525,0.220955,0.444477
4380,-0.355759,-0.012469,0.220955,0.444477
4381,-0.355759,-0.012469,0.220955,0.444477
4382,-0.342022,0.189519,-0.181177,-1.144329
4383,-0.342022,0.189519,-0.181177,-1.144329
4384,-0.362628,0.189519,-0.181177,0.444477
4385,-0.362628,0.189519,-0.181177,-1.144329
4386,-0.348891,0.290513,-0.181177,0.444477
4387,-0.348891,0.290513,-0.181177,0.444477
4388,-0.342022,-0.012469,-0.181177,-1.144329
4389,-0.342022,-0.012469,-0.181177,0.444477
4390,-0.342022,0.189519,-0.181177,0.444477
4391,-0.342022,0.189519,-0.181177,-1.144329
4392,-0.335154,0.088525,0.220955,0.444477
4393,-0.335154,0.088525,0.220955,-2.733136
4394,-0.328286,-0.012469,0.220955,-1.144329
4395,-0.328286,-0.012469,0.220955,0.444477
4396,-0.328286,0.189519,0.220955,0.444477
4397,-0.355759,0.189519,0.220955,0.444477
4398,-0.348891,0.290513,-0.181177,2.033284
4399,-0.348891,0.290513,-0.181177,-1.144329
4400,-0.342022,0.290513,-0.181177,-1.144329
4401,-0.342022,0.290513,-0.181177,0.444477
4402,-0.348891,0.189519,-0.181177,0.444477
4403,-0.348891,0.189519,-0.181177,0.444477
4404,-0.342022,0.290513,-0.181177,0.444477
4405,-0.342022,0.290513,-0.181177,0.444477
4406,-0.335154,0.593496,0.220955,0.444477
4407,-0.335154,0.593496,0.220955,0.444477
4408,-0.348891,0.290513,0.220955,-1.144329
4409,-0.348891,0.290513,0.220955,-1.144329
4410,-0.348891,0.189519,-0.181177,-1.144329
4411,-0.348891,0.189519,-0.181177,-1.144329
4412,-0.348891,0.391508,-0.181177,-1.144329
4413,-0.348891,0.391508,-0.181177,0.444477
4414,-0.348891,0.492502,-0.181177,2.033284
4415,-0.348891,0.492502,-0.181177,-1.144329
4416,-0.342022,0.69449,-0.583309,0.444477
4417,-0.342022,0.69449,-0.583309,-1.144329
4418,-0.342022,0.391508,-0.181177,0.444477
4419,-0.342022,0.391508,-0.181177,2.033284
4420,-0.342022,1.19946,-0.181177,-1.144329
4421,-0.342022,1.19946,-0.181177,0.444477
4422,-0.335154,0.896478,0.220955,0.444477
4423,-0.335154,0.896478,0.220955,0.444477
4424,-0.328286,0.896478,0.220955,-1.144329
4425,-0.328286,0.896478,0.220955,0.444477
4426,-0.328286,0.896478,0.220955,0.444477
4427,-0.328286,0.896478,0.220955,-1.144329
4428,-0.328286,0.997472,-0.181177,0.444477
4429,-0.328286,0.997472,-0.181177,-2.733136
4430,-0.335154,0.896478,-0.181177,-1.144329
4431,-0.335154,0.896478,-0.181177,0.444477
4432,-0.328286,0.69449,-0.583309,0.444477
4433,-0.328286,0.69449,-0.583309,0.444477
4434,-0.335154,0.997472,-0.181177,2.033284
4435,-0.335154,0.997472,-0.181177,-1.144329
4436,-0.328286,1.300455,0.220955,-1.144329
4437,-0.328286,1.300455,0.220955,0.444477
4438,-0.328286,1.19946,0.220955,0.444477
4439,-0.328286,1.19946,0.220955,0.444477
4440,-0.335154,0.997472,0.220955,0.444477
4441,-0.335154,0.997472,0.220955,0.444477
4442,-0.335154,0.997472,0.220955,0.444477
4443,-0.335154,0.997472,0.220955,0.444477
4444,-0.328286,1.401449,-0.181177,-1.144329
4445,-0.328286,1.401449,-0.181177,-1.144329
4446,-0.335154,1.300455,-0.181177,-1.144329
4447,-0.335154,1.300455,-0.181177,-1.144329
4448,-0.342022,1.098466,-0.181177,-1.144329
4449,-0.342022,1.098466,-0.181177,0.444477
4450,-0.342022,1.19946,-0.181177,2.033284
4451,-0.342022,1.19946,-0.181177,-1.144329
4452,-0.328286,1.401449,-0.181177,0.444477
4453,-0.328286,1.401449,-0.181177,-1.144329
4454,-0.314549,1.19946,-0.181177,0.444477
4455,-0.314549,1.19946,-0.181177,2.033284
4456,-0.321417,1.098466,-0.181177,-1.144329
4457,-0.321417,1.098466,-0.181177,0.444477
4458,-0.335154,1.401449,-0.181177,0.444477
4459,-0.335154,1.401449,-0.181177,0.444477
4460,-0.328286,1.704431,-0.181177,0.444477
4461,-0.328286,1.704431,-0.181177,0.444477
4462,-0.335154,2.613378,-0.181177,0.444477
4463,-0.335154,2.613378,-0.181177,0.444477
4464,-0.321417,2.310396,0.220955,-1.144329
4465,-0.321417,2.310396,0.220955,-1.144329
4466,-0.30768,2.007413,0.220955,0.444477
4467,-0.30768,2.007413,0.220955,-1.144329
4468,-0.30768,2.209402,0.220955,2.033284
4469,-0.30768,2.209402,0.220955,0.444477
4470,-0.300812,2.815366,0.220955,0.444477
4471,-0.300812,2.815366,0.220955,0.444477
4472,-0.328286,3.623319,-0.181177,0.444477
4473,-0.328286,3.623319,-0.181177,0.444477
4474,-0.314549,2.209402,-0.181177,0.444477
4475,-0.314549,2.209402,-0.181177,0.444477
4476,-0.293943,2.310396,-0.181177,0.444477
4477,-0.293943,2.310396,-0.181177,0.444477
4478,-0.314549,1.805425,-0.181177,-1.144329
4479,-0.314549,1.805425,-0.181177,-1.144329
4480,-0.300812,2.41139,0.220955,0.444477
4481,-0.300812,2.41139,0.220955,-1.144329
4482,-0.30768,0.290513,-0.181177,2.033284
4483,-0.30768,0.290513,-0.181177,0.444477
4484,-0.314549,0.189519,-0.181177,0.444477
4485,-0.314549,0.189519,-0.181177,0.444477
4486,-0.30768,0.391508,-0.181177,0.444477
4487,-0.30768,0.391508,-0.181177,0.444477
4488,-0.328286,0.492502,-0.181177,-1.144329
4489,-0.328286,0.492502,-0.181177,0.444477
4490,-0.328286,0.69449,-0.181177,0.444477
4491,-0.328286,0.69449,-0.181177,-1.144329
4492,-0.321417,0.391508,0.220955,0.444477
4493,-0.321417,0.391508,0.220955,-2.733136
4494,-0.300812,1.19946,0.220955,-1.144329
4495,-0.300812,1.19946,0.220955,0.444477
4496,-0.30768,0.896478,-0.181177,0.444477
4497,-0.30768,0.896478,-0.181177,0.444477
4498,-0.26647,0.896478,-0.181177,2.033284
4499,-0.26647,0.896478,-0.181177,-1.144329
4500,-0.314549,0.896478,-0.181177,-1.144329
4501,-0.314549,0.896478,-0.181177,0.444477
4502,-0.328286,0.997472,-0.181177,0.444477
4503,-0.328286,0.997472,-0.181177,0.444477
4504,-0.321417,0.896478,0.220955,0.444477
4505,-0.321417,0.896478,0.220955,0.444477
4506,-0.314549,0.896478,0.220955,0.444477
4507,-0.314549,0.896478,0.220955,0.444477
4508,-0.321417,0.997472,0.220955,-1.144329
4509,-0.321417,0.997472,0.220955,-1.144329
4510,-0.314549,1.300455,0.220955,-1.144329
4511,-0.314549,1.300455,0.220955,-1.144329
4512,-0.335154,1.19946,-0.181177,-1.144329
4513,-0.335154,1.19946,-0.181177,0.444477
4514,-0.314549,0.997472,-0.181177,2.033284
4515,-0.314549,0.997472,-0.181177,-1.144329
4516,-0.328286,0.997472,-0.181177,0.444477
4517,-0.328286,0.997472,-0.181177,-1.144329
4518,-0.328286,1.401449,-0.181177,0.444477
4519,-0.328286,1.401449,-0.181177,2.033284
4520,-0.314549,1.300455,0.220955,-1.144329
4521,-0.314549,1.300455,0.220955,0.444477
4522,-0.314549,1.098466,0.220955,0.444477
4523,-0.314549,1.098466,0.220955,-1.144329
4524,-0.314549,1.19946,0.220955,0.444477
4525,-0.314549,1.19946,0.220955,0.444477
4526,-0.328286,1.401449,0.220955,-1.144329
4527,-0.328286,1.401449,0.220955,0.444477
4528,-0.321417,1.19946,-0.181177,-2.733136
4529,-0.321417,1.19946,-0.181177,-1.144329
4530,-0.280207,1.098466,-0.181177,0.444477
4531,-0.280207,1.098466,-0.181177,0.444477
4532,-0.328286,1.401449,-0.181177,0.444477
4533,-0.328286,1.401449,-0.181177,2.033284
4534,-0.300812,1.704431,0.220955,-1.144329
4535,-0.300812,1.704431,0.220955,-1.144329
4536,-0.287075,2.613378,0.220955,0.444477
4537,-0.287075,2.613378,0.220955,0.444477
4538,-0.30768,2.310396,-0.181177,0.444477
4539,-0.30768,2.310396,-0.181177,0.444477
4540,-0.287075,2.007413,-0.181177,0.444477
4541,-0.287075,2.007413,-0.181177,0.444477
4542,-0.348891,2.209402,-0.583309,0.444477
4543,-0.348891,2.209402,-0.583309,-1.144329
4544,-0.348891,2.815366,-0.181177,-1.144329
4545,-0.348891,2.815366,-0.181177,-1.144329
4546,-0.342022,3.623319,-0.181177,-1.144329
4547,-0.342022,3.623319,-0.181177,-1.144329
4548,-0.335154,2.209402,-0.181177,0.444477
4549,-0.335154,2.209402,-0.181177,2.033284
4550,-0.335154,2.310396,0.220955,-1.144329
4551,-0.335154,2.310396,0.220955,0.444477
4552,-0.355759,1.805425,-0.181177,-1.144329
4553,-0.355759,1.805425,-0.181177,0.444477
4554,-0.328286,2.41139,-0.181177,2.033284
4555,-0.328286,2.41139,-0.181177,-1.144329
4556,-0.335154,0.290513,-0.181177,0.444477
4557,-0.335154,0.189519,-0.181177,0.444477
4558,-0.300812,0.189519,-0.181177,0.444477
4559,-0.300812,0.189519,-0.181177,-1.144329
4560,-0.300812,0.189519,-0.181177,0.444477
4561,-0.300812,0.088525,-0.181177,0.444477
4562,-0.719785,0.088525,-0.181177,-1.144329
4563,-0.719785,-0.012469,-0.181177,0.444477
4564,-0.39697,-0.012469,-0.583309,-2.733136
4565,-0.39697,0.189519,-0.583309,-1.144329
4566,-0.300812,0.189519,-0.181177,0.444477
4567,-0.300812,0.189519,-0.181177,0.444477
4568,-0.211522,0.189519,0.220955,0.444477
4569,-0.211522,0.290513,0.220955,2.033284
4570,-0.26647,0.290513,0.220955,-1.144329
4571,-0.26647,-0.012469,0.220955,-1.144329
4572,-0.245865,-0.012469,0.220955,0.444477
4573,-0.245865,0.189519,0.220955,0.444477
4574,-0.225259,0.189519,0.220955,0.444477
4575,-0.225259,0.088525,0.220955,0.444477
4576,-0.232128,0.088525,-0.181177,0.444477
4577,-0.232128,-0.012469,-0.181177,0.444477
4578,-0.225259,-0.012469,-0.181177,0.444477
4579,-0.225259,0.189519,-0.181177,-1.144329
4580,-0.232128,0.189519,-0.181177,-1.144329
4581,-0.232128,0.290513,-0.181177,-1.144329
4582,-0.225259,0.290513,-0.181177,-1.144329
4583,-0.225259,0.290513,-0.181177,-1.144329
4584,-0.149707,0.290513,0.220955,0.444477
4585,-0.149707,0.189519,0.220955,2.033284
4586,-0.211522,0.189519,0.220955,-1.144329
4587,-0.211522,0.290513,0.220955,0.444477
4588,-0.211522,0.290513,-0.181177,-1.144329
4589,-0.211522,0.593496,-0.181177,0.444477
4590,-0.163444,0.593496,-0.181177,2.033284
4591,-0.163444,0.290513,-0.181177,-1.144329
4592,-0.238996,0.290513,-0.181177,0.444477
4593,-0.238996,0.189519,-0.181177,0.444477
4594,-0.225259,0.189519,-0.181177,0.444477
4595,-0.225259,0.391508,-0.181177,0.444477
4596,-0.225259,0.391508,-0.181177,0.444477
4597,-0.225259,0.492502,-0.181177,0.444477
4598,-0.204654,0.492502,-0.181177,0.444477
4599,-0.204654,0.69449,-0.181177,-1.144329
4600,-0.218391,0.69449,-0.181177,-1.144329
4601,-0.218391,0.391508,-0.181177,0.444477
4602,-0.218391,0.391508,-0.181177,-1.144329
4603,-0.218391,1.19946,-0.181177,2.033284
4604,-0.225259,1.19946,-0.181177,0.444477
4605,-0.225259,0.896478,-0.181177,0.444477
4606,-0.232128,0.896478,-0.181177,0.444477
4607,-0.232128,0.896478,-0.181177,0.444477
4608,-0.238996,0.896478,0.220955,0.444477
4609,-0.238996,0.896478,0.220955,0.444477
4610,-0.252733,0.896478,0.220955,0.444477
4611,-0.252733,0.997472,0.220955,0.444477
4612,-0.245865,0.997472,0.220955,0.444477
4613,-0.245865,0.896478,0.220955,-1.144329
4614,-0.26647,0.896478,0.220955,-1.144329
4615,-0.26647,0.69449,0.220955,0.444477
4616,-0.273338,0.69449,0.220955,-1.144329
4617,-0.273338,0.997472,0.220955,2.033284
4618,-0.26647,0.997472,-0.181177,0.444477
4619,-0.26647,1.300455,-0.181177,0.444477
4620,-0.273338,1.300455,-0.181177,0.444477
4621,-0.273338,1.19946,-0.181177,0.444477
4622,-0.280207,1.19946,-0.181177,0.444477
4623,-0.280207,0.997472,-0.181177,-1.144329
4624,-0.259601,0.997472,-0.181177,0.444477
4625,-0.259601,0.997472,-0.181177,0.444477
4626,-0.26647,0.997472,0.220955,-1.144329
4627,-0.26647,1.401449,0.220955,0.444477
4628,-0.26647,1.401449,0.220955,-2.733136
4629,-0.26647,1.300455,0.220955,-1.144329
4630,-0.211522,1.300455,-0.181177,0.444477
4631,-0.211522,1.098466,-0.181177,0.444477
4632,-0.218391,1.098466,-0.181177,0.444477
4633,-0.218391,1.19946,-0.181177,2.033284
4634,-0.211522,1.19946,-0.181177,-1.144329
4635,-0.211522,1.401449,-0.181177,-1.144329
4636,-0.197786,1.401449,-0.181177,0.444477
4637,-0.197786,1.19946,-0.181177,0.444477
4638,-0.218391,1.19946,-0.181177,0.444477
4639,-0.218391,1.098466,-0.181177,0.444477
4640,-0.204654,1.098466,-0.181177,-1.144329
4641,-0.204654,1.401449,-0.181177,0.444477
4642,-0.218391,1.401449,0.220955,0.444477
4643,-0.218391,1.704431,0.220955,-1.144329
4644,-0.190917,1.704431,0.220955,0.444477
4645,-0.190917,2.613378,0.220955,-2.733136
4646,-0.197786,2.613378,0.220955,-1.144329
4647,-0.197786,2.310396,0.220955,0.444477
4648,-0.225259,2.310396,-0.181177,0.444477
4649,-0.225259,2.007413,-0.181177,0.444477
4650,-0.225259,2.007413,-0.181177,2.033284
4651,-0.225259,2.209402,-0.181177,-1.144329
4652,-0.225259,2.209402,-0.181177,-1.144329
4653,-0.225259,2.815366,-0.181177,0.444477
4654,-0.197786,2.815366,-0.181177,0.444477
4655,-0.197786,3.623319,-0.181177,0.444477
4656,-0.204654,3.623319,-0.181177,0.444477
4657,-0.204654,2.209402,-0.181177,0.444477
4658,-0.204654,2.209402,0.220955,0.444477
4659,-0.204654,2.310396,0.220955,0.444477
4660,-0.211522,2.310396,0.220955,-1.144329
4661,-0.211522,1.805425,0.220955,-1.144329
4662,-0.190917,1.805425,-0.181177,-1.144329
4663,-0.190917,2.41139,-0.181177,-1.144329
4664,-0.238996,2.41139,-0.181177,-1.144329
4665,-0.238996,0.290513,-0.181177,0.444477
4666,-0.204654,0.290513,-0.181177,2.033284
4667,-0.204654,0.189519,-0.181177,-1.144329
4668,-0.211522,0.189519,-0.181177,0.444477
4669,-0.211522,0.088525,-0.181177,-1.144329
4670,-0.211522,0.088525,-0.181177,0.444477
4671,-0.211522,-0.012469,-0.181177,2.033284
4672,-0.225259,-0.012469,-0.181177,-1.144329
4673,-0.225259,0.189519,-0.181177,0.444477
4674,-0.184049,0.189519,0.220955,0.444477
4675,-0.184049,0.290513,0.220955,0.444477
4676,-0.204654,0.290513,0.220955,-1.144329
4677,-0.204654,0.290513,0.220955,0.444477
4678,-0.204654,0.290513,-0.181177,0.444477
4679,-0.204654,0.189519,-0.181177,-1.144329
4680,-0.197786,0.189519,-0.181177,0.444477
4681,-0.197786,0.290513,-0.181177,-2.733136
4682,-0.211522,0.290513,-0.583309,-1.144329
4683,-0.211522,0.593496,-0.583309,0.444477
4684,-0.211522,0.593496,-0.181177,0.444477
4685,-0.211522,0.290513,-0.181177,0.444477
4686,-0.204654,0.290513,-6.615292,2.033284
4687,-0.204654,0.189519,-6.615292,-1.144329
4688,-0.204654,0.189519,-9.028086,-1.144329
4689,-0.204654,0.391508,-9.028086,0.444477
4690,5.324423,0.391508,-9.028086,0.444477
4691,5.324423,0.492502,-9.028086,0.444477
4692,4.452134,0.492502,-9.430218,0.444477
4693,4.452134,0.69449,-9.430218,0.444477
4694,4.314765,0.69449,-9.430218,0.444477
4695,4.314765,0.391508,-9.430218,0.444477
4696,4.273555,0.391508,-9.83235,-1.144329
4697,4.273555,1.19946,-9.83235,-1.144329
4698,4.301029,1.19946,-9.430218,-1.144329
4699,4.301029,0.896478,-9.430218,-1.144329
4700,4.29416,0.896478,-8.223821,-1.144329
4701,4.29416,0.896478,-8.223821,0.444477
4702,4.25295,0.896478,-6.615292,2.033284
4703,4.25295,0.896478,-6.615292,-1.144329
4704,4.232344,0.896478,-3.800367,0.444477
4705,4.232344,0.997472,-3.800367,-1.144329
4706,4.12245,0.997472,-1.387573,0.444477
4707,4.12245,0.896478,-1.387573,2.033284
4708,3.978213,0.896478,0.623088,-1.144329
4709,3.978213,0.69449,0.623088,0.444477
4710,3.751555,0.69449,1.829484,0.444477
4711,3.751555,0.997472,1.829484,0.444477
4712,3.524897,0.997472,1.829484,0.444477
4713,3.524897,1.300455,1.829484,0.444477
4714,3.311976,1.300455,2.231617,0.444477
4715,3.311976,1.19946,2.231617,0.444477
4716,3.119661,1.19946,1.829484,-1.144329
4717,3.119661,0.997472,1.829484,-1.144329
4718,3.016634,0.997472,1.427352,0.444477
4719,3.016634,0.997472,1.427352,-1.144329
4720,2.927345,0.997472,1.427352,2.033284
4721,2.927345,1.401449,1.427352,0.444477
4722,2.893003,1.401449,1.02522,0.444477
4723,2.893003,1.300455,1.02522,0.444477
4724,2.844924,1.300455,0.623088,0.444477
4725,2.844924,1.098466,0.623088,0.444477
4726,2.81745,1.098466,0.220955,0.444477
4727,2.81745,1.19946,0.220955,0.444477
4728,2.81745,1.19946,-0.181177,0.444477
4729,2.652608,1.401449,-0.583309,0.444477
4730,2.673213,1.401449,-0.583309,-1.144329
4731,2.68695,1.19946,-0.985441,-1.144329
4732,2.714424,1.19946,-1.387573,0.444477
4733,2.700687,1.098466,-1.789706,-1.144329
4734,2.741898,1.098466,-1.789706,2.033284
4735,2.604529,1.401449,-2.191838,0.444477
4736,2.625134,1.401449,-2.191838,0.444477
4737,2.590792,1.704431,-2.191838,0.444477
4738,2.597661,1.704431,-2.191838,0.444477
4739,2.64574,2.613378,-2.191838,0.444477
4740,2.638871,2.613378,-1.789706,-1.144329
4741,2.666345,2.310396,-1.789706,0.444477
4742,2.707555,2.310396,-1.789706,0.444477
4743,2.68695,2.007413,-2.191838,-1.144329
4744,2.638871,2.007413,-2.191838,0.444477
4745,2.64574,2.209402,-2.59397,-2.733136
4746,2.666345,2.209402,-2.191838,-1.144329
4747,2.68695,2.815366,-2.191838,0.444477
4748,2.714424,2.815366,-2.191838,0.444477
4749,2.769371,3.623319,-1.789706,0.444477
4750,2.714424,3.623319,-2.191838,-1.144329
4751,2.741898,2.209402,-2.191838,0.444477
4752,2.831187,2.209402,-2.191838,0.444477
4753,2.824319,2.310396,-2.191838,-1.144329
4754,2.851792,2.310396,-2.191838,0.444477
4755,2.838055,1.805425,-2.191838,-2.733136
4756,2.810582,1.805425,-2.191838,-1.144329
4757,2.789976,2.41139,-2.191838,0.444477
4758,2.789976,2.41139,-2.191838,0.444477
4759,2.77624,0.290513,-1.789706,0.444477
4760,2.783108,0.290513,-2.191838,2.033284
4761,2.77624,0.189519,-2.191838,-1.144329
4762,2.77624,0.189519,-2.191838,-1.144329
4763,2.90674,0.391508,-2.191838,0.444477
4764,2.899871,0.391508,-2.191838,0.444477
4765,2.913608,0.492502,-2.59397,0.444477
4766,2.872397,0.492502,-2.191838,0.444477
4767,2.851792,0.69449,-2.191838,0.444477
4768,2.831187,0.69449,-2.191838,0.444477
4769,2.858661,0.391508,-2.59397,0.444477
4770,3.689739,0.391508,-2.59397,-1.144329
4771,2.996029,1.19946,-1.789706,-1.144329
4772,2.879266,1.19946,-1.789706,-1.144329
4773,2.858661,0.896478,-1.789706,-1.144329
4774,2.796845,0.896478,-1.789706,-1.144329
4775,2.789976,0.896478,-1.789706,0.444477
4776,2.803713,0.896478,-2.191838,2.033284
4777,2.810582,0.896478,-2.191838,-1.144329
4778,2.803713,0.896478,-1.789706,0.444477
4779,2.803713,0.997472,-0.583309,-1.144329
4780,2.755634,0.997472,1.427352,0.444477
4781,1.107214,0.896478,3.035881,2.033284
4782,1.107214,0.896478,3.840146,-1.144329
4783,1.031661,0.69449,4.242278,0.444477
4784,0.90803,0.69449,4.242278,0.444477
4785,0.509662,0.997472,4.242278,0.444477
4786,0.701977,0.997472,3.840146,-1.144329
4787,0.736319,1.300455,3.438013,0.444477
4788,0.640161,1.300455,3.035881,0.444477
4789,0.626425,1.19946,3.035881,-1.144329
4790,0.626425,1.19946,2.633749,0.444477
4791,0.64703,0.997472,2.231617,-2.733136
4792,0.653898,0.997472,1.829484,-1.144329
4793,0.55774,0.997472,1.427352,0.444477
4794,0.585214,0.997472,1.427352,0.444477
4795,0.585214,1.401449,1.829484,0.444477
4796,0.585214,1.401449,2.231617,2.033284
4797,0.64703,1.300455,3.035881,-1.144329
4798,0.633293,1.300455,3.035881,-1.144329
4799,0.592083,1.098466,3.035881,0.444477
4800,0.605819,1.098466,2.633749,0.444477
4801,0.585214,1.19946,2.231617,0.444477
4802,0.550872,1.19946,1.829484,0.444477
4803,0.605819,1.401449,1.829484,0.444477
4804,0.592083,1.401449,1.427352,0.444477
4805,0.592083,1.19946,1.829484,0.444477
4806,0.619556,1.19946,2.231617,-1.144329
4807,0.585214,1.098466,2.231617,-1.144329
4808,0.578346,1.098466,2.633749,-1.144329
4809,0.399767,1.401449,1.829484,-1.144329
4810,2.240503,1.401449,1.829484,-1.144329
4811,0.193714,1.704431,2.231617,0.444477
4812,0.152504,1.704431,2.231617,2.033284
4813,0.08382,2.613378,2.231617,-1.144329
4814,0.063214,2.613378,2.231617,0.444477
4815,0.104425,2.310396,1.829484,-1.144329
4816,0.070083,2.310396,1.829484,0.444477
4817,0.001399,2.007413,1.829484,2.033284
4818,0.070083,2.007413,1.829484,-1.144329
4819,0.049477,2.209402,2.231617,0.444477
4820,0.241793,2.209402,2.231617,0.444477
4821,0.207451,2.815366,2.231617,0.444477
4822,0.331083,2.815366,-0.181177,0.444477
4823,3.703476,3.623319,-0.181177,0.444477
4824,4.204871,3.623319,-0.583309,0.444477
4825,2.343529,2.209402,0.220955,0.444477
4826,2.206161,2.209402,1.02522,-1.144329
4827,2.144345,2.310396,3.035881,-1.144329
4828,1.608608,2.310396,4.64441,0.444477
4829,1.615477,1.805425,5.448674,-1.144329
4830,1.615477,1.805425,6.252939,2.033284
4831,1.581135,2.41139,6.252939,0.444477
4832,0.880556,2.41139,5.850807,0.444477
4833,1.182767,2.41139,5.850807,0.444477
4834,1.237714,0.189519,5.448674,0.444477
4835,1.217109,0.189519,5.046542,0.444477
4836,1.189635,0.189519,4.64441,0.444477
4837,1.175898,0.189519,4.242278,0.444477
4838,1.16903,0.088525,3.840146,0.444477
4839,1.21024,0.088525,3.438013,0.444477
4840,1.615477,-0.012469,3.035881,-1.144329
4841,1.533056,-0.012469,2.633749,-1.144329
4842,1.43003,0.189519,2.633749,0.444477
4843,1.416293,0.189519,2.231617,0.444477
4844,1.622345,0.189519,1.829484,-1.144329
4845,1.773451,0.189519,1.427352,0.444477
4846,1.828398,0.290513,1.829484,0.444477
4847,3.215818,0.290513,2.231617,-1.144329
4848,3.181476,-0.012469,2.231617,0.444477
4849,3.181476,-0.012469,2.231617,-2.733136
4850,3.696608,0.189519,2.231617,-1.144329
4851,2.12374,0.189519,2.231617,0.444477
4852,4.362844,0.088525,1.829484,0.444477
4853,4.452134,0.088525,1.829484,0.444477
4854,3.875187,-0.012469,1.829484,2.033284
4855,3.86145,-0.012469,2.231617,-1.144329
4856,3.854581,0.189519,2.231617,-1.144329
4857,3.840844,0.189519,2.231617,0.444477
4858,3.277634,0.290513,2.231617,0.444477
4859,3.277634,0.290513,1.829484,0.444477
4860,3.263897,0.290513,1.829484,0.444477
4861,3.016634,0.290513,1.829484,0.444477
4862,2.755634,0.189519,1.829484,0.444477
4863,2.769371,0.189519,2.231617,0.444477
4864,2.741898,0.290513,2.633749,-1.144329
4865,2.316056,0.290513,2.231617,-1.144329
4866,2.137477,0.593496,2.231617,-1.144329
4867,2.061924,0.593496,1.829484,-1.144329
4868,1.423161,0.290513,1.829484,-1.144329
4869,1.484977,0.290513,1.829484,0.444477
4870,1.491845,0.189519,1.829484,2.033284
4871,1.526187,0.189519,2.231617,-1.144329
4872,1.491845,0.391508,2.231617,0.444477
4873,1.539924,0.391508,2.231617,-1.144329
4874,3.057845,0.492502,2.231617,0.444477
4875,3.009766,0.492502,1.829484,2.033284
4876,2.851792,0.69449,1.829484,-1.144329
4877,3.524897,0.69449,1.829484,0.444477
4878,4.211739,0.391508,1.829484,0.444477
4879,3.840844,0.391508,2.231617,0.444477
4880,3.799634,1.19946,2.231617,-1.144329
4881,3.648529,1.19946,2.231617,0.444477
4882,3.662266,0.896478,1.829484,0.444477
4883,3.51116,0.896478,1.829484,-1.144329
4884,3.518029,0.896478,1.829484,0.444477
4885,3.524897,0.896478,1.829484,-2.733136
4886,3.518029,0.896478,2.231617,-1.144329
4887,3.518029,0.896478,2.231617,0.444477
4888,3.531766,0.997472,2.231617,0.444477
4889,3.545502,0.997472,2.231617,0.444477
4890,3.531766,0.896478,2.231617,2.033284
4891,3.524897,0.896478,1.829484,-1.144329
4892,3.518029,0.69449,1.829484,-1.144329
4893,3.504292,0.69449,1.829484,0.444477
4894,3.518029,0.997472,1.829484,0.444477
4895,3.51116,0.997472,1.829484,0.444477
4896,3.51116,1.300455,2.231617,0.444477
4897,3.531766,1.300455,2.231617,0.444477
4898,3.538634,1.19946,2.231617,0.444477
4899,3.518029,1.19946,1.829484,0.444477
4900,3.524897,0.997472,1.829484,-1.144329
4901,3.51116,0.997472,1.829484,-1.144329
4902,3.504292,0.997472,1.829484,-1.144329
4903,3.518029,0.997472,1.829484,-1.144329
4904,3.518029,1.401449,2.231617,-1.144329
4905,3.524897,1.401449,2.231617,0.444477
4906,3.524897,1.300455,2.231617,2.033284
4907,3.531766,1.300455,1.829484,-1.144329
4908,3.518029,1.098466,1.829484,0.444477
4909,3.518029,1.098466,1.829484,-1.144329
4910,3.518029,1.19946,1.829484,0.444477
4911,3.51116,1.19946,2.231617,2.033284
4912,3.531766,1.401449,2.231617,-1.144329
4913,3.518029,1.401449,2.231617,0.444477
4914,3.531766,1.19946,2.231617,0.444477
4915,3.538634,1.19946,1.829484,0.444477
4916,3.51116,1.098466,1.829484,0.444477
4917,3.51116,1.098466,1.829484,0.444477
4918,3.504292,1.401449,1.829484,0.444477
4919,3.504292,1.401449,1.829484,0.444477
4920,3.518029,1.704431,2.231617,-1.144329
4921,3.531766,1.704431,2.231617,-1.144329
4922,3.518029,2.613378,2.231617,-1.144329
4923,3.524897,2.613378,2.231617,-1.144329
4924,3.51116,2.310396,1.829484,2.033284
4925,3.51116,2.310396,1.427352,0.444477
4926,3.504292,2.007413,1.427352,0.444477
4927,3.504292,2.007413,1.829484,0.444477
4928,3.504292,2.209402,1.829484,0.444477
4929,3.51116,2.209402,2.231617,0.444477
4930,3.518029,2.815366,2.231617,0.444477
4931,3.524897,2.815366,2.231617,0.444477
4932,3.518029,3.623319,1.829484,0.444477
4933,3.51116,3.623319,1.829484,0.444477
4934,3.51116,2.209402,1.829484,-1.144329
4935,3.497424,2.209402,1.829484,-1.144329
4936,3.497424,2.310396,1.829484,0.444477
4937,3.518029,2.310396,2.231617,-1.144329
4938,3.518029,1.805425,2.231617,2.033284
4939,3.524897,1.805425,2.231617,0.444477
4940,3.504292,2.41139,1.829484,0.444477
4941,3.504292,2.41139,1.829484,0.444477
4942,3.51116,2.209402,1.829484,0.444477
4943,3.504292,2.815366,1.829484,0.444477
4944,3.518029,2.815366,1.829484,-1.144329
4945,3.51116,3.623319,2.231617,0.444477
4946,3.51116,3.623319,2.231617,0.444477
4947,3.518029,2.209402,1.829484,-1.144329
4948,3.51116,2.209402,1.829484,0.444477
4949,3.504292,2.310396,1.829484,-2.733136
4950,3.51116,2.310396,1.427352,-1.144329
4951,3.504292,1.805425,1.829484,0.444477
4952,3.497424,1.805425,2.231617,0.444477
4953,3.518029,2.41139,2.231617,0.444477
4954,3.51116,2.41139,1.829484,2.033284
4955,3.51116,0.290513,1.829484,-1.144329
4956,3.504292,0.290513,1.829484,-1.144329
4957,3.504292,0.189519,1.829484,0.444477
4958,3.504292,0.189519,1.829484,0.444477
4959,3.51116,0.391508,1.829484,0.444477
4960,3.51116,0.391508,1.829484,0.444477
4961,3.504292,3.623319,1.829484,0.444477
4962,3.518029,3.623319,1.829484,0.444477
4963,3.518029,2.209402,1.829484,0.444477
4964,3.504292,2.209402,1.829484,-1.144329
4965,3.51116,2.310396,1.829484,-1.144329
4966,3.518029,2.310396,2.231617,-1.144329
4967,3.51116,1.805425,2.231617,-1.144329
4968,3.51116,1.805425,1.829484,-1.144329
4969,3.51116,2.41139,1.829484,0.444477
4970,3.504292,2.41139,1.427352,2.033284
4971,3.504292,2.209402,1.427352,-1.144329
4972,3.490555,2.815366,1.829484,0.444477
4973,3.497424,2.815366,1.829484,-1.144329
4974,3.504292,3.623319,2.231617,0.444477
4975,3.518029,3.623319,2.231617,2.033284
4976,3.51116,2.209402,2.231617,-1.144329
4977,3.51116,2.209402,1.829484,0.444477
4978,3.504292,2.310396,1.829484,0.444477
4979,3.497424,2.310396,1.829484,0.444477
4980,3.518029,1.805425,1.829484,0.444477
4981,3.524897,1.805425,1.829484,0.444477
4982,3.518029,2.41139,2.231617,0.444477
4983,3.524897,2.41139,2.231617,0.444477
4984,3.531766,0.290513,2.633749,-1.144329
4985,3.531766,0.290513,2.231617,-1.144329
4986,3.545502,0.189519,2.231617,0.444477
4987,3.538634,0.189519,1.829484,-1.144329
4988,-0.273338,-1.426386,-0.181177,0.444477
4989,-0.273338,-1.426386,-0.181177,-1.144329
4990,-0.280207,-1.426386,-0.181177,0.444477
4991,-0.280207,-1.426386,-0.181177,2.033284
4992,-0.280207,-1.52738,-0.181177,-1.144329
4993,-0.280207,-1.52738,-0.181177,0.444477
4994,-0.273338,-1.224398,-0.181177,0.444477
4995,-0.273338,-1.224398,-0.181177,0.444477
4996,-0.287075,-1.325392,-0.181177,0.444477
4997,-0.287075,-1.325392,-0.181177,0.444477
4998,-0.280207,-1.729369,0.220955,0.444477
4999,-0.280207,-1.729369,0.220955,0.444477
5000,-0.280207,-1.729369,-0.181177,-1.144329
5001,-0.280207,-1.729369,-0.181177,-1.144329
5002,-0.273338,-1.52738,0.220955,0.444477
5003,-0.273338,-1.52738,0.220955,-1.144329
5004,-0.273338,-1.931357,0.220955,2.033284
5005,-0.273338,-1.931357,0.220955,0.444477
5006,-0.287075,-1.224398,-0.181177,0.444477
5007,-0.287075,-1.224398,-0.181177,0.444477
5008,-0.280207,-1.426386,-0.181177,0.444477
5009,-0.280207,-1.426386,-0.181177,0.444477
5010,-0.287075,-1.224398,-0.181177,0.444477
5011,-0.287075,-1.224398,-0.181177,0.444477
5012,-0.287075,-1.426386,-0.181177,0.444477
5013,-0.287075,-1.426386,-0.181177,0.444477
5014,-0.287075,-1.325392,-0.181177,0.444477
5015,-0.287075,-1.325392,-0.181177,0.444477
5016,-0.273338,-1.325392,0.220955,0.444477
5017,-0.273338,-1.325392,0.220955,0.444477
5018,-0.280207,-1.628375,0.220955,0.444477
5019,-0.280207,-1.628375,0.220955,0.444477
5020,-0.280207,-1.52738,0.220955,0.444477
5021,-0.280207,-1.52738,0.220955,0.444477
5022,-0.280207,-1.224398,-0.181177,0.444477
5023,-0.280207,-1.224398,-0.181177,0.444477
5024,-0.293943,-1.325392,-0.181177,0.444477
5025,-0.293943,-1.325392,-0.181177,0.444477
5026,-0.280207,-1.426386,-0.181177,0.444477
5027,-0.280207,-1.426386,-0.181177,0.444477
5028,-0.293943,-1.123404,-0.583309,0.444477
5029,-0.293943,-1.123404,-0.583309,0.444477
5030,-0.273338,-1.325392,-0.181177,0.444477
5031,-0.273338,-1.325392,-0.181177,0.444477
5032,-0.280207,-1.426386,-0.181177,0.444477
5033,-0.280207,-1.426386,-0.181177,0.444477
5034,-0.273338,-1.729369,0.220955,0.444477
5035,-0.273338,-1.729369,0.220955,0.444477
5036,-0.280207,-1.123404,0.220955,0.444477
5037,-0.280207,-1.123404,0.220955,-1.144329
5038,-0.293943,-1.224398,-0.181177,0.444477
5039,-0.293943,-1.224398,-0.181177,0.444477
5040,-0.293943,-1.426386,-0.181177,-1.144329
5041,-0.293943,-1.426386,-0.181177,0.444477
5042,-0.287075,-1.224398,-0.181177,-2.733136
5043,-0.287075,-1.224398,-0.181177,-1.144329
5044,-0.293943,-0.719428,-0.181177,0.444477
5045,-0.293943,-0.719428,-0.181177,0.444477
5046,-0.280207,-1.224398,-0.181177,0.444477
5047,-0.280207,-1.224398,-0.181177,2.033284
5048,-0.280207,-1.426386,-0.181177,-1.144329
5049,-0.280207,-1.426386,-0.181177,-1.144329
5050,-0.287075,-1.52738,-0.181177,0.444477
5051,-0.287075,-1.52738,-0.181177,0.444477
5052,-0.287075,-1.325392,-0.181177,0.444477
5053,-0.287075,-1.325392,-0.181177,0.444477
5054,-0.280207,-1.426386,-0.181177,0.444477
5055,-0.280207,-1.426386,-0.181177,0.444477
5056,-0.287075,-1.123404,-0.181177,0.444477
5057,-0.287075,-1.123404,-0.181177,-1.144329
5058,-0.293943,-1.426386,-0.181177,-1.144329
5059,-0.293943,-1.426386,-0.181177,-1.144329
5060,-0.273338,-1.224398,-0.181177,-1.144329
5061,-0.273338,-1.224398,-0.181177,-1.144329
5062,-0.280207,-1.224398,-0.181177,0.444477
5063,-0.280207,-1.224398,-0.181177,2.033284
5064,-0.293943,-1.224398,0.220955,-1.144329
5065,-0.293943,-1.224398,0.220955,0.444477
5066,-0.280207,-1.224398,0.220955,-1.144329
5067,-0.280207,-1.224398,0.220955,0.444477
5068,-0.280207,-1.628375,0.220955,2.033284
5069,-0.280207,-1.628375,0.220955,-1.144329
5070,-0.280207,-1.123404,-0.181177,0.444477
5071,-0.280207,-1.123404,-0.181177,0.444477
5072,-0.293943,-1.224398,-0.181177,0.444477
5073,-0.293943,-1.224398,-0.181177,-1.144329
5074,-0.293943,-1.325392,-0.583309,0.444477
5075,-0.293943,-1.325392,-0.583309,0.444477
5076,-0.280207,-1.426386,-0.181177,-1.144329
5077,-0.280207,-1.426386,-0.181177,0.444477
5078,-0.287075,-1.52738,-0.181177,-2.733136
5079,-0.287075,-1.52738,-0.181177,-1.144329
5080,-0.287075,-1.628375,-0.181177,0.444477
5081,-0.287075,-1.628375,-0.181177,0.444477
5082,-0.273338,-1.52738,0.220955,0.444477
5083,-0.273338,-1.52738,0.220955,2.033284
5084,-0.280207,-1.830363,0.220955,-1.144329
5085,-0.280207,-1.830363,0.220955,-1.144329
5086,-0.287075,-1.325392,0.220955,0.444477
5087,-0.287075,-1.325392,0.220955,0.444477
5088,-0.30768,-1.325392,-0.181177,0.444477
5089,-0.30768,-1.325392,-0.181177,0.444477
5090,-0.300812,-1.123404,-0.181177,0.444477
5091,-0.300812,-1.123404,-0.181177,0.444477
5092,-0.293943,-0.921416,-0.181177,0.444477
5093,-0.293943,-0.921416,-0.181177,-1.144329
5094,-0.30768,-1.325392,-0.181177,-1.144329
5095,-0.30768,-1.325392,-0.181177,-1.144329
5096,-0.287075,-1.224398,-0.181177,-1.144329
5097,-0.287075,-1.224398,-0.181177,-1.144329
5098,-0.280207,-1.52738,0.220955,0.444477
5099,-0.280207,-1.52738,0.220955,2.033284
5100,-0.287075,-1.325392,0.220955,-1.144329
5101,-0.287075,-1.325392,0.220955,0.444477
5102,-0.287075,-1.52738,0.220955,-1.144329
5103,-0.287075,-1.52738,0.220955,0.444477
5104,-0.293943,-1.628375,-0.181177,2.033284
5105,-0.293943,-1.628375,-0.181177,-1.144329
5106,-0.293943,-1.325392,-0.181177,0.444477
5107,-0.293943,-1.325392,-0.181177,0.444477
5108,-0.287075,-1.325392,-0.181177,0.444477
5109,-0.287075,-1.325392,-0.181177,0.444477
5110,-0.293943,-1.02241,-0.181177,0.444477
5111,-0.293943,-1.02241,-0.181177,0.444477
5112,-0.280207,-1.02241,0.220955,0.444477
5113,-0.280207,-1.02241,0.220955,-1.144329
5114,-0.280207,-1.325392,0.220955,-1.144329
5115,-0.280207,-1.325392,0.220955,0.444477
5116,-0.280207,-1.123404,0.220955,-1.144329
5117,-0.280207,-1.123404,0.220955,2.033284
5118,-0.293943,-1.426386,-0.181177,0.444477
5119,-0.293943,-1.426386,-0.181177,0.444477
5120,-0.280207,-1.325392,-0.181177,0.444477
5121,-0.280207,-1.325392,-0.181177,0.444477
5122,-0.287075,-0.921416,-0.181177,0.444477
5123,-0.287075,-0.921416,-0.181177,0.444477
5124,-0.300812,-1.325392,-0.181177,0.444477
5125,-0.300812,-1.325392,-0.181177,0.444477
5126,-0.280207,-1.02241,-0.181177,0.444477
5127,-0.280207,-1.02241,-0.181177,-1.144329
5128,-0.287075,-1.123404,-0.181177,-1.144329
5129,-0.287075,-1.123404,-0.181177,0.444477
5130,-0.287075,-1.224398,-0.181177,-1.144329
5131,-0.287075,-1.224398,-0.181177,2.033284
5132,-0.287075,-1.325392,-0.181177,0.444477
5133,-0.287075,-1.325392,-0.181177,0.444477
5134,-0.293943,-1.123404,-0.583309,0.444477
5135,-0.293943,-1.123404,-0.583309,0.444477
5136,-0.293943,-1.02241,-0.181177,0.444477
5137,-0.293943,-1.02241,-0.181177,-1.144329
5138,-0.287075,-0.921416,-0.181177,0.444477
5139,-0.287075,-0.921416,-0.181177,0.444477
5140,-0.293943,-1.123404,0.220955,-1.144329
5141,-0.293943,-1.123404,0.220955,0.444477
5142,-0.287075,-1.02241,0.220955,-2.733136
5143,-0.287075,-1.02241,0.220955,-1.144329
5144,-0.293943,-0.618433,0.220955,0.444477
5145,-0.293943,-0.618433,0.220955,0.444477
5146,-0.300812,-1.123404,-0.181177,0.444477
5147,-0.300812,-1.123404,-0.181177,2.033284
5148,-0.300812,-0.921416,-0.583309,-1.144329
5149,-0.300812,-0.921416,-0.583309,-1.144329
5150,-0.300812,-1.52738,-0.181177,0.444477
5151,-0.300812,-1.52738,-0.181177,0.444477
5152,-0.30768,-1.224398,-0.181177,0.444477
5153,-0.30768,-1.224398,-0.181177,0.444477
5154,-0.287075,-1.628375,-0.181177,0.444477
5155,-0.287075,-1.628375,-0.181177,0.444477
5156,-0.287075,-1.123404,0.220955,0.444477
5157,-0.287075,-1.123404,0.220955,-1.144329
5158,-0.300812,-1.830363,0.220955,-1.144329
5159,-0.300812,-1.830363,0.220955,-1.144329
5160,-0.280207,-1.628375,0.220955,-1.144329
5161,-0.280207,-1.628375,0.220955,-1.144329
5162,-0.300812,-1.52738,-0.181177,0.444477
5163,-0.300812,-1.52738,-0.181177,2.033284
5164,-0.314549,-1.325392,-0.181177,-1.144329
5165,-0.314549,-1.325392,-0.181177,0.444477
5166,-0.293943,-1.426386,-0.181177,-1.144329
5167,-0.293943,-1.426386,-0.181177,0.444477
5168,-0.300812,-1.729369,-0.181177,2.033284
5169,-0.300812,-1.729369,-0.181177,-1.144329
5170,-0.293943,-1.52738,-0.181177,0.444477
5171,-0.293943,-1.52738,-0.181177,0.444477
5172,-0.293943,-1.628375,0.220955,0.444477
5173,-0.293943,-1.628375,0.220955,-1.144329
5174,-0.280207,-1.729369,0.220955,0.444477
5175,-0.280207,-1.729369,0.220955,0.444477
5176,-0.280207,-1.224398,0.220955,-1.144329
5177,-0.280207,-1.224398,0.220955,0.444477
5178,-0.30768,-1.325392,0.220955,-2.733136
5179,-0.30768,-1.325392,0.220955,-1.144329
5180,-0.300812,-1.02241,-0.181177,0.444477
5181,-0.300812,-1.02241,-0.181177,0.444477
5182,-0.314549,-1.123404,-0.583309,0.444477
5183,-0.314549,-1.123404,-0.583309,2.033284
5184,-0.293943,-1.224398,-0.181177,-1.144329
5185,-0.293943,-1.224398,-0.181177,-1.144329
5186,-0.293943,-0.719428,-0.181177,0.444477
5187,-0.293943,-0.719428,-0.181177,0.444477
5188,-0.300812,-0.921416,0.220955,0.444477
5189,-0.300812,-0.921416,0.220955,0.444477
5190,-0.280207,-1.52738,0.220955,0.444477
5191,-0.280207,-1.52738,0.220955,0.444477
5192,-0.287075,-1.224398,0.220955,0.444477
5193,-0.287075,-1.224398,0.220955,-1.144329
5194,-0.287075,-1.426386,0.220955,-1.144329
5195,-0.287075,-1.426386,0.220955,-1.144329
5196,-0.328286,-1.123404,-0.181177,-1.144329
5197,-0.328286,-1.123404,-0.181177,-1.144329
5198,-0.300812,-1.224398,-0.181177,2.033284
5199,-0.30768,-1.325392,-0.181177,-1.144329
5200,-0.30768,-1.325392,-0.181177,0.444477
5201,-0.300812,-1.224398,-0.181177,-1.144329
5202,-0.300812,-1.224398,-0.181177,0.444477
5203,-0.280207,-1.325392,-0.181177,2.033284
5204,-0.280207,-1.325392,-0.181177,-1.144329
5205,-0.293943,-1.325392,0.220955,0.444477
5206,-0.293943,-1.325392,0.220955,0.444477
5207,-0.293943,-0.921416,-0.181177,0.444477
5208,-0.293943,-0.921416,-0.181177,0.444477
5209,-0.287075,-1.426386,-0.181177,0.444477
5210,-0.287075,-1.426386,-0.181177,0.444477
5211,-0.293943,-1.224398,-0.181177,0.444477
5212,-0.293943,-1.224398,-0.181177,-1.144329
5213,-0.30768,-1.224398,-0.181177,-1.144329
5214,-0.30768,-1.224398,-0.181177,0.444477
5215,-0.30768,-1.123404,-0.181177,-1.144329
5216,-0.30768,-1.123404,-0.181177,2.033284
5217,-0.300812,-0.820422,-0.181177,0.444477
5218,-0.300812,-0.820422,-0.181177,0.444477
5219,-0.300812,-1.02241,-0.181177,0.444477
5220,-0.300812,-1.02241,-0.181177,0.444477
5221,-0.293943,-1.224398,0.220955,0.444477
5222,-0.293943,-1.224398,0.220955,0.444477
5223,-0.287075,-1.628375,0.220955,0.444477
5224,-0.287075,-1.628375,0.220955,0.444477
5225,-0.30768,-1.628375,-0.181177,0.444477
5226,-0.30768,-1.628375,-0.181177,-1.144329
5227,-0.293943,-1.02241,-0.181177,-1.144329
5228,-0.293943,-1.02241,-0.181177,0.444477
5229,-0.300812,-1.02241,-0.181177,-1.144329
5230,-0.300812,-1.02241,-0.181177,2.033284
5231,-0.293943,-1.628375,-0.181177,0.444477
5232,-0.293943,-1.628375,-0.181177,0.444477
5233,-0.287075,-1.123404,-0.181177,0.444477
5234,-0.287075,-1.123404,-0.181177,0.444477
5235,-0.293943,-1.426386,-0.181177,0.444477
5236,-0.293943,-1.426386,-0.181177,-1.144329
5237,-0.287075,-1.325392,-0.181177,0.444477
5238,-0.287075,-1.325392,-0.181177,0.444477
5239,-0.287075,-1.224398,-0.181177,-1.144329
5240,-0.287075,-1.224398,-0.181177,0.444477
5241,-0.314549,-1.628375,-0.181177,-2.733136
5242,-0.314549,-1.628375,-0.181177,-1.144329
5243,-0.293943,-1.123404,-0.181177,0.444477
5244,-0.293943,-1.123404,-0.181177,0.444477
5245,-0.287075,-1.123404,-0.181177,0.444477
5246,-0.287075,-1.123404,-0.181177,2.033284
5247,-0.287075,-1.224398,-0.181177,-1.144329
5248,-0.287075,-1.224398,-0.181177,-1.144329
5249,-0.300812,-1.02241,-0.181177,0.444477
5250,-0.300812,-1.02241,-0.181177,0.444477
5251,-0.30768,-1.224398,-0.181177,0.444477
5252,-0.30768,-1.224398,-0.181177,0.444477
5253,-0.293943,-0.719428,-0.181177,0.444477
5254,-0.293943,-0.719428,-0.181177,0.444477
5255,-0.30768,-0.315451,-0.181177,0.444477
5256,-0.30768,-0.315451,-0.181177,-1.144329
5257,-0.300812,-0.618433,-0.181177,-1.144329
5258,-0.300812,-0.618433,-0.181177,-1.144329
5259,-0.287075,-0.719428,-0.181177,-1.144329
5260,-0.287075,-0.719428,-0.181177,-1.144329
5261,-0.287075,-0.719428,-0.181177,0.444477
5262,-0.287075,-0.719428,-0.181177,2.033284
5263,-0.300812,-0.113463,-0.181177,-1.144329
5264,-0.300812,-0.113463,-0.181177,0.444477
5265,-0.287075,-0.416445,-0.181177,-1.144329
5266,-0.287075,-0.416445,-0.181177,0.444477
5267,-0.300812,-0.517439,-0.181177,2.033284
5268,-0.300812,-0.517439,-0.181177,-1.144329
5269,-0.293943,-0.416445,-0.181177,0.444477
5270,-0.293943,-0.416445,-0.181177,0.444477
5271,-0.293943,-0.517439,-0.181177,0.444477
5272,-0.293943,-0.517439,-0.181177,0.444477
5273,-0.293943,-0.315451,-0.181177,0.444477
5274,-0.293943,-0.315451,-0.181177,0.444477
5275,-0.300812,-0.517439,0.220955,0.444477
5276,-0.300812,-0.517439,0.220955,-1.144329
5277,-0.293943,-0.012469,-0.181177,-1.144329
5278,-0.293943,-0.012469,-0.181177,0.444477
5279,-0.30768,-0.113463,-0.181177,-1.144329
5280,-0.30768,-0.113463,-0.181177,2.033284
5281,-0.300812,-0.113463,-0.181177,0.444477
5282,-0.300812,-0.113463,-0.181177,0.444477
5283,-0.300812,0.088525,-0.181177,0.444477
5284,-0.300812,0.088525,-0.181177,0.444477
5285,-0.300812,-0.416445,-0.181177,0.444477
5286,-0.300812,-0.416445,-0.181177,0.444477
5287,-0.293943,-0.012469,-0.181177,0.444477
5288,-0.293943,-0.012469,-0.181177,0.444477
5289,-0.300812,-0.113463,-0.181177,0.444477
5290,-0.300812,-0.113463,-0.181177,-1.144329
5291,-0.293943,-0.012469,-0.181177,-1.144329
5292,-0.293943,-0.012469,-0.181177,0.444477
5293,-0.321417,-0.113463,-0.181177,-1.144329
5294,-0.321417,-0.113463,-0.181177,2.033284
5295,-0.314549,0.290513,-0.181177,0.444477
5296,-0.314549,0.290513,-0.181177,0.444477
5297,-0.30768,0.088525,-0.181177,0.444477
5298,-0.30768,0.088525,-0.181177,0.444477
5299,-0.314549,-0.012469,-0.181177,0.444477
5300,-0.314549,-0.012469,-0.181177,-1.144329
5301,-0.314549,0.189519,-0.181177,0.444477
5302,-0.314549,0.189519,-0.181177,0.444477
5303,-0.30768,-0.315451,-0.181177,-1.144329
5304,-0.30768,-0.315451,-0.181177,0.444477
5305,-0.314549,-0.113463,-0.181177,-2.733136
5306,-0.314549,-0.113463,-0.181177,-1.144329
5307,-0.321417,-0.012469,-0.181177,0.444477
5308,-0.321417,-0.012469,-0.181177,0.444477
5309,-0.321417,-0.416445,-0.181177,0.444477
5310,-0.321417,-0.416445,-0.181177,0.444477
5311,-0.314549,-0.416445,0.220955,-1.144329
5312,-0.314549,-0.416445,0.220955,0.444477
5313,-0.314549,0.189519,-0.181177,0.444477
5314,-0.314549,0.189519,-0.181177,-1.144329
5315,-0.314549,-0.113463,-0.181177,0.444477
5316,-0.314549,-0.113463,-0.181177,-2.733136
5317,-0.321417,0.290513,-0.181177,-1.144329
5318,-0.321417,0.290513,-0.181177,0.444477
5319,-0.321417,0.189519,-0.181177,0.444477
5320,-0.321417,0.189519,-0.181177,0.444477
5321,-0.321417,0.290513,-0.181177,2.033284
5322,-0.321417,0.290513,-0.181177,-1.144329
5323,-0.321417,-0.012469,-0.181177,-1.144329
5324,-0.321417,-0.012469,-0.181177,0.444477
5325,-0.314549,0.189519,-0.181177,0.444477
5326,-0.314549,0.189519,-0.181177,0.444477
5327,-0.321417,0.088525,0.220955,0.444477
5328,-0.321417,0.088525,0.220955,0.444477
5329,-0.328286,-0.012469,-0.181177,0.444477
5330,-0.328286,-0.012469,-0.181177,0.444477
5331,-0.328286,0.088525,0.220955,-1.144329
5332,-0.328286,0.088525,0.220955,-1.144329
5333,-0.328286,0.189519,-0.181177,-1.144329
5334,-0.328286,0.189519,-0.181177,-1.144329
5335,-0.335154,0.290513,-0.181177,-1.144329
5336,-0.335154,0.290513,-0.181177,0.444477
5337,-0.300812,0.593496,-0.181177,2.033284
5338,-0.300812,0.593496,-0.181177,-1.144329
5339,-0.293943,0.290513,-0.181177,0.444477
5340,-0.293943,0.290513,-0.181177,-1.144329
5341,-0.300812,0.290513,-0.181177,0.444477
5342,-0.300812,0.290513,-0.181177,2.033284
5343,-0.30768,-0.012469,-0.181177,-1.144329
5344,-0.30768,-0.012469,-0.181177,0.444477
5345,-0.287075,0.189519,0.220955,0.444477
5346,-0.287075,0.189519,0.220955,0.444477
5347,-0.300812,0.290513,-0.181177,-1.144329
5348,-0.300812,0.290513,-0.181177,0.444477
5349,-0.300812,0.391508,-0.181177,0.444477
5350,-0.300812,0.391508,-0.181177,-1.144329
5351,-0.30768,0.492502,-0.181177,0.444477
5352,-0.30768,0.492502,-0.181177,-2.733136
5353,-0.300812,0.391508,-0.181177,-1.144329
5354,-0.300812,0.391508,-0.181177,0.444477
5355,-0.300812,0.088525,-0.181177,0.444477
5356,-0.300812,0.088525,-0.181177,0.444477
5357,-0.293943,0.290513,-0.181177,2.033284
5358,-0.293943,0.290513,-0.181177,-1.144329
5359,-0.300812,0.189519,0.220955,-1.144329
5360,-0.300812,0.189519,0.220955,0.444477
5361,-0.300812,0.189519,0.220955,0.444477
5362,-0.300812,0.189519,0.220955,0.444477
5363,-0.314549,0.391508,-0.181177,0.444477
5364,-0.314549,0.391508,-0.181177,0.444477
5365,-0.314549,0.492502,-0.181177,0.444477
5366,-0.314549,0.492502,-0.181177,0.444477
5367,-0.314549,0.088525,-0.181177,-1.144329
5368,-0.314549,0.088525,-0.181177,-1.144329
5369,-0.314549,0.189519,-0.181177,-1.144329
5370,-0.314549,0.189519,-0.181177,-1.144329
5371,-0.300812,0.69449,-0.181177,-1.144329
5372,-0.300812,0.69449,-0.181177,0.444477
5373,-0.30768,0.088525,0.220955,2.033284
5374,-0.30768,0.088525,0.220955,-1.144329
5375,-0.300812,0.391508,0.220955,0.444477
5376,-0.300812,0.391508,0.220955,-1.144329
5377,-0.30768,0.492502,0.220955,0.444477
5378,-0.30768,0.492502,0.220955,2.033284
5379,-0.328286,0.189519,-0.181177,-1.144329
5380,-0.328286,0.189519,-0.181177,0.444477
5381,-0.314549,0.290513,-0.181177,0.444477
5382,-0.314549,0.290513,-0.181177,0.444477
5383,-0.321417,0.189519,-0.181177,0.444477
5384,-0.321417,0.189519,-0.181177,0.444477
5385,-0.314549,0.088525,-0.181177,0.444477
5386,-0.314549,0.088525,-0.181177,0.444477
5387,-0.314549,0.189519,0.220955,-1.144329
5388,-0.314549,0.189519,0.220955,-1.144329
5389,-0.300812,-0.012469,0.220955,0.444477
5390,-0.300812,-0.012469,0.220955,-1.144329
5391,-0.314549,0.290513,0.220955,2.033284
5392,-0.314549,0.290513,0.220955,0.444477
5393,-0.300812,0.290513,-0.181177,0.444477
5394,-0.300812,0.290513,-0.181177,0.444477
5395,-0.321417,0.391508,-0.181177,0.444477
5396,-0.321417,0.391508,-0.181177,0.444477
5397,-0.321417,0.290513,-0.181177,0.444477
5398,-0.321417,0.290513,-0.181177,0.444477
5399,-0.314549,0.492502,-0.583309,0.444477
5400,-0.314549,0.492502,-0.583309,0.444477
5401,-0.314549,0.290513,-0.181177,-1.144329
5402,-0.314549,0.290513,-0.181177,-1.144329
5403,-0.30768,0.391508,0.220955,0.444477
5404,-0.30768,0.391508,0.220955,-1.144329
5405,-0.30768,0.290513,0.220955,2.033284
5406,-0.30768,0.290513,0.220955,0.444477
5407,-0.328286,0.391508,0.220955,0.444477
5408,-0.328286,0.391508,0.220955,0.444477
5409,-0.321417,0.088525,-0.181177,0.444477
5410,-0.321417,0.088525,-0.181177,0.444477
5411,-0.314549,-0.012469,-0.181177,-1.144329
5412,-0.314549,-0.012469,-0.181177,0.444477
5413,-0.321417,0.492502,-0.181177,0.444477
5414,-0.321417,0.492502,-0.181177,-1.144329
5415,-0.321417,0.391508,-0.181177,0.444477
5416,-0.321417,0.391508,-0.181177,-2.733136
5417,-0.314549,0.189519,-0.181177,-1.144329
5418,-0.314549,0.189519,-0.181177,0.444477
5419,-0.328286,0.290513,0.220955,0.444477
5420,-0.328286,0.290513,0.220955,0.444477
5421,-0.314549,0.189519,0.220955,2.033284
5422,-0.314549,0.189519,0.220955,-1.144329
5423,-0.30768,0.189519,-0.181177,-1.144329
5424,-0.30768,0.189519,-0.181177,0.444477
5425,-0.314549,0.391508,-0.181177,0.444477
5426,-0.314549,0.391508,-0.181177,0.444477
5427,-0.328286,0.391508,-0.181177,0.444477
5428,-0.328286,0.391508,-0.181177,0.444477
5429,-0.321417,0.088525,-0.181177,0.444477
5430,-0.321417,0.088525,-0.181177,0.444477
5431,-0.314549,0.189519,-0.181177,-1.144329
5432,-0.314549,0.189519,-0.181177,-1.144329
5433,-0.321417,0.189519,-0.181177,-1.144329
5434,-0.321417,0.189519,-0.181177,-1.144329
5435,-0.314549,-0.012469,0.220955,-1.144329
5436,-0.314549,-0.012469,0.220955,0.444477
5437,-0.314549,0.290513,0.220955,2.033284
5438,-0.314549,0.290513,0.220955,-1.144329
5439,-0.30768,-0.113463,0.220955,0.444477
5440,-0.30768,-0.113463,0.220955,-1.144329
5441,-0.314549,0.189519,-0.181177,0.444477
5442,-0.314549,0.189519,-0.181177,2.033284
5443,-0.328286,-0.113463,-0.181177,-1.144329
5444,-0.328286,-0.113463,-0.181177,0.444477
5445,-0.321417,0.290513,-0.181177,0.444477
5446,-0.321417,0.290513,-0.181177,0.444477
5447,-0.314549,0.391508,-0.181177,0.444477
5448,-0.314549,0.391508,-0.181177,0.444477
5449,-0.30768,0.593496,-0.181177,0.444477
5450,-0.30768,0.593496,-0.181177,0.444477
5451,-0.314549,0.290513,-0.181177,-1.144329
5452,-0.314549,0.290513,-0.181177,-1.144329
5453,-0.300812,0.290513,-0.181177,0.444477
5454,-0.300812,0.290513,-0.181177,-1.144329
5455,-0.30768,0.189519,-0.181177,2.033284
5456,-0.30768,0.189519,-0.181177,0.444477
5457,-0.314549,0.088525,-0.181177,0.444477
5458,-0.314549,0.088525,-0.181177,0.444477
5459,-0.30768,0.290513,-0.181177,0.444477
5460,-0.30768,0.290513,-0.181177,0.444477
5461,-0.321417,0.290513,-0.181177,-1.144329
5462,-0.321417,0.290513,-0.181177,0.444477
5463,-0.30768,-0.012469,-0.181177,0.444477
5464,-0.30768,-0.012469,-0.181177,-1.144329
5465,-0.314549,0.088525,-0.181177,0.444477
5466,-0.314549,0.088525,-0.181177,-2.733136
5467,-0.314549,0.189519,0.220955,-1.144329
5468,-0.314549,0.189519,0.220955,0.444477
5469,-0.314549,0.593496,0.220955,0.444477
5470,-0.314549,0.593496,0.220955,0.444477
5471,-0.273338,-1.426386,-0.181177,0.444477
5472,-0.273338,-1.426386,-0.181177,-1.144329
5473,-0.280207,-1.426386,-0.181177,0.444477
5474,-0.280207,-1.426386,-0.181177,2.033284
5475,-0.280207,-1.52738,-0.181177,-1.144329
5476,-0.280207,-1.52738,-0.181177,0.444477
5477,-0.273338,-1.224398,-0.181177,0.444477
5478,-0.273338,-1.224398,-0.181177,0.444477
5479,-0.287075,-1.325392,-0.181177,0.444477
5480,-0.287075,-1.325392,-0.181177,0.444477
5481,-0.280207,-1.729369,0.220955,0.444477
5482,-0.280207,-1.729369,0.220955,0.444477
5483,-0.280207,-1.729369,-0.181177,-1.144329
5484,-0.280207,-1.729369,-0.181177,-1.144329
5485,-0.273338,-1.52738,0.220955,0.444477
5486,-0.273338,-1.52738,0.220955,-1.144329
5487,-0.280207,-1.931357,0.220955,2.033284
5488,-0.280207,-1.931357,0.220955,0.444477
5489,-0.287075,-1.224398,-0.181177,0.444477
5490,-0.287075,-1.224398,-0.181177,0.444477
5491,-0.280207,-1.426386,-0.181177,0.444477
5492,-0.280207,-1.426386,-0.181177,0.444477
5493,-0.287075,-1.224398,-0.181177,0.444477
5494,-0.287075,-1.224398,-0.181177,0.444477
5495,-0.287075,-1.426386,-0.181177,0.444477
5496,-0.287075,-1.426386,-0.181177,0.444477
5497,-0.287075,-1.325392,-0.181177,0.444477
5498,-0.287075,-1.325392,-0.181177,0.444477
5499,-0.273338,-1.325392,0.220955,0.444477
5500,-0.273338,-1.325392,0.220955,0.444477
5501,-0.280207,-1.628375,0.220955,0.444477
5502,-0.280207,-1.628375,0.220955,0.444477
5503,-0.280207,-1.52738,0.220955,0.444477
5504,-0.280207,-1.52738,0.220955,0.444477
5505,-0.280207,-1.224398,-0.181177,0.444477
5506,-0.280207,-1.224398,-0.181177,0.444477
5507,-0.293943,-1.325392,-0.181177,0.444477
5508,-0.293943,-1.325392,-0.181177,0.444477
5509,-0.280207,-1.426386,-0.181177,0.444477
5510,-0.280207,-1.426386,-0.181177,0.444477
5511,-0.293943,-1.123404,-0.583309,0.444477
5512,-0.293943,-1.123404,-0.583309,0.444477
5513,-0.273338,-1.325392,-0.181177,0.444477
5514,-0.273338,-1.325392,-0.181177,0.444477
5515,-0.280207,-1.426386,-0.181177,0.444477
5516,-0.280207,-1.426386,-0.181177,0.444477
5517,-0.273338,-1.729369,0.220955,0.444477
5518,-0.273338,-1.729369,0.220955,0.444477
5519,-0.280207,-1.123404,0.220955,0.444477
5520,-0.280207,-1.123404,0.220955,-1.144329
5521,-0.293943,-1.224398,-0.181177,0.444477
5522,-0.293943,-1.224398,-0.181177,0.444477
5523,-0.293943,-1.426386,-0.181177,-1.144329
5524,-0.293943,-1.426386,-0.181177,0.444477
5525,-0.287075,-1.224398,-0.181177,-2.733136
5526,-0.287075,-1.224398,-0.181177,-1.144329
5527,-0.293943,-0.719428,-0.181177,0.444477
5528,-0.293943,-0.719428,-0.181177,0.444477
5529,-0.280207,-1.224398,-0.181177,0.444477
5530,-0.280207,-1.224398,-0.181177,2.033284
5531,-0.280207,-1.426386,-0.181177,-1.144329
5532,-0.280207,-1.426386,-0.181177,-1.144329
5533,-0.287075,-1.52738,-0.181177,0.444477
5534,-0.287075,-1.52738,-0.181177,0.444477
5535,-0.287075,-1.325392,-0.181177,0.444477
5536,-0.287075,-1.325392,-0.181177,0.444477
5537,-0.280207,-1.426386,-0.181177,0.444477
5538,-0.280207,-1.426386,-0.181177,0.444477
5539,-0.287075,-1.123404,-0.181177,0.444477
5540,-0.287075,-1.123404,-0.181177,-1.144329
5541,-0.293943,-1.426386,-0.181177,-1.144329
5542,-0.293943,-1.426386,-0.181177,-1.144329
5543,-0.273338,-1.224398,-0.181177,-1.144329
5544,-0.273338,-1.224398,-0.181177,-1.144329
5545,-0.280207,-1.224398,-0.181177,0.444477
5546,-0.280207,-1.224398,-0.181177,2.033284
5547,-0.293943,-1.224398,0.220955,-1.144329
5548,-0.293943,-1.224398,0.220955,0.444477
5549,-0.280207,-1.224398,0.220955,-1.144329
5550,-0.280207,-1.224398,0.220955,0.444477
5551,-0.280207,-1.628375,0.220955,2.033284
5552,-0.280207,-1.628375,0.220955,-1.144329
5553,-0.280207,-1.123404,-0.181177,0.444477
5554,-0.280207,-1.123404,-0.181177,0.444477
5555,-0.293943,-1.224398,-0.181177,0.444477
5556,-0.293943,-1.224398,-0.181177,-1.144329
5557,-0.293943,-1.325392,-0.583309,0.444477
5558,-0.293943,-1.325392,-0.583309,0.444477
5559,-0.280207,-1.426386,-0.181177,-1.144329
5560,-0.280207,-1.426386,-0.181177,0.444477
5561,-0.287075,-1.52738,-0.181177,-2.733136
5562,-0.287075,-1.52738,-0.181177,-1.144329
5563,-0.287075,-1.628375,-0.181177,0.444477
5564,-0.287075,-1.628375,-0.181177,0.444477
5565,-0.273338,-1.52738,0.220955,0.444477
5566,-0.273338,-1.52738,0.220955,2.033284
5567,-0.280207,-1.830363,0.220955,-1.144329
5568,-0.280207,-1.830363,0.220955,-1.144329
5569,-0.287075,-1.325392,0.220955,0.444477
5570,-0.287075,-1.325392,0.220955,0.444477
5571,-0.30768,-1.325392,-0.181177,0.444477
5572,-0.30768,-1.325392,-0.181177,0.444477
5573,-0.300812,-1.123404,-0.181177,0.444477
5574,-0.300812,-1.123404,-0.181177,0.444477
5575,-0.293943,-0.921416,-0.181177,0.444477
5576,-0.293943,-0.921416,-0.181177,-1.144329
5577,-0.30768,-1.325392,-0.181177,-1.144329
5578,-0.30768,-1.325392,-0.181177,-1.144329
5579,-0.287075,-1.224398,-0.181177,-1.144329
5580,-0.287075,-1.224398,-0.181177,-1.144329
5581,-0.280207,-1.52738,0.220955,0.444477
5582,-0.280207,-1.52738,0.220955,2.033284
5583,-0.287075,-1.325392,0.220955,-1.144329
5584,-0.287075,-1.325392,0.220955,0.444477
5585,-0.287075,-1.52738,0.220955,-1.144329
5586,-0.287075,-1.52738,0.220955,0.444477
5587,-0.293943,-1.628375,-0.181177,2.033284
5588,-0.293943,-1.628375,-0.181177,-1.144329
5589,-0.293943,-1.325392,-0.181177,0.444477
5590,-0.293943,-1.325392,-0.181177,0.444477
5591,-0.287075,-1.325392,-0.181177,0.444477
5592,-0.287075,-1.325392,-0.181177,0.444477
5593,-0.293943,-1.02241,-0.181177,0.444477
5594,-0.293943,-1.02241,-0.181177,0.444477
5595,-0.280207,-1.02241,0.220955,0.444477
5596,-0.280207,-1.02241,0.220955,-1.144329
5597,-0.280207,-1.325392,0.220955,-1.144329
5598,-0.280207,-1.325392,0.220955,0.444477
5599,-0.280207,-1.123404,0.220955,-1.144329
5600,-0.280207,-1.123404,0.220955,2.033284
5601,-0.293943,-1.426386,-0.181177,0.444477
5602,-0.293943,-1.426386,-0.181177,0.444477
5603,-0.280207,-1.325392,-0.181177,0.444477
5604,-0.280207,-1.325392,-0.181177,0.444477
5605,-0.287075,-0.921416,-0.181177,0.444477
5606,-0.287075,-0.921416,-0.181177,0.444477
5607,-0.300812,-1.325392,-0.181177,0.444477
5608,-0.300812,-1.325392,-0.181177,0.444477
5609,-0.280207,-1.02241,-0.181177,0.444477
5610,-0.280207,-1.02241,-0.181177,-1.144329
5611,-0.287075,-1.123404,-0.181177,-1.144329
5612,-0.287075,-1.123404,-0.181177,0.444477
5613,-0.287075,-1.224398,-0.181177,-1.144329
5614,-0.287075,-1.224398,-0.181177,2.033284
5615,-0.287075,-1.325392,-0.181177,0.444477
5616,-0.287075,-1.325392,-0.181177,0.444477
5617,-0.293943,-1.123404,-0.583309,0.444477
5618,-0.293943,-1.123404,-0.583309,0.444477
5619,-0.293943,-1.02241,-0.181177,0.444477
5620,-0.293943,-1.02241,-0.181177,-1.144329
5621,-0.287075,-0.921416,-0.181177,0.444477
5622,-0.287075,-0.921416,-0.181177,0.444477
5623,-0.293943,-1.123404,0.220955,-1.144329
5624,-0.293943,-1.123404,0.220955,0.444477
5625,-0.287075,-1.02241,0.220955,-2.733136
5626,-0.287075,-1.02241,0.220955,-1.144329
5627,-0.293943,-0.618433,0.220955,0.444477
5628,-0.293943,-0.618433,0.220955,0.444477
5629,-0.300812,-1.123404,-0.181177,0.444477
5630,-0.300812,-1.123404,-0.181177,2.033284
5631,-0.300812,-0.921416,-0.583309,-1.144329
5632,-0.300812,-0.921416,-0.583309,-1.144329
5633,-0.300812,-1.52738,-0.181177,0.444477
5634,-0.300812,-1.52738,-0.181177,0.444477
5635,-0.30768,-1.224398,-0.181177,0.444477
5636,-0.30768,-1.224398,-0.181177,0.444477
5637,-0.287075,-1.628375,-0.181177,0.444477
5638,-0.287075,-1.628375,-0.181177,0.444477
5639,-0.287075,-1.123404,0.220955,0.444477
5640,-0.287075,-1.123404,0.220955,-1.144329
5641,-0.300812,-1.830363,0.220955,-1.144329
5642,-0.300812,-1.830363,0.220955,-1.144329
5643,-0.280207,-1.628375,0.220955,-1.144329
5644,-0.280207,-1.628375,0.220955,-1.144329
5645,-0.300812,-1.52738,-0.181177,0.444477
5646,-0.300812,-1.52738,-0.181177,2.033284
5647,-0.314549,-1.325392,-0.181177,-1.144329
5648,-0.314549,-1.325392,-0.181177,0.444477
5649,-0.293943,-1.426386,-0.181177,-1.144329
5650,-0.293943,-1.426386,-0.181177,0.444477
5651,-0.300812,-1.729369,-0.181177,2.033284
5652,-0.300812,-1.729369,-0.181177,-1.144329
5653,-0.293943,-1.52738,-0.181177,0.444477
5654,-0.293943,-1.52738,-0.181177,0.444477
5655,-0.293943,-1.628375,0.220955,0.444477
5656,-0.293943,-1.628375,0.220955,-1.144329
5657,-0.280207,-1.729369,0.220955,0.444477
5658,-0.280207,-1.729369,0.220955,0.444477
5659,-0.280207,-1.224398,0.220955,-1.144329
5660,-0.280207,-1.224398,0.220955,0.444477
5661,-0.30768,-1.325392,0.220955,-2.733136
5662,-0.30768,-1.325392,0.220955,-1.144329
5663,-0.300812,-1.02241,-0.181177,0.444477
5664,-0.300812,-1.02241,-0.181177,0.444477
5665,-0.314549,-1.123404,-0.583309,0.444477
5666,-0.314549,-1.123404,-0.583309,2.033284
5667,-0.293943,-1.224398,-0.181177,-1.144329
5668,-0.293943,-1.224398,-0.181177,-1.144329
5669,-0.293943,-0.719428,-0.181177,0.444477
5670,-0.293943,-0.719428,-0.181177,0.444477
5671,-0.300812,-0.921416,0.220955,0.444477
5672,-0.300812,-0.921416,0.220955,0.444477
5673,-0.280207,-0.921416,0.220955,0.444477
5674,-0.280207,-0.921416,0.220955,0.444477
5675,-0.287075,-1.224398,0.220955,0.444477
5676,-0.287075,-1.224398,0.220955,-1.144329
5677,-0.287075,-1.426386,0.220955,-1.144329
5678,-0.287075,-1.426386,0.220955,-1.144329
5679,-0.328286,-1.123404,-0.181177,-1.144329
5680,-0.328286,-1.123404,-0.181177,-1.144329
5681,-0.300812,-1.224398,-0.181177,0.444477
5682,-0.300812,-1.224398,-0.181177,2.033284
5683,-0.30768,-1.325392,-0.181177,-1.144329
5684,-0.30768,-1.325392,-0.181177,0.444477
5685,-0.300812,-1.224398,-0.181177,-1.144329
5686,-0.300812,-1.224398,-0.181177,0.444477
5687,-0.280207,-1.325392,-0.181177,2.033284
5688,-0.280207,-1.325392,-0.181177,-1.144329
5689,-0.293943,-1.325392,0.220955,0.444477
5690,-0.293943,-1.325392,0.220955,0.444477
5691,-0.293943,-0.921416,-0.181177,0.444477
5692,-0.293943,-0.921416,-0.181177,0.444477
5693,-0.287075,-1.426386,-0.181177,0.444477
5694,-0.287075,-1.426386,-0.181177,0.444477
5695,-0.293943,-1.224398,-0.181177,0.444477
5696,-0.293943,-1.224398,-0.181177,-1.144329
5697,-0.30768,-1.224398,-0.181177,-1.144329
5698,-0.30768,-1.224398,-0.181177,0.444477
5699,-0.30768,-1.123404,-0.181177,-1.144329
5700,-0.30768,-1.123404,-0.181177,2.033284
5701,-0.300812,-0.820422,-0.181177,0.444477
5702,-0.300812,-0.820422,-0.181177,0.444477
5703,-0.300812,-1.02241,-0.181177,0.444477
5704,-0.300812,-1.02241,-0.181177,0.444477
5705,-0.293943,-1.224398,0.220955,0.444477
5706,-0.293943,-1.224398,0.220955,0.444477
5707,-0.287075,-1.628375,0.220955,0.444477
5708,-0.287075,-1.628375,0.220955,0.444477
5709,-0.30768,-1.628375,-0.181177,0.444477
5710,-0.30768,-1.628375,-0.181177,-1.144329
5711,-0.293943,-1.02241,-0.181177,-1.144329
5712,-0.293943,-1.02241,-0.181177,0.444477
5713,-0.300812,-1.02241,-0.181177,-1.144329
5714,-0.300812,-1.02241,-0.181177,2.033284
5715,-0.293943,-1.628375,-0.181177,0.444477
5716,-0.293943,-1.628375,-0.181177,0.444477
5717,-0.287075,-1.123404,-0.181177,0.444477
5718,-0.287075,-1.123404,-0.181177,0.444477
5719,-0.293943,-1.426386,-0.181177,0.444477
5720,-0.293943,-1.426386,-0.181177,-1.144329
5721,-0.287075,-1.325392,-0.181177,0.444477
5722,-0.287075,-1.325392,-0.181177,0.444477
5723,-0.287075,-1.224398,-0.181177,-1.144329
5724,-0.287075,-1.224398,-0.181177,0.444477
5725,-0.314549,-1.628375,-0.181177,-2.733136
5726,-0.314549,-1.628375,-0.181177,-1.144329
5727,-0.293943,-1.123404,-0.181177,0.444477
5728,-0.293943,-1.123404,-0.181177,0.444477
5729,-0.287075,-1.123404,-0.181177,0.444477
5730,-0.287075,-1.123404,-0.181177,2.033284
5731,-0.287075,-1.224398,-0.181177,-1.144329
5732,-0.287075,-1.224398,-0.181177,-1.144329
5733,-0.300812,-1.02241,-0.181177,0.444477
5734,-0.300812,-1.02241,-0.181177,0.444477
5735,-0.30768,-1.224398,-0.181177,0.444477
5736,-0.30768,-1.224398,-0.181177,0.444477
5737,-0.293943,-0.719428,-0.181177,0.444477
5738,-0.293943,-0.719428,-0.181177,0.444477
5739,-0.30768,-0.315451,-0.181177,0.444477
5740,-0.30768,-0.315451,-0.181177,-1.144329
5741,-0.300812,-0.618433,-0.181177,-1.144329
5742,-0.300812,-0.618433,-0.181177,-1.144329
5743,-0.287075,-0.719428,-0.181177,-1.144329
5744,-0.287075,-0.719428,-0.181177,-1.144329
5745,-0.287075,-0.719428,-0.181177,0.444477
5746,-0.287075,-0.719428,-0.181177,2.033284
5747,-0.300812,-0.113463,-0.181177,-1.144329
5748,-0.300812,-0.113463,-0.181177,0.444477
5749,-0.287075,-0.416445,-0.181177,-1.144329
5750,-0.287075,-0.416445,-0.181177,0.444477
5751,-0.300812,-0.517439,-0.181177,2.033284
5752,-0.300812,-0.517439,-0.181177,-1.144329
5753,-0.293943,-0.416445,-0.181177,0.444477
5754,-0.293943,-0.416445,-0.181177,0.444477
5755,-0.293943,-0.517439,-0.181177,0.444477
5756,-0.293943,-0.517439,-0.181177,0.444477
5757,-0.293943,-0.315451,-0.181177,0.444477
5758,-0.293943,-0.315451,-0.181177,0.444477
5759,-0.300812,-0.517439,0.220955,0.444477
5760,-0.300812,-0.517439,0.220955,-1.144329
5761,-0.293943,-0.012469,-0.181177,-1.144329
5762,-0.293943,-0.012469,-0.181177,0.444477
5763,-0.30768,-0.113463,-0.181177,-1.144329
5764,-0.30768,-0.113463,-0.181177,2.033284
5765,-0.300812,-0.113463,-0.181177,0.444477
5766,-0.300812,-0.113463,-0.181177,0.444477
5767,-0.300812,0.088525,-0.181177,0.444477
5768,-0.300812,0.088525,-0.181177,0.444477
5769,-0.300812,-0.416445,-0.181177,0.444477
5770,-0.300812,-0.416445,-0.181177,0.444477
5771,-0.293943,-0.012469,-0.181177,0.444477
5772,-0.293943,-0.012469,-0.181177,0.444477
5773,-0.300812,-0.113463,-0.181177,0.444477
5774,-0.300812,-0.113463,-0.181177,-1.144329
5775,-0.293943,-0.012469,-0.181177,-1.144329
5776,-0.293943,-0.012469,-0.181177,0.444477
5777,-0.321417,-0.113463,-0.181177,-1.144329
5778,-0.321417,-0.113463,-0.181177,2.033284
5779,-0.314549,0.290513,-0.181177,0.444477
5780,-0.314549,0.290513,-0.181177,0.444477
5781,-0.30768,0.088525,-0.181177,0.444477
5782,-0.30768,0.088525,-0.181177,0.444477
5783,-0.314549,-0.012469,-0.181177,0.444477
5784,-0.314549,-0.012469,-0.181177,-1.144329
5785,-0.314549,0.189519,-0.181177,0.444477
5786,-0.314549,0.189519,-0.181177,0.444477
5787,-0.30768,-0.315451,-0.181177,-1.144329
5788,-0.30768,-0.315451,-0.181177,0.444477
5789,-0.314549,-0.113463,-0.181177,-2.733136
5790,-0.314549,-0.113463,-0.181177,-1.144329
5791,-0.321417,-0.012469,-0.181177,0.444477
5792,-0.321417,-0.012469,-0.181177,0.444477
5793,-0.321417,-0.416445,-0.181177,0.444477
5794,-0.321417,-0.416445,-0.181177,0.444477
5795,-0.314549,-0.416445,0.220955,-1.144329
5796,-0.314549,-0.416445,0.220955,0.444477
5797,-0.314549,0.189519,-0.181177,0.444477
5798,-0.314549,0.189519,-0.181177,-1.144329
5799,-0.314549,-0.113463,-0.181177,0.444477
5800,-0.314549,-0.113463,-0.181177,-2.733136
5801,-0.321417,0.290513,-0.181177,-1.144329
5802,-0.321417,0.290513,-0.181177,0.444477
5803,-0.321417,0.189519,-0.181177,0.444477
5804,-0.321417,0.189519,-0.181177,0.444477
5805,-0.321417,0.290513,-0.181177,2.033284
5806,-0.321417,0.290513,-0.181177,-1.144329
5807,-0.321417,-0.012469,-0.181177,-1.144329
5808,-0.321417,-0.012469,-0.181177,0.444477
5809,-0.314549,0.189519,-0.181177,0.444477
5810,-0.314549,0.189519,-0.181177,0.444477
5811,-0.321417,0.088525,0.220955,0.444477
5812,-0.321417,0.088525,0.220955,0.444477
5813,-0.328286,-0.012469,-0.181177,0.444477
5814,-0.328286,-0.012469,-0.181177,0.444477
5815,-0.328286,0.088525,0.220955,-1.144329
5816,-0.328286,0.088525,0.220955,-1.144329
5817,-0.328286,0.189519,-0.181177,-1.144329
5818,-0.328286,0.189519,-0.181177,-1.144329
5819,-0.335154,0.290513,-0.181177,-1.144329
5820,-0.335154,0.290513,-0.181177,0.444477
5821,-0.300812,0.593496,-0.181177,2.033284
5822,-0.300812,0.593496,-0.181177,-1.144329
5823,-0.293943,0.290513,-0.181177,0.444477
5824,-0.293943,0.290513,-0.181177,-1.144329
5825,-0.300812,0.290513,-0.181177,0.444477
5826,-0.300812,0.290513,-0.181177,2.033284
5827,-0.30768,-0.012469,-0.181177,-1.144329
5828,-0.30768,-0.012469,-0.181177,0.444477
5829,-0.287075,0.189519,0.220955,0.444477
5830,-0.287075,0.189519,0.220955,0.444477
5831,-0.300812,0.290513,-0.181177,-1.144329
5832,-0.300812,0.290513,-0.181177,0.444477
5833,-0.300812,0.391508,-0.181177,0.444477
5834,-0.300812,0.391508,-0.181177,-1.144329
5835,-0.30768,0.492502,-0.181177,0.444477
5836,-0.30768,0.492502,-0.181177,-2.733136
5837,-0.300812,0.391508,-0.181177,-1.144329
5838,-0.300812,0.391508,-0.181177,0.444477
5839,-0.300812,0.088525,-0.181177,0.444477
5840,-0.300812,0.088525,-0.181177,0.444477
5841,-0.293943,0.290513,-0.181177,2.033284
5842,-0.293943,0.290513,-0.181177,-1.144329
5843,-0.300812,0.189519,0.220955,-1.144329
5844,-0.300812,0.189519,0.220955,0.444477
5845,-0.300812,0.189519,0.220955,0.444477
5846,-0.300812,0.189519,0.220955,0.444477
5847,-0.314549,0.391508,-0.181177,0.444477
5848,-0.314549,0.391508,-0.181177,0.444477
5849,-0.314549,0.492502,-0.181177,0.444477
5850,-0.314549,0.492502,-0.181177,0.444477
5851,-0.314549,0.088525,-0.181177,-1.144329
5852,-0.314549,0.088525,-0.181177,-1.144329
5853,-0.314549,0.189519,-0.181177,-1.144329
5854,-0.314549,0.189519,-0.181177,-1.144329
5855,-0.300812,0.69449,-0.181177,-1.144329
5856,-0.300812,0.69449,-0.181177,0.444477
5857,-0.30768,0.088525,0.220955,2.033284
5858,-0.30768,0.088525,0.220955,-1.144329
5859,-0.300812,0.391508,0.220955,0.444477
5860,-0.300812,0.391508,0.220955,-1.144329
5861,-0.30768,0.492502,0.220955,0.444477
5862,-0.30768,0.492502,0.220955,2.033284
5863,-0.328286,0.189519,-0.181177,-1.144329
5864,-0.328286,0.189519,-0.181177,0.444477
5865,-0.314549,0.290513,-0.181177,0.444477
5866,-0.314549,0.290513,-0.181177,0.444477
5867,-0.321417,0.189519,-0.181177,0.444477
5868,-0.321417,0.189519,-0.181177,0.444477
5869,-0.314549,0.088525,-0.181177,0.444477
5870,-0.273338,-1.426386,-0.181177,0.444477
5871,-0.273338,-1.426386,-0.181177,-1.144329
5872,-0.280207,-1.426386,-0.181177,0.444477
5873,-0.280207,-1.426386,-0.181177,2.033284
5874,-0.280207,-1.52738,-0.181177,-1.144329
5875,-0.280207,-1.52738,-0.181177,0.444477
5876,-0.273338,-1.224398,-0.181177,0.444477
5877,-0.273338,-1.224398,-0.181177,0.444477
5878,-0.287075,-1.325392,-0.181177,0.444477
5879,-0.287075,-1.325392,-0.181177,0.444477
5880,-0.280207,-1.729369,0.220955,0.444477
5881,-0.280207,-1.729369,0.220955,0.444477
5882,-0.280207,-1.729369,-0.181177,-1.144329
5883,-0.280207,-1.729369,-0.181177,-1.144329
5884,-0.273338,-1.52738,0.220955,0.444477
5885,-0.273338,-1.52738,0.220955,-1.144329
5886,-0.280207,-1.931357,0.220955,2.033284
5887,-0.280207,-1.931357,0.220955,0.444477
5888,-0.287075,-1.224398,-0.181177,0.444477
5889,-0.287075,-1.224398,-0.181177,0.444477
5890,-0.280207,-1.426386,-0.181177,0.444477
5891,-0.280207,-1.426386,-0.181177,0.444477
5892,-0.287075,-1.224398,-0.181177,0.444477
5893,-0.287075,-1.224398,-0.181177,0.444477
5894,-0.287075,-1.426386,-0.181177,0.444477
5895,-0.287075,-1.426386,-0.181177,0.444477
5896,-0.287075,-1.325392,-0.181177,0.444477
5897,-0.287075,-1.325392,-0.181177,0.444477
5898,-0.273338,-1.325392,0.220955,0.444477
5899,-0.273338,-1.325392,0.220955,0.444477
5900,-0.280207,-1.628375,0.220955,0.444477
5901,-0.280207,-1.628375,0.220955,0.444477
5902,-0.280207,-1.628375,0.220955,0.444477
5903,-0.280207,-1.52738,0.220955,0.444477
5904,-0.280207,-1.224398,-0.181177,0.444477
5905,-0.280207,-1.224398,-0.181177,0.444477
5906,-0.293943,-1.325392,-0.181177,0.444477
5907,-0.293943,-1.325392,-0.181177,0.444477
5908,-0.280207,-1.426386,-0.181177,0.444477
5909,-0.280207,-1.426386,-0.181177,0.444477
5910,-0.293943,-1.123404,-0.583309,0.444477
5911,-0.293943,-1.123404,-0.583309,0.444477
5912,-0.273338,-1.325392,-0.181177,0.444477
5913,-0.273338,-1.325392,-0.181177,0.444477
5914,-0.280207,-1.426386,-0.181177,0.444477
5915,-0.280207,-1.426386,-0.181177,0.444477
5916,-0.273338,-1.729369,0.220955,0.444477
5917,-0.273338,-1.729369,0.220955,0.444477
5918,-0.280207,-1.123404,0.220955,0.444477
5919,-0.280207,-1.123404,0.220955,-1.144329
5920,-0.293943,-1.224398,-0.181177,0.444477
5921,-0.293943,-1.224398,-0.181177,0.444477
5922,-0.293943,-1.426386,-0.181177,-1.144329
5923,-0.293943,-1.426386,-0.181177,0.444477
5924,-0.287075,-1.224398,-0.181177,-2.733136
5925,-0.287075,-1.224398,-0.181177,-1.144329
5926,-0.293943,-0.719428,-0.181177,0.444477
5927,-0.293943,-0.719428,-0.181177,0.444477
5928,-0.280207,-1.224398,-0.181177,0.444477
5929,-0.280207,-1.224398,-0.181177,2.033284
5930,-0.280207,-1.426386,-0.181177,-1.144329
5931,-0.280207,-1.426386,-0.181177,-1.144329
5932,-0.287075,-1.52738,-0.181177,0.444477
5933,-0.287075,-1.52738,-0.181177,0.444477
5934,-0.287075,-1.325392,-0.181177,0.444477
5935,-0.287075,-1.325392,-0.181177,0.444477
5936,-0.280207,-1.426386,-0.181177,0.444477
5937,-0.280207,-1.426386,-0.181177,0.444477
5938,-0.287075,-1.123404,-0.181177,0.444477
5939,-0.287075,-1.123404,-0.181177,-1.144329
5940,-0.293943,-1.426386,-0.181177,-1.144329
5941,-0.293943,-1.426386,-0.181177,-1.144329
5942,-0.273338,-1.224398,-0.181177,-1.144329
5943,-0.273338,-1.224398,-0.181177,-1.144329
5944,-0.280207,-1.224398,-0.181177,0.444477
5945,-0.280207,-1.224398,-0.181177,2.033284
5946,-0.293943,-1.224398,0.220955,-1.144329
5947,-0.293943,-1.224398,0.220955,0.444477
5948,-0.280207,-1.224398,0.220955,-1.144329
5949,-0.280207,-1.224398,0.220955,0.444477
5950,-0.280207,-1.628375,0.220955,2.033284
5951,-0.280207,-1.628375,0.220955,-1.144329
5952,-0.280207,-1.123404,-0.181177,0.444477
5953,-0.280207,-1.123404,-0.181177,0.444477
5954,-0.293943,-1.224398,-0.181177,0.444477
5955,-0.293943,-1.224398,-0.181177,-1.144329
5956,-0.293943,-1.224398,-0.583309,0.444477
5957,-0.293943,-1.325392,-0.583309,0.444477
5958,-0.280207,-1.426386,-0.181177,-1.144329
5959,-0.280207,-1.426386,-0.181177,0.444477
5960,-0.287075,-1.52738,-0.181177,-2.733136
5961,-0.287075,-1.52738,-0.181177,-1.144329
5962,-0.287075,-1.628375,-0.181177,0.444477
5963,-0.287075,-1.628375,-0.181177,0.444477
5964,-0.273338,-1.52738,0.220955,0.444477
5965,-0.273338,-1.52738,0.220955,2.033284
5966,-0.280207,-1.830363,0.220955,-1.144329
5967,-0.280207,-1.830363,0.220955,-1.144329
5968,-0.287075,-1.325392,0.220955,0.444477
5969,-0.287075,-1.325392,0.220955,0.444477
5970,-0.30768,-1.325392,-0.181177,0.444477
5971,-0.30768,-1.325392,-0.181177,0.444477
5972,-0.300812,-1.123404,-0.181177,0.444477
5973,-0.300812,-1.123404,-0.181177,0.444477
5974,-0.293943,-0.921416,-0.181177,0.444477
5975,-0.293943,-0.921416,-0.181177,-1.144329
5976,-0.30768,-1.325392,-0.181177,-1.144329
5977,-0.30768,-1.325392,-0.181177,-1.144329
5978,-0.287075,-1.224398,-0.181177,-1.144329
5979,-0.287075,-1.224398,-0.181177,-1.144329
5980,-0.280207,-1.52738,0.220955,0.444477
5981,-0.280207,-1.52738,0.220955,2.033284
5982,-0.287075,-1.325392,0.220955,-1.144329
5983,-0.287075,-1.325392,0.220955,0.444477
5984,-0.287075,-1.52738,0.220955,-1.144329
5985,-0.287075,-1.52738,0.220955,0.444477
5986,-0.293943,-1.628375,-0.181177,2.033284
5987,-0.293943,-1.628375,-0.181177,-1.144329
5988,-0.293943,-1.325392,-0.181177,0.444477
5989,-0.293943,-1.325392,-0.181177,0.444477
5990,-0.287075,-1.325392,-0.181177,0.444477
5991,-0.287075,-1.325392,-0.181177,0.444477
5992,-0.293943,-1.02241,-0.181177,0.444477
5993,-0.293943,-1.02241,-0.181177,0.444477
5994,-0.280207,-1.02241,0.220955,0.444477
5995,-0.280207,-1.02241,0.220955,-1.144329
5996,-0.280207,-1.325392,0.220955,-1.144329
5997,-0.280207,-1.325392,0.220955,0.444477
5998,-0.280207,-1.123404,0.220955,-1.144329
5999,-0.280207,-1.123404,0.220955,2.033284
6000,-0.293943,-1.426386,-0.181177,0.444477
6001,-0.293943,-1.426386,-0.181177,0.444477
6002,-0.280207,-1.325392,-0.181177,0.444477
6003,-0.280207,-1.325392,-0.181177,0.444477
6004,-0.287075,-0.921416,-0.181177,0.444477
6005,-0.287075,-0.921416,-0.181177,0.444477
6006,-0.300812,-1.325392,-0.181177,0.444477
6007,-0.300812,-1.325392,-0.181177,0.444477
6008,-0.280207,-1.02241,-0.181177,0.444477
6009,-0.280207,-1.02241,-0.181177,-1.144329
6010,-0.287075,-1.123404,-0.181177,-1.144329
6011,-0.287075,-1.123404,-0.181177,0.444477
6012,-0.287075,-1.224398,-0.181177,-1.144329
6013,-0.287075,-1.224398,-0.181177,2.033284
6014,-0.287075,-1.325392,-0.181177,0.444477
6015,-0.287075,-1.325392,-0.181177,0.444477
6016,-0.293943,-1.123404,-0.583309,0.444477
6017,-0.293943,-1.123404,-0.583309,0.444477
6018,-0.293943,-1.02241,-0.181177,0.444477
6019,-0.293943,-1.02241,-0.181177,-1.144329
6020,-0.287075,-0.921416,-0.181177,0.444477
6021,-0.287075,-0.921416,-0.181177,0.444477
6022,-0.293943,-1.123404,0.220955,-1.144329
6023,-0.293943,-1.123404,0.220955,0.444477
6024,-0.287075,-1.02241,0.220955,-2.733136
6025,-0.287075,-1.02241,0.220955,-1.144329
6026,-0.293943,-0.618433,0.220955,0.444477
6027,-0.293943,-0.618433,0.220955,0.444477
6028,-0.300812,-1.123404,-0.181177,0.444477
6029,-0.300812,-1.123404,-0.181177,2.033284
6030,-0.300812,-0.921416,-0.583309,-1.144329
6031,-0.300812,-0.921416,-0.583309,-1.144329
6032,-0.300812,-1.52738,-0.181177,0.444477
6033,-0.300812,-1.52738,-0.181177,0.444477
6034,-0.30768,-1.224398,-0.181177,0.444477
6035,-0.30768,-1.224398,-0.181177,0.444477
6036,-0.287075,-1.628375,-0.181177,0.444477
6037,-0.287075,-1.628375,-0.181177,0.444477
6038,-0.287075,-1.123404,0.220955,0.444477
6039,-0.287075,-1.123404,0.220955,-1.144329
6040,-0.300812,-1.830363,0.220955,-1.144329
6041,-0.300812,-1.830363,0.220955,-1.144329
6042,-0.280207,-1.628375,0.220955,-1.144329
6043,-0.280207,-1.628375,0.220955,-1.144329
6044,-0.300812,-1.52738,-0.181177,0.444477
6045,-0.300812,-1.52738,-0.181177,2.033284
6046,-0.314549,-1.325392,-0.181177,-1.144329
6047,-0.314549,-1.325392,-0.181177,0.444477
6048,-0.293943,-1.426386,-0.181177,-1.144329
6049,-0.293943,-1.426386,-0.181177,0.444477
6050,-0.300812,-1.729369,-0.181177,2.033284
6051,-0.300812,-1.729369,-0.181177,-1.144329
6052,-0.293943,-1.52738,-0.181177,0.444477
6053,-0.293943,-1.52738,-0.181177,0.444477
6054,-0.293943,-1.628375,0.220955,0.444477
6055,-0.293943,-1.628375,0.220955,-1.144329
6056,-0.280207,-1.729369,0.220955,0.444477
6057,-0.280207,-1.729369,0.220955,0.444477
6058,-0.280207,-1.224398,0.220955,-1.144329
6059,-0.280207,-1.224398,0.220955,0.444477
6060,-0.30768,-1.325392,0.220955,-2.733136
6061,-0.30768,-1.325392,0.220955,-1.144329
6062,-0.300812,-1.02241,-0.181177,0.444477
6063,-0.300812,-1.02241,-0.181177,0.444477
6064,-0.314549,-1.123404,-0.583309,0.444477
6065,-0.314549,-1.123404,-0.583309,2.033284
6066,-0.293943,-1.224398,-0.181177,-1.144329
6067,-0.293943,-1.224398,-0.181177,-1.144329
6068,-0.293943,-0.719428,-0.181177,0.444477
6069,-0.293943,-0.719428,-0.181177,0.444477
6070,-0.300812,-0.921416,0.220955,0.444477
6071,-0.300812,-0.921416,0.220955,0.444477
6072,-0.280207,-1.52738,0.220955,0.444477
6073,-0.280207,-1.52738,0.220955,0.444477
6074,-0.287075,-1.224398,0.220955,0.444477
6075,-0.287075,-1.224398,0.220955,-1.144329
6076,-0.287075,-1.426386,0.220955,-1.144329
6077,-0.287075,-1.426386,0.220955,-1.144329
6078,-0.328286,-1.123404,-0.181177,-1.144329
6079,-0.328286,-1.123404,-0.181177,-1.144329
6080,-0.300812,-1.224398,-0.181177,0.444477
6081,-0.300812,-1.224398,-0.181177,2.033284
6082,-0.30768,-1.325392,-0.181177,-1.144329
6083,-0.30768,-1.325392,-0.181177,0.444477
6084,-0.300812,-1.224398,-0.181177,-1.144329
6085,-0.300812,-1.224398,-0.181177,0.444477
6086,-0.280207,-1.325392,-0.181177,2.033284
6087,-0.280207,-1.325392,-0.181177,-1.144329
6088,-0.293943,-1.325392,0.220955,0.444477
6089,-0.293943,-1.325392,0.220955,0.444477
6090,-0.293943,-0.921416,-0.181177,0.444477
6091,-0.293943,-0.921416,-0.181177,0.444477
6092,-0.287075,-1.426386,-0.181177,0.444477
6093,-0.287075,-1.426386,-0.181177,0.444477
6094,-0.293943,-1.224398,-0.181177,0.444477
6095,-0.293943,-1.224398,-0.181177,-1.144329
6096,-0.30768,-1.224398,-0.181177,-1.144329
6097,-0.30768,-1.224398,-0.181177,0.444477
6098,-0.30768,-1.123404,-0.181177,-1.144329
6099,-0.30768,-1.123404,-0.181177,2.033284
6100,-0.300812,-0.820422,-0.181177,0.444477
6101,-0.300812,-0.820422,-0.181177,0.444477
6102,-0.300812,-1.02241,-0.181177,0.444477
6103,-0.300812,-1.02241,-0.181177,0.444477
6104,-0.293943,-1.224398,0.220955,0.444477
6105,-0.293943,-1.224398,0.220955,0.444477
6106,-0.287075,-1.628375,0.220955,0.444477
6107,-0.287075,-1.628375,0.220955,0.444477
6108,-0.30768,-1.628375,-0.181177,0.444477
6109,-0.30768,-1.628375,-0.181177,-1.144329
6110,-0.293943,-1.02241,-0.181177,-1.144329
6111,-0.293943,-1.02241,-0.181177,0.444477
6112,-0.300812,-1.02241,-0.181177,-1.144329
6113,-0.300812,-1.02241,-0.181177,2.033284
6114,-0.293943,-1.628375,-0.181177,0.444477
6115,-0.293943,-1.628375,-0.181177,0.444477
6116,-0.287075,-1.123404,-0.181177,0.444477
6117,-0.287075,-1.123404,-0.181177,0.444477
6118,-0.293943,-1.426386,-0.181177,0.444477
6119,-0.293943,-1.426386,-0.181177,-1.144329
6120,-0.287075,-1.325392,-0.181177,0.444477
6121,-0.287075,-1.325392,-0.181177,0.444477
6122,-0.287075,-1.224398,-0.181177,-1.144329
6123,-0.287075,-1.224398,-0.181177,0.444477
6124,-0.314549,-1.628375,-0.181177,-2.733136
6125,-0.314549,-1.628375,-0.181177,-1.144329
6126,-0.293943,-1.123404,-0.181177,0.444477
6127,-0.293943,-1.123404,-0.181177,0.444477
6128,-0.287075,-1.123404,-0.181177,0.444477
6129,-0.287075,-1.123404,-0.181177,2.033284
6130,-0.287075,-1.224398,-0.181177,-1.144329
6131,-0.287075,-1.224398,-0.181177,-1.144329
6132,-0.300812,-1.02241,-0.181177,0.444477
6133,-0.300812,-1.02241,-0.181177,0.444477
6134,-0.30768,-1.224398,-0.181177,0.444477
6135,-0.30768,-1.224398,-0.181177,0.444477
6136,-0.293943,-0.719428,-0.181177,0.444477
6137,-0.293943,-0.719428,-0.181177,0.444477
6138,-0.30768,-0.315451,-0.181177,0.444477
6139,-0.30768,-0.315451,-0.181177,0.444477
6140,-0.300812,-0.618433,-0.181177,-1.144329
6141,-0.300812,-0.618433,-0.181177,-1.144329
6142,-0.287075,-0.719428,-0.181177,-1.144329
6143,-0.287075,-0.719428,-0.181177,-1.144329
6144,-0.287075,-0.719428,-0.181177,0.444477
6145,-0.287075,-0.719428,-0.181177,2.033284
6146,-0.300812,-0.113463,-0.181177,-1.144329
6147,-0.300812,-0.113463,-0.181177,0.444477
6148,-0.287075,-0.416445,-0.181177,-1.144329
6149,-0.287075,-0.416445,-0.181177,0.444477
6150,-0.300812,-0.517439,-0.181177,2.033284
6151,-0.300812,-0.517439,-0.181177,-1.144329
6152,-0.293943,-0.416445,-0.181177,0.444477
6153,-0.293943,-0.416445,-0.181177,0.444477
6154,-0.293943,-0.517439,-0.181177,0.444477
6155,-0.293943,-0.517439,-0.181177,0.444477
6156,-0.293943,-0.315451,-0.181177,0.444477
6157,-0.293943,-0.315451,-0.181177,0.444477
6158,-0.300812,-0.517439,0.220955,0.444477
6159,-0.300812,-0.517439,0.220955,-1.144329
6160,-0.293943,-0.012469,-0.181177,-1.144329
6161,-0.293943,-0.012469,-0.181177,0.444477
6162,-0.30768,-0.113463,-0.181177,-1.144329
6163,-0.30768,-0.113463,-0.181177,2.033284
6164,-0.300812,-0.113463,-0.181177,0.444477
6165,-0.300812,-0.113463,-0.181177,0.444477
6166,-0.300812,0.088525,-0.181177,0.444477
6167,-0.300812,0.088525,-0.181177,0.444477
6168,-0.300812,-0.416445,-0.181177,0.444477
6169,-0.300812,-0.416445,-0.181177,0.444477
6170,-0.293943,-0.012469,-0.181177,0.444477
6171,-0.293943,-0.012469,-0.181177,0.444477
6172,-0.300812,-0.113463,-0.181177,0.444477
6173,-0.300812,-0.113463,-0.181177,-1.144329
6174,-0.293943,-0.012469,-0.181177,-1.144329
6175,-0.293943,-0.012469,-0.181177,0.444477
6176,-0.321417,-0.113463,-0.181177,-1.144329
6177,-0.321417,-0.113463,-0.181177,2.033284
6178,-0.314549,0.290513,-0.181177,0.444477
6179,-0.314549,0.290513,-0.181177,0.444477
6180,-0.30768,0.088525,-0.181177,0.444477
6181,-0.30768,0.088525,-0.181177,0.444477
6182,-0.314549,-0.012469,-0.181177,0.444477
6183,-0.314549,-0.012469,-0.181177,-1.144329
6184,-0.314549,0.189519,-0.181177,0.444477
6185,-0.314549,0.189519,-0.181177,0.444477
6186,-0.30768,-0.315451,-0.181177,0.444477
6187,-0.30768,-0.315451,-0.181177,0.444477
6188,-0.314549,-0.113463,-0.181177,-2.733136
6189,-0.314549,-0.113463,-0.181177,-1.144329
6190,-0.321417,-0.012469,-0.181177,0.444477
6191,-0.321417,-0.012469,-0.181177,0.444477
6192,-0.321417,-0.416445,-0.181177,0.444477
6193,-0.321417,-0.416445,-0.181177,0.444477
6194,-0.314549,-0.416445,0.220955,-1.144329
6195,-0.314549,-0.416445,0.220955,0.444477
6196,-0.314549,0.189519,-0.181177,0.444477
6197,-0.314549,0.189519,-0.181177,-1.144329
6198,-0.314549,-0.113463,-0.181177,0.444477
6199,-0.314549,-0.113463,-0.181177,-2.733136
6200,-0.321417,0.290513,-0.181177,-1.144329
6201,-0.321417,0.290513,-0.181177,0.444477
6202,-0.321417,0.189519,-0.181177,0.444477
6203,-0.321417,0.189519,-0.181177,0.444477
6204,-0.321417,0.290513,-0.181177,2.033284
6205,-0.321417,0.290513,-0.181177,-1.144329
6206,-0.321417,-0.012469,-0.181177,-1.144329
6207,-0.321417,-0.012469,-0.181177,0.444477
6208,-0.314549,0.189519,-0.181177,0.444477
6209,-0.314549,0.189519,-0.181177,0.444477
6210,-0.321417,0.088525,0.220955,0.444477
6211,-0.321417,0.088525,0.220955,0.444477
6212,-0.328286,-0.012469,-0.181177,0.444477
6213,-0.328286,-0.012469,-0.181177,0.444477
6214,-0.328286,0.088525,0.220955,-1.144329
6215,-0.328286,0.088525,0.220955,-1.144329
6216,-0.328286,0.189519,-0.181177,-1.144329
6217,-0.328286,0.189519,-0.181177,-1.144329
6218,-0.335154,0.290513,-0.181177,-1.144329
6219,-0.335154,0.290513,-0.181177,0.444477
6220,-0.300812,0.593496,-0.181177,2.033284
6221,-0.300812,0.593496,-0.181177,-1.144329
6222,-0.293943,0.290513,-0.181177,0.444477
6223,-0.293943,0.290513,-0.181177,-1.144329
6224,-0.300812,0.290513,-0.181177,0.444477
6225,-0.300812,0.290513,-0.181177,2.033284
6226,-0.30768,-0.012469,-0.181177,-1.144329
6227,-0.30768,-0.012469,-0.181177,0.444477
6228,-0.287075,0.189519,0.220955,0.444477
6229,-0.287075,0.189519,0.220955,0.444477
6230,-0.300812,0.290513,-0.181177,-1.144329
6231,-0.300812,0.290513,-0.181177,0.444477
6232,-0.300812,0.391508,-0.181177,0.444477
6233,-0.300812,0.391508,-0.181177,-1.144329
6234,-0.30768,0.492502,-0.181177,0.444477
6235,-0.30768,0.492502,-0.181177,-2.733136
6236,-0.300812,0.391508,-0.181177,-1.144329
6237,-0.300812,0.391508,-0.181177,0.444477
6238,-0.300812,0.088525,-0.181177,0.444477
6239,-0.300812,0.088525,-0.181177,0.444477
6240,-0.293943,0.290513,-0.181177,2.033284
6241,-0.293943,0.290513,-0.181177,-1.144329
6242,-0.300812,0.189519,0.220955,-1.144329
6243,-0.300812,0.189519,0.220955,0.444477
6244,-0.300812,0.189519,0.220955,0.444477
6245,-0.300812,0.189519,0.220955,0.444477
6246,-0.314549,0.391508,-0.181177,0.444477
6247,-0.314549,0.391508,-0.181177,0.444477
6248,-0.314549,0.492502,-0.181177,0.444477
6249,-0.314549,0.492502,-0.181177,0.444477
6250,-0.314549,0.088525,-0.181177,-1.144329
6251,-0.314549,0.088525,-0.181177,-1.144329
6252,-0.314549,0.189519,-0.181177,-1.144329
6253,-0.314549,0.189519,-0.181177,-1.144329
6254,-0.300812,0.69449,-0.181177,-1.144329
6255,-0.300812,0.69449,-0.181177,0.444477
6256,-0.30768,0.088525,0.220955,2.033284
6257,-0.30768,0.088525,0.220955,-1.144329
6258,-0.300812,0.391508,0.220955,0.444477
6259,-0.300812,0.391508,0.220955,-1.144329
6260,-0.30768,0.492502,0.220955,0.444477
6261,-0.30768,0.492502,0.220955,2.033284
6262,-0.328286,0.189519,-0.181177,-1.144329
6263,-0.328286,0.189519,-0.181177,0.444477
6264,-0.314549,0.290513,-0.181177,0.444477
6265,-0.314549,0.290513,-0.181177,0.444477
6266,-0.321417,0.189519,-0.181177,0.444477
6267,-0.321417,0.189519,-0.181177,0.444477
6268,-0.314549,0.088525,-0.181177,0.444477
6269,-0.314549,0.088525,-0.181177,0.444477
6270,-0.314549,0.189519,0.220955,-1.144329
6271,-0.314549,0.189519,0.220955,-1.144329
6272,-0.300812,-0.012469,0.220955,0.444477
6273,-0.300812,-0.012469,0.220955,-1.144329
6274,-0.314549,0.290513,0.220955,2.033284
6275,-0.314549,0.290513,0.220955,0.444477
6276,-0.300812,0.290513,-0.181177,0.444477
6277,-0.300812,0.290513,-0.181177,0.444477
6278,-0.321417,0.391508,-0.181177,0.444477
6279,-0.321417,0.391508,-0.181177,0.444477
6280,-0.321417,0.290513,-0.181177,0.444477
6281,-0.321417,0.290513,-0.181177,0.444477
6282,-0.314549,0.492502,-0.583309,0.444477
6283,-0.314549,0.492502,-0.583309,0.444477
6284,-0.314549,0.290513,-0.181177,-1.144329
6285,-0.314549,0.290513,-0.181177,-1.144329
6286,-0.30768,0.391508,0.220955,0.444477
6287,-0.30768,0.391508,0.220955,-1.144329
6288,-0.30768,0.290513,0.220955,2.033284
6289,-0.30768,0.290513,0.220955,0.444477
6290,-0.328286,0.391508,0.220955,0.444477
6291,-0.328286,0.391508,0.220955,0.444477
6292,-0.321417,0.088525,-0.181177,0.444477
6293,-0.321417,0.088525,-0.181177,0.444477
6294,-0.314549,-0.012469,-0.181177,-1.144329
6295,-0.314549,-0.012469,-0.181177,0.444477
6296,-0.321417,0.492502,-0.181177,0.444477
6297,-0.321417,0.492502,-0.181177,-1.144329
6298,-0.321417,0.391508,-0.181177,0.444477
6299,-0.321417,0.391508,-0.181177,-2.733136
6300,-0.314549,0.189519,-0.181177,-1.144329
6301,-0.314549,0.189519,-0.181177,0.444477
6302,-0.328286,0.290513,0.220955,0.444477
6303,-0.328286,0.290513,0.220955,0.444477
6304,-0.314549,0.189519,0.220955,2.033284
6305,-0.314549,0.189519,0.220955,-1.144329
6306,-0.30768,0.189519,-0.181177,-1.144329
6307,-0.30768,0.189519,-0.181177,0.444477
6308,-0.314549,0.391508,-0.181177,0.444477
6309,-0.314549,0.391508,-0.181177,0.444477
6310,-0.328286,0.391508,-0.181177,0.444477
6311,-0.328286,0.391508,-0.181177,0.444477
6312,-0.321417,0.088525,-0.181177,0.444477
6313,-0.321417,0.088525,-0.181177,0.444477
6314,-0.314549,0.189519,-0.181177,-1.144329
6315,-0.314549,0.189519,-0.181177,-1.144329
6316,-0.321417,0.189519,-0.181177,-1.144329
6317,-0.321417,0.189519,-0.181177,-1.144329
6318,-0.314549,-0.012469,0.220955,-1.144329
6319,-0.314549,-0.012469,0.220955,0.444477
6320,-0.314549,0.290513,0.220955,2.033284
6321,-0.314549,0.290513,0.220955,-1.144329
6322,-0.30768,-0.113463,0.220955,0.444477
6323,-0.30768,-0.113463,0.220955,-1.144329
6324,-0.314549,0.189519,-0.181177,0.444477
6325,-0.314549,0.189519,-0.181177,2.033284
6326,-0.328286,-0.113463,-0.181177,-1.144329
6327,-0.328286,-0.113463,-0.181177,0.444477
6328,-0.321417,0.290513,-0.181177,0.444477
6329,-0.321417,0.290513,-0.181177,0.444477
6330,-0.314549,0.391508,-0.181177,0.444477
6331,-0.314549,0.391508,-0.181177,0.444477
6332,-0.30768,0.593496,-0.181177,0.444477
6333,-0.30768,0.593496,-0.181177,0.444477
6334,-0.314549,0.290513,-0.181177,-1.144329
6335,-0.314549,0.290513,-0.181177,-1.144329
6336,-0.300812,0.290513,-0.181177,0.444477
6337,-0.300812,0.290513,-0.181177,-1.144329
6338,-0.30768,0.189519,-0.181177,2.033284
6339,-0.30768,0.189519,-0.181177,0.444477
6340,-0.314549,0.088525,-0.181177,0.444477
6341,-0.314549,0.088525,-0.181177,0.444477
6342,-0.30768,0.290513,-0.181177,0.444477
6343,-0.30768,0.290513,-0.181177,0.444477
6344,-0.321417,0.290513,-0.181177,-1.144329
6345,-0.321417,0.290513,-0.181177,0.444477
6346,-0.30768,-0.012469,-0.181177,0.444477
6347,-0.30768,-0.012469,-0.181177,-1.144329
6348,-0.314549,0.088525,-0.181177,0.444477
6349,-0.314549,0.088525,-0.181177,-2.733136
6350,-0.314549,0.189519,0.220955,-1.144329
6351,-0.314549,0.189519,0.220955,0.444477
6352,-0.314549,0.593496,0.220955,0.444477
6353,-0.314549,0.593496,0.220955,0.444477
6354,-0.314549,0.088525,-0.181177,2.033284
6355,-0.314549,0.088525,-0.181177,-1.144329
6356,-0.321417,0.290513,-0.181177,-1.144329
6357,-0.321417,0.290513,-0.181177,0.444477
6358,-0.328286,0.391508,-0.181177,0.444477
6359,-0.328286,0.391508,-0.181177,0.444477
6360,-0.321417,0.189519,-0.181177,0.444477
6361,-0.321417,0.189519,-0.181177,0.444477
6362,-0.328286,0.189519,-0.181177,0.444477
6363,-0.328286,0.189519,-0.181177,0.444477
6364,-0.30768,0.391508,-0.181177,-1.144329
6365,-0.30768,0.391508,-0.181177,-1.144329
6366,-0.321417,0.189519,-0.181177,-1.144329
6367,-0.321417,0.189519,-0.181177,-1.144329
6368,-0.321417,0.189519,-0.181177,-1.144329
6369,-0.321417,0.189519,-0.181177,0.444477
6370,-0.30768,0.088525,-0.181177,2.033284
6371,-0.30768,0.088525,-0.181177,-1.144329
6372,-0.321417,0.391508,-0.181177,0.444477
6373,-0.321417,0.391508,-0.181177,-1.144329
6374,-0.328286,-0.012469,-0.181177,0.444477
6375,-0.328286,-0.012469,-0.181177,2.033284
6376,-0.328286,0.290513,-0.181177,-1.144329
6377,-0.328286,0.290513,-0.181177,0.444477
6378,-0.321417,0.088525,-0.181177,0.444477
6379,-0.321417,0.088525,-0.181177,0.444477
6380,-0.321417,0.391508,-0.181177,0.444477
6381,-0.321417,0.391508,-0.181177,0.444477
6382,-0.314549,0.189519,-0.181177,0.444477
6383,-0.314549,0.189519,-0.181177,0.444477
6384,-0.314549,0.088525,-0.181177,-1.144329
6385,-0.314549,0.088525,-0.181177,-1.144329
6386,-0.328286,0.593496,0.220955,0.444477
6387,-0.328286,0.593496,0.220955,-1.144329
6388,-0.321417,-0.012469,0.220955,2.033284
6389,-0.321417,-0.012469,0.220955,0.444477
6390,-0.328286,0.290513,-0.181177,0.444477
6391,-0.328286,0.290513,-0.181177,0.444477
6392,-0.328286,0.391508,-0.181177,-1.144329
6393,-0.328286,0.391508,-0.181177,0.444477
6394,-0.321417,0.391508,-0.181177,0.444477
6395,-0.321417,0.391508,-0.181177,-1.144329
6396,-0.328286,0.391508,-0.181177,0.444477
6397,-0.328286,0.391508,-0.181177,-2.733136
6398,-0.321417,0.189519,-0.181177,-1.144329
6399,-0.321417,0.189519,-0.181177,0.444477
6400,-0.328286,0.69449,-0.181177,0.444477
6401,-0.328286,0.69449,-0.181177,0.444477
6402,-0.321417,0.189519,-0.181177,2.033284
6403,-0.321417,0.189519,-0.181177,-1.144329
6404,-0.321417,0.290513,0.220955,-1.144329
6405,-0.321417,0.290513,0.220955,0.444477
6406,-0.321417,0.088525,0.220955,0.444477
6407,-0.321417,0.088525,0.220955,0.444477
6408,-0.314549,0.088525,-0.181177,0.444477
6409,-0.314549,0.088525,-0.181177,0.444477
6410,-0.321417,0.189519,-0.181177,0.444477
6411,-0.321417,0.189519,-0.181177,0.444477
6412,-0.321417,0.290513,0.220955,-1.144329
6413,-0.321417,0.290513,0.220955,-1.144329
6414,-0.293943,-1.426386,-0.181177,0.444477
6415,-0.293943,-1.426386,-0.181177,-1.144329
6416,-0.287075,-1.325392,-0.181177,0.444477
6417,-0.287075,-1.325392,-0.181177,0.444477
6418,-0.287075,-1.224398,-0.181177,-1.144329
6419,-0.287075,-1.224398,-0.181177,0.444477
6420,-0.314549,-1.628375,-0.181177,-2.733136
6421,-0.314549,-1.628375,-0.181177,-1.144329
6422,-0.293943,-1.123404,-0.181177,0.444477
6423,-0.293943,-1.123404,-0.181177,0.444477
6424,-0.287075,-1.123404,-0.181177,0.444477
6425,-0.287075,-1.123404,-0.181177,2.033284
6426,-0.287075,-1.224398,-0.181177,-1.144329
6427,-0.287075,-1.224398,-0.181177,-1.144329
6428,-0.300812,-1.02241,-0.181177,0.444477
6429,-0.300812,-1.02241,-0.181177,0.444477
6430,-0.30768,-1.224398,-0.181177,0.444477
6431,-0.30768,-1.224398,-0.181177,0.444477
6432,-0.293943,-0.719428,-0.181177,0.444477
6433,-0.293943,-0.719428,-0.181177,0.444477
6434,-0.30768,-0.315451,-0.181177,0.444477
6435,-0.30768,-0.315451,-0.181177,-1.144329
6436,-0.300812,-0.618433,-0.181177,-1.144329
6437,-0.300812,-0.618433,-0.181177,-1.144329
6438,-0.287075,-0.719428,-0.181177,-1.144329
6439,-0.287075,-0.719428,-0.181177,-1.144329
6440,-0.287075,-0.719428,-0.181177,0.444477
6441,-0.287075,-0.719428,-0.181177,2.033284
6442,-0.300812,-0.113463,-0.181177,-1.144329
6443,-0.300812,-0.113463,-0.181177,0.444477
6444,-0.287075,-0.416445,-0.181177,-1.144329
6445,-0.287075,-0.416445,-0.181177,0.444477
6446,-0.300812,-0.517439,-0.181177,2.033284
6447,-0.300812,-0.517439,-0.181177,-1.144329
6448,-0.293943,-0.416445,-0.181177,0.444477
6449,-0.293943,-0.416445,-0.181177,0.444477
6450,-0.293943,-0.517439,-0.181177,0.444477
6451,-0.293943,-0.517439,-0.181177,0.444477
6452,-0.293943,-0.315451,-0.181177,0.444477
6453,-0.293943,-0.315451,-0.181177,0.444477
6454,-0.300812,-0.517439,0.220955,0.444477
6455,-0.300812,-0.517439,0.220955,-1.144329
6456,-0.293943,-0.012469,-0.181177,-1.144329
6457,-0.293943,-0.012469,-0.181177,0.444477
6458,-0.30768,-0.113463,-0.181177,-1.144329
6459,-0.30768,-0.113463,-0.181177,2.033284
6460,-0.300812,-0.113463,-0.181177,0.444477
6461,-0.300812,-0.113463,-0.181177,0.444477
6462,-0.300812,0.088525,-0.181177,0.444477
6463,-0.300812,0.088525,-0.181177,0.444477
6464,-0.300812,-0.416445,-0.181177,0.444477
6465,-0.300812,-0.416445,-0.181177,0.444477
6466,-0.293943,-0.012469,-0.181177,0.444477
6467,-0.293943,-0.012469,-0.181177,0.444477
6468,-0.300812,-0.113463,-0.181177,0.444477
6469,-0.300812,-0.113463,-0.181177,-1.144329
6470,-0.293943,-0.012469,-0.181177,-1.144329
6471,-0.293943,-0.012469,-0.181177,0.444477
6472,-0.321417,-0.113463,-0.181177,-1.144329
6473,-0.321417,-0.113463,-0.181177,2.033284
6474,-0.314549,0.290513,-0.181177,0.444477
6475,-0.314549,0.290513,-0.181177,0.444477
6476,-0.30768,0.088525,-0.181177,0.444477
6477,-0.30768,0.088525,-0.181177,0.444477
6478,-0.314549,-0.012469,-0.181177,0.444477
6479,-0.314549,-0.012469,-0.181177,-1.144329
6480,-0.314549,0.189519,-0.181177,0.444477
6481,-0.314549,0.189519,-0.181177,0.444477
6482,-0.30768,-0.315451,-0.181177,-1.144329
6483,-0.30768,-0.315451,-0.181177,0.444477
6484,-0.314549,-0.113463,-0.181177,-2.733136
6485,-0.314549,-0.113463,-0.181177,-1.144329
6486,-0.321417,-0.012469,-0.181177,0.444477
6487,-0.321417,-0.012469,-0.181177,0.444477
6488,-0.321417,-0.416445,-0.181177,0.444477
6489,-0.321417,-0.416445,-0.181177,0.444477
6490,-0.314549,-0.416445,0.220955,-1.144329
6491,-0.314549,-0.416445,0.220955,0.444477
6492,-0.314549,0.189519,-0.181177,0.444477
6493,-0.314549,0.189519,-0.181177,-1.144329
6494,-0.314549,-0.113463,-0.181177,0.444477
6495,-0.314549,-0.113463,-0.181177,-2.733136
6496,-0.321417,0.290513,-0.181177,-1.144329
6497,-0.321417,0.290513,-0.181177,0.444477
6498,-0.321417,0.189519,-0.181177,0.444477
6499,-0.321417,0.189519,-0.181177,0.444477
6500,-0.321417,0.290513,-0.181177,2.033284
6501,-0.321417,0.290513,-0.181177,-1.144329
6502,-0.321417,-0.012469,-0.181177,-1.144329
6503,-0.321417,-0.012469,-0.181177,0.444477
6504,-0.314549,0.189519,-0.181177,0.444477
6505,-0.314549,0.189519,-0.181177,0.444477
6506,-0.321417,0.088525,0.220955,0.444477
6507,-0.321417,0.088525,0.220955,0.444477
6508,-0.328286,-0.012469,-0.181177,0.444477
6509,-0.328286,-0.012469,-0.181177,0.444477
6510,-0.328286,0.088525,0.220955,-1.144329
6511,-0.328286,0.088525,0.220955,-1.144329
6512,-0.328286,0.189519,-0.181177,-1.144329
6513,-0.328286,0.189519,-0.181177,-1.144329
6514,-0.335154,0.290513,-0.181177,-1.144329
6515,-0.335154,0.290513,-0.181177,0.444477
6516,-0.300812,0.593496,-0.181177,2.033284
6517,-0.300812,0.593496,-0.181177,-1.144329
6518,-0.293943,0.290513,-0.181177,0.444477
6519,-0.293943,0.290513,-0.181177,-1.144329
6520,-0.300812,0.290513,-0.181177,0.444477
6521,-0.300812,0.290513,-0.181177,2.033284
6522,-0.30768,-0.012469,-0.181177,-1.144329
6523,-0.30768,-0.012469,-0.181177,0.444477
6524,-0.287075,0.189519,0.220955,0.444477
6525,-0.287075,0.189519,0.220955,0.444477
6526,-0.300812,0.290513,-0.181177,-1.144329
6527,-0.300812,0.290513,-0.181177,0.444477
6528,-0.300812,0.391508,-0.181177,0.444477
6529,-0.300812,0.391508,-0.181177,-1.144329
6530,-0.30768,0.492502,-0.181177,0.444477
6531,-0.30768,0.492502,-0.181177,-2.733136
6532,-0.300812,0.391508,-0.181177,-1.144329
6533,-0.300812,0.391508,-0.181177,0.444477
6534,-0.300812,0.088525,-0.181177,0.444477
6535,-0.300812,0.088525,-0.181177,0.444477
6536,-0.293943,0.290513,-0.181177,2.033284
6537,-0.293943,0.290513,-0.181177,-1.144329
6538,-0.300812,0.189519,0.220955,-1.144329
6539,-0.300812,0.189519,0.220955,0.444477
6540,-0.300812,0.189519,0.220955,0.444477
6541,-0.300812,0.189519,0.220955,0.444477
6542,-0.314549,0.391508,-0.181177,0.444477
6543,-0.314549,0.391508,-0.181177,0.444477
6544,-0.314549,0.492502,-0.181177,0.444477
6545,-0.314549,0.492502,-0.181177,0.444477
6546,-0.314549,0.088525,-0.181177,-1.144329
6547,-0.314549,0.088525,-0.181177,-1.144329
6548,-0.314549,0.189519,-0.181177,-1.144329
6549,-0.314549,0.189519,-0.181177,-1.144329
6550,-0.300812,0.69449,-0.181177,-1.144329
6551,-0.300812,0.69449,-0.181177,0.444477
6552,-0.30768,0.088525,0.220955,2.033284
6553,-0.30768,0.088525,0.220955,-1.144329
6554,-0.300812,0.391508,0.220955,0.444477
6555,-0.300812,0.391508,0.220955,-1.144329
6556,-0.30768,0.492502,0.220955,0.444477
6557,-0.30768,0.492502,0.220955,2.033284
6558,-0.328286,0.189519,-0.181177,-1.144329
6559,-0.328286,0.189519,-0.181177,0.444477
6560,-0.314549,0.290513,-0.181177,0.444477
6561,-0.314549,0.290513,-0.181177,0.444477
6562,-0.321417,0.189519,-0.181177,0.444477
6563,-0.321417,0.189519,-0.181177,0.444477
6564,-0.314549,0.088525,-0.181177,0.444477
6565,-0.314549,0.088525,-0.181177,0.444477
6566,-0.314549,0.189519,0.220955,-1.144329
6567,-0.314549,0.189519,0.220955,-1.144329
6568,-0.300812,-0.012469,0.220955,0.444477
6569,-0.300812,-0.012469,0.220955,-1.144329
6570,-0.314549,0.290513,0.220955,2.033284
6571,-0.314549,0.290513,0.220955,0.444477
6572,-0.300812,0.290513,-0.181177,0.444477
6573,-0.300812,0.290513,-0.181177,0.444477
6574,-0.321417,0.391508,-0.181177,0.444477
6575,-0.321417,0.391508,-0.181177,0.444477
6576,-0.321417,0.290513,-0.181177,0.444477
6577,-0.321417,0.290513,-0.181177,0.444477
6578,-0.314549,0.492502,-0.583309,0.444477
6579,-0.314549,0.492502,-0.583309,0.444477
6580,-0.314549,0.290513,-0.181177,-1.144329
6581,-0.314549,0.290513,-0.181177,-1.144329
6582,-0.30768,0.391508,0.220955,0.444477
6583,-0.30768,0.391508,0.220955,-1.144329
6584,-0.30768,0.290513,0.220955,2.033284
6585,-0.30768,0.290513,0.220955,0.444477
6586,-0.328286,0.391508,0.220955,0.444477
6587,-0.328286,0.391508,0.220955,0.444477
6588,-0.321417,0.088525,-0.181177,0.444477
6589,-0.321417,0.088525,-0.181177,0.444477
6590,-0.314549,-0.012469,-0.181177,-1.144329
6591,-0.314549,-0.012469,-0.181177,0.444477
6592,-0.321417,0.492502,-0.181177,0.444477
6593,-0.321417,0.492502,-0.181177,-1.144329
6594,-0.321417,0.391508,-0.181177,-1.144329
6595,-0.321417,0.391508,-0.181177,-1.144329
6596,-0.314549,0.189519,-0.181177,-1.144329
6597,-0.314549,0.189519,-0.181177,0.444477
6598,-0.328286,0.290513,0.220955,0.444477
6599,-0.328286,0.290513,0.220955,0.444477
6600,-0.314549,0.189519,0.220955,2.033284
6601,-0.314549,0.189519,0.220955,-1.144329
6602,-0.30768,0.189519,-0.181177,-1.144329
6603,-0.30768,0.189519,-0.181177,0.444477
6604,-0.314549,0.391508,-0.181177,0.444477
6605,-0.314549,0.391508,-0.181177,0.444477
6606,-0.328286,0.391508,-0.181177,0.444477
6607,-0.328286,0.391508,-0.181177,0.444477
6608,-0.321417,0.088525,-0.181177,0.444477
6609,-0.321417,0.088525,-0.181177,0.444477
6610,-0.314549,0.189519,-0.181177,-1.144329
6611,-0.314549,0.189519,-0.181177,-1.144329
6612,-0.321417,0.189519,-0.181177,-1.144329
6613,-0.321417,0.189519,-0.181177,-1.144329
6614,-0.314549,-0.012469,0.220955,-1.144329
6615,-0.314549,-0.012469,0.220955,0.444477
6616,-0.314549,0.290513,0.220955,2.033284
6617,-0.314549,0.290513,0.220955,-1.144329
6618,-0.30768,-0.113463,0.220955,0.444477
6619,-0.30768,-0.113463,0.220955,-1.144329
6620,-0.314549,0.189519,-0.181177,0.444477
6621,-0.314549,0.189519,-0.181177,2.033284
6622,-0.328286,-0.113463,-0.181177,-1.144329
6623,-0.328286,-0.113463,-0.181177,0.444477
6624,-0.321417,0.290513,-0.181177,0.444477
6625,-0.321417,0.290513,-0.181177,0.444477
6626,-0.314549,0.391508,-0.181177,0.444477
6627,-0.314549,0.391508,-0.181177,0.444477
6628,-0.30768,0.593496,-0.181177,0.444477
6629,-0.30768,0.593496,-0.181177,0.444477
6630,-0.314549,0.290513,-0.181177,-1.144329
6631,-0.314549,0.290513,-0.181177,-1.144329
6632,-0.300812,0.290513,-0.181177,0.444477
6633,-0.300812,0.290513,-0.181177,-1.144329
6634,-0.30768,0.189519,-0.181177,2.033284
6635,-0.30768,0.189519,-0.181177,0.444477
6636,-0.314549,0.088525,-0.181177,0.444477
6637,-0.314549,0.088525,-0.181177,0.444477
6638,-0.30768,0.290513,-0.181177,0.444477
6639,-0.30768,0.290513,-0.181177,0.444477
6640,-0.321417,0.290513,-0.181177,-1.144329
6641,-0.321417,0.290513,-0.181177,0.444477
6642,-0.30768,-0.012469,-0.181177,0.444477
6643,-0.30768,-0.012469,-0.181177,-1.144329
6644,-0.314549,0.088525,-0.181177,0.444477
6645,-0.314549,0.088525,-0.181177,-2.733136
6646,-0.314549,0.189519,0.220955,-1.144329
6647,-0.314549,0.189519,0.220955,0.444477
6648,-0.314549,0.593496,0.220955,0.444477
6649,-0.314549,0.593496,0.220955,0.444477
6650,-0.314549,0.088525,-0.181177,2.033284
6651,-0.314549,0.088525,-0.181177,-1.144329
6652,-0.321417,0.290513,-0.181177,-1.144329
6653,-0.321417,0.290513,-0.181177,0.444477
6654,-0.328286,0.391508,-0.181177,0.444477
6655,-0.328286,0.391508,-0.181177,0.444477
6656,-0.321417,0.189519,-0.181177,0.444477
6657,-0.321417,0.189519,-0.181177,0.444477
6658,-0.328286,0.189519,-0.181177,0.444477
6659,-0.328286,0.189519,-0.181177,0.444477
6660,-0.30768,0.391508,-0.181177,-1.144329
6661,-0.30768,0.391508,-0.181177,-1.144329
6662,-0.321417,0.189519,-0.181177,-1.144329
6663,-0.321417,0.189519,-0.181177,-1.144329
6664,-0.321417,0.189519,-0.181177,-1.144329
6665,-0.321417,0.189519,-0.181177,0.444477
6666,-0.30768,0.088525,-0.181177,2.033284
6667,-0.30768,0.088525,-0.181177,-1.144329
6668,-0.321417,0.391508,-0.181177,-1.144329
6669,-0.321417,0.391508,-0.181177,-1.144329
6670,-0.328286,-0.012469,-0.181177,0.444477
6671,-0.328286,-0.012469,-0.181177,2.033284
6672,-0.328286,0.290513,-0.181177,-1.144329
6673,-0.328286,0.290513,-0.181177,0.444477
6674,-0.321417,0.088525,-0.181177,0.444477
6675,-0.321417,0.088525,-0.181177,0.444477
6676,-0.321417,0.391508,-0.181177,0.444477
6677,-0.321417,0.391508,-0.181177,0.444477
6678,-0.314549,0.189519,-0.181177,0.444477
6679,-0.314549,0.189519,-0.181177,0.444477
6680,-0.314549,0.088525,-0.181177,-1.144329
6681,-0.314549,0.088525,-0.181177,-1.144329
6682,-0.328286,0.593496,0.220955,0.444477
6683,-0.328286,0.593496,0.220955,-1.144329
6684,-0.321417,-0.012469,0.220955,2.033284
6685,-0.321417,-0.012469,0.220955,0.444477
6686,-0.328286,0.290513,-0.181177,0.444477
6687,-0.328286,0.290513,-0.181177,0.444477
6688,-0.328286,0.391508,-0.181177,-1.144329
6689,-0.328286,0.391508,-0.181177,0.444477
6690,-0.321417,0.391508,-0.181177,0.444477
6691,-0.321417,0.391508,-0.181177,-1.144329
6692,-0.328286,0.391508,-0.181177,0.444477
6693,-0.328286,0.391508,-0.181177,-2.733136
6694,-0.321417,0.189519,-0.181177,-1.144329
6695,-0.321417,0.189519,-0.181177,0.444477
6696,-0.328286,0.69449,-0.181177,0.444477
6697,-0.328286,0.69449,-0.181177,0.444477
6698,-0.321417,0.189519,-0.181177,2.033284
6699,-0.321417,0.189519,-0.181177,-1.144329
6700,-0.321417,0.290513,0.220955,-1.144329
6701,-0.321417,0.290513,0.220955,0.444477
6702,-0.321417,0.088525,0.220955,0.444477
6703,-0.321417,0.088525,0.220955,0.444477
6704,-0.314549,0.088525,-0.181177,0.444477
6705,-0.314549,0.088525,-0.181177,0.444477
6706,-0.321417,0.189519,-0.181177,0.444477
6707,-0.321417,0.189519,-0.181177,0.444477
6708,-0.321417,0.290513,0.220955,-1.144329
6709,-0.321417,0.290513,0.220955,-1.144329
6710,-0.328286,0.391508,-0.181177,-1.144329
6711,-0.328286,0.391508,-0.181177,-1.144329
6712,-0.328286,0.593496,-0.181177,-1.144329
6713,-0.328286,0.593496,-0.181177,0.444477
6714,-0.328286,-0.517439,0.220955,-1.144329
6715,-0.328286,-0.517439,0.220955,-1.144329
6716,-0.321417,-0.315451,-0.181177,0.444477
6717,-0.321417,-0.315451,-0.181177,-1.144329
6718,-0.314549,-0.214457,-0.181177,2.033284
6719,-0.314549,-0.214457,-0.181177,0.444477
6720,-0.328286,0.391508,-0.583309,0.444477
6721,-0.328286,0.391508,-0.583309,0.444477
6722,-0.321417,-0.012469,-0.583309,0.444477
6723,-0.321417,-0.012469,-0.583309,0.444477
6724,-0.300812,0.290513,-0.181177,0.444477
6725,-0.300812,0.290513,-0.181177,-1.144329
6726,-0.321417,0.290513,0.220955,-1.144329
6727,-0.321417,0.290513,0.220955,0.444477
6728,-0.30768,-0.012469,0.220955,-1.144329
6729,-0.30768,-0.012469,0.220955,2.033284
6730,-0.321417,0.492502,0.220955,0.444477
6731,-0.321417,0.492502,0.220955,0.444477
6732,-0.328286,0.290513,-0.181177,0.444477
6733,-0.328286,0.290513,-0.181177,0.444477
6734,-0.328286,0.492502,-0.583309,-1.144329
6735,-0.328286,0.492502,-0.583309,0.444477
6736,-0.321417,0.69449,-0.583309,0.444477
6737,-0.321417,0.69449,-0.583309,-1.144329
6738,-0.321417,0.088525,-0.181177,0.444477
6739,-0.321417,0.088525,-0.181177,-2.733136
6740,-0.30768,0.391508,0.220955,-1.144329
6741,-0.30768,0.391508,0.220955,0.444477
6742,-0.314549,-0.012469,0.623088,0.444477
6743,-0.314549,-0.012469,0.623088,0.444477
6744,-0.30768,0.290513,0.220955,2.033284
6745,-0.30768,0.290513,0.220955,-1.144329
6746,-0.314549,-0.214457,0.220955,-1.144329
6747,-0.314549,-0.214457,0.220955,0.444477
6748,-0.328286,0.088525,-0.181177,0.444477
6749,-0.328286,0.088525,-0.181177,0.444477
6750,-0.328286,0.290513,-0.181177,0.444477
6751,-0.328286,0.290513,-0.181177,0.444477
6752,-0.321417,-0.113463,-0.583309,0.444477
6753,-0.321417,-0.113463,-0.583309,0.444477
6754,-0.335154,0.290513,-0.181177,-1.144329
6755,-0.335154,0.290513,-0.181177,-1.144329
6756,-0.328286,-0.113463,0.220955,-1.144329
6757,-0.328286,-0.113463,0.220955,-1.144329
6758,-0.321417,-0.113463,0.220955,-1.144329
6759,-0.321417,-0.113463,0.220955,0.444477
6760,-0.328286,0.088525,0.220955,2.033284
6761,-0.328286,0.088525,0.220955,-1.144329
6762,-0.328286,0.088525,0.220955,0.444477
6763,-0.328286,0.088525,0.220955,0.444477
6764,-0.342022,0.290513,-0.181177,-1.144329
6765,-0.342022,0.290513,-0.181177,0.444477
6766,-0.321417,0.290513,-0.181177,0.444477
6767,-0.321417,0.290513,-0.181177,-1.144329
6768,-0.328286,0.593496,-0.181177,0.444477
6769,-0.328286,0.593496,-0.181177,-2.733136
6770,-0.328286,-0.113463,-0.181177,-1.144329
6771,-0.328286,-0.113463,-0.181177,0.444477
6772,-0.328286,0.088525,0.220955,0.444477
6773,-0.328286,0.088525,0.220955,0.444477
6774,-0.314549,-0.113463,0.220955,2.033284
6775,-0.314549,-0.113463,0.220955,-1.144329
6776,-0.314549,-0.012469,0.220955,-1.144329
6777,-0.314549,-0.012469,0.220955,0.444477
6778,-0.30768,-0.113463,0.220955,0.444477
6779,-0.30768,-0.113463,0.220955,0.444477
6780,-0.314549,0.088525,0.220955,0.444477
6781,-0.314549,0.088525,0.220955,0.444477
6782,-0.328286,0.290513,-0.181177,0.444477
6783,-0.328286,0.290513,-0.181177,0.444477
6784,-0.328286,0.391508,-0.181177,-1.144329
6785,-0.328286,0.391508,-0.181177,-1.144329
6786,-0.328286,0.69449,-0.181177,-1.144329
6787,-0.328286,0.69449,-0.181177,-1.144329
6788,-0.314549,0.088525,-0.181177,-1.144329
6789,-0.314549,0.088525,-0.181177,0.444477
6790,-0.300812,-0.214457,0.220955,2.033284
6791,-0.300812,-0.214457,0.220955,-1.144329
6792,-0.30768,-0.012469,0.220955,0.444477
6793,-0.30768,-0.012469,0.220955,-1.144329
6794,-0.314549,-0.113463,0.220955,0.444477
6795,-0.314549,-0.113463,0.220955,2.033284
6796,-0.30768,0.189519,-0.181177,-1.144329
6797,-0.30768,0.189519,-0.181177,0.444477
6798,-0.328286,0.088525,-0.181177,0.444477
6799,-0.328286,0.088525,-0.181177,0.444477
6800,-0.314549,0.189519,-0.583309,-1.144329
6801,-0.314549,0.189519,-0.583309,0.444477
6802,-0.328286,0.088525,-0.181177,0.444477
6803,-0.328286,0.088525,-0.181177,-1.144329
6804,-0.328286,0.69449,-0.181177,0.444477
6805,-0.328286,0.69449,-0.181177,-2.733136
6806,-0.321417,0.088525,0.220955,-1.144329
6807,-0.321417,0.088525,0.220955,0.444477
6808,-0.314549,0.492502,0.220955,0.444477
6809,-0.314549,0.492502,0.220955,0.444477
6810,-0.321417,-0.012469,0.220955,2.033284
6811,-0.321417,-0.012469,0.220955,-1.144329
6812,-0.321417,-0.113463,-0.181177,-1.144329
6813,-0.321417,-0.113463,-0.181177,0.444477
6814,-0.321417,0.189519,-0.181177,0.444477
6815,-0.321417,0.189519,-0.181177,0.444477
6816,-0.328286,0.290513,-0.181177,0.444477
6817,-0.328286,0.290513,-0.181177,0.444477
6818,-0.321417,0.391508,-0.583309,0.444477
6819,-0.321417,0.391508,-0.583309,0.444477
6820,-0.314549,0.290513,-0.181177,-1.144329
6821,-0.314549,0.290513,-0.181177,-1.144329
6822,-0.314549,0.593496,0.220955,-1.144329
6823,-0.314549,0.593496,0.220955,-1.144329
6824,-0.300812,0.492502,0.220955,-1.144329
6825,-0.300812,0.492502,0.220955,0.444477
6826,-0.335154,0.189519,0.220955,2.033284
6827,-0.335154,0.189519,0.220955,-1.144329
6828,-0.293943,0.088525,-0.181177,0.444477
6829,-0.293943,0.088525,-0.181177,-1.144329
6830,-0.328286,0.189519,-0.181177,0.444477
6831,-0.328286,0.189519,-0.181177,2.033284
6832,-0.328286,0.189519,-0.181177,-1.144329
6833,-0.328286,0.189519,-0.181177,0.444477
6834,-0.321417,0.492502,-0.181177,0.444477
6835,-0.321417,0.492502,-0.181177,0.444477
6836,-0.321417,0.189519,0.220955,0.444477
6837,-0.321417,0.189519,0.220955,0.444477
6838,-0.328286,0.290513,0.220955,0.444477
6839,-0.328286,0.290513,0.220955,0.444477
6840,-0.30768,0.290513,0.220955,-1.144329
6841,-0.30768,0.290513,0.220955,-1.144329
6842,-0.321417,0.189519,0.220955,0.444477
6843,-0.321417,0.189519,0.220955,-1.144329
6844,-0.342022,0.492502,-0.181177,2.033284
6845,-0.342022,0.492502,-0.181177,0.444477
6846,-0.328286,0.290513,-0.181177,0.444477
6847,-0.328286,0.290513,-0.181177,0.444477
6848,-0.342022,0.391508,-0.181177,0.444477
6849,-0.342022,0.391508,-0.181177,0.444477
6850,-0.328286,0.088525,-0.583309,0.444477
6851,-0.328286,0.088525,-0.583309,0.444477
6852,-0.321417,0.391508,0.220955,0.444477
6853,-0.321417,0.391508,0.220955,0.444477
6854,-0.328286,0.088525,0.220955,-1.144329
6855,-0.328286,0.088525,0.220955,-1.144329
6856,-0.30768,0.290513,0.220955,0.444477
6857,-0.30768,0.290513,0.220955,-1.144329
6858,-0.321417,0.593496,0.220955,2.033284
6859,-0.321417,0.593496,0.220955,0.444477
6860,-0.335154,0.492502,-0.181177,0.444477
6861,-0.335154,0.492502,-0.181177,0.444477
6862,-0.328286,0.492502,-0.181177,0.444477
6863,-0.328286,0.492502,-0.181177,0.444477
6864,-0.321417,0.492502,-0.181177,-1.144329
6865,-0.321417,0.492502,-0.181177,0.444477
6866,-0.335154,0.795484,-0.181177,0.444477
6867,-0.335154,0.795484,-0.181177,-1.144329
6868,-0.321417,0.391508,-0.181177,0.444477
6869,-0.321417,0.391508,-0.181177,-2.733136
6870,-0.328286,0.391508,0.220955,-1.144329
6871,-0.328286,0.391508,0.220955,0.444477
6872,-0.321417,0.088525,0.220955,0.444477
6873,-0.321417,0.088525,0.220955,0.444477
6874,-0.314549,0.492502,-0.181177,2.033284
6875,-0.314549,0.492502,-0.181177,-1.144329
6876,-0.328286,0.189519,-0.181177,-1.144329
6877,-0.328286,0.189519,-0.181177,0.444477
6878,-0.321417,0.69449,-0.181177,0.444477
6879,-0.321417,0.69449,-0.181177,0.444477
6880,-0.328286,0.593496,-0.181177,0.444477
6881,-0.328286,0.593496,-0.181177,0.444477
6882,-0.335154,0.391508,-0.181177,0.444477
6883,-0.335154,0.391508,-0.181177,0.444477
6884,-0.321417,0.391508,-0.181177,-1.144329
6885,-0.321417,0.391508,-0.181177,-1.144329
6886,-0.321417,0.189519,0.220955,-1.144329
6887,-0.321417,0.189519,0.220955,-1.144329
6888,-0.328286,0.391508,0.220955,-1.144329
6889,-0.328286,0.391508,0.220955,0.444477
6890,-0.321417,0.088525,-0.181177,2.033284
6891,-0.321417,0.088525,-0.181177,-1.144329
6892,-0.335154,0.088525,-0.181177,0.444477
6893,-0.335154,0.088525,-0.181177,-1.144329
6894,-0.335154,0.492502,-0.181177,0.444477
6895,-0.335154,0.492502,-0.181177,2.033284
6896,-0.321417,0.492502,-0.181177,-1.144329
6897,-0.321417,0.492502,-0.181177,0.444477
6898,-0.328286,0.189519,-0.181177,0.444477
6899,-0.328286,0.189519,-0.181177,0.444477
6900,-0.321417,0.290513,-0.181177,0.444477
6901,-0.321417,0.290513,-0.181177,0.444477
6902,-0.321417,0.69449,-0.583309,0.444477
6903,-0.321417,0.69449,-0.583309,0.444477
6904,-0.328286,0.492502,-0.181177,-1.144329
6905,-0.328286,0.492502,-0.181177,-1.144329
6906,-0.328286,0.391508,-0.181177,0.444477
6907,-0.328286,0.391508,-0.181177,-1.144329
6908,-0.321417,0.391508,0.220955,2.033284
6909,-0.321417,0.391508,0.220955,0.444477
6910,-0.328286,0.492502,0.220955,0.444477
6911,-0.328286,0.492502,0.220955,-1.144329
6912,-0.328286,0.088525,-0.181177,0.444477
6913,-0.328286,0.088525,-0.181177,-1.144329
6914,-0.328286,0.492502,-0.181177,0.444477
6915,-0.328286,0.492502,-0.181177,2.033284
6916,-0.328286,0.391508,-0.181177,-1.144329
6917,-0.328286,0.391508,-0.181177,0.444477
6918,-0.328286,0.69449,-0.181177,0.444477
6919,-0.328286,0.69449,-0.181177,0.444477
6920,-0.335154,0.492502,-0.181177,-1.144329
6921,-0.335154,0.492502,-0.181177,0.444477
6922,-0.314549,0.189519,0.220955,0.444477
6923,-0.314549,0.189519,0.220955,-1.144329
6924,-0.328286,0.391508,0.220955,0.444477
6925,-0.328286,0.391508,0.220955,-2.733136
6926,-0.328286,0.391508,-0.181177,-1.144329
6927,-0.328286,0.391508,-0.181177,0.444477
6928,-0.328286,0.290513,-0.181177,0.444477
6929,-0.328286,0.290513,-0.181177,0.444477
6930,-0.335154,0.290513,-0.181177,2.033284
6931,-0.335154,0.290513,-0.181177,-1.144329
6932,-0.328286,0.290513,-0.181177,-1.144329
6933,-0.328286,0.290513,-0.181177,0.444477
6934,-0.321417,0.189519,-0.181177,0.444477
6935,-0.321417,0.189519,-0.181177,0.444477
6936,-0.314549,0.290513,0.220955,0.444477
6937,-0.314549,0.290513,0.220955,0.444477
6938,-0.321417,0.290513,0.623088,0.444477
6939,-0.321417,0.290513,0.623088,0.444477
6940,-0.321417,0.189519,0.220955,-1.144329
6941,-0.321417,0.189519,0.220955,-1.144329
6942,-0.328286,0.492502,0.220955,-1.144329
6943,-0.328286,0.492502,0.220955,-1.144329
6944,-0.328286,-0.012469,-0.181177,-1.144329
6945,-0.328286,-0.012469,-0.181177,0.444477
6946,-0.342022,0.391508,-0.181177,2.033284
6947,-0.342022,0.391508,-0.181177,-1.144329
6948,-0.342022,0.69449,-0.181177,0.444477
6949,-0.342022,0.69449,-0.181177,-1.144329
6950,-0.321417,0.492502,-0.181177,0.444477
6951,-0.321417,0.492502,-0.181177,2.033284
6952,-0.335154,0.290513,0.220955,-1.144329
6953,-0.335154,0.290513,0.220955,0.444477
6954,-0.328286,0.290513,0.220955,0.444477
6955,-0.328286,0.290513,0.220955,0.444477
6956,-0.328286,-0.113463,0.220955,0.444477
6957,-0.328286,-0.113463,0.220955,0.444477
6958,-0.328286,0.189519,-0.181177,0.444477
6959,-0.328286,0.189519,-0.181177,0.444477
6960,-0.342022,0.088525,-0.181177,-1.144329
6961,-0.342022,0.088525,-0.181177,-1.144329
6962,-0.335154,0.391508,-0.181177,0.444477
6963,-0.335154,0.391508,-0.181177,-1.144329
6964,-0.335154,0.088525,-0.181177,2.033284
6965,-0.335154,0.088525,-0.181177,0.444477
6966,-0.328286,0.492502,-0.181177,0.444477
6967,-0.328286,0.492502,-0.181177,0.444477
6968,-0.335154,0.189519,0.220955,0.444477
6969,-0.335154,0.189519,0.220955,0.444477
6970,-0.328286,0.391508,0.220955,0.444477
6971,-0.328286,0.391508,0.220955,0.444477
6972,-0.328286,0.088525,0.220955,0.444477
6973,-0.328286,0.088525,0.220955,0.444477
6974,-0.335154,0.189519,-0.181177,-1.144329
6975,-0.335154,0.189519,-0.181177,-1.144329
6976,-0.342022,0.290513,-0.181177,0.444477
6977,-0.342022,0.290513,-0.181177,-1.144329
6978,-0.328286,0.492502,-0.181177,2.033284
6979,-0.328286,0.492502,-0.181177,0.444477
6980,-0.342022,0.189519,-0.181177,0.444477
6981,-0.342022,0.189519,-0.181177,0.444477
6982,-0.335154,0.391508,-0.181177,0.444477
6983,-0.335154,0.391508,-0.181177,0.444477
6984,-0.328286,0.492502,-0.181177,-1.144329
6985,-0.328286,0.492502,-0.181177,0.444477
6986,-0.321417,0.391508,0.220955,0.444477
6987,-0.321417,0.391508,0.220955,-1.144329
6988,-0.328286,0.290513,-0.181177,0.444477
6989,-0.328286,0.290513,-0.181177,-2.733136
6990,-0.328286,0.290513,-0.181177,-1.144329
6991,-0.328286,0.290513,-0.181177,0.444477
6992,-0.335154,0.593496,-0.181177,0.444477
6993,-0.335154,0.593496,-0.181177,0.444477
6994,-0.342022,0.391508,-0.181177,2.033284
6995,-0.342022,0.391508,-0.181177,-1.144329
6996,-0.335154,0.593496,-0.181177,-1.144329
6997,-0.335154,0.593496,-0.181177,0.444477
6998,-0.335154,0.795484,-0.181177,0.444477
6999,-0.335154,0.795484,-0.181177,0.444477
7000,-0.321417,0.189519,-0.181177,0.444477
7001,-0.321417,0.189519,-0.181177,0.444477
7002,-0.321417,0.492502,0.220955,0.444477
7003,-0.321417,0.492502,0.220955,0.444477
7004,-0.335154,-0.012469,-0.181177,-1.144329
7005,-0.335154,-0.012469,-0.181177,-1.144329
7006,-0.328286,0.492502,-0.181177,-1.144329
7007,-0.328286,0.492502,-0.181177,-1.144329
7008,-0.342022,0.290513,-0.181177,-1.144329
7009,-0.342022,0.290513,-0.181177,0.444477
7010,-0.335154,0.290513,-0.181177,2.033284
7011,-0.335154,0.290513,-0.181177,-1.144329
7012,-0.328286,0.088525,-0.181177,0.444477
7013,-0.328286,0.088525,-0.181177,-1.144329
7014,-0.335154,0.492502,-0.181177,0.444477
7015,-0.335154,0.492502,-0.181177,2.033284
7016,-0.328286,0.492502,-0.181177,-1.144329
7017,-0.328286,0.492502,-0.181177,0.444477
7018,-0.328286,0.290513,0.220955,0.444477
7019,-0.328286,0.290513,0.220955,0.444477
7020,-0.342022,0.492502,-0.181177,0.444477
7021,-0.342022,0.492502,-0.181177,0.444477
7022,-0.335154,0.088525,-0.181177,0.444477
7023,-0.335154,0.088525,-0.181177,0.444477
7024,-0.335154,0.69449,-0.181177,-1.144329
7025,-0.335154,0.69449,-0.181177,0.444477
7026,-0.342022,-0.012469,-0.181177,0.444477
7027,-0.342022,-0.012469,-0.181177,-1.144329
7028,-0.342022,0.290513,-0.181177,0.444477
7029,-0.342022,0.290513,-0.181177,0.444477
7030,-0.328286,0.492502,0.220955,-1.144329
7031,-0.328286,0.492502,0.220955,0.444477
7032,-0.335154,0.593496,0.220955,-2.733136
7033,-0.335154,0.593496,0.220955,-1.144329
7034,-0.328286,0.088525,-0.181177,0.444477
7035,-0.328286,0.088525,-0.181177,0.444477
7036,-0.335154,0.189519,-0.181177,0.444477
7037,-0.335154,0.189519,-0.181177,2.033284
7038,-0.335154,0.391508,-0.181177,-1.144329
7039,-0.335154,0.391508,-0.181177,-1.144329
7040,-0.335154,0.391508,-0.181177,0.444477
7041,-0.335154,0.391508,-0.181177,0.444477
7042,-0.335154,0.69449,-0.181177,0.444477
7043,-0.335154,0.69449,-0.181177,0.444477
7044,-0.328286,0.391508,-0.181177,0.444477
7045,-0.328286,0.391508,-0.181177,0.444477
7046,-0.335154,0.593496,-0.181177,0.444477
7047,-0.335154,0.593496,-0.181177,-1.144329
7048,-0.328286,0.593496,-0.181177,-1.144329
7049,-0.328286,0.593496,-0.181177,-1.144329
7050,-0.328286,0.088525,-0.181177,-1.144329
7051,-0.328286,0.088525,-0.181177,-1.144329
7052,-0.335154,0.391508,-0.181177,0.444477
7053,-0.335154,0.391508,-0.181177,2.033284
7054,-0.335154,0.088525,-0.181177,-1.144329
7055,-0.335154,0.088525,-0.181177,0.444477
7056,-0.321417,0.189519,-0.181177,-1.144329
7057,-0.321417,0.189519,-0.181177,0.444477
7058,-0.321417,0.391508,0.220955,2.033284
7059,-0.321417,0.391508,0.220955,-1.144329
7060,-0.328286,0.290513,0.220955,0.444477
7061,-0.328286,0.290513,0.220955,0.444477
7062,-0.328286,0.593496,-0.181177,0.444477
7063,-0.328286,0.593496,-0.181177,-1.144329
7064,-0.342022,0.391508,-0.181177,0.444477
7065,-0.342022,0.391508,-0.181177,0.444477
7066,-0.348891,0.088525,-0.181177,-1.144329
7067,-0.348891,0.088525,-0.181177,0.444477
7068,-0.342022,0.391508,-0.181177,-2.733136
7069,-0.342022,0.391508,-0.181177,-1.144329
7070,-0.342022,0.492502,-0.181177,0.444477
7071,-0.342022,0.492502,-0.181177,0.444477
7072,-0.321417,0.69449,-0.181177,0.444477
7073,-0.321417,0.69449,-0.181177,2.033284
7074,-0.342022,0.391508,-0.181177,-1.144329
7075,-0.342022,0.391508,-0.181177,-1.144329
7076,-0.342022,0.290513,-0.181177,0.444477
7077,-0.342022,0.290513,-0.181177,0.444477
7078,-0.335154,0.69449,-0.181177,0.444477
7079,-0.335154,0.69449,-0.181177,0.444477
7080,-0.335154,0.189519,-0.181177,0.444477
7081,-0.335154,0.189519,-0.181177,0.444477
7082,-0.335154,0.391508,-0.181177,0.444477
7083,-0.335154,0.391508,-0.181177,-1.144329
7084,-0.335154,-0.012469,-0.181177,-1.144329
7085,-0.335154,-0.012469,-0.181177,-1.144329
7086,-0.335154,0.391508,-0.181177,-1.144329
7087,-0.335154,0.391508,-0.181177,-1.144329
7088,-0.328286,0.189519,-0.181177,0.444477
7089,-0.328286,0.189519,-0.181177,2.033284
7090,-0.335154,0.492502,-0.181177,-1.144329
7091,-0.335154,0.492502,-0.181177,0.444477
7092,-0.328286,0.391508,-0.181177,-1.144329
7093,-0.328286,0.391508,-0.181177,0.444477
7094,-0.321417,0.189519,-0.181177,2.033284
7095,-0.321417,0.189519,-0.181177,-1.144329
7096,-0.328286,0.593496,-0.181177,0.444477
7097,-0.328286,0.593496,-0.181177,0.444477
7098,-0.342022,0.492502,-0.181177,0.444477
7099,-0.342022,0.492502,-0.181177,0.444477
7100,-0.328286,0.391508,0.220955,0.444477
7101,-0.328286,0.391508,0.220955,0.444477
7102,-0.335154,-0.012469,0.220955,0.444477
7103,-0.335154,-0.012469,0.220955,-1.144329
7104,-0.348891,0.189519,-0.181177,-1.144329
7105,-0.348891,0.189519,-0.181177,0.444477
7106,-0.342022,0.391508,-0.181177,-1.144329
7107,-0.342022,0.391508,-0.181177,2.033284
7108,-0.335154,0.391508,-0.583309,0.444477
7109,-0.335154,0.391508,-0.583309,0.444477
7110,-0.342022,0.492502,-0.181177,0.444477
7111,-0.342022,0.492502,-0.181177,0.444477
7112,-0.335154,0.492502,-0.181177,0.444477
7113,-0.335154,0.492502,-0.181177,0.444477
7114,-0.328286,0.391508,0.220955,0.444477
7115,-0.328286,0.391508,0.220955,0.444477
7116,-0.335154,0.391508,0.220955,0.444477
7117,-0.335154,0.391508,0.220955,-1.144329
7118,-0.335154,0.492502,0.220955,-1.144329
7119,-0.335154,0.492502,0.220955,0.444477
7120,-0.362628,0.189519,-0.181177,-1.144329
7121,-0.362628,0.189519,-0.181177,2.033284
7122,-0.342022,0.290513,-0.181177,0.444477
7123,-0.342022,0.290513,-0.181177,0.444477
7124,-0.342022,0.795484,-0.181177,0.444477
7125,-0.342022,0.795484,-0.181177,0.444477
7126,-0.355759,0.391508,-0.181177,0.444477
7127,-0.355759,0.391508,-0.181177,-1.144329
7128,-0.335154,0.290513,0.220955,0.444477
7129,-0.335154,0.290513,0.220955,0.444477
7130,-0.328286,0.189519,0.220955,-1.144329
7131,-0.328286,0.189519,0.220955,0.444477
7132,-0.342022,0.492502,0.220955,-2.733136
7133,-0.342022,0.492502,0.220955,-1.144329
7134,-0.335154,0.290513,0.220955,0.444477
7135,-0.335154,0.290513,0.220955,0.444477
7136,-0.348891,0.69449,-0.181177,0.444477
7137,-0.348891,0.69449,-0.181177,2.033284
7138,-0.355759,0.69449,-0.181177,-1.144329
7139,-0.355759,0.69449,-0.181177,-1.144329
7140,-0.342022,0.896478,-0.181177,0.444477
7141,-0.342022,0.896478,-0.181177,0.444477
7142,-0.348891,0.593496,-0.181177,0.444477
7143,-0.348891,0.593496,-0.181177,0.444477
7144,-0.321417,0.492502,0.220955,0.444477
7145,-0.321417,0.492502,0.220955,0.444477
7146,-0.342022,0.088525,0.220955,0.444477
7147,-0.342022,0.088525,0.220955,-1.144329
7148,-0.342022,0.189519,0.220955,-1.144329
7149,-0.342022,0.189519,0.220955,-1.144329
7150,-0.355759,0.189519,0.220955,-1.144329
7151,-0.355759,0.189519,0.220955,-1.144329
7152,-0.355759,0.492502,-0.181177,0.444477
7153,-0.355759,0.492502,-0.181177,2.033284
7154,-0.362628,0.492502,-0.181177,-1.144329
7155,-0.362628,0.492502,-0.181177,0.444477
7156,-0.355759,0.795484,-0.181177,-1.144329
7157,-0.355759,0.795484,-0.181177,0.444477
7158,-0.355759,0.492502,-0.181177,2.033284
7159,-0.355759,0.492502,-0.181177,-1.144329
7160,-0.335154,0.391508,0.220955,0.444477
7161,-0.335154,0.391508,0.220955,0.444477
7162,-0.342022,0.189519,0.220955,0.444477
7163,-0.342022,0.189519,0.220955,0.444477
7164,-0.348891,0.088525,0.220955,0.444477
7165,-0.348891,0.088525,0.220955,0.444477
7166,-0.335154,0.290513,-0.181177,0.444477
7167,-0.335154,0.290513,-0.181177,-1.144329
7168,-0.362628,0.189519,-0.181177,-1.144329
7169,-0.362628,0.189519,-0.181177,0.444477
7170,-0.348891,0.088525,-0.583309,-1.144329
7171,-0.348891,0.088525,-0.583309,2.033284
7172,-0.342022,0.492502,-0.181177,0.444477
7173,-0.342022,0.492502,-0.181177,0.444477
7174,-0.348891,0.088525,0.220955,-1.144329
7175,-0.348891,0.088525,0.220955,0.444477
7176,-0.335154,0.290513,0.220955,0.444477
7177,-0.335154,0.290513,0.220955,0.444477
7178,-0.342022,0.088525,0.623088,0.444477
7179,-0.342022,0.088525,0.623088,0.444477
7180,-0.348891,-0.012469,0.220955,0.444477
7181,-0.348891,-0.012469,0.220955,0.444477
7182,-0.342022,0.189519,-0.181177,-1.144329
7183,-0.342022,0.189519,-0.181177,-1.144329
7184,-0.362628,0.189519,-0.181177,-1.144329
7185,-0.362628,0.189519,-0.181177,-1.144329
7186,-0.348891,0.391508,-0.181177,-1.144329
7187,-0.348891,0.391508,-0.181177,0.444477
7188,-0.335154,0.189519,-0.181177,2.033284
7189,-0.335154,0.189519,-0.181177,-1.144329
7190,-0.342022,0.290513,-0.181177,0.444477
7191,-0.342022,0.290513,-0.181177,-1.144329
7192,-0.335154,0.290513,0.220955,0.444477
7193,-0.335154,0.290513,0.220955,2.033284
7194,-0.328286,-0.012469,0.220955,-1.144329
7195,-0.328286,-0.012469,0.220955,0.444477
7196,-0.342022,0.088525,-0.181177,0.444477
7197,-0.342022,0.088525,-0.181177,0.444477
7198,-0.342022,0.088525,-0.181177,-1.144329
7199,-0.348891,0.088525,-0.181177,0.444477
7200,-0.348891,0.088525,-0.181177,0.444477
7201,-0.342022,0.593496,-0.181177,-1.144329
7202,-0.342022,0.593496,-0.181177,0.444477
7203,-0.342022,0.391508,-0.181177,-2.733136
7204,-0.342022,0.391508,-0.181177,-1.144329
7205,-0.335154,0.492502,0.220955,0.444477
7206,-0.335154,0.492502,0.220955,0.444477
7207,-0.335154,0.189519,0.220955,0.444477
7208,-0.335154,0.189519,0.220955,2.033284
7209,-0.328286,0.189519,0.220955,-1.144329
7210,-0.328286,0.189519,0.220955,-1.144329
7211,-0.348891,0.189519,-0.181177,0.444477
7212,-0.348891,0.189519,-0.181177,0.444477
7213,-0.348891,0.290513,-0.181177,0.444477
7214,-0.348891,0.290513,-0.181177,0.444477
7215,-0.328286,0.492502,-0.181177,0.444477
7216,-0.328286,0.492502,-0.181177,0.444477
7217,-0.348891,0.593496,-0.181177,0.444477
7218,-0.348891,0.593496,-0.181177,-1.144329
7219,-0.335154,0.290513,-0.181177,-1.144329
7220,-0.335154,0.290513,-0.181177,-1.144329
7221,-0.335154,0.391508,0.220955,-1.144329
7222,-0.335154,0.391508,0.220955,-1.144329
7223,-0.342022,0.290513,0.220955,0.444477
7224,-0.342022,0.290513,0.220955,2.033284
7225,-0.342022,0.593496,0.220955,-1.144329
7226,-0.342022,0.593496,0.220955,0.444477
7227,-0.348891,0.391508,-0.181177,-1.144329
7228,-0.348891,0.391508,-0.181177,0.444477
7229,-0.348891,0.189519,-0.583309,2.033284
7230,-0.348891,0.189519,-0.583309,-1.144329
7231,-0.348891,0.69449,-0.181177,0.444477
7232,-0.348891,0.69449,-0.181177,0.444477
7233,-0.342022,0.088525,-0.181177,0.444477
7234,-0.342022,0.088525,-0.181177,0.444477
7235,-0.342022,0.593496,0.220955,0.444477
7236,-0.342022,0.593496,0.220955,0.444477
7237,-0.321417,0.492502,0.220955,0.444477
7238,-0.321417,0.492502,0.220955,-1.144329
7239,-0.342022,0.189519,0.220955,-1.144329
7240,-0.342022,0.189519,0.220955,0.444477
7241,-0.348891,0.290513,-0.181177,-1.144329
7242,-0.348891,0.290513,-0.181177,2.033284
7243,-0.328286,0.290513,-0.181177,0.444477
7244,-0.328286,0.290513,-0.181177,0.444477
7245,-0.355759,0.290513,-0.181177,0.444477
7246,-0.355759,0.290513,-0.181177,0.444477
7247,-0.335154,0.593496,-0.181177,0.444477
7248,-0.335154,0.593496,-0.181177,0.444477
7249,-0.335154,0.492502,-0.181177,0.444477
7250,-0.335154,0.492502,-0.181177,0.444477
7251,-0.328286,0.69449,-0.181177,0.444477
7252,-0.328286,0.69449,-0.181177,-1.144329
7253,-0.335154,0.593496,0.220955,-1.144329
7254,-0.335154,0.593496,0.220955,0.444477
7255,-0.328286,0.593496,0.220955,-1.144329
7256,-0.328286,0.593496,0.220955,2.033284
7257,-0.342022,-0.214457,0.220955,0.444477
7258,-0.342022,-0.214457,0.220955,0.444477
7259,-0.342022,0.088525,0.220955,0.444477
7260,-0.342022,0.088525,0.220955,0.444477
7261,-0.362628,0.290513,-0.181177,0.444477
7262,-0.362628,0.290513,-0.181177,-1.144329
7263,-0.355759,0.391508,-0.181177,0.444477
7264,-0.355759,0.391508,-0.181177,0.444477
7265,-0.335154,0.391508,-0.181177,-1.144329
7266,-0.335154,0.391508,-0.181177,0.444477
7267,-0.355759,0.088525,-0.181177,-2.733136
7268,-0.355759,0.088525,-0.181177,-1.144329
7269,-0.335154,0.492502,-0.181177,0.444477
7270,-0.335154,0.492502,-0.181177,0.444477
7271,-0.335154,0.391508,-0.181177,0.444477
7272,-0.335154,0.391508,-0.181177,2.033284
7273,-0.348891,0.088525,-0.181177,-1.144329
7274,-0.348891,0.088525,-0.181177,-1.144329
7275,-0.335154,0.492502,-0.181177,0.444477
7276,-0.335154,0.492502,-0.181177,0.444477
7277,-0.328286,0.290513,-0.181177,0.444477
7278,-0.328286,0.290513,-0.181177,0.444477
7279,-0.342022,0.391508,-0.181177,0.444477
7280,-0.342022,0.391508,-0.181177,0.444477
7281,-0.335154,0.189519,-0.181177,0.444477
7282,-0.335154,0.189519,-0.181177,-1.144329
7283,-0.328286,0.189519,0.220955,-1.144329
7284,-0.328286,0.189519,0.220955,0.444477
7285,-0.342022,0.593496,-0.181177,0.444477
7286,-0.342022,0.593496,-0.181177,-1.144329
7287,-0.328286,0.290513,-0.181177,0.444477
7288,-0.328286,0.290513,-0.181177,0.444477
7289,-0.342022,0.593496,-0.181177,-1.144329
7290,-0.342022,0.593496,-0.181177,0.444477
7291,-0.342022,0.189519,-0.181177,-2.733136
7292,-0.342022,0.189519,-0.181177,-1.144329
7293,-0.328286,0.69449,-0.181177,0.444477
7294,-0.328286,0.69449,-0.181177,0.444477
7295,-0.348891,0.391508,0.220955,0.444477
7296,-0.348891,0.391508,0.220955,2.033284
7297,-0.335154,0.189519,0.220955,-1.144329
7298,-0.335154,0.189519,0.220955,-1.144329
7299,-0.335154,0.189519,0.220955,0.444477
7300,-0.335154,0.189519,0.220955,0.444477
7301,-0.335154,0.290513,-0.181177,0.444477
7302,-0.335154,0.290513,-0.181177,0.444477
7303,-0.348891,0.391508,-0.181177,0.444477
7304,-0.348891,0.391508,-0.181177,0.444477
7305,-0.348891,0.391508,-0.583309,0.444477
7306,-0.348891,0.391508,-0.583309,-1.144329
7307,-0.362628,0.593496,-0.181177,-1.144329
7308,-0.362628,0.593496,-0.181177,-1.144329
7309,-0.328286,0.391508,-0.181177,-1.144329
7310,-0.328286,0.391508,-0.181177,-1.144329
7311,-0.335154,0.593496,-0.181177,0.444477
7312,-0.335154,0.593496,-0.181177,2.033284
7313,-0.342022,0.290513,0.220955,-1.144329
7314,-0.342022,0.290513,0.220955,0.444477
7315,-0.328286,0.189519,0.220955,-1.144329
7316,-0.328286,0.189519,0.220955,0.444477
7317,-0.355759,0.189519,0.220955,2.033284
7318,-0.355759,0.189519,0.220955,-1.144329
7319,-0.342022,-0.012469,-0.181177,0.444477
7320,-0.342022,-0.012469,-0.181177,0.444477
7321,-0.348891,0.189519,-0.181177,0.444477
7322,-0.348891,0.189519,-0.181177,-1.144329
7323,-0.342022,0.795484,-0.181177,0.444477
7324,-0.342022,0.795484,-0.181177,0.444477
7325,-0.342022,0.997472,-0.181177,-1.144329
7326,-0.342022,0.997472,-0.181177,0.444477
7327,-0.348891,0.290513,-0.181177,-2.733136
7328,-0.348891,0.290513,-0.181177,-1.144329
7329,-0.335154,0.189519,0.220955,0.444477
7330,-0.335154,0.189519,0.220955,0.444477
7331,-0.328286,-0.012469,0.623088,0.444477
7332,-0.328286,-0.012469,0.623088,2.033284
7333,-0.348891,0.391508,0.220955,-1.144329
7334,-0.348891,0.391508,0.220955,-1.144329
7335,-0.355759,0.69449,0.220955,0.444477
7336,-0.355759,0.69449,0.220955,0.444477
7337,-0.355759,0.593496,-0.181177,0.444477
7338,-0.355759,0.593496,-0.181177,0.444477
7339,-0.369496,0.492502,-0.181177,0.444477
7340,-0.369496,0.492502,-0.181177,0.444477
7341,-0.355759,0.391508,-0.181177,0.444477
7342,-0.355759,0.391508,-0.181177,-1.144329
7343,-0.335154,0.189519,-0.181177,-1.144329
7344,-0.335154,0.189519,-0.181177,-1.144329
7345,-0.335154,0.391508,0.220955,-1.144329
7346,-0.335154,0.391508,0.220955,-1.144329
7347,-0.335154,-0.012469,0.220955,0.444477
7348,-0.335154,-0.012469,0.220955,2.033284
7349,-0.348891,0.391508,0.220955,-1.144329
7350,-0.348891,0.391508,0.220955,0.444477
7351,-0.328286,0.391508,0.220955,-1.144329
7352,-0.328286,0.391508,0.220955,0.444477
7353,-0.362628,0.492502,-0.181177,2.033284
7354,-0.362628,0.492502,-0.181177,-1.144329
7355,-0.348891,0.391508,-0.181177,0.444477
7356,-0.348891,0.391508,-0.181177,0.444477
7357,-0.348891,0.69449,-0.181177,0.444477
7358,-0.348891,0.69449,-0.181177,0.444477
7359,-0.355759,0.391508,-0.181177,0.444477
7360,-0.355759,0.391508,-0.181177,0.444477
7361,-0.342022,0.290513,-0.181177,0.444477
7362,-0.342022,0.290513,-0.181177,-1.144329
7363,-0.348891,0.492502,0.220955,-1.144329
7364,-0.348891,0.492502,0.220955,0.444477
7365,-0.348891,0.088525,0.220955,-1.144329
7366,-0.348891,0.088525,0.220955,2.033284
7367,-0.342022,0.391508,-0.181177,0.444477
7368,-0.342022,0.391508,-0.181177,0.444477
7369,-0.335154,0.896478,-0.181177,0.444477
7370,-0.335154,0.896478,-0.181177,0.444477
7371,-0.362628,0.391508,-0.181177,0.444477
7372,-0.362628,0.391508,-0.181177,0.444477
7373,-0.335154,0.795484,-0.181177,0.444477
7374,-0.335154,0.795484,-0.181177,0.444477
7375,-0.362628,0.290513,-0.181177,0.444477
7376,-0.362628,0.290513,-0.181177,-1.144329
7377,-0.355759,0.290513,-0.181177,-1.144329
7378,-0.355759,0.290513,-0.181177,0.444477
7379,-0.348891,0.69449,-0.181177,-1.144329
7380,-0.348891,0.69449,-0.181177,2.033284
7381,-0.342022,0.69449,-0.181177,0.444477
7382,-0.342022,0.69449,-0.181177,0.444477
7383,-0.348891,0.896478,-0.181177,0.444477
7384,-0.348891,0.896478,-0.181177,0.444477
7385,-0.335154,0.69449,-0.181177,0.444477
7386,-0.335154,0.69449,-0.181177,-1.144329
7387,-0.355759,0.593496,-0.181177,0.444477
7388,-0.355759,0.593496,-0.181177,0.444477
7389,-0.348891,0.088525,-0.181177,-1.144329
7390,-0.348891,0.088525,-0.181177,0.444477
7391,-0.342022,0.69449,-0.181177,-2.733136
7392,-0.342022,0.69449,-0.181177,-1.144329
7393,-0.355759,0.391508,-0.181177,0.444477
7394,-0.355759,0.391508,-0.181177,0.444477
7395,-0.335154,0.492502,-0.181177,0.444477
7396,-0.335154,0.492502,-0.181177,2.033284
7397,-0.348891,0.290513,-0.181177,-1.144329
7398,-0.348891,0.290513,-0.181177,-1.144329
7399,-0.342022,0.189519,-0.181177,0.444477
7400,-0.342022,0.189519,-0.181177,0.444477
7401,-0.355759,0.492502,-0.181177,-1.144329
7402,-0.355759,0.492502,-0.181177,0.444477
7403,-0.355759,0.391508,-0.181177,0.444477
7404,-0.355759,0.391508,-0.181177,-1.144329
7405,-0.342022,0.189519,0.220955,0.444477
7406,-0.342022,0.189519,0.220955,-2.733136
7407,-0.335154,0.088525,0.220955,-1.144329
7408,-0.335154,0.088525,0.220955,0.444477
7409,-0.328286,0.492502,0.220955,0.444477
7410,-0.328286,0.492502,0.220955,0.444477
7411,-0.335154,0.391508,0.220955,2.033284
7412,-0.335154,0.391508,0.220955,-1.144329
7413,-0.362628,0.795484,-0.181177,-1.144329
7414,-0.362628,0.795484,-0.181177,0.444477
7415,-0.362628,0.593496,-0.181177,0.444477
7416,-0.362628,0.593496,-0.181177,0.444477
7417,-0.342022,0.189519,-0.181177,0.444477
7418,-0.342022,0.189519,-0.181177,0.444477
7419,-0.355759,0.391508,-0.181177,0.444477
7420,-0.355759,0.391508,-0.181177,0.444477
7421,-0.355759,0.088525,-0.181177,-1.144329
7422,-0.355759,0.088525,-0.181177,-1.144329
7423,-0.355759,0.492502,-0.181177,-1.144329
7424,-0.328286,-0.012469,-0.181177,-1.144329
7425,-0.328286,-0.012469,-0.181177,0.444477
7426,-0.348891,0.290513,-0.181177,2.033284
7427,-0.348891,0.290513,-0.181177,-1.144329
7428,-0.348891,0.290513,-0.181177,0.444477
7429,-0.348891,0.290513,-0.181177,-1.144329
7430,-0.335154,0.391508,-0.181177,0.444477
7431,-0.335154,0.391508,-0.181177,2.033284
7432,-0.335154,0.088525,-0.181177,-1.144329
7433,-0.335154,0.088525,-0.181177,0.444477
7434,-0.348891,0.290513,-0.181177,0.444477
7435,-0.348891,0.290513,-0.181177,0.444477
7436,-0.335154,0.189519,-0.181177,-1.144329
7437,-0.335154,0.189519,-0.181177,0.444477
7438,-0.342022,0.189519,-0.181177,0.444477
7439,-0.342022,0.189519,-0.181177,-1.144329
7440,-0.348891,0.189519,-0.181177,0.444477
7441,-0.348891,0.189519,-0.181177,-2.733136
7442,-0.348891,0.492502,-0.181177,-1.144329
7443,-0.348891,0.492502,-0.181177,0.444477
7444,-0.328286,0.391508,-0.181177,0.444477
7445,-0.328286,0.391508,-0.181177,0.444477
7446,-0.342022,0.290513,-0.181177,2.033284
7447,-0.342022,0.290513,-0.181177,-1.144329
7448,-0.335154,0.290513,-0.181177,-1.144329
7449,-0.335154,0.290513,-0.181177,0.444477
7450,-0.348891,0.189519,-0.181177,0.444477
7451,-0.348891,0.189519,-0.181177,0.444477
7452,-0.335154,0.391508,-0.181177,0.444477
7453,-0.335154,0.391508,-0.181177,0.444477
7454,-0.342022,0.492502,-0.181177,0.444477
7455,-0.342022,0.492502,-0.181177,0.444477
7456,-0.335154,0.088525,-0.181177,-1.144329
7457,-0.335154,0.088525,-0.181177,-1.144329
7458,-0.335154,0.290513,-0.181177,-1.144329
7459,-0.335154,0.290513,-0.181177,-1.144329
7460,-0.348891,0.492502,-0.181177,-1.144329
7461,-0.348891,0.492502,-0.181177,0.444477
7462,-0.362628,0.593496,-0.583309,2.033284
7463,-0.362628,0.593496,-0.583309,-1.144329
7464,-0.348891,0.290513,-0.181177,0.444477
7465,-0.348891,0.290513,-0.181177,-1.144329
7466,-0.335154,0.189519,-0.181177,0.444477
7467,-0.335154,0.189519,-0.181177,2.033284
7468,-0.335154,0.391508,0.220955,-1.144329
7469,-0.335154,0.391508,0.220955,0.444477
7470,-0.342022,0.391508,0.220955,0.444477
7471,-0.342022,0.391508,0.220955,0.444477
7472,-0.348891,0.795484,0.220955,0.444477
7473,-0.348891,0.795484,0.220955,0.444477
7474,-0.342022,0.290513,-0.181177,0.444477
7475,-0.342022,0.290513,-0.181177,0.444477
7476,-0.362628,0.69449,-0.181177,-1.144329
7477,-0.362628,0.69449,-0.181177,-1.144329
7478,-0.362628,0.492502,-0.181177,0.444477
7479,-0.362628,0.492502,-0.181177,-1.144329
7480,-0.362628,0.290513,-0.181177,2.033284
7481,-0.335154,0.290513,-0.181177,0.444477
7482,-0.355759,0.189519,-0.181177,0.444477
7483,-0.355759,0.189519,-0.181177,0.444477
7484,-0.342022,0.189519,0.220955,0.444477
7485,-0.342022,0.189519,0.220955,0.444477
7486,-0.335154,0.088525,0.220955,0.444477
7487,-0.335154,0.088525,0.220955,0.444477
7488,-0.355759,-0.012469,0.220955,0.444477
7489,-0.355759,-0.012469,0.220955,0.444477
7490,-0.342022,0.189519,-0.181177,-1.144329
7491,-0.342022,0.189519,-0.181177,-1.144329
7492,-0.362628,0.189519,-0.181177,0.444477
7493,-0.362628,0.189519,-0.181177,-1.144329
7494,-0.348891,0.290513,-0.181177,0.444477
7495,-0.348891,0.290513,-0.181177,0.444477
7496,-0.342022,-0.012469,-0.181177,-1.144329
7497,-0.342022,-0.012469,-0.181177,0.444477
7498,-0.342022,0.189519,-0.181177,0.444477
7499,-0.342022,0.189519,-0.181177,-1.144329
7500,-0.335154,0.088525,0.220955,0.444477
7501,-0.335154,0.088525,0.220955,-2.733136
7502,-0.328286,-0.012469,0.220955,-1.144329
7503,-0.328286,-0.012469,0.220955,0.444477
7504,-0.355759,0.189519,0.220955,0.444477
7505,-0.355759,0.189519,0.220955,0.444477
7506,-0.348891,0.290513,-0.181177,2.033284
7507,-0.348891,0.290513,-0.181177,-1.144329
7508,-0.342022,0.290513,-0.181177,-1.144329
7509,-0.342022,0.290513,-0.181177,0.444477
7510,-0.348891,0.189519,-0.181177,0.444477
7511,-0.348891,0.189519,-0.181177,0.444477
7512,-0.342022,0.290513,-0.181177,0.444477
7513,-0.342022,0.290513,-0.181177,0.444477
7514,-0.335154,0.593496,0.220955,0.444477
7515,-0.335154,0.593496,0.220955,0.444477
7516,-0.348891,0.290513,0.220955,-1.144329
7517,-0.348891,0.290513,0.220955,-1.144329
7518,-0.348891,0.189519,-0.181177,-1.144329
7519,-0.348891,0.189519,-0.181177,-1.144329
7520,-0.348891,0.391508,-0.181177,-1.144329
7521,-0.348891,0.391508,-0.181177,0.444477
7522,-0.348891,0.492502,-0.181177,2.033284
7523,-0.348891,0.492502,-0.181177,-1.144329
7524,-0.342022,0.69449,-0.583309,0.444477
7525,-0.342022,0.69449,-0.583309,-1.144329
7526,-0.342022,0.391508,-0.181177,0.444477
7527,-0.342022,0.391508,-0.181177,2.033284
7528,-0.342022,1.19946,-0.181177,-1.144329
7529,-0.342022,1.19946,-0.181177,0.444477
7530,-0.335154,0.896478,0.220955,0.444477
7531,-0.335154,0.896478,0.220955,0.444477
7532,-0.328286,0.896478,0.220955,-1.144329
7533,-0.328286,0.896478,0.220955,0.444477
7534,-0.328286,0.896478,0.220955,0.444477
7535,-0.328286,0.896478,0.220955,-1.144329
7536,-0.328286,0.997472,-0.181177,0.444477
7537,-0.328286,0.997472,-0.181177,-2.733136
7538,-0.335154,0.896478,-0.181177,-1.144329
7539,-0.335154,0.896478,-0.181177,0.444477
7540,-0.328286,0.69449,-0.583309,0.444477
7541,-0.328286,0.69449,-0.583309,0.444477
7542,-0.335154,0.997472,-0.181177,2.033284
7543,-0.335154,0.997472,-0.181177,-1.144329
7544,-0.328286,1.300455,0.220955,-1.144329
7545,-0.328286,1.300455,0.220955,0.444477
7546,-0.328286,1.19946,0.220955,0.444477
7547,-0.328286,1.19946,0.220955,0.444477
7548,-0.335154,0.997472,0.220955,0.444477
7549,-0.335154,0.997472,0.220955,0.444477
7550,-0.335154,0.997472,0.220955,0.444477
7551,-0.335154,0.997472,0.220955,0.444477
7552,-0.328286,1.401449,-0.181177,-1.144329
7553,-0.328286,1.401449,-0.181177,-1.144329
7554,-0.335154,1.300455,-0.181177,-1.144329
7555,-0.335154,1.300455,-0.181177,-1.144329
7556,-0.342022,1.098466,-0.181177,-1.144329
7557,-0.342022,1.098466,-0.181177,0.444477
7558,-0.342022,1.19946,-0.181177,2.033284
7559,-0.342022,1.19946,-0.181177,-1.144329
7560,-0.328286,1.401449,-0.181177,0.444477
7561,-0.328286,1.401449,-0.181177,-1.144329
7562,-0.314549,1.19946,-0.181177,0.444477
7563,-0.314549,1.19946,-0.181177,2.033284
7564,-0.321417,1.098466,-0.181177,-1.144329
7565,-0.321417,1.098466,-0.181177,0.444477
7566,-0.335154,1.401449,-0.181177,0.444477
7567,-0.335154,1.401449,-0.181177,0.444477
7568,-0.328286,1.704431,-0.181177,0.444477
7569,-0.328286,1.704431,-0.181177,0.444477
7570,-0.335154,2.613378,-0.181177,0.444477
7571,-0.335154,2.613378,-0.181177,0.444477
7572,-0.321417,2.310396,0.220955,-1.144329
7573,-0.321417,2.310396,0.220955,-1.144329
7574,-0.30768,2.007413,0.220955,0.444477
7575,-0.30768,2.007413,0.220955,-1.144329
7576,-0.30768,2.209402,0.220955,2.033284
7577,-0.30768,2.209402,0.220955,0.444477
7578,-0.300812,2.815366,0.220955,0.444477
7579,-0.300812,2.815366,0.220955,0.444477
7580,-0.328286,3.623319,-0.181177,0.444477
7581,-0.328286,3.623319,-0.181177,0.444477
7582,-0.314549,2.209402,-0.181177,0.444477
7583,-0.314549,2.209402,-0.181177,0.444477
7584,-0.293943,2.310396,-0.181177,0.444477
7585,-0.293943,2.310396,-0.181177,0.444477
7586,-0.314549,1.805425,-0.181177,-1.144329
7587,-0.314549,1.805425,-0.181177,-1.144329
7588,-0.300812,2.41139,0.220955,0.444477
7589,-0.300812,2.41139,0.220955,-1.144329
7590,-0.30768,0.290513,-0.181177,2.033284
7591,-0.30768,0.290513,-0.181177,0.444477
7592,-0.314549,0.189519,-0.181177,0.444477
7593,-0.314549,0.189519,-0.181177,0.444477
7594,-0.30768,0.391508,-0.181177,0.444477
7595,-0.30768,0.391508,-0.181177,0.444477
7596,-0.30768,0.492502,-0.181177,-1.144329
7597,-0.328286,0.492502,-0.181177,0.444477
7598,-0.328286,0.69449,-0.181177,0.444477
7599,-0.328286,0.69449,-0.181177,-1.144329
7600,-0.321417,0.391508,0.220955,0.444477
7601,-0.321417,0.391508,0.220955,-2.733136
7602,-0.300812,1.19946,0.220955,-1.144329
7603,-0.300812,1.19946,0.220955,0.444477
7604,-0.30768,0.896478,-0.181177,0.444477
7605,-0.30768,0.896478,-0.181177,0.444477
7606,-0.26647,0.896478,-0.181177,2.033284
7607,-0.26647,0.896478,-0.181177,-1.144329
7608,-0.314549,0.896478,-0.181177,-1.144329
7609,-0.314549,0.896478,-0.181177,0.444477
7610,-0.328286,0.997472,-0.181177,0.444477
7611,-0.328286,0.997472,-0.181177,0.444477
7612,-0.321417,0.896478,0.220955,0.444477
7613,-0.321417,0.896478,0.220955,0.444477
7614,-0.314549,0.69449,0.220955,0.444477
7615,-0.314549,0.69449,0.220955,0.444477
7616,-0.321417,0.997472,0.220955,-1.144329
7617,-0.321417,0.997472,0.220955,-1.144329
7618,-0.314549,1.300455,0.220955,-1.144329
7619,-0.314549,1.300455,0.220955,-1.144329
7620,-0.335154,1.300455,-0.181177,-1.144329
7621,-0.335154,1.300455,-0.181177,0.444477
7622,-0.314549,0.997472,-0.181177,2.033284
7623,-0.314549,0.997472,-0.181177,-1.144329
7624,-0.328286,0.997472,-0.181177,0.444477
7625,-0.328286,0.997472,-0.181177,-1.144329
7626,-0.328286,1.401449,-0.181177,0.444477
7627,-0.328286,1.401449,-0.181177,2.033284
7628,-0.314549,1.300455,0.220955,-1.144329
7629,-0.314549,1.300455,0.220955,0.444477
7630,-0.314549,1.098466,0.220955,0.444477
7631,-0.314549,1.098466,0.220955,-1.144329
7632,-0.314549,1.19946,0.220955,0.444477
7633,-0.314549,1.19946,0.220955,0.444477
7634,-0.328286,1.401449,0.220955,-1.144329
7635,-0.328286,1.401449,0.220955,0.444477
7636,-0.321417,1.19946,-0.181177,-2.733136
7637,-0.321417,1.19946,-0.181177,-1.144329
7638,-0.280207,1.098466,-0.181177,0.444477
7639,-0.280207,1.098466,-0.181177,0.444477
7640,-0.328286,1.401449,-0.181177,0.444477
7641,-0.328286,1.401449,-0.181177,2.033284
7642,-0.300812,1.704431,0.220955,-1.144329
7643,-0.300812,1.704431,0.220955,-1.144329
7644,-0.287075,2.613378,0.220955,0.444477
7645,-0.287075,2.613378,0.220955,0.444477
7646,-0.30768,2.310396,-0.181177,0.444477
7647,-0.30768,2.310396,-0.181177,0.444477
7648,-0.287075,2.007413,-0.181177,0.444477
7649,-0.287075,2.007413,-0.181177,0.444477
7650,-0.348891,2.209402,-0.583309,0.444477
7651,-0.348891,2.209402,-0.583309,-1.144329
7652,-0.348891,2.815366,-0.181177,-1.144329
7653,-0.348891,2.815366,-0.181177,-1.144329
7654,-0.342022,3.623319,-0.181177,-1.144329
7655,-0.342022,3.623319,-0.181177,-1.144329
7656,-0.335154,2.209402,-0.181177,0.444477
7657,-0.335154,2.209402,-0.181177,2.033284
7658,-0.335154,2.310396,0.220955,-1.144329
7659,-0.335154,2.310396,0.220955,0.444477
7660,-0.355759,1.805425,-0.181177,-1.144329
7661,-0.355759,1.805425,-0.181177,0.444477
7662,-0.328286,2.41139,-0.181177,2.033284
7663,-0.328286,2.41139,-0.181177,-1.144329
7664,-0.335154,0.290513,-0.181177,0.444477
7665,-0.335154,0.189519,-0.181177,0.444477
7666,-0.300812,0.189519,-0.181177,0.444477
7667,-0.300812,0.189519,-0.181177,-1.144329
7668,-0.300812,0.189519,-0.181177,0.444477
7669,-0.300812,0.088525,-0.181177,0.444477
7670,-0.719785,0.088525,-0.181177,-1.144329
7671,-0.719785,-0.012469,-0.181177,0.444477
7672,-0.39697,-0.012469,-0.583309,-2.733136
7673,-0.39697,0.189519,-0.583309,-1.144329
7674,-0.300812,0.189519,-0.181177,0.444477
7675,-0.300812,0.189519,-0.181177,0.444477
7676,-0.211522,0.189519,0.220955,0.444477
7677,-0.211522,0.290513,0.220955,2.033284
7678,-0.26647,0.290513,0.220955,-1.144329
7679,-0.26647,-0.012469,0.220955,-1.144329
7680,-0.245865,-0.012469,0.220955,0.444477
7681,-0.245865,0.189519,0.220955,0.444477
7682,-0.225259,0.189519,0.220955,0.444477
7683,-0.225259,0.088525,0.220955,0.444477
7684,-0.232128,0.088525,-0.181177,0.444477
7685,-0.232128,-0.012469,-0.181177,0.444477
7686,-0.225259,-0.012469,-0.181177,0.444477
7687,-0.225259,0.189519,-0.181177,-1.144329
7688,-0.232128,0.189519,-0.181177,-1.144329
7689,-0.232128,0.290513,-0.181177,-1.144329
7690,-0.225259,0.290513,-0.181177,-1.144329
7691,-0.225259,0.290513,-0.181177,-1.144329
7692,-0.149707,0.290513,0.220955,0.444477
7693,-0.149707,0.189519,0.220955,2.033284
7694,-0.211522,0.189519,0.220955,-1.144329
7695,-0.211522,0.290513,0.220955,0.444477
7696,-0.211522,0.290513,-0.181177,-1.144329
7697,-0.211522,0.593496,-0.181177,0.444477
7698,-0.163444,0.593496,-0.181177,2.033284
7699,-0.163444,0.290513,-0.181177,-1.144329
7700,-0.238996,0.290513,-0.181177,0.444477
7701,-0.238996,0.189519,-0.181177,0.444477
7702,-0.225259,0.189519,-0.181177,0.444477
7703,-0.225259,0.391508,-0.181177,0.444477
7704,-0.225259,0.391508,-0.181177,0.444477
7705,-0.225259,0.492502,-0.181177,0.444477
7706,-0.204654,0.492502,-0.181177,0.444477
7707,-0.204654,0.69449,-0.181177,-1.144329
7708,-0.218391,0.69449,-0.181177,-1.144329
7709,-0.218391,0.391508,-0.181177,0.444477
7710,-0.218391,0.391508,-0.181177,-1.144329
7711,-0.218391,1.19946,-0.181177,2.033284
7712,-0.225259,1.19946,-0.181177,0.444477
7713,-0.225259,0.896478,-0.181177,0.444477
7714,-0.232128,0.896478,-0.181177,0.444477
7715,-0.232128,0.896478,-0.181177,0.444477
7716,-0.238996,0.896478,0.220955,0.444477
7717,-0.238996,0.896478,0.220955,0.444477
7718,-0.252733,0.896478,0.220955,0.444477
7719,-0.252733,0.997472,0.220955,0.444477
7720,-0.245865,0.997472,0.220955,0.444477
7721,-0.245865,0.896478,0.220955,-1.144329
7722,-0.26647,0.896478,0.220955,-1.144329
7723,-0.26647,0.69449,0.220955,0.444477
7724,-0.273338,0.69449,0.220955,-1.144329
7725,-0.273338,0.997472,0.220955,2.033284
7726,-0.26647,0.997472,-0.181177,0.444477
7727,-0.26647,1.300455,-0.181177,0.444477
7728,-0.273338,1.300455,-0.181177,0.444477
7729,-0.273338,1.19946,-0.181177,0.444477
7730,-0.280207,1.19946,-0.181177,0.444477
7731,-0.280207,0.997472,-0.181177,-1.144329
7732,-0.259601,0.997472,-0.181177,0.444477
7733,-0.259601,0.997472,-0.181177,0.444477
7734,-0.26647,0.997472,0.220955,-1.144329
7735,-0.26647,1.401449,0.220955,0.444477
7736,-0.26647,1.401449,0.220955,-2.733136
7737,-0.26647,1.300455,0.220955,-1.144329
7738,-0.211522,1.300455,-0.181177,0.444477
7739,-0.211522,1.098466,-0.181177,0.444477
7740,-0.218391,1.098466,-0.181177,0.444477
7741,-0.218391,1.19946,-0.181177,2.033284
7742,-0.211522,1.19946,-0.181177,-1.144329
7743,-0.211522,1.401449,-0.181177,-1.144329
7744,-0.197786,1.401449,-0.181177,0.444477
7745,-0.197786,1.19946,-0.181177,0.444477
7746,-0.218391,1.19946,-0.181177,0.444477
7747,-0.218391,1.098466,-0.181177,0.444477
7748,-0.204654,1.098466,-0.181177,-1.144329
7749,-0.204654,1.401449,-0.181177,0.444477
7750,-0.218391,1.401449,0.220955,0.444477
7751,-0.218391,1.704431,0.220955,-1.144329
7752,-0.190917,1.704431,0.220955,0.444477
7753,-0.190917,2.613378,0.220955,-2.733136
7754,-0.197786,2.613378,0.220955,-1.144329
7755,-0.197786,2.310396,0.220955,0.444477
7756,-0.225259,2.310396,-0.181177,0.444477
7757,-0.225259,2.007413,-0.181177,0.444477
7758,-0.225259,2.007413,-0.181177,2.033284
7759,-0.225259,2.209402,-0.181177,-1.144329
7760,-0.225259,2.209402,-0.181177,-1.144329
7761,-0.225259,2.815366,-0.181177,0.444477
7762,-0.197786,2.815366,-0.181177,0.444477
7763,-0.197786,3.623319,-0.181177,0.444477
7764,-0.204654,3.623319,-0.181177,0.444477
7765,-0.204654,2.209402,-0.181177,0.444477
7766,-0.204654,2.209402,0.220955,0.444477
7767,-0.204654,2.310396,0.220955,0.444477
7768,-0.211522,2.310396,0.220955,-1.144329
7769,-0.211522,1.805425,0.220955,-1.144329
7770,-0.190917,1.805425,-0.181177,-1.144329
7771,-0.190917,2.41139,-0.181177,-1.144329
7772,-0.238996,2.41139,-0.181177,-1.144329
7773,-0.238996,0.290513,-0.181177,0.444477
7774,-0.204654,0.290513,-0.181177,2.033284
7775,-0.204654,0.189519,-0.181177,-1.144329
7776,-0.211522,0.189519,-0.181177,0.444477
7777,-0.211522,0.088525,-0.181177,-1.144329
7778,-0.211522,0.088525,-0.181177,0.444477
7779,-0.211522,-0.012469,-0.181177,2.033284
7780,-0.225259,-0.012469,-0.181177,-1.144329
7781,-0.225259,0.189519,-0.181177,0.444477
7782,-0.184049,0.189519,0.220955,0.444477
7783,-0.184049,0.290513,0.220955,0.444477
7784,-0.204654,0.290513,0.220955,-1.144329
7785,-0.204654,0.290513,0.220955,0.444477
7786,-0.204654,0.290513,-0.181177,0.444477
7787,-0.204654,0.189519,-0.181177,-1.144329
7788,-0.197786,0.189519,-0.181177,0.444477
7789,-0.197786,0.290513,-0.181177,-2.733136
7790,-0.211522,0.290513,-0.583309,-1.144329
7791,-0.211522,0.593496,-0.583309,0.444477
7792,-0.211522,0.593496,-0.181177,0.444477
7793,-0.211522,0.290513,-0.181177,0.444477
7794,-0.204654,0.290513,-6.615292,2.033284
7795,-0.204654,0.189519,-6.615292,-1.144329
7796,-0.204654,0.189519,-9.028086,-1.144329
7797,-0.204654,0.391508,-9.028086,0.444477
7798,5.324423,0.391508,-9.028086,0.444477
7799,5.324423,0.492502,-9.028086,0.444477
7800,4.452134,0.492502,-9.430218,0.444477
7801,4.452134,0.69449,-9.430218,0.444477
7802,4.314765,0.69449,-9.430218,0.444477
7803,4.314765,0.391508,-9.430218,0.444477
7804,4.273555,0.391508,-9.83235,-1.144329
7805,4.273555,1.19946,-9.83235,-1.144329
7806,4.301029,1.19946,-9.430218,-1.144329
7807,4.301029,0.896478,-9.430218,-1.144329
7808,4.29416,0.896478,-8.223821,-1.144329
7809,4.29416,0.896478,-8.223821,0.444477
7810,4.25295,0.896478,-6.615292,2.033284
7811,4.25295,0.896478,-6.615292,-1.144329
7812,4.232344,0.896478,-3.800367,0.444477
7813,4.232344,0.997472,-3.800367,-1.144329
7814,4.12245,0.997472,-1.387573,0.444477
7815,4.12245,0.896478,-1.387573,2.033284
7816,3.978213,0.896478,0.623088,-1.144329
7817,3.978213,0.896478,0.623088,0.444477
7818,3.751555,0.69449,1.829484,0.444477
7819,3.751555,0.997472,1.829484,0.444477
7820,3.524897,0.997472,1.829484,0.444477
7821,3.524897,1.300455,1.829484,0.444477
7822,3.311976,1.300455,2.231617,0.444477
7823,3.311976,1.19946,2.231617,0.444477
7824,3.119661,1.19946,1.829484,-1.144329
7825,3.119661,0.997472,1.829484,-1.144329
7826,3.016634,0.997472,1.427352,0.444477
7827,3.016634,0.997472,1.427352,-1.144329
7828,2.927345,0.997472,1.427352,2.033284
7829,2.927345,1.401449,1.427352,0.444477
7830,2.893003,1.401449,1.02522,0.444477
7831,2.893003,1.300455,1.02522,0.444477
7832,2.844924,1.300455,0.623088,0.444477
7833,2.844924,1.098466,0.623088,0.444477
7834,2.81745,1.098466,0.220955,0.444477
7835,2.81745,1.19946,0.220955,0.444477
7836,2.81745,1.19946,-0.181177,0.444477
7837,2.652608,1.401449,-0.583309,0.444477
7838,2.673213,1.401449,-0.583309,-1.144329
7839,2.68695,1.19946,-0.985441,-1.144329
7840,2.714424,1.19946,-1.387573,0.444477
7841,2.700687,1.098466,-1.789706,-1.144329
7842,2.741898,1.098466,-1.789706,2.033284
7843,2.604529,1.401449,-2.191838,0.444477
7844,2.625134,1.401449,-2.191838,0.444477
7845,2.590792,1.704431,-2.191838,0.444477
7846,2.597661,1.704431,-2.191838,0.444477
7847,2.64574,2.613378,-2.191838,0.444477
7848,2.638871,2.613378,-1.789706,-1.144329
7849,2.666345,2.310396,-1.789706,0.444477
7850,2.707555,2.310396,-1.789706,0.444477
7851,2.68695,2.007413,-2.191838,-1.144329
7852,2.638871,2.007413,-2.191838,0.444477
7853,2.64574,2.209402,-2.59397,-2.733136
7854,2.666345,2.209402,-2.191838,-1.144329
7855,2.68695,2.815366,-2.191838,0.444477
7856,2.714424,2.815366,-1.789706,0.444477
7857,2.769371,3.623319,-1.789706,0.444477
7858,2.714424,3.623319,-2.191838,-1.144329
7859,2.741898,2.209402,-2.191838,0.444477
7860,2.831187,2.209402,-2.191838,0.444477
7861,2.824319,2.310396,-2.191838,-1.144329
7862,2.851792,2.310396,-2.191838,0.444477
7863,2.838055,1.805425,-2.191838,-2.733136
7864,2.810582,1.805425,-2.191838,-1.144329
7865,2.789976,2.41139,-2.191838,0.444477
7866,2.789976,2.41139,-2.191838,0.444477
7867,2.77624,0.290513,-1.789706,0.444477
7868,2.783108,0.290513,-2.191838,2.033284
7869,2.77624,0.189519,-2.191838,-1.144329
7870,2.77624,0.189519,-2.191838,-1.144329
7871,2.90674,0.391508,-2.191838,0.444477
7872,2.899871,0.391508,-2.191838,0.444477
7873,2.913608,0.492502,-2.59397,0.444477
7874,2.872397,0.492502,-2.191838,0.444477
7875,2.851792,0.69449,-2.191838,0.444477
7876,2.831187,0.69449,-2.191838,0.444477
7877,2.858661,0.391508,-2.59397,0.444477
7878,3.689739,0.391508,-2.59397,-1.144329
7879,2.996029,1.19946,-1.789706,-1.144329
7880,2.879266,1.19946,-1.789706,-1.144329
7881,2.858661,0.896478,-1.789706,-1.144329
7882,2.796845,0.896478,-1.789706,-1.144329
7883,2.789976,0.896478,-1.789706,0.444477
7884,2.803713,0.896478,-2.191838,2.033284
7885,2.810582,0.896478,-2.191838,-1.144329
7886,2.803713,0.896478,-1.789706,0.444477
7887,2.803713,0.997472,-0.583309,-1.144329
7888,2.755634,0.997472,1.427352,0.444477
7889,1.107214,0.896478,3.035881,2.033284
7890,1.107214,0.896478,3.840146,-1.144329
7891,1.031661,0.69449,4.242278,0.444477
7892,0.90803,0.69449,4.242278,0.444477
7893,0.509662,0.997472,4.242278,0.444477
7894,0.701977,0.997472,3.840146,-1.144329
7895,0.736319,1.300455,3.438013,0.444477
7896,0.640161,1.300455,3.035881,0.444477
7897,0.626425,1.19946,3.035881,-1.144329
7898,0.626425,1.19946,2.633749,0.444477
7899,0.64703,0.997472,2.231617,-2.733136
7900,0.653898,0.997472,1.829484,-1.144329
7901,0.55774,0.997472,1.427352,0.444477
7902,0.585214,0.997472,1.427352,0.444477
7903,0.585214,1.401449,1.829484,0.444477
7904,0.585214,1.401449,2.231617,2.033284
7905,0.64703,1.300455,3.035881,-1.144329
7906,0.633293,1.300455,3.035881,-1.144329
7907,0.592083,1.098466,3.035881,0.444477
7908,0.605819,1.098466,2.633749,0.444477
7909,0.585214,1.19946,2.231617,0.444477
7910,0.550872,1.19946,1.829484,0.444477
7911,0.605819,1.401449,1.829484,0.444477
7912,0.592083,1.401449,1.427352,0.444477
7913,0.592083,1.19946,1.829484,0.444477
7914,0.619556,1.19946,2.231617,-1.144329
7915,0.585214,1.098466,2.231617,-1.144329
7916,0.578346,1.098466,2.633749,-1.144329
7917,0.399767,1.401449,1.829484,-1.144329
7918,2.240503,1.401449,1.829484,-1.144329
7919,0.193714,1.704431,2.231617,0.444477
7920,0.152504,1.704431,2.231617,2.033284
7921,0.08382,2.613378,2.231617,-1.144329
7922,0.063214,2.613378,2.231617,0.444477
7923,0.104425,2.310396,1.829484,-1.144329
7924,0.070083,2.310396,1.829484,0.444477
7925,0.001399,2.007413,1.829484,2.033284
7926,0.070083,2.007413,1.829484,-1.144329
7927,0.049477,2.209402,2.231617,0.444477
7928,0.241793,2.209402,2.231617,0.444477
7929,0.207451,2.815366,2.231617,0.444477
7930,0.331083,2.815366,-0.181177,0.444477
7931,3.703476,3.623319,-0.181177,0.444477
7932,4.204871,3.623319,-0.583309,0.444477
7933,2.343529,2.209402,0.220955,0.444477
7934,2.206161,2.209402,1.02522,-1.144329
7935,2.144345,2.310396,3.035881,-1.144329
7936,1.608608,2.310396,4.64441,0.444477
7937,1.615477,1.805425,5.448674,-1.144329
7938,1.615477,1.805425,6.252939,2.033284
7939,1.581135,2.41139,6.252939,0.444477
7940,0.880556,2.41139,5.850807,0.444477
7941,1.182767,0.290513,5.850807,0.444477
7942,1.237714,0.189519,5.448674,0.444477
7943,1.217109,0.189519,5.046542,0.444477
7944,1.189635,0.189519,4.64441,0.444477
7945,1.175898,0.189519,4.242278,0.444477
7946,1.16903,0.088525,3.840146,0.444477
7947,1.21024,0.088525,3.438013,0.444477
7948,1.615477,-0.012469,3.035881,-1.144329
7949,1.533056,-0.012469,2.633749,-1.144329
7950,1.43003,0.189519,2.633749,0.444477
7951,1.416293,0.189519,2.231617,0.444477
7952,1.622345,0.189519,1.829484,-1.144329
7953,1.773451,0.189519,1.427352,0.444477
7954,1.828398,0.290513,1.829484,0.444477
7955,3.215818,0.290513,2.231617,-1.144329
7956,3.181476,-0.012469,2.231617,0.444477
7957,3.181476,-0.012469,2.231617,-2.733136
7958,3.696608,0.189519,2.231617,-1.144329
7959,2.12374,0.189519,2.231617,0.444477
7960,4.362844,0.088525,1.829484,0.444477
7961,4.452134,0.088525,1.829484,0.444477
7962,3.875187,-0.012469,1.829484,2.033284
7963,3.86145,-0.012469,2.231617,-1.144329
7964,3.854581,0.189519,2.231617,-1.144329
7965,3.840844,0.189519,2.231617,0.444477
7966,3.277634,0.290513,2.231617,0.444477
7967,3.277634,0.290513,1.829484,0.444477
7968,3.263897,0.290513,1.829484,0.444477
7969,3.016634,0.290513,1.829484,0.444477
7970,2.755634,0.189519,1.829484,0.444477
7971,2.769371,0.189519,2.231617,0.444477
7972,2.741898,0.290513,2.633749,-1.144329
7973,2.316056,0.290513,2.231617,-1.144329
7974,2.137477,0.593496,2.231617,-1.144329
7975,2.061924,0.593496,1.829484,-1.144329
7976,1.423161,0.290513,1.829484,-1.144329
7977,1.484977,0.290513,1.829484,0.444477
7978,1.491845,0.189519,1.829484,2.033284
7979,1.526187,0.189519,2.231617,-1.144329
7980,1.491845,0.391508,2.231617,0.444477
7981,1.539924,0.391508,2.231617,-1.144329
7982,3.057845,0.492502,2.231617,0.444477
7983,3.009766,0.492502,1.829484,2.033284
7984,2.851792,0.69449,1.829484,-1.144329
7985,3.524897,0.69449,1.829484,0.444477
7986,4.211739,0.391508,1.829484,0.444477
7987,3.840844,0.391508,2.231617,0.444477
7988,3.799634,1.19946,2.231617,-1.144329
7989,3.648529,1.19946,2.231617,0.444477
7990,3.648529,0.896478,1.829484,0.444477
7991,3.51116,0.896478,1.829484,-1.144329
7992,3.518029,0.896478,1.829484,0.444477
7993,3.524897,0.896478,1.829484,-2.733136
7994,3.518029,0.896478,2.231617,-1.144329
7995,3.518029,0.896478,2.231617,0.444477
7996,3.531766,0.997472,2.231617,0.444477
7997,3.545502,0.997472,2.231617,0.444477
7998,3.531766,0.896478,2.231617,2.033284
7999,3.524897,0.896478,1.829484,-1.144329
8000,3.518029,0.69449,1.829484,-1.144329
8001,3.504292,0.69449,1.829484,0.444477
8002,3.518029,0.997472,1.829484,0.444477
8003,3.51116,0.997472,1.829484,0.444477
8004,3.51116,1.300455,2.231617,0.444477
8005,3.531766,1.300455,2.231617,0.444477
8006,3.538634,1.19946,2.231617,0.444477
8007,3.518029,1.19946,1.829484,0.444477
8008,3.524897,0.997472,1.829484,-1.144329
8009,3.51116,0.997472,1.829484,-1.144329
8010,3.504292,0.997472,1.829484,-1.144329
8011,3.518029,0.997472,1.829484,-1.144329
8012,3.518029,1.401449,2.231617,-1.144329
8013,3.524897,1.401449,2.231617,0.444477
8014,3.524897,1.300455,2.231617,2.033284
8015,3.531766,1.300455,1.829484,-1.144329
8016,3.518029,1.098466,1.829484,0.444477
8017,3.518029,1.098466,1.829484,-1.144329
8018,3.518029,1.19946,1.829484,0.444477
8019,3.51116,1.19946,2.231617,2.033284
8020,3.531766,1.401449,2.231617,-1.144329
8021,3.518029,1.401449,2.231617,0.444477
8022,3.531766,1.19946,2.231617,0.444477
8023,3.538634,1.19946,1.829484,0.444477
8024,3.51116,1.098466,1.829484,0.444477
8025,3.51116,1.098466,1.829484,0.444477
8026,3.504292,1.401449,1.829484,0.444477
8027,3.504292,1.401449,1.829484,0.444477
8028,3.518029,1.704431,2.231617,-1.144329
8029,3.531766,1.704431,2.231617,-1.144329
8030,3.518029,2.613378,2.231617,0.444477
8031,3.524897,2.613378,2.231617,0.444477
8032,3.51116,2.310396,1.829484,2.033284
8033,3.51116,2.310396,1.427352,0.444477
8034,3.504292,2.007413,1.427352,0.444477
8035,3.504292,2.007413,1.829484,0.444477
8036,3.504292,2.209402,1.829484,0.444477
8037,3.51116,2.209402,2.231617,0.444477
8038,3.518029,2.815366,2.231617,0.444477
8039,3.524897,2.815366,2.231617,0.444477
8040,3.518029,3.623319,1.829484,0.444477
8041,3.51116,3.623319,1.829484,0.444477
8042,3.51116,2.209402,1.829484,-1.144329
8043,3.497424,2.209402,1.829484,-1.144329
8044,3.497424,2.310396,1.829484,0.444477
8045,3.518029,2.310396,2.231617,-1.144329
8046,3.518029,1.805425,2.231617,2.033284
8047,3.524897,1.805425,2.231617,0.444477
8048,3.504292,2.41139,1.829484,0.444477
8049,3.504292,2.41139,1.829484,0.444477
8050,3.51116,2.209402,1.829484,0.444477
8051,3.504292,2.815366,1.829484,0.444477
8052,3.518029,2.815366,2.231617,-1.144329
8053,3.51116,3.623319,2.231617,0.444477
8054,3.51116,3.623319,2.231617,0.444477
8055,3.518029,2.209402,1.829484,-1.144329
8056,3.51116,2.209402,1.829484,0.444477
8057,3.504292,2.310396,1.829484,-2.733136
8058,3.51116,2.310396,1.427352,-1.144329
8059,3.504292,1.805425,1.829484,0.444477
8060,3.497424,1.805425,2.231617,0.444477
8061,3.518029,2.41139,2.231617,0.444477
8062,3.51116,2.41139,1.829484,2.033284
8063,3.51116,0.290513,1.829484,-1.144329
8064,3.504292,0.290513,1.829484,-1.144329
8065,3.504292,0.189519,1.829484,0.444477
8066,3.504292,0.189519,1.829484,0.444477
8067,3.51116,0.391508,1.829484,0.444477
8068,3.51116,0.391508,1.829484,0.444477
8069,3.504292,3.623319,1.829484,0.444477
8070,3.518029,3.623319,1.829484,0.444477
8071,3.518029,2.209402,1.829484,0.444477
8072,3.504292,2.209402,1.829484,-1.144329
8073,3.51116,2.310396,1.829484,-1.144329
8074,3.518029,2.310396,2.231617,-1.144329
8075,3.51116,1.805425,2.231617,-1.144329
8076,3.51116,1.805425,1.829484,-1.144329
8077,3.51116,2.41139,1.829484,0.444477
8078,3.504292,2.41139,1.427352,2.033284
8079,3.504292,2.209402,1.427352,-1.144329
8080,3.490555,2.815366,1.829484,0.444477
8081,3.497424,2.815366,1.829484,-1.144329
8082,3.504292,3.623319,2.231617,0.444477
8083,3.518029,3.623319,2.231617,2.033284
8084,3.51116,2.209402,2.231617,-1.144329
8085,3.51116,2.209402,1.829484,0.444477
8086,3.504292,2.310396,1.829484,0.444477
8087,3.497424,2.310396,1.829484,0.444477
8088,3.518029,1.805425,1.829484,0.444477
8089,3.524897,1.805425,1.829484,0.444477
8090,3.518029,1.805425,2.231617,0.444477
8091,3.524897,2.41139,2.231617,0.444477
8092,3.531766,0.290513,2.633749,-1.144329
8093,3.531766,0.290513,2.231617,-1.144329
8094,3.545502,0.189519,2.231617,0.444477
8095,3.538634,0.189519,1.829484,-1.144329
8096,-0.273338,-1.426386,-0.181177,0.444477
8097,-0.273338,-1.426386,-0.181177,-1.144329
8098,-0.280207,-1.426386,-0.181177,0.444477
8099,-0.280207,-1.426386,-0.181177,2.033284
8100,-0.280207,-1.52738,-0.181177,-1.144329
8101,-0.280207,-1.52738,-0.181177,0.444477
8102,-0.273338,-1.224398,-0.181177,0.444477
8103,-0.273338,-1.224398,-0.181177,0.444477
8104,-0.287075,-1.325392,-0.181177,0.444477
8105,-0.287075,-1.325392,-0.181177,0.444477
8106,-0.280207,-1.729369,0.220955,0.444477
8107,-0.280207,-1.729369,0.220955,0.444477
8108,-0.280207,-1.729369,-0.181177,-1.144329
8109,-0.280207,-1.729369,-0.181177,-1.144329
8110,-0.273338,-1.52738,0.220955,0.444477
8111,-0.273338,-1.52738,0.220955,-1.144329
8112,-0.280207,-1.931357,0.220955,2.033284
8113,-0.280207,-1.931357,0.220955,0.444477
8114,-0.287075,-1.224398,-0.181177,0.444477
8115,-0.287075,-1.224398,-0.181177,0.444477
8116,-0.280207,-1.426386,-0.181177,0.444477
8117,-0.280207,-1.426386,-0.181177,0.444477
8118,-0.287075,-1.224398,-0.181177,0.444477
8119,-0.287075,-1.224398,-0.181177,0.444477
8120,-0.287075,-1.426386,-0.181177,0.444477
8121,-0.287075,-1.426386,-0.181177,0.444477
8122,-0.287075,-1.325392,-0.181177,0.444477
8123,-0.287075,-1.325392,-0.181177,0.444477
8124,-0.273338,-1.325392,0.220955,0.444477
8125,-0.273338,-1.325392,0.220955,0.444477
8126,-0.280207,-1.628375,0.220955,0.444477
8127,-0.280207,-1.628375,0.220955,0.444477
8128,-0.280207,-1.52738,0.220955,0.444477
8129,-0.280207,-1.52738,0.220955,0.444477
8130,-0.280207,-1.224398,-0.181177,0.444477
8131,-0.280207,-1.224398,-0.181177,0.444477
8132,-0.293943,-1.325392,-0.181177,0.444477
8133,-0.293943,-1.325392,-0.181177,0.444477
8134,-0.280207,-1.426386,-0.181177,0.444477
8135,-0.280207,-1.426386,-0.181177,0.444477
8136,-0.293943,-1.123404,-0.583309,0.444477
8137,-0.293943,-1.123404,-0.583309,0.444477
8138,-0.273338,-1.325392,-0.181177,0.444477
8139,-0.273338,-1.325392,-0.181177,0.444477
8140,-0.280207,-1.426386,-0.181177,0.444477
8141,-0.280207,-1.426386,-0.181177,0.444477
8142,-0.273338,-1.729369,0.220955,0.444477
8143,-0.273338,-1.729369,0.220955,0.444477
8144,-0.280207,-1.123404,0.220955,0.444477
8145,-0.280207,-1.123404,0.220955,-1.144329
8146,-0.293943,-1.224398,-0.181177,0.444477
8147,-0.293943,-1.224398,-0.181177,0.444477
8148,-0.293943,-1.426386,-0.181177,-1.144329
8149,-0.293943,-1.426386,-0.181177,0.444477
8150,-0.287075,-1.224398,-0.181177,-2.733136
8151,-0.287075,-1.224398,-0.181177,-1.144329
8152,-0.293943,-0.719428,-0.181177,0.444477
8153,-0.293943,-0.719428,-0.181177,0.444477
8154,-0.280207,-1.224398,-0.181177,0.444477
8155,-0.280207,-1.224398,-0.181177,2.033284
8156,-0.280207,-1.426386,-0.181177,2.033284
8157,-0.280207,-1.426386,-0.181177,-1.144329
8158,-0.287075,-1.52738,-0.181177,0.444477
8159,-0.287075,-1.52738,-0.181177,0.444477
8160,-0.287075,-1.325392,-0.181177,0.444477
8161,-0.287075,-1.325392,-0.181177,0.444477
8162,-0.280207,-1.426386,-0.181177,0.444477
8163,-0.280207,-1.426386,-0.181177,0.444477
8164,-0.287075,-1.123404,-0.181177,0.444477
8165,-0.287075,-1.123404,-0.181177,-1.144329
8166,-0.293943,-1.426386,-0.181177,-1.144329
8167,-0.293943,-1.426386,-0.181177,-1.144329
8168,-0.273338,-1.224398,-0.181177,-1.144329
8169,-0.273338,-1.224398,-0.181177,-1.144329
8170,-0.280207,-1.224398,-0.181177,0.444477
8171,-0.280207,-1.224398,-0.181177,2.033284
8172,-0.293943,-1.224398,0.220955,-1.144329
8173,-0.293943,-1.224398,0.220955,0.444477
8174,-0.280207,-1.224398,0.220955,-1.144329
8175,-0.280207,-1.224398,0.220955,0.444477
8176,-0.280207,-1.628375,0.220955,2.033284
8177,-0.280207,-1.628375,0.220955,-1.144329
8178,-0.280207,-1.123404,-0.181177,0.444477
8179,-0.280207,-1.123404,-0.181177,0.444477
8180,-0.293943,-1.224398,-0.181177,0.444477
8181,-0.293943,-1.224398,-0.181177,-1.144329
8182,-0.293943,-1.325392,-0.583309,0.444477
8183,-0.293943,-1.325392,-0.583309,0.444477
8184,-0.280207,-1.426386,-0.181177,-1.144329
8185,-0.280207,-1.426386,-0.181177,0.444477
8186,-0.287075,-1.52738,-0.181177,-2.733136
8187,-0.287075,-1.52738,-0.181177,-1.144329
8188,-0.287075,-1.628375,-0.181177,0.444477
8189,-0.287075,-1.628375,-0.181177,0.444477
8190,-0.273338,-1.52738,0.220955,0.444477
8191,-0.273338,-1.52738,0.220955,2.033284
8192,-0.280207,-1.830363,0.220955,-1.144329
8193,-0.280207,-1.830363,0.220955,-1.144329
8194,-0.287075,-1.325392,0.220955,0.444477
8195,-0.287075,-1.325392,0.220955,0.444477
8196,-0.30768,-1.325392,-0.181177,0.444477
8197,-0.30768,-1.325392,-0.181177,0.444477
8198,-0.300812,-1.123404,-0.181177,0.444477
8199,-0.300812,-1.123404,-0.181177,0.444477
8200,-0.293943,-0.921416,-0.181177,0.444477
8201,-0.293943,-0.921416,-0.181177,-1.144329
8202,-0.30768,-1.325392,-0.181177,-1.144329
8203,-0.30768,-1.325392,-0.181177,-1.144329
8204,-0.287075,-1.224398,-0.181177,-1.144329
8205,-0.287075,-1.224398,-0.181177,-1.144329
8206,-0.280207,-1.52738,0.220955,0.444477
8207,-0.280207,-1.52738,0.220955,2.033284
8208,-0.287075,-1.325392,0.220955,-1.144329
8209,-0.287075,-1.325392,0.220955,0.444477
8210,-0.287075,-1.52738,0.220955,-1.144329
8211,-0.287075,-1.52738,0.220955,0.444477
8212,-0.293943,-1.628375,-0.181177,2.033284
8213,-0.293943,-1.628375,-0.181177,-1.144329
8214,-0.293943,-1.325392,-0.181177,0.444477
8215,-0.293943,-1.325392,-0.181177,0.444477
8216,-0.287075,-1.325392,-0.181177,0.444477
8217,-0.287075,-1.325392,-0.181177,0.444477
8218,-0.293943,-1.02241,-0.181177,0.444477
8219,-0.293943,-1.02241,-0.181177,0.444477
8220,-0.280207,-1.02241,0.220955,0.444477
8221,-0.280207,-1.02241,0.220955,-1.144329
8222,-0.280207,-1.325392,0.220955,-1.144329
8223,-0.280207,-1.325392,0.220955,0.444477
8224,-0.280207,-1.123404,0.220955,-1.144329
8225,-0.280207,-1.123404,0.220955,2.033284
8226,-0.293943,-1.426386,-0.181177,0.444477
8227,-0.293943,-1.426386,-0.181177,0.444477
8228,-0.280207,-1.325392,-0.181177,0.444477
8229,-0.280207,-1.325392,-0.181177,0.444477
8230,-0.287075,-0.921416,-0.181177,0.444477
8231,-0.287075,-0.921416,-0.181177,0.444477
8232,-0.300812,-1.325392,-0.181177,0.444477
8233,-0.300812,-1.325392,-0.181177,0.444477
8234,-0.280207,-1.02241,-0.181177,0.444477
8235,-0.280207,-1.02241,-0.181177,-1.144329
8236,-0.287075,-1.123404,-0.181177,-1.144329
8237,-0.287075,-1.123404,-0.181177,0.444477
8238,-0.287075,-1.224398,-0.181177,-1.144329
8239,-0.287075,-1.224398,-0.181177,2.033284
8240,-0.287075,-1.325392,-0.181177,0.444477
8241,-0.287075,-1.325392,-0.181177,0.444477
8242,-0.293943,-1.123404,-0.583309,0.444477
8243,-0.293943,-1.123404,-0.583309,0.444477
8244,-0.293943,-1.02241,-0.181177,0.444477
8245,-0.293943,-1.02241,-0.181177,-1.144329
8246,-0.287075,-0.921416,-0.181177,0.444477
8247,-0.287075,-0.921416,-0.181177,0.444477
8248,-0.293943,-1.123404,0.220955,-1.144329
8249,-0.293943,-1.123404,0.220955,0.444477
8250,-0.287075,-1.02241,0.220955,-2.733136
8251,-0.287075,-1.02241,0.220955,-1.144329
8252,-0.293943,-0.618433,0.220955,0.444477
8253,-0.293943,-0.618433,0.220955,0.444477
8254,-0.300812,-1.123404,-0.181177,0.444477
8255,-0.300812,-1.123404,-0.181177,2.033284
8256,-0.300812,-0.921416,-0.583309,-1.144329
8257,-0.300812,-0.921416,-0.583309,-1.144329
8258,-0.300812,-1.52738,-0.181177,0.444477
8259,-0.300812,-1.52738,-0.181177,0.444477
8260,-0.30768,-1.224398,-0.181177,0.444477
8261,-0.30768,-1.224398,-0.181177,0.444477
8262,-0.287075,-1.628375,-0.181177,0.444477
8263,-0.287075,-1.628375,-0.181177,0.444477
8264,-0.287075,-1.123404,0.220955,0.444477
8265,-0.287075,-1.123404,0.220955,-1.144329
8266,-0.300812,-1.830363,0.220955,-1.144329
8267,-0.300812,-1.830363,0.220955,-1.144329
8268,-0.280207,-1.628375,0.220955,-1.144329
8269,-0.280207,-1.628375,0.220955,-1.144329
8270,-0.300812,-1.52738,-0.181177,0.444477
8271,-0.300812,-1.52738,-0.181177,0.444477
8272,-0.314549,-1.325392,-0.181177,-1.144329
8273,-0.314549,-1.325392,-0.181177,0.444477
8274,-0.293943,-1.426386,-0.181177,-1.144329
8275,-0.293943,-1.426386,-0.181177,0.444477
8276,-0.300812,-1.729369,-0.181177,2.033284
8277,-0.300812,-1.729369,-0.181177,-1.144329
8278,-0.293943,-1.52738,-0.181177,0.444477
8279,-0.293943,-1.52738,-0.181177,0.444477
8280,-0.293943,-1.628375,0.220955,0.444477
8281,-0.293943,-1.628375,0.220955,-1.144329
8282,-0.280207,-1.729369,0.220955,0.444477
8283,-0.280207,-1.729369,0.220955,0.444477
8284,-0.280207,-1.224398,0.220955,-1.144329
8285,-0.280207,-1.224398,0.220955,0.444477
8286,-0.30768,-1.325392,0.220955,-2.733136
8287,-0.30768,-1.325392,0.220955,-1.144329
8288,-0.300812,-1.02241,-0.181177,0.444477
8289,-0.300812,-1.02241,-0.181177,0.444477
8290,-0.314549,-1.123404,-0.583309,0.444477
8291,-0.314549,-1.123404,-0.583309,2.033284
8292,-0.293943,-1.224398,-0.181177,-1.144329
8293,-0.293943,-1.224398,-0.181177,-1.144329
8294,-0.293943,-0.719428,-0.181177,0.444477
8295,-0.293943,-0.719428,-0.181177,0.444477
8296,-0.300812,-0.921416,0.220955,0.444477
8297,-0.300812,-0.921416,0.220955,0.444477
8298,-0.280207,-1.52738,0.220955,0.444477
8299,-0.280207,-1.52738,0.220955,0.444477
8300,-0.287075,-1.224398,0.220955,0.444477
8301,-0.287075,-1.224398,0.220955,-1.144329
8302,-0.287075,-1.426386,0.220955,-1.144329
8303,-0.287075,-1.426386,0.220955,-1.144329
8304,-0.328286,-1.123404,-0.181177,-1.144329
8305,-0.328286,-1.123404,-0.181177,-1.144329
8306,-0.300812,-1.224398,-0.181177,0.444477
8307,-0.300812,-1.224398,-0.181177,2.033284
8308,-0.30768,-1.325392,-0.181177,-1.144329
8309,-0.30768,-1.325392,-0.181177,0.444477
8310,-0.300812,-1.224398,-0.181177,-1.144329
8311,-0.300812,-1.224398,-0.181177,0.444477
8312,-0.280207,-1.325392,-0.181177,2.033284
8313,-0.280207,-1.325392,-0.181177,-1.144329
8314,-0.293943,-1.325392,0.220955,0.444477
8315,-0.293943,-1.325392,0.220955,0.444477
8316,-0.293943,-0.921416,-0.181177,0.444477
8317,-0.293943,-0.921416,-0.181177,0.444477
8318,-0.287075,-1.426386,-0.181177,0.444477
8319,-0.287075,-1.426386,-0.181177,0.444477
8320,-0.293943,-1.224398,-0.181177,0.444477
8321,-0.293943,-1.224398,-0.181177,-1.144329
8322,-0.30768,-1.224398,-0.181177,-1.144329
8323,-0.30768,-1.224398,-0.181177,0.444477
8324,-0.30768,-1.123404,-0.181177,-1.144329
8325,-0.30768,-1.123404,-0.181177,2.033284
8326,-0.300812,-0.820422,-0.181177,0.444477
8327,-0.300812,-0.820422,-0.181177,0.444477
8328,-0.300812,-1.02241,-0.181177,0.444477
8329,-0.300812,-1.02241,-0.181177,0.444477
8330,-0.293943,-1.224398,0.220955,0.444477
8331,-0.293943,-1.224398,0.220955,0.444477
8332,-0.287075,-1.628375,0.220955,0.444477
8333,-0.287075,-1.628375,0.220955,0.444477
8334,-0.30768,-1.628375,-0.181177,0.444477
8335,-0.30768,-1.628375,-0.181177,-1.144329
8336,-0.293943,-1.02241,-0.181177,-1.144329
8337,-0.293943,-1.02241,-0.181177,0.444477
8338,-0.300812,-1.02241,-0.181177,-1.144329
8339,-0.300812,-1.02241,-0.181177,2.033284
8340,-0.293943,-1.628375,-0.181177,0.444477
8341,-0.293943,-1.628375,-0.181177,0.444477
8342,-0.287075,-1.123404,-0.181177,0.444477
8343,-0.287075,-1.123404,-0.181177,0.444477
8344,-0.293943,-1.426386,-0.181177,0.444477
8345,-0.293943,-1.426386,-0.181177,-1.144329
8346,-0.287075,-1.325392,-0.181177,0.444477
8347,-0.287075,-1.325392,-0.181177,0.444477
8348,-0.287075,-1.224398,-0.181177,-1.144329
8349,-0.287075,-1.224398,-0.181177,0.444477
8350,-0.314549,-1.628375,-0.181177,-2.733136
8351,-0.314549,-1.628375,-0.181177,-1.144329
8352,-0.293943,-1.123404,-0.181177,0.444477
8353,-0.293943,-1.123404,-0.181177,0.444477
8354,-0.287075,-1.123404,-0.181177,0.444477
8355,-0.287075,-1.123404,-0.181177,2.033284
8356,-0.287075,-1.224398,-0.181177,-1.144329
8357,-0.287075,-1.224398,-0.181177,-1.144329
8358,-0.300812,-1.02241,-0.181177,0.444477
8359,-0.300812,-1.02241,-0.181177,0.444477
8360,-0.30768,-1.224398,-0.181177,0.444477
8361,-0.30768,-1.224398,-0.181177,0.444477
8362,-0.293943,-0.719428,-0.181177,0.444477
8363,-0.293943,-0.719428,-0.181177,0.444477
8364,-0.30768,-0.315451,-0.181177,0.444477
8365,-0.30768,-0.315451,-0.181177,-1.144329
8366,-0.300812,-0.618433,-0.181177,-1.144329
8367,-0.300812,-0.618433,-0.181177,-1.144329
8368,-0.287075,-0.719428,-0.181177,-1.144329
8369,-0.287075,-0.719428,-0.181177,-1.144329
8370,-0.287075,-0.719428,-0.181177,0.444477
8371,-0.287075,-0.719428,-0.181177,2.033284
8372,-0.300812,-0.113463,-0.181177,-1.144329
8373,-0.300812,-0.113463,-0.181177,0.444477
8374,-0.287075,-0.416445,-0.181177,-1.144329
8375,-0.287075,-0.416445,-0.181177,0.444477
8376,-0.300812,-0.517439,-0.181177,2.033284
8377,-0.300812,-0.517439,-0.181177,-1.144329
8378,-0.293943,-0.416445,-0.181177,0.444477
8379,-0.293943,-0.416445,-0.181177,0.444477
8380,-0.293943,-0.517439,-0.181177,0.444477
8381,-0.293943,-0.517439,-0.181177,0.444477
8382,-0.293943,-0.315451,-0.181177,0.444477
8383,-0.293943,-0.315451,-0.181177,0.444477
8384,-0.300812,-0.517439,0.220955,0.444477
8385,-0.300812,-0.517439,0.220955,-1.144329
8386,-0.293943,-0.012469,-0.181177,-1.144329
8387,-0.293943,-0.012469,-0.181177,0.444477
8388,-0.30768,-0.113463,-0.181177,-1.144329
8389,-0.30768,-0.113463,-0.181177,2.033284
8390,-0.300812,-0.113463,-0.181177,0.444477
8391,-0.300812,-0.113463,-0.181177,0.444477
8392,-0.300812,0.088525,-0.181177,0.444477
8393,-0.300812,0.088525,-0.181177,0.444477
8394,-0.300812,-0.416445,-0.181177,0.444477
8395,-0.300812,-0.416445,-0.181177,0.444477
8396,-0.293943,-0.012469,-0.181177,0.444477
8397,-0.293943,-0.012469,-0.181177,0.444477
8398,-0.300812,-0.113463,-0.181177,0.444477
8399,-0.300812,-0.113463,-0.181177,-1.144329
8400,-0.293943,-0.012469,-0.181177,-1.144329
8401,-0.293943,-0.012469,-0.181177,0.444477
8402,-0.321417,-0.113463,-0.181177,-1.144329
8403,-0.321417,-0.113463,-0.181177,2.033284
8404,-0.314549,0.290513,-0.181177,0.444477
8405,-0.314549,0.290513,-0.181177,0.444477
8406,-0.30768,0.088525,-0.181177,0.444477
8407,-0.30768,0.088525,-0.181177,0.444477
8408,-0.314549,-0.012469,-0.181177,0.444477
8409,-0.314549,-0.012469,-0.181177,-1.144329
8410,-0.314549,0.189519,-0.181177,0.444477
8411,-0.314549,0.189519,-0.181177,0.444477
8412,-0.30768,-0.315451,-0.181177,-1.144329
8413,-0.30768,-0.315451,-0.181177,0.444477
8414,-0.314549,-0.113463,-0.181177,-2.733136
8415,-0.314549,-0.113463,-0.181177,-1.144329
8416,-0.321417,-0.012469,-0.181177,0.444477
8417,-0.321417,-0.012469,-0.181177,0.444477
8418,-0.321417,-0.416445,-0.181177,0.444477
8419,-0.321417,-0.416445,-0.181177,0.444477
8420,-0.314549,-0.416445,0.220955,-1.144329
8421,-0.314549,-0.416445,0.220955,0.444477
8422,-0.314549,0.189519,-0.181177,0.444477
8423,-0.314549,0.189519,-0.181177,-1.144329
8424,-0.314549,-0.113463,-0.181177,0.444477
8425,-0.314549,-0.113463,-0.181177,-2.733136
8426,-0.321417,0.290513,-0.181177,-1.144329
8427,-0.321417,0.290513,-0.181177,0.444477
8428,-0.321417,0.189519,-0.181177,0.444477
8429,-0.321417,0.189519,-0.181177,0.444477
8430,-0.321417,0.290513,-0.181177,2.033284
8431,-0.321417,0.290513,-0.181177,-1.144329
8432,-0.321417,-0.012469,-0.181177,-1.144329
8433,-0.321417,-0.012469,-0.181177,0.444477
8434,-0.314549,0.189519,-0.181177,0.444477
8435,-0.314549,0.189519,-0.181177,0.444477
8436,-0.321417,0.088525,0.220955,0.444477
8437,-0.321417,0.088525,0.220955,0.444477
8438,-0.328286,-0.012469,-0.181177,0.444477
8439,-0.328286,-0.012469,-0.181177,0.444477
8440,-0.328286,0.088525,0.220955,-1.144329
8441,-0.328286,0.088525,0.220955,-1.144329
8442,-0.328286,0.189519,-0.181177,-1.144329
8443,-0.328286,0.189519,-0.181177,-1.144329
8444,-0.335154,0.290513,-0.181177,-1.144329
8445,-0.335154,0.290513,-0.181177,0.444477
8446,-0.300812,0.593496,-0.181177,2.033284
8447,-0.300812,0.593496,-0.181177,-1.144329
8448,-0.293943,0.290513,-0.181177,0.444477
8449,-0.293943,0.290513,-0.181177,-1.144329
8450,-0.300812,0.290513,-0.181177,0.444477
8451,-0.300812,0.290513,-0.181177,2.033284
8452,-0.30768,-0.012469,-0.181177,-1.144329
8453,-0.30768,-0.012469,-0.181177,0.444477
8454,-0.287075,0.189519,0.220955,0.444477
8455,-0.287075,0.189519,0.220955,0.444477
8456,-0.300812,0.290513,-0.181177,-1.144329
8457,-0.300812,0.290513,-0.181177,0.444477
8458,-0.300812,0.391508,-0.181177,0.444477
8459,-0.300812,0.391508,-0.181177,-1.144329
8460,-0.30768,0.492502,-0.181177,0.444477
8461,-0.30768,0.492502,-0.181177,-2.733136
8462,-0.300812,0.391508,-0.181177,-1.144329
8463,-0.300812,0.391508,-0.181177,0.444477
8464,-0.300812,0.088525,-0.181177,0.444477
8465,-0.300812,0.088525,-0.181177,0.444477
8466,-0.293943,0.290513,-0.181177,2.033284
8467,-0.293943,0.290513,-0.181177,-1.144329
8468,-0.300812,0.189519,0.220955,-1.144329
8469,-0.300812,0.189519,0.220955,0.444477
8470,-0.300812,0.189519,0.220955,0.444477
8471,-0.300812,0.189519,0.220955,0.444477
8472,-0.314549,0.391508,-0.181177,0.444477
8473,-0.314549,0.391508,-0.181177,0.444477
8474,-0.314549,0.492502,-0.181177,0.444477
8475,-0.314549,0.492502,-0.181177,0.444477
8476,-0.314549,0.088525,-0.181177,-1.144329
8477,-0.314549,0.088525,-0.181177,-1.144329
8478,-0.314549,0.189519,-0.181177,-1.144329
8479,-0.314549,0.189519,-0.181177,-1.144329
8480,-0.300812,0.69449,-0.181177,-1.144329
8481,-0.300812,0.69449,-0.181177,0.444477
8482,-0.30768,0.088525,0.220955,2.033284
8483,-0.30768,0.088525,0.220955,-1.144329
8484,-0.300812,0.391508,0.220955,0.444477
8485,-0.300812,0.391508,0.220955,-1.144329
8486,-0.30768,0.492502,0.220955,0.444477
8487,-0.30768,0.492502,0.220955,2.033284
8488,-0.328286,0.189519,-0.181177,-1.144329
8489,-0.328286,0.189519,-0.181177,0.444477
8490,-0.314549,0.290513,-0.181177,0.444477
8491,-0.314549,0.290513,-0.181177,0.444477
8492,-0.321417,0.189519,-0.181177,0.444477
8493,-0.321417,0.189519,-0.181177,0.444477
8494,-0.314549,0.088525,-0.181177,0.444477
8495,-0.314549,0.088525,-0.181177,0.444477
8496,-0.314549,0.189519,0.220955,-1.144329
8497,-0.314549,0.189519,0.220955,-1.144329
8498,-0.300812,-0.012469,0.220955,0.444477
8499,-0.300812,-0.012469,0.220955,-1.144329
8500,-0.314549,0.290513,0.220955,2.033284
8501,-0.314549,0.290513,0.220955,0.444477
8502,-0.300812,0.290513,-0.181177,0.444477
8503,-0.300812,0.290513,-0.181177,0.444477
8504,-0.321417,0.391508,-0.181177,0.444477
8505,-0.321417,0.391508,-0.181177,0.444477
8506,-0.321417,0.290513,-0.181177,0.444477
8507,-0.321417,0.290513,-0.181177,0.444477
8508,-0.314549,0.492502,-0.583309,0.444477
8509,-0.314549,0.492502,-0.583309,0.444477
8510,-0.314549,0.290513,-0.181177,-1.144329
8511,-0.314549,0.290513,-0.181177,-1.144329
8512,-0.30768,0.391508,0.220955,0.444477
8513,-0.30768,0.391508,0.220955,-1.144329
8514,-0.30768,0.290513,0.220955,2.033284
8515,-0.30768,0.290513,0.220955,0.444477
8516,-0.328286,0.391508,0.220955,0.444477
8517,-0.328286,0.391508,0.220955,0.444477
8518,-0.321417,0.088525,-0.181177,0.444477
8519,-0.321417,0.088525,-0.181177,0.444477
8520,-0.314549,-0.012469,-0.181177,-1.144329
8521,-0.314549,-0.012469,-0.181177,0.444477
8522,-0.321417,0.492502,-0.181177,0.444477
8523,-0.321417,0.492502,-0.181177,-1.144329
8524,-0.321417,0.391508,-0.181177,0.444477
8525,-0.321417,0.391508,-0.181177,-2.733136
8526,-0.314549,0.189519,-0.181177,-1.144329
8527,-0.314549,0.189519,-0.181177,0.444477
8528,-0.328286,0.290513,0.220955,0.444477
8529,-0.328286,0.290513,0.220955,0.444477
8530,-0.314549,0.189519,0.220955,2.033284
8531,-0.314549,0.189519,0.220955,-1.144329
8532,-0.30768,0.189519,-0.181177,-1.144329
8533,-0.30768,0.189519,-0.181177,0.444477
8534,-0.314549,0.391508,-0.181177,0.444477
8535,-0.314549,0.391508,-0.181177,0.444477
8536,-0.328286,0.391508,-0.181177,0.444477
8537,-0.328286,0.391508,-0.181177,0.444477
8538,-0.321417,0.088525,-0.181177,0.444477
8539,-0.321417,0.088525,-0.181177,0.444477
8540,-0.314549,0.189519,-0.181177,-1.144329
8541,-0.314549,0.189519,-0.181177,-1.144329
8542,-0.321417,0.189519,-0.181177,-1.144329
8543,-0.321417,0.189519,-0.181177,-1.144329
8544,-0.314549,-0.012469,0.220955,-1.144329
8545,-0.314549,-0.012469,0.220955,0.444477
8546,-0.314549,0.290513,0.220955,2.033284
8547,-0.314549,0.290513,0.220955,-1.144329
8548,-0.30768,-0.113463,0.220955,0.444477
8549,-0.30768,-0.113463,0.220955,-1.144329
8550,-0.314549,0.189519,-0.181177,0.444477
8551,-0.314549,0.189519,-0.181177,2.033284
8552,-0.328286,-0.113463,-0.181177,-1.144329
8553,-0.328286,-0.113463,-0.181177,0.444477
8554,-0.321417,0.290513,-0.181177,0.444477
8555,-0.321417,0.290513,-0.181177,0.444477
8556,-0.314549,0.391508,-0.181177,0.444477
8557,-0.314549,0.391508,-0.181177,0.444477
8558,-0.30768,0.593496,-0.181177,0.444477
8559,-0.30768,0.593496,-0.181177,0.444477
8560,-0.314549,0.290513,-0.181177,-1.144329
8561,-0.314549,0.290513,-0.181177,-1.144329
8562,-0.300812,0.290513,-0.181177,0.444477
8563,-0.300812,0.290513,-0.181177,-1.144329
8564,-0.30768,0.189519,-0.181177,2.033284
8565,-0.30768,0.189519,-0.181177,0.444477
8566,-0.314549,0.088525,-0.181177,0.444477
8567,-0.314549,0.088525,-0.181177,0.444477
8568,-0.30768,0.290513,-0.181177,0.444477
8569,-0.30768,0.290513,-0.181177,0.444477
8570,-0.321417,0.290513,-0.181177,-1.144329
8571,-0.321417,0.290513,-0.181177,0.444477
8572,-0.30768,-0.012469,-0.181177,0.444477
8573,-0.30768,-0.012469,-0.181177,-1.144329
8574,-0.314549,0.088525,-0.181177,0.444477
8575,-0.314549,0.088525,-0.181177,-2.733136
8576,-0.314549,0.189519,0.220955,-1.144329
8577,-0.314549,0.189519,0.220955,0.444477
8578,-0.314549,0.593496,0.220955,0.444477
8579,-0.314549,0.593496,0.220955,0.444477
8580,-0.273338,-1.426386,-0.181177,0.444477
8581,-0.273338,-1.426386,-0.181177,-1.144329
8582,-0.280207,-1.426386,-0.181177,0.444477
8583,-0.280207,-1.426386,-0.181177,2.033284
8584,-0.280207,-1.52738,-0.181177,-1.144329
8585,-0.280207,-1.52738,-0.181177,0.444477
8586,-0.273338,-1.224398,-0.181177,0.444477
8587,-0.273338,-1.224398,-0.181177,0.444477
8588,-0.287075,-1.325392,-0.181177,0.444477
8589,-0.287075,-1.325392,-0.181177,0.444477
8590,-0.280207,-1.729369,0.220955,0.444477
8591,-0.280207,-1.729369,0.220955,0.444477
8592,-0.280207,-1.729369,-0.181177,-1.144329
8593,-0.280207,-1.729369,-0.181177,-1.144329
8594,-0.273338,-1.52738,0.220955,0.444477
8595,-0.273338,-1.52738,0.220955,-1.144329
8596,-0.280207,-1.931357,0.220955,2.033284
8597,-0.280207,-1.931357,0.220955,0.444477
8598,-0.287075,-1.224398,-0.181177,0.444477
8599,-0.287075,-1.224398,-0.181177,0.444477
8600,-0.280207,-1.426386,-0.181177,0.444477
8601,-0.280207,-1.426386,-0.181177,0.444477
8602,-0.287075,-1.224398,-0.181177,0.444477
8603,-0.287075,-1.224398,-0.181177,0.444477
8604,-0.287075,-1.426386,-0.181177,0.444477
8605,-0.287075,-1.426386,-0.181177,0.444477
8606,-0.287075,-1.325392,-0.181177,0.444477
8607,-0.287075,-1.325392,-0.181177,0.444477
8608,-0.273338,-1.325392,0.220955,0.444477
8609,-0.273338,-1.325392,0.220955,0.444477
8610,-0.280207,-1.628375,0.220955,0.444477
8611,-0.280207,-1.628375,0.220955,0.444477
8612,-0.280207,-1.52738,0.220955,0.444477
8613,-0.280207,-1.52738,0.220955,0.444477
8614,-0.280207,-1.224398,-0.181177,0.444477
8615,-0.280207,-1.224398,-0.181177,0.444477
8616,-0.293943,-1.325392,-0.181177,0.444477
8617,-0.293943,-1.325392,-0.181177,0.444477
8618,-0.280207,-1.426386,-0.181177,0.444477
8619,-0.280207,-1.426386,-0.181177,0.444477
8620,-0.293943,-1.123404,-0.583309,0.444477
8621,-0.293943,-1.123404,-0.583309,0.444477
8622,-0.273338,-1.325392,-0.181177,0.444477
8623,-0.273338,-1.325392,-0.181177,0.444477
8624,-0.280207,-1.426386,-0.181177,0.444477
8625,-0.280207,-1.426386,-0.181177,0.444477
8626,-0.273338,-1.729369,0.220955,0.444477
8627,-0.273338,-1.729369,0.220955,0.444477
8628,-0.280207,-1.123404,0.220955,0.444477
8629,-0.280207,-1.123404,0.220955,-1.144329
8630,-0.293943,-1.224398,-0.181177,0.444477
8631,-0.293943,-1.224398,-0.181177,0.444477
8632,-0.293943,-1.426386,-0.181177,-1.144329
8633,-0.293943,-1.426386,-0.181177,0.444477
8634,-0.287075,-1.224398,-0.181177,-2.733136
8635,-0.287075,-1.224398,-0.181177,-1.144329
8636,-0.293943,-0.719428,-0.181177,0.444477
8637,-0.293943,-0.719428,-0.181177,0.444477
8638,-0.280207,-1.224398,-0.181177,0.444477
8639,-0.280207,-1.224398,-0.181177,2.033284
8640,-0.280207,-1.426386,-0.181177,-1.144329
8641,-0.280207,-1.426386,-0.181177,-1.144329
8642,-0.287075,-1.52738,-0.181177,0.444477
8643,-0.287075,-1.52738,-0.181177,0.444477
8644,-0.287075,-1.325392,-0.181177,0.444477
8645,-0.287075,-1.325392,-0.181177,0.444477
8646,-0.280207,-1.426386,-0.181177,0.444477
8647,-0.280207,-1.426386,-0.181177,0.444477
8648,-0.287075,-1.123404,-0.181177,0.444477
8649,-0.287075,-1.123404,-0.181177,-1.144329
8650,-0.293943,-1.426386,-0.181177,-1.144329
8651,-0.293943,-1.426386,-0.181177,-1.144329
8652,-0.273338,-1.224398,-0.181177,-1.144329
8653,-0.273338,-1.224398,-0.181177,-1.144329
8654,-0.280207,-1.224398,-0.181177,0.444477
8655,-0.280207,-1.224398,-0.181177,2.033284
8656,-0.293943,-1.224398,0.220955,-1.144329
8657,-0.293943,-1.224398,0.220955,0.444477
8658,-0.293943,-1.224398,0.220955,-1.144329
8659,-0.280207,-1.224398,0.220955,0.444477
8660,-0.280207,-1.628375,0.220955,2.033284
8661,-0.280207,-1.628375,0.220955,-1.144329
8662,-0.280207,-1.123404,-0.181177,0.444477
8663,-0.280207,-1.123404,-0.181177,0.444477
8664,-0.293943,-1.224398,-0.181177,0.444477
8665,-0.293943,-1.224398,-0.181177,-1.144329
8666,-0.293943,-1.325392,-0.583309,0.444477
8667,-0.293943,-1.325392,-0.583309,0.444477
8668,-0.280207,-1.426386,-0.181177,-1.144329
8669,-0.280207,-1.426386,-0.181177,0.444477
8670,-0.287075,-1.52738,-0.181177,-2.733136
8671,-0.287075,-1.52738,-0.181177,-1.144329
8672,-0.287075,-1.628375,-0.181177,0.444477
8673,-0.287075,-1.628375,-0.181177,0.444477
8674,-0.273338,-1.52738,0.220955,0.444477
8675,-0.273338,-1.52738,0.220955,2.033284
8676,-0.280207,-1.830363,0.220955,-1.144329
8677,-0.280207,-1.830363,0.220955,-1.144329
8678,-0.287075,-1.325392,0.220955,0.444477
8679,-0.287075,-1.325392,0.220955,0.444477
8680,-0.30768,-1.325392,-0.181177,0.444477
8681,-0.30768,-1.325392,-0.181177,0.444477
8682,-0.300812,-1.123404,-0.181177,0.444477
8683,-0.300812,-1.123404,-0.181177,0.444477
8684,-0.293943,-0.921416,-0.181177,0.444477
8685,-0.293943,-0.921416,-0.181177,0.444477
8686,-0.30768,-1.325392,-0.181177,-1.144329
8687,-0.30768,-1.325392,-0.181177,-1.144329
8688,-0.287075,-1.224398,-0.181177,-1.144329
8689,-0.287075,-1.224398,-0.181177,-1.144329
8690,-0.280207,-1.52738,0.220955,0.444477
8691,-0.280207,-1.52738,0.220955,2.033284
8692,-0.287075,-1.325392,0.220955,-1.144329
8693,-0.287075,-1.325392,0.220955,0.444477
8694,-0.287075,-1.52738,0.220955,-1.144329
8695,-0.287075,-1.52738,0.220955,0.444477
8696,-0.293943,-1.628375,-0.181177,2.033284
8697,-0.293943,-1.628375,-0.181177,-1.144329
8698,-0.293943,-1.325392,-0.181177,0.444477
8699,-0.293943,-1.325392,-0.181177,0.444477
8700,-0.287075,-1.325392,-0.181177,0.444477
8701,-0.287075,-1.325392,-0.181177,0.444477
8702,-0.293943,-1.02241,-0.181177,0.444477
8703,-0.293943,-1.02241,-0.181177,0.444477
8704,-0.280207,-1.02241,0.220955,0.444477
8705,-0.280207,-1.02241,0.220955,-1.144329
8706,-0.280207,-1.325392,0.220955,-1.144329
8707,-0.280207,-1.325392,0.220955,0.444477
8708,-0.280207,-1.123404,0.220955,-1.144329
8709,-0.280207,-1.123404,0.220955,2.033284
8710,-0.293943,-1.426386,-0.181177,0.444477
8711,-0.293943,-1.426386,-0.181177,0.444477
8712,-0.280207,-1.325392,-0.181177,0.444477
8713,-0.280207,-1.325392,-0.181177,0.444477
8714,-0.287075,-0.921416,-0.181177,0.444477
8715,-0.287075,-0.921416,-0.181177,0.444477
8716,-0.300812,-1.325392,-0.181177,0.444477
8717,-0.300812,-1.325392,-0.181177,0.444477
8718,-0.280207,-1.02241,-0.181177,0.444477
8719,-0.280207,-1.02241,-0.181177,-1.144329
8720,-0.287075,-1.123404,-0.181177,-1.144329
8721,-0.287075,-1.123404,-0.181177,0.444477
8722,-0.287075,-1.224398,-0.181177,-1.144329
8723,-0.287075,-1.224398,-0.181177,2.033284
8724,-0.287075,-1.325392,-0.181177,0.444477
8725,-0.287075,-1.325392,-0.181177,0.444477
8726,-0.293943,-1.123404,-0.181177,0.444477
8727,-0.293943,-1.123404,-0.181177,0.444477
8728,-0.293943,-1.02241,-0.181177,0.444477
8729,-0.293943,-1.02241,-0.181177,-1.144329
8730,-0.287075,-0.921416,-0.181177,0.444477
8731,-0.287075,-0.921416,-0.181177,0.444477
8732,-0.293943,-1.123404,0.220955,-1.144329
8733,-0.293943,-1.123404,0.220955,0.444477
8734,-0.287075,-1.02241,0.220955,-2.733136
8735,-0.287075,-1.02241,0.220955,-1.144329
8736,-0.293943,-0.618433,0.220955,0.444477
8737,-0.293943,-0.618433,0.220955,0.444477
8738,-0.300812,-1.123404,-0.181177,0.444477
8739,-0.300812,-1.123404,-0.181177,2.033284
8740,-0.300812,-0.921416,-0.583309,-1.144329
8741,-0.300812,-0.921416,-0.583309,-1.144329
8742,-0.300812,-1.52738,-0.181177,-1.144329
8743,-0.300812,-1.52738,-0.181177,0.444477
8744,-0.30768,-1.224398,-0.181177,0.444477
8745,-0.30768,-1.224398,-0.181177,0.444477
8746,-0.287075,-1.628375,-0.181177,0.444477
8747,-0.287075,-1.628375,-0.181177,0.444477
8748,-0.287075,-1.123404,0.220955,0.444477
8749,-0.287075,-1.123404,0.220955,-1.144329
8750,-0.300812,-1.830363,0.220955,-1.144329
8751,-0.300812,-1.830363,0.220955,-1.144329
8752,-0.280207,-1.628375,0.220955,-1.144329
8753,-0.280207,-1.628375,0.220955,-1.144329
8754,-0.280207,-1.52738,-0.181177,0.444477
8755,-0.280207,-1.52738,-0.181177,2.033284
8756,-0.314549,-1.325392,-0.181177,-1.144329
8757,-0.314549,-1.325392,-0.181177,0.444477
8758,-0.293943,-1.426386,-0.181177,-1.144329
8759,-0.293943,-1.426386,-0.181177,0.444477
8760,-0.300812,-1.729369,-0.181177,2.033284
8761,-0.300812,-1.729369,-0.181177,-1.144329
8762,-0.293943,-1.52738,-0.181177,0.444477
8763,-0.293943,-1.52738,-0.181177,0.444477
8764,-0.293943,-1.628375,0.220955,0.444477
8765,-0.293943,-1.628375,0.220955,-1.144329
8766,-0.280207,-1.729369,0.220955,0.444477
8767,-0.280207,-1.729369,0.220955,0.444477
8768,-0.280207,-1.224398,0.220955,-1.144329
8769,-0.280207,-1.224398,0.220955,0.444477
8770,-0.30768,-1.325392,0.220955,-2.733136
8771,-0.30768,-1.325392,0.220955,-1.144329
8772,-0.300812,-1.02241,-0.181177,0.444477
8773,-0.300812,-1.02241,-0.181177,0.444477
8774,-0.314549,-1.123404,-0.583309,0.444477
8775,-0.314549,-1.123404,-0.583309,2.033284
8776,-0.293943,-1.224398,-0.181177,-1.144329
8777,-0.293943,-1.224398,-0.181177,-1.144329
8778,-0.293943,-0.719428,-0.181177,0.444477
8779,-0.293943,-0.719428,-0.181177,0.444477
8780,-0.300812,-0.921416,0.220955,0.444477
8781,-0.300812,-0.921416,0.220955,0.444477
8782,-0.280207,-1.52738,0.220955,0.444477
8783,-0.280207,-1.52738,0.220955,0.444477
8784,-0.287075,-1.224398,0.220955,0.444477
8785,-0.287075,-1.224398,0.220955,-1.144329
8786,-0.287075,-1.426386,0.220955,-1.144329
8787,-0.287075,-1.426386,0.220955,-1.144329
8788,-0.328286,-1.123404,-0.181177,-1.144329
8789,-0.328286,-1.123404,-0.181177,-1.144329
8790,-0.300812,-1.224398,-0.181177,0.444477
8791,-0.300812,-1.224398,-0.181177,2.033284
8792,-0.30768,-1.325392,-0.181177,-1.144329
8793,-0.30768,-1.325392,-0.181177,0.444477
8794,-0.300812,-1.224398,-0.181177,-1.144329
8795,-0.300812,-1.224398,-0.181177,0.444477
8796,-0.280207,-1.325392,-0.181177,2.033284
8797,-0.287075,-1.325392,-0.181177,0.444477
8798,-0.287075,-1.224398,-0.181177,-1.144329
8799,-0.287075,-1.224398,-0.181177,0.444477
8800,-0.314549,-1.628375,-0.181177,-2.733136
8801,-0.314549,-1.628375,-0.181177,-1.144329
8802,-0.293943,-1.123404,-0.181177,0.444477
8803,-0.293943,-1.123404,-0.181177,0.444477
8804,-0.287075,-1.123404,-0.181177,0.444477
8805,-0.287075,-1.123404,-0.181177,2.033284
8806,-0.287075,-1.224398,-0.181177,-1.144329
8807,-0.287075,-1.224398,-0.181177,-1.144329
8808,-0.300812,-1.02241,-0.181177,0.444477
8809,-0.300812,-1.02241,-0.181177,0.444477
8810,-0.30768,-1.224398,-0.181177,0.444477
8811,-0.30768,-1.224398,-0.181177,0.444477
8812,-0.293943,-0.719428,-0.181177,0.444477
8813,-0.293943,-0.719428,-0.181177,0.444477
8814,-0.30768,-0.315451,-0.181177,0.444477
8815,-0.30768,-0.315451,-0.181177,-1.144329
8816,-0.300812,-0.618433,-0.181177,-1.144329
8817,-0.300812,-0.618433,-0.181177,-1.144329
8818,-0.287075,-0.719428,-0.181177,-1.144329
8819,-0.287075,-0.719428,-0.181177,-1.144329
8820,-0.287075,-0.719428,-0.181177,0.444477
8821,-0.287075,-0.719428,-0.181177,2.033284
8822,-0.300812,-0.113463,-0.181177,-1.144329
8823,-0.300812,-0.113463,-0.181177,0.444477
8824,-0.287075,-0.416445,-0.181177,-1.144329
8825,-0.287075,-0.416445,-0.181177,0.444477
8826,-0.300812,-0.517439,-0.181177,2.033284
8827,-0.300812,-0.517439,-0.181177,-1.144329
8828,-0.293943,-0.416445,-0.181177,0.444477
8829,-0.293943,-0.416445,-0.181177,0.444477
8830,-0.293943,-0.517439,-0.181177,0.444477
8831,-0.293943,-0.517439,-0.181177,0.444477
8832,-0.293943,-0.315451,-0.181177,0.444477
8833,-0.293943,-0.315451,-0.181177,0.444477
8834,-0.300812,-0.517439,0.220955,0.444477
8835,-0.300812,-0.517439,0.220955,-1.144329
8836,-0.293943,-0.012469,-0.181177,-1.144329
8837,-0.293943,-0.012469,-0.181177,0.444477
8838,-0.30768,-0.113463,-0.181177,-1.144329
8839,-0.30768,-0.113463,-0.181177,2.033284
8840,-0.300812,-0.113463,-0.181177,0.444477
8841,-0.300812,-0.113463,-0.181177,0.444477
8842,-0.300812,0.088525,-0.181177,0.444477
8843,-0.300812,0.088525,-0.181177,0.444477
8844,-0.300812,-0.416445,-0.181177,0.444477
8845,-0.300812,-0.416445,-0.181177,0.444477
8846,-0.293943,-0.012469,-0.181177,0.444477
8847,-0.293943,-0.012469,-0.181177,0.444477
8848,-0.300812,-0.113463,-0.181177,0.444477
8849,-0.300812,-0.113463,-0.181177,-1.144329
8850,-0.293943,-0.012469,-0.181177,-1.144329
8851,-0.293943,-0.012469,-0.181177,0.444477
8852,-0.321417,-0.113463,-0.181177,-1.144329
8853,-0.321417,-0.113463,-0.181177,2.033284
8854,-0.314549,0.290513,-0.181177,0.444477
8855,-0.314549,0.290513,-0.181177,0.444477
8856,-0.30768,0.088525,-0.181177,0.444477
8857,-0.30768,0.088525,-0.181177,0.444477
8858,-0.314549,-0.012469,-0.181177,0.444477
8859,-0.314549,-0.012469,-0.181177,-1.144329
8860,-0.314549,0.189519,-0.181177,0.444477
8861,-0.314549,0.189519,-0.181177,0.444477
8862,-0.30768,-0.315451,-0.181177,-1.144329
8863,-0.30768,-0.315451,-0.181177,0.444477
8864,-0.314549,-0.113463,-0.181177,-2.733136
8865,-0.314549,-0.113463,-0.181177,-1.144329
8866,-0.321417,-0.012469,-0.181177,0.444477
8867,-0.321417,-0.012469,-0.181177,0.444477
8868,-0.321417,-0.416445,-0.181177,0.444477
8869,-0.321417,-0.416445,-0.181177,0.444477
8870,-0.314549,-0.416445,0.220955,-1.144329
8871,-0.314549,-0.416445,0.220955,0.444477
8872,-0.314549,0.189519,-0.181177,0.444477
8873,-0.314549,0.189519,-0.181177,-1.144329
8874,-0.314549,-0.113463,-0.181177,0.444477
8875,-0.314549,-0.113463,-0.181177,-2.733136
8876,-0.321417,0.290513,-0.181177,-1.144329
8877,-0.321417,0.290513,-0.181177,0.444477
8878,-0.321417,0.189519,-0.181177,0.444477
8879,-0.321417,0.189519,-0.181177,0.444477
8880,-0.321417,0.290513,-0.181177,2.033284
8881,-0.321417,0.290513,-0.181177,-1.144329
8882,-0.321417,-0.012469,-0.181177,-1.144329
8883,-0.321417,-0.012469,-0.181177,0.444477
8884,-0.314549,0.189519,-0.181177,0.444477
8885,-0.314549,0.189519,-0.181177,0.444477
8886,-0.321417,0.088525,0.220955,0.444477
8887,-0.321417,0.088525,0.220955,0.444477
8888,-0.328286,-0.012469,-0.181177,0.444477
8889,-0.328286,-0.012469,-0.181177,0.444477
8890,-0.328286,0.088525,0.220955,-1.144329
8891,-0.328286,0.088525,0.220955,-1.144329
8892,-0.328286,0.189519,-0.181177,-1.144329
8893,-0.328286,0.189519,-0.181177,-1.144329
8894,-0.335154,0.290513,-0.181177,-1.144329
8895,-0.335154,0.290513,-0.181177,0.444477
8896,-0.300812,0.593496,-0.181177,2.033284
8897,-0.300812,0.593496,-0.181177,-1.144329
8898,-0.293943,0.290513,-0.181177,0.444477
8899,-0.293943,0.290513,-0.181177,-1.144329
8900,-0.300812,0.290513,-0.181177,0.444477
8901,-0.300812,0.290513,-0.181177,2.033284
8902,-0.30768,-0.012469,-0.181177,-1.144329
8903,-0.30768,-0.012469,-0.181177,0.444477
8904,-0.287075,0.189519,0.220955,0.444477
8905,-0.287075,0.189519,0.220955,0.444477
8906,-0.300812,0.290513,-0.181177,-1.144329
8907,-0.300812,0.290513,-0.181177,0.444477
8908,-0.300812,0.391508,-0.181177,0.444477
8909,-0.300812,0.391508,-0.181177,-1.144329
8910,-0.30768,0.492502,-0.181177,0.444477
8911,-0.30768,0.492502,-0.181177,-2.733136
8912,-0.300812,0.391508,-0.181177,-1.144329
8913,-0.300812,0.391508,-0.181177,0.444477
8914,-0.300812,0.088525,-0.181177,0.444477
8915,-0.300812,0.088525,-0.181177,0.444477
8916,-0.293943,0.290513,-0.181177,2.033284
8917,-0.293943,0.290513,-0.181177,-1.144329
8918,-0.300812,0.189519,0.220955,-1.144329
8919,-0.300812,0.189519,0.220955,0.444477
8920,-0.300812,0.189519,0.220955,0.444477
8921,-0.300812,0.189519,0.220955,0.444477
8922,-0.314549,0.391508,-0.181177,0.444477
8923,-0.314549,0.391508,-0.181177,0.444477
8924,-0.314549,0.492502,-0.181177,0.444477
8925,-0.314549,0.492502,-0.181177,0.444477
8926,-0.314549,0.088525,-0.181177,-1.144329
8927,-0.314549,0.088525,-0.181177,-1.144329
8928,-0.314549,0.189519,-0.181177,-1.144329
8929,-0.314549,0.189519,-0.181177,-1.144329
8930,-0.300812,0.69449,-0.181177,-1.144329
8931,-0.300812,0.69449,-0.181177,0.444477
8932,-0.30768,0.088525,0.220955,2.033284
8933,-0.30768,0.088525,0.220955,-1.144329
8934,-0.300812,0.391508,0.220955,0.444477
8935,-0.300812,0.391508,0.220955,-1.144329
8936,-0.30768,0.492502,0.220955,0.444477
8937,-0.30768,0.492502,0.220955,2.033284
8938,-0.328286,0.189519,-0.181177,-1.144329
8939,-0.328286,0.189519,-0.181177,0.444477
8940,-0.314549,0.290513,-0.181177,0.444477
8941,-0.314549,0.290513,-0.181177,0.444477
8942,-0.321417,0.189519,-0.181177,0.444477
8943,-0.321417,0.189519,-0.181177,0.444477
8944,-0.314549,0.088525,-0.181177,0.444477
8945,-0.273338,-1.426386,-0.181177,0.444477
8946,-0.273338,-1.426386,-0.181177,-1.144329
8947,-0.280207,-1.426386,-0.181177,0.444477
8948,-0.280207,-1.426386,-0.181177,2.033284
8949,-0.280207,-1.52738,-0.181177,-1.144329
8950,-0.280207,-1.52738,-0.181177,0.444477
8951,-0.273338,-1.224398,-0.181177,0.444477
8952,-0.273338,-1.224398,-0.181177,0.444477
8953,-0.287075,-1.325392,-0.181177,0.444477
8954,-0.287075,-1.325392,-0.181177,0.444477
8955,-0.280207,-1.729369,0.220955,0.444477
8956,-0.280207,-1.729369,0.220955,0.444477
8957,-0.280207,-1.729369,-0.181177,-1.144329
8958,-0.280207,-1.729369,-0.181177,-1.144329
8959,-0.273338,-1.52738,0.220955,0.444477
8960,-0.273338,-1.52738,0.220955,-1.144329
8961,-0.280207,-1.931357,0.220955,2.033284
8962,-0.280207,-1.931357,0.220955,0.444477
8963,-0.287075,-1.224398,-0.181177,0.444477
8964,-0.287075,-1.224398,-0.181177,0.444477
8965,-0.280207,-1.426386,-0.181177,0.444477
8966,-0.280207,-1.426386,-0.181177,0.444477
8967,-0.287075,-1.224398,-0.181177,0.444477
8968,-0.287075,-1.224398,-0.181177,0.444477
8969,-0.287075,-1.426386,-0.181177,0.444477
8970,-0.287075,-1.426386,-0.181177,0.444477
8971,-0.287075,-1.325392,-0.181177,0.444477
8972,-0.287075,-1.325392,-0.181177,0.444477
8973,-0.273338,-1.325392,0.220955,0.444477
8974,-0.273338,-1.325392,0.220955,0.444477
8975,-0.280207,-1.628375,0.220955,0.444477
8976,-0.280207,-1.628375,0.220955,0.444477
8977,-0.280207,-1.52738,0.220955,0.444477
8978,-0.280207,-1.52738,0.220955,0.444477
8979,-0.280207,-1.224398,-0.181177,0.444477
8980,-0.280207,-1.224398,-0.181177,0.444477
8981,-0.293943,-1.325392,-0.181177,0.444477
8982,-0.293943,-1.325392,-0.181177,0.444477
8983,-0.280207,-1.426386,-0.181177,0.444477
8984,-0.280207,-1.426386,-0.181177,0.444477
8985,-0.293943,-1.123404,-0.181177,0.444477
8986,-0.293943,-1.123404,-0.583309,0.444477
8987,-0.273338,-1.325392,-0.181177,0.444477
8988,-0.273338,-1.325392,-0.181177,0.444477
8989,-0.280207,-1.426386,-0.181177,0.444477
8990,-0.280207,-1.426386,-0.181177,0.444477
8991,-0.273338,-1.729369,0.220955,0.444477
8992,-0.273338,-1.729369,0.220955,0.444477
8993,-0.280207,-1.123404,0.220955,0.444477
8994,-0.280207,-1.123404,0.220955,-1.144329
8995,-0.280207,-1.224398,-0.181177,0.444477
8996,-0.293943,-1.224398,-0.181177,0.444477
8997,-0.293943,-1.426386,-0.181177,-1.144329
8998,-0.293943,-1.426386,-0.181177,0.444477
8999,-0.287075,-1.224398,-0.181177,-2.733136
9000,-0.287075,-1.224398,-0.181177,-1.144329
9001,-0.293943,-0.719428,-0.181177,0.444477
9002,-0.293943,-0.719428,-0.181177,0.444477
9003,-0.280207,-1.224398,-0.181177,0.444477
9004,-0.280207,-1.224398,-0.181177,2.033284
9005,-0.280207,-1.426386,-0.181177,-1.144329
9006,-0.280207,-1.426386,-0.181177,-1.144329
9007,-0.287075,-1.52738,-0.181177,0.444477
9008,-0.287075,-1.52738,-0.181177,0.444477
9009,-0.287075,-1.325392,-0.181177,0.444477
9010,-0.287075,-1.325392,-0.181177,0.444477
9011,-0.280207,-1.426386,-0.181177,0.444477
9012,-0.280207,-1.426386,-0.181177,0.444477
9013,-0.287075,-1.123404,-0.181177,0.444477
9014,-0.287075,-1.123404,-0.181177,-1.144329
9015,-0.293943,-1.426386,-0.181177,-1.144329
9016,-0.293943,-1.426386,-0.181177,-1.144329
9017,-0.273338,-1.224398,-0.181177,-1.144329
9018,-0.273338,-1.224398,-0.181177,-1.144329
9019,-0.280207,-1.224398,-0.181177,0.444477
9020,-0.280207,-1.224398,-0.181177,2.033284
9021,-0.293943,-1.224398,0.220955,-1.144329
9022,-0.293943,-1.224398,0.220955,0.444477
9023,-0.280207,-1.224398,0.220955,-1.144329
9024,-0.280207,-1.224398,0.220955,0.444477
9025,-0.280207,-1.628375,0.220955,2.033284
9026,-0.280207,-1.628375,0.220955,-1.144329
9027,-0.280207,-1.123404,-0.181177,0.444477
9028,-0.280207,-1.123404,-0.181177,0.444477
9029,-0.293943,-1.224398,-0.181177,0.444477
9030,-0.293943,-1.224398,-0.181177,-1.144329
9031,-0.293943,-1.325392,-0.583309,0.444477
9032,-0.293943,-1.325392,-0.583309,0.444477
9033,-0.280207,-1.426386,-0.181177,-1.144329
9034,-0.280207,-1.426386,-0.181177,0.444477
9035,-0.287075,-1.52738,-0.181177,-2.733136
9036,-0.287075,-1.52738,-0.181177,-1.144329
9037,-0.287075,-1.628375,-0.181177,0.444477
9038,-0.287075,-1.628375,-0.181177,0.444477
9039,-0.273338,-1.52738,0.220955,0.444477
9040,-0.273338,-1.52738,0.220955,2.033284
9041,-0.280207,-1.830363,0.220955,-1.144329
9042,-0.280207,-1.830363,0.220955,-1.144329
9043,-0.287075,-1.325392,0.220955,0.444477
9044,-0.287075,-1.325392,0.220955,0.444477
9045,-0.30768,-1.325392,-0.181177,0.444477
9046,-0.30768,-1.325392,-0.181177,0.444477
9047,-0.300812,-1.123404,-0.181177,0.444477
9048,-0.300812,-1.123404,-0.181177,0.444477
9049,-0.293943,-0.921416,-0.181177,0.444477
9050,-0.293943,-0.921416,-0.181177,-1.144329
9051,-0.30768,-1.325392,-0.181177,-1.144329
9052,-0.30768,-1.325392,-0.181177,-1.144329
9053,-0.287075,-1.224398,-0.181177,-1.144329
9054,-0.287075,-1.224398,-0.181177,-1.144329
9055,-0.280207,-1.52738,0.220955,-1.144329
9056,-0.280207,-1.52738,0.220955,2.033284
9057,-0.287075,-1.325392,0.220955,-1.144329
9058,-0.287075,-1.325392,0.220955,0.444477
9059,-0.287075,-1.52738,0.220955,-1.144329
9060,-0.287075,-1.52738,0.220955,0.444477
9061,-0.293943,-1.628375,-0.181177,2.033284
9062,-0.293943,-1.628375,-0.181177,-1.144329
9063,-0.293943,-1.325392,-0.181177,0.444477
9064,-0.293943,-1.325392,-0.181177,0.444477
9065,-0.287075,-1.325392,-0.181177,0.444477
9066,-0.287075,-1.325392,-0.181177,0.444477
9067,-0.293943,-1.02241,-0.181177,0.444477
9068,-0.293943,-1.02241,-0.181177,0.444477
9069,-0.280207,-1.02241,0.220955,0.444477
9070,-0.280207,-1.02241,0.220955,-1.144329
9071,-0.280207,-1.325392,0.220955,-1.144329
9072,-0.280207,-1.325392,0.220955,0.444477
9073,-0.280207,-1.123404,0.220955,-1.144329
9074,-0.280207,-1.123404,0.220955,2.033284
9075,-0.293943,-1.426386,-0.181177,0.444477
9076,-0.293943,-1.426386,-0.181177,0.444477
9077,-0.280207,-1.325392,-0.181177,0.444477
9078,-0.280207,-1.325392,-0.181177,0.444477
9079,-0.287075,-0.921416,-0.181177,0.444477
9080,-0.287075,-0.921416,-0.181177,0.444477
9081,-0.300812,-1.325392,-0.181177,0.444477
9082,-0.300812,-1.325392,-0.181177,0.444477
9083,-0.280207,-1.02241,-0.181177,0.444477
9084,-0.280207,-1.02241,-0.181177,-1.144329
9085,-0.287075,-1.123404,-0.181177,-1.144329
9086,-0.287075,-1.123404,-0.181177,0.444477
9087,-0.287075,-1.224398,-0.181177,-1.144329
9088,-0.287075,-1.224398,-0.181177,2.033284
9089,-0.287075,-1.325392,-0.181177,0.444477
9090,-0.287075,-1.325392,-0.181177,0.444477
9091,-0.293943,-1.123404,-0.583309,0.444477
9092,-0.293943,-1.123404,-0.583309,0.444477
9093,-0.293943,-1.02241,-0.181177,0.444477
9094,-0.293943,-1.02241,-0.181177,-1.144329
9095,-0.287075,-0.921416,-0.181177,0.444477
9096,-0.287075,-0.921416,-0.181177,0.444477
9097,-0.293943,-1.123404,0.220955,-1.144329
9098,-0.293943,-1.123404,0.220955,0.444477
9099,-0.287075,-1.02241,0.220955,-2.733136
9100,-0.287075,-1.02241,0.220955,-1.144329
9101,-0.293943,-0.618433,0.220955,0.444477
9102,-0.293943,-0.618433,0.220955,0.444477
9103,-0.300812,-1.123404,-0.181177,0.444477
9104,-0.300812,-1.123404,-0.181177,2.033284
9105,-0.300812,-0.921416,-0.583309,-1.144329
9106,-0.300812,-0.921416,-0.583309,-1.144329
9107,-0.300812,-1.52738,-0.181177,0.444477
9108,-0.300812,-1.52738,-0.181177,0.444477
9109,-0.30768,-1.224398,-0.181177,0.444477
9110,-0.30768,-1.224398,-0.181177,0.444477
9111,-0.287075,-1.628375,-0.181177,0.444477
9112,-0.287075,-1.628375,-0.181177,0.444477
9113,-0.287075,-1.123404,0.220955,0.444477
9114,-0.287075,-1.123404,0.220955,-1.144329
9115,-0.300812,-1.830363,0.220955,-1.144329
9116,-0.300812,-1.830363,0.220955,-1.144329
9117,-0.280207,-1.628375,0.220955,-1.144329
9118,-0.280207,-1.628375,0.220955,-1.144329
9119,-0.300812,-1.52738,-0.181177,0.444477
9120,-0.300812,-1.52738,-0.181177,2.033284
9121,-0.314549,-1.325392,-0.181177,-1.144329
9122,-0.314549,-1.325392,-0.181177,0.444477
9123,-0.293943,-1.426386,-0.181177,-1.144329
9124,-0.293943,-1.426386,-0.181177,0.444477
9125,-0.300812,-1.729369,-0.181177,2.033284
9126,-0.300812,-1.729369,-0.181177,-1.144329
9127,-0.293943,-1.52738,-0.181177,0.444477
9128,-0.293943,-1.52738,-0.181177,0.444477
9129,-0.293943,-1.628375,0.220955,0.444477
9130,-0.293943,-1.628375,0.220955,-1.144329
9131,-0.280207,-1.729369,0.220955,0.444477
9132,-0.280207,-1.729369,0.220955,0.444477
9133,-0.280207,-1.224398,0.220955,-1.144329
9134,-0.280207,-1.224398,0.220955,0.444477
9135,-0.30768,-1.325392,0.220955,-2.733136
9136,-0.30768,-1.325392,0.220955,-1.144329
9137,-0.300812,-1.02241,-0.181177,0.444477
9138,-0.300812,-1.02241,-0.181177,0.444477
9139,-0.314549,-1.123404,-0.583309,0.444477
9140,-0.314549,-1.123404,-0.583309,2.033284
9141,-0.293943,-1.224398,-0.181177,-1.144329
9142,-0.293943,-1.224398,-0.181177,-1.144329
9143,-0.293943,-0.719428,-0.181177,0.444477
9144,-0.293943,-0.719428,-0.181177,0.444477
9145,-0.300812,-0.921416,0.220955,0.444477
9146,-0.300812,-0.921416,0.220955,0.444477
9147,-0.280207,-1.52738,0.220955,0.444477
9148,-0.280207,-1.52738,0.220955,0.444477
9149,-0.287075,-1.224398,0.220955,0.444477
9150,-0.287075,-1.224398,0.220955,-1.144329
9151,-0.287075,-1.426386,0.220955,-1.144329
9152,-0.287075,-1.426386,0.220955,-1.144329
9153,-0.328286,-1.123404,-0.181177,-1.144329
9154,-0.328286,-1.123404,-0.181177,-1.144329
9155,-0.300812,-1.224398,-0.181177,0.444477
9156,-0.300812,-1.224398,-0.181177,2.033284
9157,-0.30768,-1.325392,-0.181177,2.033284
9158,-0.30768,-1.325392,-0.181177,2.033284
9159,-0.300812,-1.224398,-0.181177,-1.144329
9160,-0.300812,-1.224398,-0.181177,0.444477
9161,-0.280207,-1.325392,-0.181177,2.033284
9162,-0.280207,-1.325392,-0.181177,-1.144329
9163,-0.293943,-1.325392,0.220955,0.444477
9164,-0.293943,-1.325392,0.220955,0.444477
9165,-0.293943,-0.921416,-0.181177,0.444477
9166,-0.293943,-0.921416,-0.181177,0.444477
9167,-0.287075,-1.426386,-0.181177,0.444477
9168,-0.287075,-1.426386,-0.181177,0.444477
9169,-0.293943,-1.224398,-0.181177,0.444477
9170,-0.293943,-1.224398,-0.181177,-1.144329
9171,-0.30768,-1.224398,-0.181177,-1.144329
9172,-0.30768,-1.224398,-0.181177,0.444477
9173,-0.30768,-1.123404,-0.181177,-1.144329
9174,-0.30768,-1.123404,-0.181177,2.033284
9175,-0.300812,-0.820422,-0.181177,0.444477
9176,-0.300812,-0.820422,-0.181177,0.444477
9177,-0.300812,-1.02241,-0.181177,0.444477
9178,-0.300812,-1.02241,-0.181177,0.444477
9179,-0.293943,-1.224398,0.220955,0.444477
9180,-0.293943,-1.224398,0.220955,0.444477
9181,-0.287075,-1.628375,0.220955,0.444477
9182,-0.287075,-1.628375,0.220955,0.444477
9183,-0.30768,-1.628375,-0.181177,0.444477
9184,-0.30768,-1.628375,-0.181177,-1.144329
9185,-0.293943,-1.02241,-0.181177,-1.144329
9186,-0.293943,-1.02241,-0.181177,0.444477
9187,-0.300812,-1.02241,-0.181177,-1.144329
9188,-0.300812,-1.02241,-0.181177,2.033284
9189,-0.293943,-1.628375,-0.181177,0.444477
9190,-0.293943,-1.628375,-0.181177,0.444477
9191,-0.287075,-1.123404,-0.181177,0.444477
9192,-0.287075,-1.123404,-0.181177,0.444477
9193,-0.293943,-1.426386,-0.181177,0.444477
9194,-0.293943,-1.426386,-0.181177,-1.144329
9195,-0.287075,-1.325392,-0.181177,0.444477
9196,-0.287075,-1.325392,-0.181177,0.444477
9197,-0.287075,-1.224398,-0.181177,-1.144329
9198,-0.287075,-1.224398,-0.181177,0.444477
9199,-0.314549,-1.628375,-0.181177,-2.733136
9200,-0.314549,-1.628375,-0.181177,-1.144329
9201,-0.293943,-1.123404,-0.181177,0.444477
9202,-0.293943,-1.123404,-0.181177,0.444477
9203,-0.287075,-1.123404,-0.181177,0.444477
9204,-0.287075,-1.123404,-0.181177,2.033284
9205,-0.287075,-1.224398,-0.181177,-1.144329
9206,-0.287075,-1.224398,-0.181177,-1.144329
9207,-0.300812,-1.02241,-0.181177,0.444477
9208,-0.300812,-1.02241,-0.181177,0.444477
9209,-0.30768,-1.224398,-0.181177,0.444477
9210,-0.30768,-1.224398,-0.181177,0.444477
9211,-0.293943,-0.719428,-0.181177,0.444477
9212,-0.293943,-0.719428,-0.181177,0.444477
9213,-0.30768,-0.315451,-0.181177,0.444477
9214,-0.30768,-0.315451,-0.181177,-1.144329
9215,-0.300812,-0.618433,-0.181177,-1.144329
9216,-0.300812,-0.618433,-0.181177,-1.144329
9217,-0.287075,-0.719428,-0.181177,-1.144329
9218,-0.287075,-0.719428,-0.181177,-1.144329
9219,-0.287075,-0.719428,-0.181177,0.444477
9220,-0.287075,-0.719428,-0.181177,2.033284
9221,-0.300812,-0.113463,-0.181177,-1.144329
9222,-0.300812,-0.113463,-0.181177,0.444477
9223,-0.287075,-0.416445,-0.181177,-1.144329
9224,-0.287075,-0.416445,-0.181177,0.444477
9225,-0.300812,-0.517439,-0.181177,2.033284
9226,-0.300812,-0.517439,-0.181177,-1.144329
9227,-0.293943,-0.416445,-0.181177,0.444477
9228,-0.293943,-0.416445,-0.181177,0.444477
9229,-0.293943,-0.517439,-0.181177,0.444477
9230,-0.293943,-0.517439,-0.181177,0.444477
9231,-0.293943,-0.315451,-0.181177,0.444477
9232,-0.293943,-0.315451,-0.181177,0.444477
9233,-0.300812,-0.517439,0.220955,0.444477
9234,-0.300812,-0.517439,0.220955,-1.144329
9235,-0.293943,-0.012469,-0.181177,-1.144329
9236,-0.293943,-0.012469,-0.181177,0.444477
9237,-0.30768,-0.113463,-0.181177,-1.144329
9238,-0.30768,-0.113463,-0.181177,2.033284
9239,-0.300812,-0.113463,-0.181177,0.444477
9240,-0.300812,-0.113463,-0.181177,0.444477
9241,-0.300812,0.088525,-0.181177,0.444477
9242,-0.300812,0.088525,-0.181177,0.444477
9243,-0.300812,-0.416445,-0.181177,0.444477
9244,-0.300812,-0.416445,-0.181177,0.444477
9245,-0.293943,-0.012469,-0.181177,0.444477
9246,-0.293943,-0.012469,-0.181177,0.444477
9247,-0.300812,-0.113463,-0.181177,0.444477
9248,-0.300812,-0.113463,-0.181177,-1.144329
9249,-0.293943,-0.012469,-0.181177,-1.144329
9250,-0.293943,-0.012469,-0.181177,0.444477
9251,-0.321417,-0.113463,-0.181177,-1.144329
9252,-0.321417,-0.113463,-0.181177,2.033284
9253,-0.314549,0.290513,-0.181177,0.444477
9254,-0.314549,0.290513,-0.181177,0.444477
9255,-0.30768,0.088525,-0.181177,0.444477
9256,-0.30768,0.088525,-0.181177,0.444477
9257,-0.314549,-0.012469,-0.181177,0.444477
9258,-0.314549,-0.012469,-0.181177,-1.144329
9259,-0.314549,0.189519,-0.181177,0.444477
9260,-0.314549,0.189519,-0.181177,0.444477
9261,-0.30768,-0.315451,-0.181177,-1.144329
9262,-0.30768,-0.315451,-0.181177,0.444477
9263,-0.314549,-0.113463,-0.181177,-2.733136
9264,-0.314549,-0.113463,-0.181177,-1.144329
9265,-0.321417,-0.012469,-0.181177,0.444477
9266,-0.321417,-0.012469,-0.181177,0.444477
9267,-0.321417,-0.416445,-0.181177,0.444477
9268,-0.321417,-0.416445,-0.181177,0.444477
9269,-0.314549,-0.416445,0.220955,-1.144329
9270,-0.314549,-0.416445,0.220955,0.444477
9271,-0.314549,0.189519,-0.181177,0.444477
9272,-0.314549,0.189519,-0.181177,-1.144329
9273,-0.314549,-0.113463,-0.181177,0.444477
9274,-0.314549,-0.113463,-0.181177,-2.733136
9275,-0.321417,0.290513,-0.181177,-1.144329
9276,-0.321417,0.290513,-0.181177,0.444477
9277,-0.321417,0.189519,-0.181177,0.444477
9278,-0.321417,0.189519,-0.181177,0.444477
9279,-0.321417,0.290513,-0.181177,2.033284
9280,-0.321417,0.290513,-0.181177,-1.144329
9281,-0.321417,-0.012469,-0.181177,-1.144329
9282,-0.321417,-0.012469,-0.181177,0.444477
9283,-0.314549,0.189519,-0.181177,0.444477
9284,-0.314549,0.189519,-0.181177,0.444477
9285,-0.321417,0.088525,0.220955,0.444477
9286,-0.321417,0.088525,0.220955,0.444477
9287,-0.328286,-0.012469,-0.181177,0.444477
9288,-0.328286,-0.012469,-0.181177,0.444477
9289,-0.328286,0.088525,0.220955,-1.144329
9290,-0.328286,0.088525,0.220955,-1.144329
9291,-0.328286,0.189519,-0.181177,-1.144329
9292,-0.328286,0.189519,-0.181177,-1.144329
9293,-0.335154,0.290513,-0.181177,-1.144329
9294,-0.335154,0.290513,-0.181177,0.444477
9295,-0.300812,0.593496,-0.181177,2.033284
9296,-0.300812,0.593496,-0.181177,-1.144329
9297,-0.293943,0.290513,-0.181177,0.444477
9298,-0.293943,0.290513,-0.181177,-1.144329
9299,-0.300812,0.290513,-0.181177,0.444477
9300,-0.300812,0.290513,-0.181177,2.033284
9301,-0.30768,-0.012469,-0.181177,-1.144329
9302,-0.30768,-0.012469,-0.181177,0.444477
9303,-0.287075,0.189519,0.220955,0.444477
9304,-0.287075,0.189519,0.220955,0.444477
9305,-0.300812,0.290513,-0.181177,-1.144329
9306,-0.300812,0.290513,-0.181177,0.444477
9307,-0.300812,0.391508,-0.181177,0.444477
9308,-0.300812,0.391508,-0.181177,-1.144329
9309,-0.30768,0.492502,-0.181177,0.444477
9310,-0.30768,0.492502,-0.181177,-2.733136
9311,-0.300812,0.391508,-0.181177,-1.144329
9312,-0.300812,0.391508,-0.181177,0.444477
9313,-0.300812,0.088525,-0.181177,0.444477
9314,-0.300812,0.088525,-0.181177,0.444477
9315,-0.293943,0.290513,-0.181177,2.033284
9316,-0.293943,0.290513,-0.181177,-1.144329
9317,-0.300812,0.189519,0.220955,-1.144329
9318,-0.300812,0.189519,0.220955,0.444477
9319,-0.300812,0.189519,0.220955,0.444477
9320,-0.300812,0.189519,0.220955,0.444477
9321,-0.314549,0.391508,-0.181177,0.444477
9322,-0.314549,0.391508,-0.181177,0.444477
9323,-0.314549,0.492502,-0.181177,0.444477
9324,-0.314549,0.492502,-0.181177,0.444477
9325,-0.314549,0.088525,-0.181177,0.444477
9326,-0.314549,0.088525,-0.181177,0.444477
9327,-0.314549,0.189519,-0.181177,-1.144329
9328,-0.314549,0.189519,-0.181177,-1.144329
9329,-0.300812,0.69449,-0.181177,-1.144329
9330,-0.300812,0.69449,-0.181177,0.444477
9331,-0.30768,0.088525,0.220955,2.033284
9332,-0.30768,0.088525,0.220955,-1.144329
9333,-0.300812,0.391508,0.220955,0.444477
9334,-0.300812,0.391508,0.220955,-1.144329
9335,-0.30768,0.492502,0.220955,0.444477
9336,-0.30768,0.492502,0.220955,2.033284
9337,-0.328286,0.189519,-0.181177,-1.144329
9338,-0.328286,0.189519,-0.181177,0.444477
9339,-0.314549,0.290513,-0.181177,0.444477
9340,-0.314549,0.290513,-0.181177,0.444477
9341,-0.321417,0.189519,-0.181177,0.444477
9342,-0.321417,0.189519,-0.181177,0.444477
9343,-0.314549,0.088525,-0.181177,0.444477
9344,-0.314549,0.088525,-0.181177,0.444477
9345,-0.314549,0.189519,0.220955,-1.144329
9346,-0.314549,0.189519,0.220955,-1.144329
9347,-0.300812,-0.012469,0.220955,0.444477
9348,-0.300812,-0.012469,0.220955,-1.144329
9349,-0.314549,0.290513,0.220955,2.033284
9350,-0.314549,0.290513,0.220955,0.444477
9351,-0.300812,0.290513,-0.181177,0.444477
9352,-0.300812,0.290513,-0.181177,0.444477
9353,-0.321417,0.391508,-0.181177,0.444477
9354,-0.321417,0.391508,-0.181177,0.444477
9355,-0.321417,0.290513,-0.181177,0.444477
9356,-0.321417,0.290513,-0.181177,0.444477
9357,-0.314549,0.492502,-0.583309,0.444477
9358,-0.314549,0.492502,-0.583309,0.444477
9359,-0.314549,0.290513,-0.181177,-1.144329
9360,-0.314549,0.290513,-0.181177,-1.144329
9361,-0.30768,0.391508,0.220955,0.444477
9362,-0.30768,0.391508,0.220955,-1.144329
9363,-0.30768,0.290513,0.220955,2.033284
9364,-0.30768,0.290513,0.220955,0.444477
9365,-0.328286,0.391508,0.220955,0.444477
9366,-0.328286,0.391508,0.220955,0.444477
9367,-0.321417,0.088525,-0.181177,0.444477
9368,-0.321417,0.088525,-0.181177,0.444477
9369,-0.314549,-0.012469,-0.181177,-1.144329
9370,-0.314549,-0.012469,-0.181177,0.444477
9371,-0.321417,0.492502,-0.181177,0.444477
9372,-0.321417,0.492502,-0.181177,-1.144329
9373,-0.321417,0.391508,-0.181177,0.444477
9374,-0.321417,0.391508,-0.181177,-2.733136
9375,-0.314549,0.189519,-0.181177,-1.144329
9376,-0.314549,0.189519,-0.181177,0.444477
9377,-0.328286,0.290513,0.220955,0.444477
9378,-0.328286,0.290513,0.220955,0.444477
9379,-0.314549,0.189519,0.220955,2.033284
9380,-0.314549,0.189519,0.220955,-1.144329
9381,-0.30768,0.189519,-0.181177,-1.144329
9382,-0.30768,0.189519,-0.181177,0.444477
9383,-0.314549,0.391508,-0.181177,0.444477
9384,-0.314549,0.391508,-0.181177,0.444477
9385,-0.328286,0.391508,-0.181177,0.444477
9386,-0.328286,0.391508,-0.181177,0.444477
9387,-0.321417,0.088525,-0.181177,0.444477
9388,-0.321417,0.088525,-0.181177,0.444477
9389,-0.314549,0.189519,-0.181177,-1.144329
9390,-0.314549,0.189519,-0.181177,-1.144329
9391,-0.321417,0.189519,-0.181177,-1.144329
9392,-0.321417,0.189519,-0.181177,-1.144329
9393,-0.314549,-0.012469,0.220955,-1.144329
9394,-0.314549,-0.012469,0.220955,0.444477
9395,-0.314549,0.290513,0.220955,2.033284
9396,-0.314549,0.290513,0.220955,-1.144329
9397,-0.30768,-0.113463,0.220955,0.444477
9398,-0.30768,-0.113463,0.220955,-1.144329
9399,-0.314549,0.189519,-0.181177,0.444477
9400,-0.314549,0.189519,-0.181177,2.033284
9401,-0.328286,-0.113463,-0.181177,-1.144329
9402,-0.328286,-0.113463,-0.181177,0.444477
9403,-0.321417,0.290513,-0.181177,0.444477
9404,-0.321417,0.290513,-0.181177,0.444477
9405,-0.314549,0.391508,-0.181177,0.444477
9406,-0.314549,0.391508,-0.181177,0.444477
9407,-0.30768,0.593496,-0.181177,0.444477
9408,-0.30768,0.593496,-0.181177,0.444477
9409,-0.314549,0.290513,-0.181177,-1.144329
9410,-0.314549,0.290513,-0.181177,-1.144329
9411,-0.300812,0.290513,-0.181177,0.444477
9412,-0.300812,0.290513,-0.181177,-1.144329
9413,-0.30768,0.189519,-0.181177,2.033284
9414,-0.30768,0.189519,-0.181177,0.444477
9415,-0.314549,0.088525,-0.181177,0.444477
9416,-0.314549,0.088525,-0.181177,0.444477
9417,-0.30768,0.290513,-0.181177,0.444477
9418,-0.30768,0.290513,-0.181177,0.444477
9419,-0.321417,0.290513,-0.181177,-1.144329
9420,-0.321417,0.290513,-0.181177,0.444477
9421,-0.30768,-0.012469,-0.181177,0.444477
9422,-0.30768,-0.012469,-0.181177,-1.144329
9423,-0.314549,0.088525,-0.181177,0.444477
9424,-0.314549,0.088525,-0.181177,-2.733136
9425,-0.314549,0.189519,0.220955,-1.144329
9426,-0.314549,0.189519,0.220955,0.444477
9427,-0.314549,0.593496,0.220955,0.444477
9428,-0.314549,0.593496,0.220955,0.444477
9429,-0.314549,0.088525,-0.181177,2.033284
9430,-0.314549,0.088525,-0.181177,-1.144329
9431,-0.321417,0.290513,-0.181177,-1.144329
9432,-0.321417,0.290513,-0.181177,0.444477
9433,-0.328286,0.391508,-0.181177,0.444477
9434,-0.328286,0.391508,-0.181177,0.444477
9435,-0.321417,0.189519,-0.181177,0.444477
9436,-0.321417,0.189519,-0.181177,0.444477
9437,-0.328286,0.189519,-0.181177,0.444477
9438,-0.328286,0.189519,-0.181177,0.444477
9439,-0.30768,0.391508,-0.181177,-1.144329
9440,-0.30768,0.391508,-0.181177,-1.144329
9441,-0.321417,0.189519,-0.181177,-1.144329
9442,-0.321417,0.189519,-0.181177,-1.144329
9443,-0.321417,0.189519,-0.181177,-1.144329
9444,-0.321417,0.189519,-0.181177,0.444477
9445,-0.30768,0.088525,-0.181177,2.033284
9446,-0.30768,0.088525,-0.181177,-1.144329
9447,-0.321417,0.391508,-0.181177,0.444477
9448,-0.321417,0.391508,-0.181177,-1.144329
9449,-0.328286,-0.012469,-0.181177,0.444477
9450,-0.328286,-0.012469,-0.181177,2.033284
9451,-0.328286,0.290513,-0.181177,-1.144329
9452,-0.328286,0.290513,-0.181177,0.444477
9453,-0.321417,0.088525,-0.181177,0.444477
9454,-0.321417,0.088525,-0.181177,0.444477
9455,-0.321417,0.391508,-0.181177,0.444477
9456,-0.321417,0.391508,-0.181177,0.444477
9457,-0.314549,0.189519,-0.181177,0.444477
9458,-0.314549,0.189519,-0.181177,0.444477
9459,-0.314549,0.088525,-0.181177,-1.144329
9460,-0.314549,0.088525,-0.181177,-1.144329
9461,-0.328286,0.593496,0.220955,0.444477
9462,-0.328286,0.593496,0.220955,-1.144329
9463,-0.321417,-0.012469,0.220955,2.033284
9464,-0.321417,-0.012469,0.220955,0.444477
9465,-0.328286,0.290513,-0.181177,0.444477
9466,-0.328286,0.290513,-0.181177,0.444477
9467,-0.328286,0.391508,-0.181177,-1.144329
9468,-0.328286,0.391508,-0.181177,0.444477
9469,-0.321417,0.391508,-0.181177,0.444477
9470,-0.321417,0.391508,-0.181177,-1.144329
9471,-0.328286,0.391508,-0.181177,0.444477
9472,-0.328286,0.391508,-0.181177,-2.733136
9473,-0.321417,0.189519,-0.181177,-1.144329
9474,-0.321417,0.189519,-0.181177,0.444477
9475,-0.328286,0.69449,-0.181177,0.444477
9476,-0.328286,0.69449,-0.181177,0.444477
9477,-0.321417,0.189519,-0.181177,2.033284
9478,-0.321417,0.189519,-0.181177,-1.144329
9479,-0.321417,0.290513,0.220955,-1.144329
9480,-0.321417,0.290513,0.220955,0.444477
9481,-0.321417,0.088525,0.220955,0.444477
9482,-0.321417,0.088525,0.220955,0.444477
9483,-0.314549,0.088525,-0.181177,0.444477
9484,-0.314549,0.088525,-0.181177,0.444477
9485,-0.321417,0.189519,-0.181177,0.444477
9486,-0.321417,0.189519,-0.181177,0.444477
9487,-0.321417,0.290513,0.220955,-1.144329
9488,-0.321417,0.290513,0.220955,-1.144329
9489,-0.293943,-1.426386,-0.181177,0.444477
9490,-0.293943,-1.426386,-0.181177,-1.144329
9491,-0.287075,-1.325392,-0.181177,-1.144329
9492,-0.287075,-1.325392,-0.181177,-1.144329
9493,-0.287075,-1.224398,-0.181177,-1.144329
9494,-0.287075,-1.224398,-0.181177,0.444477
9495,-0.314549,-1.628375,-0.181177,-2.733136
9496,-0.314549,-1.628375,-0.181177,-1.144329
9497,-0.293943,-1.123404,-0.181177,0.444477
9498,-0.293943,-1.123404,-0.181177,0.444477
9499,-0.287075,-1.123404,-0.181177,0.444477
9500,-0.287075,-1.123404,-0.181177,2.033284
9501,-0.287075,-1.224398,-0.181177,-1.144329
9502,-0.287075,-1.224398,-0.181177,-1.144329
9503,-0.300812,-1.02241,-0.181177,0.444477
9504,-0.300812,-1.02241,-0.181177,0.444477
9505,-0.30768,-1.224398,-0.181177,0.444477
9506,-0.30768,-1.224398,-0.181177,0.444477
9507,-0.293943,-0.719428,-0.181177,0.444477
9508,-0.293943,-0.719428,-0.181177,0.444477
9509,-0.30768,-0.315451,-0.181177,0.444477
9510,-0.30768,-0.315451,-0.181177,-1.144329
9511,-0.300812,-0.618433,-0.181177,-1.144329
9512,-0.300812,-0.618433,-0.181177,-1.144329
9513,-0.287075,-0.719428,-0.181177,-1.144329
9514,-0.287075,-0.719428,-0.181177,-1.144329
9515,-0.287075,-0.719428,-0.181177,0.444477
9516,-0.287075,-0.719428,-0.181177,2.033284
9517,-0.300812,-0.113463,-0.181177,-1.144329
9518,-0.300812,-0.113463,-0.181177,0.444477
9519,-0.287075,-0.416445,-0.181177,-1.144329
9520,-0.287075,-0.416445,-0.181177,0.444477
9521,-0.300812,-0.517439,-0.181177,2.033284
9522,-0.300812,-0.517439,-0.181177,-1.144329
9523,-0.293943,-0.416445,-0.181177,0.444477
9524,-0.293943,-0.416445,-0.181177,0.444477
9525,-0.293943,-0.517439,-0.181177,0.444477
9526,-0.293943,-0.517439,-0.181177,0.444477
9527,-0.293943,-0.315451,-0.181177,0.444477
9528,-0.293943,-0.315451,-0.181177,0.444477
9529,-0.300812,-0.517439,0.220955,0.444477
9530,-0.300812,-0.517439,0.220955,-1.144329
9531,-0.293943,-0.012469,-0.181177,-1.144329
9532,-0.293943,-0.012469,-0.181177,0.444477
9533,-0.30768,-0.113463,-0.181177,-1.144329
9534,-0.30768,-0.113463,-0.181177,2.033284
9535,-0.300812,-0.113463,-0.181177,0.444477
9536,-0.300812,-0.113463,-0.181177,0.444477
9537,-0.300812,0.088525,-0.181177,0.444477
9538,-0.300812,0.088525,-0.181177,0.444477
9539,-0.300812,-0.416445,-0.181177,0.444477
9540,-0.300812,-0.416445,-0.181177,0.444477
9541,-0.293943,-0.012469,-0.181177,0.444477
9542,-0.293943,-0.012469,-0.181177,0.444477
9543,-0.300812,-0.113463,-0.181177,0.444477
9544,-0.300812,-0.113463,-0.181177,-1.144329
9545,-0.293943,-0.012469,-0.181177,-1.144329
9546,-0.293943,-0.012469,-0.181177,0.444477
9547,-0.321417,-0.113463,-0.181177,-1.144329
9548,-0.321417,-0.113463,-0.181177,2.033284
9549,-0.314549,0.290513,-0.181177,0.444477
9550,-0.314549,0.290513,-0.181177,0.444477
9551,-0.30768,0.088525,-0.181177,0.444477
9552,-0.30768,0.088525,-0.181177,0.444477
9553,-0.314549,-0.012469,-0.181177,0.444477
9554,-0.314549,-0.012469,-0.181177,-1.144329
9555,-0.314549,0.189519,-0.181177,0.444477
9556,-0.314549,0.189519,-0.181177,0.444477
9557,-0.30768,-0.315451,-0.181177,-1.144329
9558,-0.30768,-0.315451,-0.181177,0.444477
9559,-0.314549,-0.113463,-0.181177,-2.733136
9560,-0.314549,-0.113463,-0.181177,-1.144329
9561,-0.321417,-0.012469,-0.181177,0.444477
9562,-0.321417,-0.012469,-0.181177,0.444477
9563,-0.321417,-0.416445,-0.181177,0.444477
9564,-0.321417,-0.416445,-0.181177,0.444477
9565,-0.314549,-0.416445,0.220955,-1.144329
9566,-0.314549,-0.416445,0.220955,0.444477
9567,-0.314549,0.189519,-0.181177,0.444477
9568,-0.314549,0.189519,-0.181177,-1.144329
9569,-0.314549,-0.113463,-0.181177,0.444477
9570,-0.314549,-0.113463,-0.181177,-2.733136
9571,-0.321417,0.290513,-0.181177,-1.144329
9572,-0.321417,0.290513,-0.181177,0.444477
9573,-0.321417,0.189519,-0.181177,0.444477
9574,-0.321417,0.189519,-0.181177,0.444477
9575,-0.321417,0.290513,-0.181177,2.033284
9576,-0.321417,0.290513,-0.181177,-1.144329
9577,-0.321417,-0.012469,-0.181177,-1.144329
9578,-0.321417,-0.012469,-0.181177,0.444477
9579,-0.314549,0.189519,-0.181177,0.444477
9580,-0.314549,0.189519,-0.181177,0.444477
9581,-0.321417,0.088525,0.220955,0.444477
9582,-0.321417,0.088525,0.220955,0.444477
9583,-0.328286,-0.012469,-0.181177,0.444477
9584,-0.328286,-0.012469,-0.181177,0.444477
9585,-0.328286,0.088525,0.220955,-1.144329
9586,-0.328286,0.088525,0.220955,-1.144329
9587,-0.328286,0.189519,-0.181177,-1.144329
9588,-0.328286,0.189519,-0.181177,-1.144329
9589,-0.335154,0.290513,-0.181177,-1.144329
9590,-0.335154,0.290513,-0.181177,0.444477
9591,-0.300812,0.593496,-0.181177,2.033284
9592,-0.300812,0.593496,-0.181177,-1.144329
9593,-0.293943,0.290513,-0.181177,0.444477
9594,-0.293943,0.290513,-0.181177,-1.144329
9595,-0.300812,0.290513,-0.181177,0.444477
9596,-0.300812,0.290513,-0.181177,2.033284
9597,-0.30768,-0.012469,-0.181177,-1.144329
9598,-0.30768,-0.012469,-0.181177,0.444477
9599,-0.287075,0.189519,0.220955,0.444477
9600,-0.287075,0.189519,0.220955,0.444477
9601,-0.300812,0.290513,-0.181177,-1.144329
9602,-0.300812,0.290513,-0.181177,0.444477
9603,-0.300812,0.391508,-0.181177,0.444477
9604,-0.300812,0.391508,-0.181177,-1.144329
9605,-0.30768,0.492502,-0.181177,0.444477
9606,-0.30768,0.492502,-0.181177,-2.733136
9607,-0.300812,0.391508,-0.181177,-1.144329
9608,-0.300812,0.391508,-0.181177,0.444477
9609,-0.300812,0.088525,-0.181177,0.444477
9610,-0.300812,0.088525,-0.181177,0.444477
9611,-0.293943,0.290513,-0.181177,2.033284
9612,-0.293943,0.290513,-0.181177,-1.144329
9613,-0.300812,0.189519,0.220955,-1.144329
9614,-0.300812,0.189519,0.220955,0.444477
9615,-0.300812,0.189519,0.220955,0.444477
9616,-0.300812,0.189519,0.220955,0.444477
9617,-0.314549,0.391508,-0.181177,0.444477
9618,-0.314549,0.391508,-0.181177,0.444477
9619,-0.314549,0.492502,-0.181177,0.444477
9620,-0.314549,0.492502,-0.181177,0.444477
9621,-0.314549,0.088525,-0.181177,-1.144329
9622,-0.314549,0.088525,-0.181177,-1.144329
9623,-0.314549,0.189519,-0.181177,-1.144329
9624,-0.314549,0.189519,-0.181177,-1.144329
9625,-0.300812,0.69449,-0.181177,-1.144329
9626,-0.300812,0.69449,-0.181177,0.444477
9627,-0.30768,0.088525,0.220955,2.033284
9628,-0.30768,0.088525,0.220955,-1.144329
9629,-0.300812,0.391508,0.220955,0.444477
9630,-0.300812,0.391508,0.220955,-1.144329
9631,-0.30768,0.492502,0.220955,0.444477
9632,-0.30768,0.492502,0.220955,2.033284
9633,-0.328286,0.189519,-0.181177,-1.144329
9634,-0.328286,0.189519,-0.181177,0.444477
9635,-0.314549,0.290513,-0.181177,0.444477
9636,-0.314549,0.290513,-0.181177,0.444477
9637,-0.321417,0.189519,-0.181177,0.444477
9638,-0.321417,0.189519,-0.181177,0.444477
9639,-0.314549,0.088525,-0.181177,0.444477
9640,-0.314549,0.088525,-0.181177,0.444477
9641,-0.314549,0.189519,0.220955,-1.144329
9642,-0.314549,0.189519,0.220955,-1.144329
9643,-0.300812,-0.012469,0.220955,0.444477
9644,-0.300812,-0.012469,0.220955,-1.144329
9645,-0.314549,0.290513,0.220955,2.033284
9646,-0.314549,0.290513,0.220955,0.444477
9647,-0.300812,0.290513,-0.181177,0.444477
9648,-0.300812,0.290513,-0.181177,0.444477
9649,-0.321417,0.391508,-0.181177,0.444477
9650,-0.321417,0.391508,-0.181177,0.444477
9651,-0.321417,0.290513,-0.181177,0.444477
9652,-0.321417,0.290513,-0.181177,0.444477
9653,-0.314549,0.492502,-0.583309,0.444477
9654,-0.314549,0.492502,-0.583309,0.444477
9655,-0.314549,0.290513,-0.181177,-1.144329
9656,-0.314549,0.290513,-0.181177,-1.144329
9657,-0.30768,0.391508,0.220955,0.444477
9658,-0.30768,0.391508,0.220955,-1.144329
9659,-0.30768,0.290513,0.220955,2.033284
9660,-0.30768,0.290513,0.220955,0.444477
9661,-0.328286,0.391508,0.220955,0.444477
9662,-0.328286,0.391508,0.220955,0.444477
9663,-0.321417,0.088525,-0.181177,0.444477
9664,-0.321417,0.088525,-0.181177,0.444477
9665,-0.314549,-0.012469,-0.181177,-1.144329
9666,-0.314549,-0.012469,-0.181177,0.444477
9667,-0.321417,0.492502,-0.181177,0.444477
9668,-0.321417,0.492502,-0.181177,-1.144329
9669,-0.321417,0.391508,-0.181177,0.444477
9670,-0.321417,0.391508,-0.181177,-2.733136
9671,-0.314549,0.189519,-0.181177,-1.144329
9672,-0.314549,0.189519,-0.181177,0.444477
9673,-0.328286,0.290513,0.220955,0.444477
9674,-0.328286,0.290513,0.220955,0.444477
9675,-0.314549,0.189519,0.220955,2.033284
9676,-0.314549,0.189519,0.220955,-1.144329
9677,-0.30768,0.189519,-0.181177,-1.144329
9678,-0.30768,0.189519,-0.181177,0.444477
9679,-0.314549,0.391508,-0.181177,0.444477
9680,-0.314549,0.391508,-0.181177,0.444477
9681,-0.328286,0.391508,-0.181177,0.444477
9682,-0.328286,0.391508,-0.181177,0.444477
9683,-0.321417,0.088525,-0.181177,0.444477
9684,-0.321417,0.088525,-0.181177,0.444477
9685,-0.314549,0.189519,-0.181177,-1.144329
9686,-0.314549,0.189519,-0.181177,-1.144329
9687,-0.321417,0.189519,-0.181177,-1.144329
9688,-0.321417,0.189519,-0.181177,-1.144329
9689,-0.314549,-0.012469,0.220955,-1.144329
9690,-0.314549,-0.012469,0.220955,0.444477
9691,-0.314549,0.290513,0.220955,2.033284
9692,-0.314549,0.290513,0.220955,-1.144329
9693,-0.30768,-0.113463,0.220955,0.444477
9694,-0.30768,-0.113463,0.220955,-1.144329
9695,-0.314549,0.189519,-0.181177,0.444477
9696,-0.314549,0.189519,-0.181177,2.033284
9697,-0.328286,-0.113463,-0.181177,-1.144329
9698,-0.328286,-0.113463,-0.181177,0.444477
9699,-0.321417,0.290513,-0.181177,0.444477
9700,-0.321417,0.290513,-0.181177,0.444477
9701,-0.314549,0.391508,-0.181177,0.444477
9702,-0.314549,0.391508,-0.181177,0.444477
9703,-0.30768,0.593496,-0.181177,0.444477
9704,-0.30768,0.593496,-0.181177,0.444477
9705,-0.314549,0.290513,-0.181177,-1.144329
9706,-0.314549,0.290513,-0.181177,-1.144329
9707,-0.300812,0.290513,-0.181177,0.444477
9708,-0.300812,0.290513,-0.181177,-1.144329
9709,-0.30768,0.189519,-0.181177,2.033284
9710,-0.30768,0.189519,-0.181177,0.444477
9711,-0.314549,0.088525,-0.181177,0.444477
9712,-0.314549,0.088525,-0.181177,0.444477
9713,-0.30768,0.290513,-0.181177,0.444477
9714,-0.30768,0.290513,-0.181177,0.444477
9715,-0.321417,0.290513,-0.181177,-1.144329
9716,-0.321417,0.290513,-0.181177,0.444477
9717,-0.30768,-0.012469,-0.181177,0.444477
9718,-0.30768,-0.012469,-0.181177,-1.144329
9719,-0.314549,0.088525,-0.181177,0.444477
9720,-0.314549,0.088525,-0.181177,-2.733136
9721,-0.314549,0.189519,0.220955,-1.144329
9722,-0.314549,0.189519,0.220955,0.444477
9723,-0.314549,0.593496,0.220955,0.444477
9724,-0.314549,0.593496,0.220955,0.444477
9725,-0.314549,0.088525,-0.181177,2.033284
9726,-0.314549,0.088525,-0.181177,-1.144329
9727,-0.321417,0.290513,-0.181177,-1.144329
9728,-0.321417,0.290513,-0.181177,0.444477
9729,-0.328286,0.391508,-0.181177,0.444477
9730,-0.328286,0.391508,-0.181177,0.444477
9731,-0.321417,0.189519,-0.181177,0.444477
9732,-0.321417,0.189519,-0.181177,0.444477
9733,-0.328286,0.189519,-0.181177,0.444477
9734,-0.328286,0.189519,-0.181177,0.444477
9735,-0.30768,0.391508,-0.181177,-1.144329
9736,-0.30768,0.391508,-0.181177,-1.144329
9737,-0.321417,0.189519,-0.181177,-1.144329
9738,-0.321417,0.189519,-0.181177,-1.144329
9739,-0.321417,0.189519,-0.181177,-1.144329
9740,-0.321417,0.189519,-0.181177,0.444477
9741,-0.30768,0.088525,-0.181177,2.033284
9742,-0.30768,0.088525,-0.181177,-1.144329
9743,-0.321417,0.391508,-0.181177,0.444477
9744,-0.321417,0.391508,-0.181177,-1.144329
9745,-0.328286,-0.012469,-0.181177,0.444477
9746,-0.328286,-0.012469,-0.181177,2.033284
9747,-0.328286,0.290513,-0.181177,-1.144329
9748,-0.328286,0.290513,-0.181177,0.444477
9749,-0.321417,0.088525,-0.181177,0.444477
9750,-0.321417,0.088525,-0.181177,0.444477
9751,-0.321417,0.391508,-0.181177,0.444477
9752,-0.321417,0.391508,-0.181177,0.444477
9753,-0.314549,0.189519,-0.181177,0.444477
9754,-0.314549,0.189519,-0.181177,0.444477
9755,-0.314549,0.088525,-0.181177,-1.144329
9756,-0.314549,0.088525,-0.181177,-1.144329
9757,-0.328286,0.593496,0.220955,0.444477
9758,-0.328286,0.593496,0.220955,-1.144329
9759,-0.321417,-0.012469,0.220955,2.033284
9760,-0.321417,-0.012469,0.220955,0.444477
9761,-0.328286,0.290513,-0.181177,0.444477
9762,-0.328286,0.290513,-0.181177,0.444477
9763,-0.328286,0.391508,-0.181177,-1.144329
9764,-0.328286,0.391508,-0.181177,0.444477
9765,-0.321417,0.391508,-0.181177,0.444477
9766,-0.321417,0.391508,-0.181177,-1.144329
9767,-0.328286,0.391508,-0.181177,0.444477
9768,-0.328286,0.391508,-0.181177,-2.733136
9769,-0.321417,0.189519,-0.181177,-1.144329
9770,-0.321417,0.189519,-0.181177,0.444477
9771,-0.328286,0.69449,-0.181177,0.444477
9772,-0.328286,0.69449,-0.181177,0.444477
9773,-0.321417,0.189519,-0.181177,2.033284
9774,-0.321417,0.189519,-0.181177,-1.144329
9775,-0.321417,0.290513,0.220955,-1.144329
9776,-0.321417,0.290513,0.220955,0.444477
9777,-0.321417,0.088525,0.220955,0.444477
9778,-0.321417,0.088525,0.220955,0.444477
9779,-0.314549,0.088525,-0.181177,0.444477
9780,-0.314549,0.088525,-0.181177,0.444477
9781,-0.321417,0.189519,-0.181177,0.444477
9782,-0.321417,0.189519,-0.181177,0.444477
9783,-0.321417,0.290513,0.220955,-1.144329
9784,-0.321417,0.290513,0.220955,-1.144329
9785,-0.328286,0.391508,-0.181177,-1.144329
9786,-0.328286,0.391508,-0.181177,-1.144329
9787,-0.328286,0.593496,-0.181177,-1.144329
9788,-0.328286,0.593496,-0.181177,0.444477
9789,-0.328286,-0.517439,0.220955,-1.144329
9790,-0.328286,-0.517439,0.220955,-1.144329
9791,-0.321417,-0.315451,-0.181177,0.444477
9792,-0.321417,-0.315451,-0.181177,-1.144329
9793,-0.314549,-0.214457,-0.181177,2.033284
9794,-0.314549,-0.214457,-0.181177,0.444477
9795,-0.328286,0.391508,-0.583309,0.444477
9796,-0.328286,0.391508,-0.583309,0.444477
9797,-0.321417,-0.012469,-0.583309,0.444477
9798,-0.321417,-0.012469,-0.583309,0.444477
9799,-0.300812,0.290513,-0.181177,0.444477
9800,-0.300812,0.290513,-0.181177,-1.144329
9801,-0.321417,0.290513,0.220955,-1.144329
9802,-0.321417,0.290513,0.220955,0.444477
9803,-0.30768,-0.012469,0.220955,-1.144329
9804,-0.30768,-0.012469,0.220955,2.033284
9805,-0.321417,0.492502,0.220955,0.444477
9806,-0.321417,0.492502,0.220955,0.444477
9807,-0.328286,0.290513,-0.181177,0.444477
9808,-0.328286,0.290513,-0.181177,0.444477
9809,-0.328286,0.492502,-0.583309,-1.144329
9810,-0.328286,0.492502,-0.583309,0.444477
9811,-0.321417,0.69449,-0.583309,0.444477
9812,-0.321417,0.69449,-0.583309,-1.144329
9813,-0.321417,0.088525,-0.181177,0.444477
9814,-0.321417,0.088525,-0.181177,-2.733136
9815,-0.30768,0.391508,0.220955,-1.144329
9816,-0.30768,0.391508,0.220955,0.444477
9817,-0.314549,-0.012469,0.623088,0.444477
9818,-0.314549,-0.012469,0.623088,0.444477
9819,-0.30768,0.290513,0.220955,2.033284
9820,-0.30768,0.290513,0.220955,-1.144329
9821,-0.314549,-0.214457,0.220955,-1.144329
9822,-0.314549,-0.214457,0.220955,0.444477
9823,-0.328286,0.088525,-0.181177,0.444477
9824,-0.328286,0.088525,-0.181177,0.444477
9825,-0.328286,0.290513,-0.181177,0.444477
9826,-0.328286,0.290513,-0.181177,0.444477
9827,-0.321417,-0.113463,-0.583309,0.444477
9828,-0.321417,-0.113463,-0.583309,0.444477
9829,-0.335154,0.290513,-0.181177,-1.144329
9830,-0.335154,0.290513,-0.181177,-1.144329
9831,-0.328286,-0.113463,0.220955,-1.144329
9832,-0.328286,-0.113463,0.220955,-1.144329
9833,-0.321417,-0.113463,0.220955,-1.144329
9834,-0.321417,-0.113463,0.220955,0.444477
9835,-0.328286,0.088525,0.220955,2.033284
9836,-0.328286,0.088525,0.220955,-1.144329
9837,-0.328286,0.088525,0.220955,0.444477
9838,-0.328286,0.088525,0.220955,0.444477
9839,-0.342022,0.290513,-0.181177,-1.144329
9840,-0.342022,0.290513,-0.181177,0.444477
9841,-0.321417,0.290513,-0.181177,0.444477
9842,-0.321417,0.290513,-0.181177,-1.144329
9843,-0.328286,0.593496,-0.181177,0.444477
9844,-0.328286,0.593496,-0.181177,-2.733136
9845,-0.328286,-0.113463,-0.181177,-1.144329
9846,-0.328286,-0.113463,-0.181177,0.444477
9847,-0.328286,0.088525,0.220955,0.444477
9848,-0.328286,0.088525,0.220955,0.444477
9849,-0.314549,-0.113463,0.220955,2.033284
9850,-0.314549,-0.113463,0.220955,-1.144329
9851,-0.314549,-0.012469,0.220955,-1.144329
9852,-0.314549,-0.012469,0.220955,0.444477
9853,-0.30768,-0.113463,0.220955,0.444477
9854,-0.30768,-0.113463,0.220955,0.444477
9855,-0.314549,0.088525,0.220955,0.444477
9856,-0.314549,0.088525,0.220955,0.444477
9857,-0.328286,0.290513,-0.181177,0.444477
9858,-0.328286,0.290513,-0.181177,0.444477
9859,-0.328286,0.391508,-0.181177,-1.144329
9860,-0.328286,0.391508,-0.181177,-1.144329
9861,-0.328286,0.69449,-0.181177,-1.144329
9862,-0.328286,0.69449,-0.181177,-1.144329
9863,-0.314549,0.088525,-0.181177,-1.144329
9864,-0.314549,0.088525,-0.181177,0.444477
9865,-0.300812,-0.214457,0.220955,2.033284
9866,-0.300812,-0.214457,0.220955,-1.144329
9867,-0.30768,-0.012469,0.220955,0.444477
9868,-0.30768,-0.012469,0.220955,-1.144329
9869,-0.314549,-0.113463,0.220955,0.444477
9870,-0.314549,-0.113463,0.220955,2.033284
9871,-0.30768,0.189519,-0.181177,-1.144329
9872,-0.30768,0.189519,-0.181177,0.444477
9873,-0.328286,0.088525,-0.181177,0.444477
9874,-0.328286,0.088525,-0.181177,0.444477
9875,-0.314549,0.189519,-0.583309,-1.144329
9876,-0.314549,0.189519,-0.583309,0.444477
9877,-0.328286,0.088525,-0.181177,0.444477
9878,-0.328286,0.088525,-0.181177,-1.144329
9879,-0.328286,0.69449,-0.181177,0.444477
9880,-0.328286,0.69449,-0.181177,-2.733136
9881,-0.321417,0.088525,0.220955,-1.144329
9882,-0.321417,0.088525,0.220955,0.444477
9883,-0.314549,0.492502,0.220955,0.444477
9884,-0.314549,0.492502,0.220955,0.444477
9885,-0.321417,-0.012469,0.220955,2.033284
9886,-0.321417,-0.012469,0.220955,-1.144329
9887,-0.321417,-0.113463,-0.181177,-1.144329
9888,-0.321417,-0.113463,-0.181177,0.444477
9889,-0.321417,0.189519,-0.181177,0.444477
9890,-0.321417,0.189519,-0.181177,0.444477
9891,-0.328286,0.290513,-0.181177,0.444477
9892,-0.328286,0.290513,-0.181177,0.444477
9893,-0.321417,0.391508,-0.583309,0.444477
9894,-0.321417,0.391508,-0.583309,0.444477
9895,-0.314549,0.290513,-0.181177,-1.144329
9896,-0.314549,0.290513,-0.181177,-1.144329
9897,-0.314549,0.593496,0.220955,-1.144329
9898,-0.314549,0.593496,0.220955,-1.144329
9899,-0.300812,0.492502,0.220955,-1.144329
9900,-0.300812,0.492502,0.220955,0.444477
9901,-0.335154,0.189519,0.220955,2.033284
9902,-0.335154,0.189519,0.220955,-1.144329
9903,-0.293943,0.088525,-0.181177,0.444477
9904,-0.293943,0.088525,-0.181177,-1.144329
9905,-0.328286,0.189519,-0.181177,0.444477
9906,-0.328286,0.189519,-0.181177,2.033284
9907,-0.328286,0.189519,-0.181177,-1.144329
9908,-0.328286,0.189519,-0.181177,0.444477
9909,-0.321417,0.492502,-0.181177,0.444477
9910,-0.321417,0.492502,-0.181177,0.444477
9911,-0.321417,0.189519,0.220955,0.444477
9912,-0.321417,0.189519,0.220955,0.444477
9913,-0.328286,0.290513,0.220955,0.444477
9914,-0.328286,0.290513,0.220955,0.444477
9915,-0.30768,0.290513,0.220955,-1.144329
9916,-0.30768,0.290513,0.220955,-1.144329
9917,-0.321417,0.189519,0.220955,0.444477
9918,-0.321417,0.189519,0.220955,-1.144329
9919,-0.342022,0.492502,-0.181177,2.033284
9920,-0.342022,0.492502,-0.181177,0.444477
9921,-0.328286,0.290513,-0.181177,0.444477
9922,-0.328286,0.290513,-0.181177,0.444477
9923,-0.342022,0.391508,-0.181177,0.444477
9924,-0.342022,0.391508,-0.181177,0.444477
9925,-0.328286,0.088525,-0.583309,0.444477
9926,-0.328286,0.088525,-0.583309,0.444477
9927,-0.321417,0.391508,0.220955,0.444477
9928,-0.321417,0.391508,0.220955,0.444477
9929,-0.328286,0.088525,0.220955,-1.144329
9930,-0.328286,0.088525,0.220955,-1.144329
9931,-0.30768,0.290513,0.220955,0.444477
9932,-0.30768,0.290513,0.220955,-1.144329
9933,-0.321417,0.593496,0.220955,2.033284
9934,-0.321417,0.593496,0.220955,0.444477
9935,-0.335154,0.492502,-0.181177,0.444477
9936,-0.335154,0.492502,-0.181177,0.444477
9937,-0.328286,0.492502,-0.181177,0.444477
9938,-0.328286,0.492502,-0.181177,0.444477
9939,-0.321417,0.492502,-0.181177,-1.144329
9940,-0.321417,0.492502,-0.181177,0.444477
9941,-0.335154,0.795484,-0.181177,0.444477
9942,-0.335154,0.795484,-0.181177,-1.144329
9943,-0.321417,0.391508,-0.181177,0.444477
9944,-0.321417,0.391508,-0.181177,-2.733136
9945,-0.328286,0.391508,0.220955,-1.144329
9946,-0.328286,0.391508,0.220955,0.444477
9947,-0.321417,0.088525,0.220955,0.444477
9948,-0.321417,0.088525,0.220955,0.444477
9949,-0.314549,0.492502,-0.181177,2.033284
9950,-0.314549,0.492502,-0.181177,-1.144329
9951,-0.328286,0.189519,-0.181177,-1.144329
9952,-0.328286,0.189519,-0.181177,0.444477
9953,-0.321417,0.69449,-0.181177,0.444477
9954,-0.321417,0.69449,-0.181177,0.444477
9955,-0.328286,0.593496,-0.181177,0.444477
9956,-0.328286,0.593496,-0.181177,0.444477
9957,-0.335154,0.391508,-0.181177,0.444477
9958,-0.335154,0.391508,-0.181177,0.444477
9959,-0.321417,0.391508,-0.181177,-1.144329
9960,-0.321417,0.391508,-0.181177,-1.144329
9961,-0.321417,0.189519,0.220955,-1.144329
9962,-0.321417,0.189519,0.220955,-1.144329
9963,-0.328286,0.391508,0.220955,-1.144329
9964,-0.328286,0.391508,0.220955,0.444477
9965,-0.321417,0.088525,-0.181177,2.033284
9966,-0.321417,0.088525,-0.181177,-1.144329
9967,-0.335154,0.088525,-0.181177,0.444477
9968,-0.335154,0.088525,-0.181177,-1.144329
9969,-0.335154,0.492502,-0.181177,0.444477
9970,-0.335154,0.492502,-0.181177,2.033284
9971,-0.321417,0.492502,-0.181177,-1.144329
9972,-0.321417,0.492502,-0.181177,0.444477
9973,-0.328286,0.189519,-0.181177,0.444477
9974,-0.328286,0.189519,-0.181177,0.444477
9975,-0.321417,0.290513,-0.181177,0.444477
9976,-0.321417,0.290513,-0.181177,0.444477
9977,-0.321417,0.69449,-0.583309,0.444477
9978,-0.321417,0.69449,-0.583309,0.444477
9979,-0.328286,0.492502,-0.181177,-1.144329
9980,-0.328286,0.492502,-0.181177,-1.144329
9981,-0.328286,0.391508,-0.181177,0.444477
9982,-0.328286,0.391508,-0.181177,-1.144329
9983,-0.321417,0.391508,0.220955,2.033284
9984,-0.321417,0.391508,0.220955,0.444477
9985,-0.328286,0.492502,0.220955,0.444477
9986,-0.328286,0.492502,0.220955,-1.144329
9987,-0.328286,0.088525,-0.181177,0.444477
9988,-0.328286,0.088525,-0.181177,-1.144329
9989,-0.328286,0.492502,-0.181177,0.444477
9990,-0.328286,0.492502,-0.181177,2.033284
9991,-0.328286,0.391508,-0.181177,-1.144329
9992,-0.328286,0.391508,-0.181177,0.444477
9993,-0.328286,0.69449,-0.181177,0.444477
9994,-0.328286,0.69449,-0.181177,0.444477
9995,-0.335154,0.492502,-0.181177,-1.144329
9996,-0.335154,0.492502,-0.181177,0.444477
9997,-0.314549,0.189519,0.220955,0.444477
9998,-0.314549,0.189519,0.220955,-1.144329
9999,-0.328286,0.391508,0.220955,0.444477
10000,-0.328286,0.391508,0.220955,-2.733136
10001,-0.328286,0.391508,-0.181177,-1.144329
10002,-0.328286,0.391508,-0.181177,0.444477
10003,-0.328286,0.290513,-0.181177,0.444477
10004,-0.328286,0.290513,-0.181177,0.444477
10005,-0.335154,0.290513,-0.181177,2.033284
10006,-0.335154,0.290513,-0.181177,-1.144329
10007,-0.328286,0.290513,-0.181177,-1.144329
10008,-0.328286,0.290513,-0.181177,0.444477
10009,-0.321417,0.189519,-0.181177,0.444477
10010,-0.321417,0.189519,-0.181177,0.444477
10011,-0.314549,0.290513,0.220955,0.444477
10012,-0.314549,0.290513,0.220955,0.444477
10013,-0.321417,0.290513,0.623088,0.444477
10014,-0.321417,0.290513,0.623088,0.444477
10015,-0.321417,0.189519,0.220955,-1.144329
10016,-0.321417,0.189519,0.220955,-1.144329
10017,-0.328286,0.492502,0.220955,-1.144329
10018,-0.328286,0.492502,0.220955,-1.144329
10019,-0.328286,-0.012469,-0.181177,-1.144329
10020,-0.328286,-0.012469,-0.181177,0.444477
10021,-0.342022,0.391508,-0.181177,2.033284
10022,-0.342022,0.391508,-0.181177,-1.144329
10023,-0.342022,0.69449,-0.181177,0.444477
10024,-0.342022,0.69449,-0.181177,-1.144329
10025,-0.321417,0.492502,-0.181177,0.444477
10026,-0.321417,0.492502,-0.181177,2.033284
10027,-0.335154,0.290513,0.220955,-1.144329
10028,-0.335154,0.290513,0.220955,0.444477
10029,-0.328286,0.290513,0.220955,0.444477
10030,-0.328286,0.290513,0.220955,0.444477
10031,-0.328286,-0.113463,0.220955,0.444477
10032,-0.328286,-0.113463,0.220955,0.444477
10033,-0.328286,0.189519,-0.181177,0.444477
10034,-0.328286,0.189519,-0.181177,0.444477
10035,-0.342022,0.088525,-0.181177,-1.144329
10036,-0.342022,0.088525,-0.181177,-1.144329
10037,-0.335154,0.391508,-0.181177,0.444477
10038,-0.335154,0.391508,-0.181177,-1.144329
10039,-0.335154,0.088525,-0.181177,2.033284
10040,-0.335154,0.088525,-0.181177,0.444477
10041,-0.328286,0.492502,-0.181177,0.444477
10042,-0.328286,0.492502,-0.181177,0.444477
10043,-0.335154,0.189519,0.220955,0.444477
10044,-0.335154,0.189519,0.220955,0.444477
10045,-0.328286,0.391508,0.220955,0.444477
10046,-0.328286,0.391508,0.220955,0.444477
10047,-0.328286,0.088525,0.220955,0.444477
10048,-0.328286,0.088525,0.220955,0.444477
10049,-0.335154,0.189519,-0.181177,-1.144329
10050,-0.335154,0.189519,-0.181177,-1.144329
10051,-0.342022,0.290513,-0.181177,0.444477
10052,-0.342022,0.290513,-0.181177,-1.144329
10053,-0.328286,0.492502,-0.181177,2.033284
10054,-0.328286,0.492502,-0.181177,0.444477
10055,-0.342022,0.189519,-0.181177,0.444477
10056,-0.342022,0.189519,-0.181177,0.444477
10057,-0.335154,0.391508,-0.181177,0.444477
10058,-0.335154,0.391508,-0.181177,0.444477
10059,-0.328286,0.492502,-0.181177,-1.144329
10060,-0.328286,0.492502,-0.181177,0.444477
10061,-0.321417,0.391508,0.220955,0.444477
10062,-0.321417,0.391508,0.220955,-1.144329
10063,-0.328286,0.290513,-0.181177,0.444477
10064,-0.328286,0.290513,-0.181177,-2.733136
10065,-0.328286,0.290513,-0.181177,-1.144329
10066,-0.328286,0.290513,-0.181177,0.444477
10067,-0.335154,0.593496,-0.181177,0.444477
10068,-0.335154,0.593496,-0.181177,0.444477
10069,-0.342022,0.391508,-0.181177,2.033284
10070,-0.342022,0.391508,-0.181177,-1.144329
10071,-0.335154,0.593496,-0.181177,-1.144329
10072,-0.335154,0.593496,-0.181177,0.444477
10073,-0.335154,0.795484,-0.181177,0.444477
10074,-0.335154,0.795484,-0.181177,0.444477
10075,-0.321417,0.189519,-0.181177,0.444477
10076,-0.321417,0.189519,-0.181177,0.444477
10077,-0.335154,0.492502,0.220955,0.444477
10078,-0.335154,0.492502,0.220955,0.444477
10079,-0.335154,-0.012469,-0.181177,-1.144329
10080,-0.335154,-0.012469,-0.181177,-1.144329
10081,-0.328286,0.492502,-0.181177,-1.144329
10082,-0.328286,0.492502,-0.181177,-1.144329
10083,-0.342022,0.290513,-0.181177,-1.144329
10084,-0.342022,0.290513,-0.181177,0.444477
10085,-0.335154,0.290513,-0.181177,2.033284
10086,-0.335154,0.290513,-0.181177,-1.144329
10087,-0.328286,0.088525,-0.181177,0.444477
10088,-0.328286,0.088525,-0.181177,-1.144329
10089,-0.335154,0.492502,-0.181177,0.444477
10090,-0.335154,0.492502,-0.181177,2.033284
10091,-0.328286,0.492502,-0.181177,-1.144329
10092,-0.328286,0.492502,-0.181177,0.444477
10093,-0.328286,0.290513,0.220955,0.444477
10094,-0.328286,0.290513,0.220955,0.444477
10095,-0.342022,0.492502,-0.181177,0.444477
10096,-0.342022,0.492502,-0.181177,0.444477
10097,-0.335154,0.088525,-0.181177,0.444477
10098,-0.335154,0.088525,-0.181177,0.444477
10099,-0.335154,0.69449,-0.181177,-1.144329
10100,-0.335154,0.69449,-0.181177,0.444477
10101,-0.342022,-0.012469,-0.181177,0.444477
10102,-0.342022,-0.012469,-0.181177,-1.144329
10103,-0.342022,0.290513,-0.181177,0.444477
10104,-0.342022,0.290513,-0.181177,0.444477
10105,-0.328286,0.492502,0.220955,-1.144329
10106,-0.328286,0.492502,0.220955,0.444477
10107,-0.335154,0.593496,0.220955,-2.733136
10108,-0.335154,0.593496,0.220955,-1.144329
10109,-0.328286,0.088525,-0.181177,0.444477
10110,-0.328286,0.088525,-0.181177,0.444477
10111,-0.335154,0.189519,-0.181177,0.444477
10112,-0.335154,0.189519,-0.181177,2.033284
10113,-0.335154,0.391508,-0.181177,-1.144329
10114,-0.335154,0.391508,-0.181177,-1.144329
10115,-0.335154,0.391508,-0.181177,0.444477
10116,-0.335154,0.391508,-0.181177,0.444477
10117,-0.335154,0.69449,-0.181177,0.444477
10118,-0.335154,0.69449,-0.181177,0.444477
10119,-0.328286,0.391508,-0.181177,0.444477
10120,-0.328286,0.391508,-0.181177,0.444477
10121,-0.335154,0.593496,-0.181177,0.444477
10122,-0.335154,0.593496,-0.181177,-1.144329
10123,-0.328286,0.593496,-0.181177,-1.144329
10124,-0.328286,0.593496,-0.181177,-1.144329
10125,-0.328286,0.088525,-0.181177,-1.144329
10126,-0.328286,0.088525,-0.181177,-1.144329
10127,-0.335154,0.391508,-0.181177,0.444477
10128,-0.335154,0.391508,-0.181177,2.033284
10129,-0.335154,0.088525,-0.181177,-1.144329
10130,-0.335154,0.088525,-0.181177,0.444477
10131,-0.321417,0.189519,-0.181177,-1.144329
10132,-0.321417,0.189519,-0.181177,0.444477
10133,-0.321417,0.391508,0.220955,2.033284
10134,-0.321417,0.391508,0.220955,-1.144329
10135,-0.328286,0.290513,0.220955,0.444477
10136,-0.328286,0.290513,0.220955,0.444477
10137,-0.328286,0.593496,-0.181177,0.444477
10138,-0.328286,0.593496,-0.181177,-1.144329
10139,-0.342022,0.391508,-0.181177,0.444477
10140,-0.342022,0.391508,-0.181177,0.444477
10141,-0.348891,0.088525,-0.181177,-1.144329
10142,-0.348891,0.088525,-0.181177,0.444477
10143,-0.342022,0.391508,-0.181177,-2.733136
10144,-0.342022,0.391508,-0.181177,-1.144329
10145,-0.342022,0.492502,-0.181177,0.444477
10146,-0.342022,0.492502,-0.181177,0.444477
10147,-0.321417,0.69449,-0.181177,0.444477
10148,-0.321417,0.69449,-0.181177,2.033284
10149,-0.342022,0.391508,-0.181177,-1.144329
10150,-0.342022,0.391508,-0.181177,-1.144329
10151,-0.342022,0.290513,-0.181177,0.444477
10152,-0.342022,0.290513,-0.181177,0.444477
10153,-0.335154,0.69449,-0.181177,0.444477
10154,-0.335154,0.69449,-0.181177,0.444477
10155,-0.335154,0.189519,-0.181177,0.444477
10156,-0.335154,0.189519,-0.181177,0.444477
10157,-0.335154,0.391508,-0.181177,0.444477
10158,-0.335154,0.391508,-0.181177,-1.144329
10159,-0.335154,-0.012469,-0.181177,-1.144329
10160,-0.335154,-0.012469,-0.181177,-1.144329
10161,-0.335154,0.391508,-0.181177,-1.144329
10162,-0.335154,0.391508,-0.181177,-1.144329
10163,-0.328286,0.189519,-0.181177,0.444477
10164,-0.328286,0.189519,-0.181177,2.033284
10165,-0.335154,0.492502,-0.181177,-1.144329
10166,-0.335154,0.492502,-0.181177,0.444477
10167,-0.328286,0.391508,-0.181177,-1.144329
10168,-0.328286,0.391508,-0.181177,0.444477
10169,-0.321417,0.189519,-0.181177,2.033284
10170,-0.321417,0.189519,-0.181177,-1.144329
10171,-0.328286,0.593496,-0.181177,0.444477
10172,-0.328286,0.593496,-0.181177,0.444477
10173,-0.342022,0.492502,-0.181177,0.444477
10174,-0.342022,0.492502,-0.181177,0.444477
10175,-0.328286,0.391508,0.220955,0.444477
10176,-0.328286,0.391508,0.220955,0.444477
10177,-0.335154,-0.012469,0.220955,0.444477
10178,-0.335154,-0.012469,0.220955,-1.144329
10179,-0.348891,0.189519,-0.181177,-1.144329
10180,-0.348891,0.189519,-0.181177,0.444477
10181,-0.342022,0.391508,-0.181177,-1.144329
10182,-0.342022,0.391508,-0.181177,2.033284
10183,-0.335154,0.391508,-0.583309,0.444477
10184,-0.335154,0.391508,-0.583309,0.444477
10185,-0.342022,0.492502,-0.181177,0.444477
10186,-0.342022,0.492502,-0.181177,0.444477
10187,-0.335154,0.492502,-0.181177,0.444477
10188,-0.335154,0.492502,-0.181177,0.444477
10189,-0.328286,0.391508,0.220955,0.444477
10190,-0.328286,0.391508,0.220955,0.444477
10191,-0.335154,0.391508,0.220955,0.444477
10192,-0.335154,0.391508,0.220955,-1.144329
10193,-0.335154,0.492502,0.220955,-1.144329
10194,-0.335154,0.492502,0.220955,0.444477
10195,-0.362628,0.189519,-0.181177,-1.144329
10196,-0.362628,0.189519,-0.181177,2.033284
10197,-0.342022,0.290513,-0.181177,0.444477
10198,-0.342022,0.290513,-0.181177,0.444477
10199,-0.342022,0.795484,-0.181177,0.444477
10200,-0.342022,0.795484,-0.181177,0.444477
10201,-0.355759,0.391508,-0.181177,0.444477
10202,-0.355759,0.391508,-0.181177,-1.144329
10203,-0.335154,0.290513,0.220955,0.444477
10204,-0.335154,0.290513,0.220955,0.444477
10205,-0.328286,0.189519,0.220955,-1.144329
10206,-0.328286,0.189519,0.220955,0.444477
10207,-0.342022,0.492502,0.220955,-2.733136
10208,-0.342022,0.492502,0.220955,-1.144329
10209,-0.335154,0.290513,0.220955,0.444477
10210,-0.335154,0.290513,0.220955,0.444477
10211,-0.348891,0.69449,-0.181177,0.444477
10212,-0.348891,0.69449,-0.181177,2.033284
10213,-0.355759,0.69449,-0.181177,-1.144329
10214,-0.355759,0.69449,-0.181177,-1.144329
10215,-0.342022,0.896478,-0.181177,0.444477
10216,-0.342022,0.896478,-0.181177,0.444477
10217,-0.348891,0.593496,-0.181177,0.444477
10218,-0.348891,0.593496,-0.181177,0.444477
10219,-0.321417,0.492502,0.220955,0.444477
10220,-0.321417,0.492502,0.220955,0.444477
10221,-0.342022,0.088525,0.220955,0.444477
10222,-0.342022,0.088525,0.220955,-1.144329
10223,-0.342022,0.189519,0.220955,-1.144329
10224,-0.342022,0.189519,0.220955,-1.144329
10225,-0.355759,0.189519,0.220955,-1.144329
10226,-0.355759,0.189519,0.220955,-1.144329
10227,-0.355759,0.492502,-0.181177,0.444477
10228,-0.355759,0.492502,-0.181177,2.033284
10229,-0.362628,0.492502,-0.181177,-1.144329
10230,-0.362628,0.492502,-0.181177,0.444477
10231,-0.355759,0.795484,-0.181177,-1.144329
10232,-0.355759,0.795484,-0.181177,0.444477
10233,-0.355759,0.492502,-0.181177,2.033284
10234,-0.355759,0.492502,-0.181177,-1.144329
10235,-0.335154,0.391508,0.220955,0.444477
10236,-0.335154,0.391508,0.220955,0.444477
10237,-0.342022,0.189519,0.220955,0.444477
10238,-0.342022,0.189519,0.220955,0.444477
10239,-0.348891,0.088525,0.220955,0.444477
10240,-0.348891,0.088525,0.220955,0.444477
10241,-0.335154,0.290513,-0.181177,0.444477
10242,-0.335154,0.290513,-0.181177,-1.144329
10243,-0.362628,0.189519,-0.181177,-1.144329
10244,-0.362628,0.189519,-0.181177,0.444477
10245,-0.348891,0.088525,-0.583309,-1.144329
10246,-0.348891,0.088525,-0.583309,2.033284
10247,-0.342022,0.492502,-0.181177,0.444477
10248,-0.342022,0.492502,-0.181177,0.444477
10249,-0.348891,0.088525,0.220955,-1.144329
10250,-0.348891,0.088525,0.220955,0.444477
10251,-0.335154,0.290513,0.220955,0.444477
10252,-0.335154,0.290513,0.220955,0.444477
10253,-0.342022,0.088525,0.623088,0.444477
10254,-0.342022,0.088525,0.623088,0.444477
10255,-0.348891,-0.012469,0.220955,0.444477
10256,-0.348891,-0.012469,0.220955,0.444477
10257,-0.342022,0.189519,-0.181177,-1.144329
10258,-0.342022,0.189519,-0.181177,-1.144329
10259,-0.362628,0.189519,-0.181177,-1.144329
10260,-0.362628,0.189519,-0.181177,-1.144329
10261,-0.348891,0.391508,-0.181177,-1.144329
10262,-0.348891,0.391508,-0.181177,0.444477
10263,-0.335154,0.189519,-0.181177,2.033284
10264,-0.335154,0.189519,-0.181177,-1.144329
10265,-0.342022,0.290513,-0.181177,0.444477
10266,-0.342022,0.290513,-0.181177,-1.144329
10267,-0.335154,0.290513,0.220955,0.444477
10268,-0.335154,0.290513,0.220955,2.033284
10269,-0.328286,-0.012469,0.220955,-1.144329
10270,-0.328286,-0.012469,0.220955,0.444477
10271,-0.342022,0.088525,-0.181177,0.444477
10272,-0.342022,0.088525,-0.181177,0.444477
10273,-0.342022,0.088525,-0.181177,-1.144329
10274,-0.348891,0.088525,-0.181177,0.444477
10275,-0.348891,0.088525,-0.181177,0.444477
10276,-0.342022,0.593496,-0.181177,-1.144329
10277,-0.342022,0.593496,-0.181177,0.444477
10278,-0.342022,0.391508,-0.181177,-2.733136
10279,-0.342022,0.391508,-0.181177,-1.144329
10280,-0.335154,0.492502,0.220955,0.444477
10281,-0.335154,0.492502,0.220955,0.444477
10282,-0.335154,0.189519,0.220955,0.444477
10283,-0.335154,0.189519,0.220955,2.033284
10284,-0.328286,0.189519,0.220955,-1.144329
10285,-0.328286,0.189519,0.220955,-1.144329
10286,-0.348891,0.189519,-0.181177,0.444477
10287,-0.348891,0.189519,-0.181177,0.444477
10288,-0.348891,0.290513,-0.181177,0.444477
10289,-0.348891,0.290513,-0.181177,0.444477
10290,-0.328286,0.492502,-0.181177,0.444477
10291,-0.328286,0.492502,-0.181177,0.444477
10292,-0.348891,0.593496,-0.181177,0.444477
10293,-0.348891,0.593496,-0.181177,-1.144329
10294,-0.335154,0.290513,-0.181177,-1.144329
10295,-0.335154,0.290513,-0.181177,-1.144329
10296,-0.335154,0.391508,0.220955,-1.144329
10297,-0.335154,0.391508,0.220955,-1.144329
10298,-0.342022,0.290513,0.220955,0.444477
10299,-0.342022,0.290513,0.220955,2.033284
10300,-0.342022,0.593496,0.220955,-1.144329
10301,-0.342022,0.593496,0.220955,0.444477
10302,-0.348891,0.391508,-0.181177,-1.144329
10303,-0.348891,0.391508,-0.181177,0.444477
10304,-0.348891,0.189519,-0.583309,2.033284
10305,-0.348891,0.189519,-0.583309,-1.144329
10306,-0.348891,0.69449,-0.181177,0.444477
10307,-0.348891,0.69449,-0.181177,0.444477
10308,-0.342022,0.088525,-0.181177,0.444477
10309,-0.342022,0.088525,-0.181177,0.444477
10310,-0.342022,0.593496,0.220955,0.444477
10311,-0.342022,0.593496,0.220955,0.444477
10312,-0.321417,0.492502,0.220955,0.444477
10313,-0.321417,0.492502,0.220955,-1.144329
10314,-0.342022,0.189519,0.220955,-1.144329
10315,-0.342022,0.189519,0.220955,0.444477
10316,-0.348891,0.290513,-0.181177,-1.144329
10317,-0.348891,0.290513,-0.181177,2.033284
10318,-0.328286,0.290513,-0.181177,0.444477
10319,-0.328286,0.290513,-0.181177,0.444477
10320,-0.355759,0.290513,-0.181177,0.444477
10321,-0.355759,0.290513,-0.181177,0.444477
10322,-0.335154,0.593496,-0.181177,0.444477
10323,-0.335154,0.593496,-0.181177,0.444477
10324,-0.335154,0.492502,-0.181177,0.444477
10325,-0.335154,0.492502,-0.181177,0.444477
10326,-0.328286,0.69449,-0.181177,0.444477
10327,-0.328286,0.69449,-0.181177,-1.144329
10328,-0.335154,0.593496,0.220955,-1.144329
10329,-0.335154,0.593496,0.220955,0.444477
10330,-0.328286,0.593496,0.220955,-1.144329
10331,-0.328286,0.593496,0.220955,2.033284
10332,-0.342022,-0.214457,0.220955,0.444477
10333,-0.342022,-0.214457,0.220955,0.444477
10334,-0.342022,0.088525,0.220955,0.444477
10335,-0.342022,0.088525,0.220955,0.444477
10336,-0.362628,0.290513,-0.181177,0.444477
10337,-0.362628,0.290513,-0.181177,-1.144329
10338,-0.355759,0.391508,-0.181177,0.444477
10339,-0.355759,0.391508,-0.181177,0.444477
10340,-0.335154,0.391508,-0.181177,-1.144329
10341,-0.335154,0.391508,-0.181177,0.444477
10342,-0.355759,0.088525,-0.181177,-2.733136
10343,-0.355759,0.088525,-0.181177,-1.144329
10344,-0.335154,0.492502,-0.181177,0.444477
10345,-0.335154,0.492502,-0.181177,0.444477
10346,-0.335154,0.391508,-0.181177,0.444477
10347,-0.335154,0.391508,-0.181177,2.033284
10348,-0.348891,0.088525,-0.181177,-1.144329
10349,-0.348891,0.088525,-0.181177,-1.144329
10350,-0.335154,0.492502,-0.181177,0.444477
10351,-0.335154,0.492502,-0.181177,0.444477
10352,-0.328286,0.290513,-0.181177,0.444477
10353,-0.328286,0.290513,-0.181177,0.444477
10354,-0.342022,0.391508,-0.181177,0.444477
10355,-0.342022,0.391508,-0.181177,0.444477
10356,-0.335154,0.189519,-0.181177,0.444477
10357,-0.335154,0.189519,-0.181177,-1.144329
10358,-0.328286,0.189519,0.220955,-1.144329
10359,-0.328286,0.189519,0.220955,0.444477
10360,-0.342022,0.593496,-0.181177,0.444477
10361,-0.342022,0.593496,-0.181177,-1.144329
10362,-0.328286,0.290513,-0.181177,0.444477
10363,-0.328286,0.290513,-0.181177,0.444477
10364,-0.342022,0.593496,-0.181177,-1.144329
10365,-0.342022,0.593496,-0.181177,0.444477
10366,-0.342022,0.189519,-0.181177,-2.733136
10367,-0.342022,0.189519,-0.181177,-1.144329
10368,-0.328286,0.69449,-0.181177,0.444477
10369,-0.328286,0.69449,-0.181177,0.444477
10370,-0.348891,0.391508,0.220955,0.444477
10371,-0.348891,0.391508,0.220955,2.033284
10372,-0.335154,0.189519,0.220955,-1.144329
10373,-0.335154,0.189519,0.220955,-1.144329
10374,-0.335154,0.189519,0.220955,0.444477
10375,-0.335154,0.189519,0.220955,0.444477
10376,-0.335154,0.290513,-0.181177,0.444477
10377,-0.335154,0.290513,-0.181177,0.444477
10378,-0.348891,0.391508,-0.181177,0.444477
10379,-0.348891,0.391508,-0.181177,0.444477
10380,-0.348891,0.391508,-0.583309,0.444477
10381,-0.348891,0.391508,-0.583309,-1.144329
10382,-0.362628,0.593496,-0.181177,-1.144329
10383,-0.362628,0.593496,-0.181177,-1.144329
10384,-0.328286,0.391508,-0.181177,-1.144329
10385,-0.328286,0.391508,-0.181177,-1.144329
10386,-0.335154,0.593496,-0.181177,0.444477
10387,-0.335154,0.593496,-0.181177,2.033284
10388,-0.342022,0.290513,0.220955,-1.144329
10389,-0.342022,0.290513,0.220955,0.444477
10390,-0.328286,0.189519,0.220955,-1.144329
10391,-0.328286,0.189519,0.220955,0.444477
10392,-0.355759,0.189519,0.220955,2.033284
10393,-0.355759,0.189519,0.220955,-1.144329
10394,-0.342022,-0.012469,-0.181177,0.444477
10395,-0.342022,-0.012469,-0.181177,0.444477
10396,-0.348891,0.189519,-0.181177,0.444477
10397,-0.348891,0.189519,-0.181177,-1.144329
10398,-0.342022,0.795484,-0.181177,0.444477
10399,-0.342022,0.795484,-0.181177,0.444477
10400,-0.342022,0.997472,-0.181177,-1.144329
10401,-0.342022,0.997472,-0.181177,0.444477
10402,-0.348891,0.290513,-0.181177,-2.733136
10403,-0.348891,0.290513,-0.181177,-1.144329
10404,-0.335154,0.189519,0.220955,0.444477
10405,-0.335154,0.189519,0.220955,0.444477
10406,-0.328286,-0.012469,0.623088,0.444477
10407,-0.328286,-0.012469,0.623088,2.033284
10408,-0.348891,0.391508,0.220955,-1.144329
10409,-0.348891,0.391508,0.220955,-1.144329
10410,-0.355759,0.69449,0.220955,0.444477
10411,-0.355759,0.69449,0.220955,0.444477
10412,-0.355759,0.593496,-0.181177,0.444477
10413,-0.355759,0.593496,-0.181177,0.444477
10414,-0.369496,0.492502,-0.181177,0.444477
10415,-0.369496,0.492502,-0.181177,0.444477
10416,-0.355759,0.391508,-0.181177,0.444477
10417,-0.355759,0.391508,-0.181177,-1.144329
10418,-0.335154,0.189519,-0.181177,-1.144329
10419,-0.335154,0.189519,-0.181177,-1.144329
10420,-0.335154,0.391508,0.220955,-1.144329
10421,-0.335154,0.391508,0.220955,-1.144329
10422,-0.335154,-0.012469,0.220955,0.444477
10423,-0.335154,-0.012469,0.220955,2.033284
10424,-0.348891,0.391508,0.220955,-1.144329
10425,-0.348891,0.391508,0.220955,0.444477
10426,-0.328286,0.391508,0.220955,-1.144329
10427,-0.328286,0.391508,0.220955,0.444477
10428,-0.362628,0.492502,-0.181177,2.033284
10429,-0.362628,0.492502,-0.181177,-1.144329
10430,-0.348891,0.391508,-0.181177,0.444477
10431,-0.348891,0.391508,-0.181177,0.444477
10432,-0.348891,0.69449,-0.181177,0.444477
10433,-0.348891,0.69449,-0.181177,0.444477
10434,-0.355759,0.391508,-0.181177,0.444477
10435,-0.355759,0.391508,-0.181177,0.444477
10436,-0.342022,0.290513,-0.181177,0.444477
10437,-0.342022,0.290513,-0.181177,-1.144329
10438,-0.348891,0.492502,0.220955,-1.144329
10439,-0.348891,0.492502,0.220955,0.444477
10440,-0.348891,0.088525,0.220955,-1.144329
10441,-0.348891,0.088525,0.220955,2.033284
10442,-0.342022,0.391508,-0.181177,0.444477
10443,-0.342022,0.391508,-0.181177,0.444477
10444,-0.335154,0.896478,-0.181177,0.444477
10445,-0.335154,0.896478,-0.181177,0.444477
10446,-0.362628,0.391508,-0.181177,0.444477
10447,-0.362628,0.391508,-0.181177,0.444477
10448,-0.335154,0.795484,-0.181177,0.444477
10449,-0.335154,0.795484,-0.181177,0.444477
10450,-0.362628,0.290513,-0.181177,0.444477
10451,-0.362628,0.290513,-0.181177,-1.144329
10452,-0.355759,0.290513,-0.181177,-1.144329
10453,-0.355759,0.290513,-0.181177,0.444477
10454,-0.348891,0.69449,-0.181177,-1.144329
10455,-0.348891,0.69449,-0.181177,2.033284
10456,-0.342022,0.69449,-0.181177,0.444477
10457,-0.342022,0.69449,-0.181177,0.444477
10458,-0.348891,0.896478,-0.181177,0.444477
10459,-0.348891,0.896478,-0.181177,0.444477
10460,-0.335154,0.69449,-0.181177,0.444477
10461,-0.335154,0.69449,-0.181177,-1.144329
10462,-0.355759,0.593496,-0.181177,0.444477
10463,-0.355759,0.593496,-0.181177,0.444477
10464,-0.342022,0.69449,-0.181177,-2.733136
10465,-0.342022,0.69449,-0.181177,-1.144329
10466,-0.355759,0.391508,-0.181177,0.444477
10467,-0.355759,0.391508,-0.181177,0.444477
10468,-0.335154,0.492502,-0.181177,0.444477
10469,-0.335154,0.492502,-0.181177,2.033284
10470,-0.348891,0.290513,-0.181177,-1.144329
10471,-0.348891,0.290513,-0.181177,-1.144329
10472,-0.342022,0.189519,-0.181177,0.444477
10473,-0.342022,0.189519,-0.181177,0.444477
10474,-0.355759,0.492502,-0.181177,-1.144329
10475,-0.355759,0.492502,-0.181177,0.444477
10476,-0.355759,0.391508,-0.181177,0.444477
10477,-0.355759,0.391508,-0.181177,-1.144329
10478,-0.342022,0.189519,0.220955,0.444477
10479,-0.342022,0.189519,0.220955,-2.733136
10480,-0.335154,0.088525,0.220955,-1.144329
10481,-0.335154,0.088525,0.220955,0.444477
10482,-0.328286,0.492502,0.220955,0.444477
10483,-0.328286,0.492502,0.220955,0.444477
10484,-0.335154,0.391508,0.220955,2.033284
10485,-0.335154,0.391508,0.220955,-1.144329
10486,-0.362628,0.795484,-0.181177,-1.144329
10487,-0.362628,0.795484,-0.181177,0.444477
10488,-0.362628,0.593496,-0.181177,0.444477
10489,-0.362628,0.593496,-0.181177,0.444477
10490,-0.342022,0.189519,-0.181177,0.444477
10491,-0.342022,0.189519,-0.181177,0.444477
10492,-0.355759,0.391508,-0.181177,0.444477
10493,-0.355759,0.391508,-0.181177,0.444477
10494,-0.355759,0.088525,-0.181177,-1.144329
10495,-0.355759,0.088525,-0.181177,-1.144329
10496,-0.355759,0.492502,-0.181177,-1.144329
10497,-0.355759,0.492502,-0.181177,-1.144329
10498,-0.328286,-0.012469,-0.181177,-1.144329
10499,-0.328286,-0.012469,-0.181177,0.444477
10500,-0.348891,0.290513,-0.181177,2.033284
10501,-0.348891,0.290513,-0.181177,-1.144329
10502,-0.348891,0.290513,-0.181177,0.444477
10503,-0.348891,0.290513,-0.181177,-1.144329
10504,-0.335154,0.391508,-0.181177,0.444477
10505,-0.335154,0.391508,-0.181177,2.033284
10506,-0.335154,0.088525,-0.181177,-1.144329
10507,-0.335154,0.088525,-0.181177,0.444477
10508,-0.348891,0.290513,-0.181177,0.444477
10509,-0.348891,0.290513,-0.181177,0.444477
10510,-0.335154,0.189519,-0.181177,-1.144329
10511,-0.335154,0.189519,-0.181177,0.444477
10512,-0.342022,0.189519,-0.181177,0.444477
10513,-0.342022,0.189519,-0.181177,-1.144329
10514,-0.348891,0.189519,-0.181177,0.444477
10515,-0.348891,0.189519,-0.181177,-2.733136
10516,-0.348891,0.492502,-0.181177,-1.144329
10517,-0.348891,0.492502,-0.181177,0.444477
10518,-0.328286,0.391508,-0.181177,0.444477
10519,-0.328286,0.391508,-0.181177,0.444477
10520,-0.342022,0.290513,-0.181177,2.033284
10521,-0.342022,0.290513,-0.181177,-1.144329
10522,-0.335154,0.290513,-0.181177,-1.144329
10523,-0.335154,0.290513,-0.181177,0.444477
10524,-0.348891,0.189519,-0.181177,0.444477
10525,-0.348891,0.189519,-0.181177,0.444477
10526,-0.335154,0.391508,-0.181177,0.444477
10527,-0.335154,0.391508,-0.181177,0.444477
10528,-0.342022,0.492502,-0.181177,0.444477
10529,-0.342022,0.492502,-0.181177,0.444477
10530,-0.335154,0.088525,-0.181177,-1.144329
10531,-0.335154,0.088525,-0.181177,-1.144329
10532,-0.335154,0.290513,-0.181177,-1.144329
10533,-0.335154,0.290513,-0.181177,-1.144329
10534,-0.348891,0.492502,-0.181177,-1.144329
10535,-0.348891,0.492502,-0.181177,0.444477
10536,-0.362628,0.593496,-0.583309,2.033284
10537,-0.362628,0.593496,-0.583309,-1.144329
10538,-0.348891,0.290513,-0.181177,0.444477
10539,-0.348891,0.290513,-0.181177,-1.144329
10540,-0.335154,0.189519,-0.181177,0.444477
10541,-0.335154,0.189519,-0.181177,2.033284
10542,-0.335154,0.391508,0.220955,-1.144329
10543,-0.335154,0.391508,0.220955,0.444477
10544,-0.342022,0.391508,0.220955,0.444477
10545,-0.348891,0.795484,0.220955,0.444477
10546,-0.348891,0.795484,0.220955,0.444477
10547,-0.342022,0.290513,-0.181177,0.444477
10548,-0.342022,0.290513,-0.181177,0.444477
10549,-0.362628,0.69449,-0.181177,-1.144329
10550,-0.362628,0.69449,-0.181177,-1.144329
10551,-0.362628,0.492502,-0.181177,0.444477
10552,-0.362628,0.492502,-0.181177,-1.144329
10553,-0.335154,0.290513,-0.181177,2.033284
10554,-0.335154,0.290513,-0.181177,0.444477
10555,-0.355759,0.189519,-0.181177,0.444477
10556,-0.355759,0.189519,-0.181177,0.444477
10557,-0.342022,0.189519,0.220955,0.444477
10558,-0.342022,0.189519,0.220955,0.444477
10559,-0.335154,0.088525,0.220955,0.444477
10560,-0.335154,0.088525,0.220955,0.444477
10561,-0.355759,-0.012469,0.220955,0.444477
10562,-0.355759,-0.012469,0.220955,0.444477
10563,-0.342022,0.189519,-0.181177,-1.144329
10564,-0.342022,0.189519,-0.181177,-1.144329
10565,-0.362628,0.189519,-0.181177,0.444477
10566,-0.362628,0.189519,-0.181177,-1.144329
10567,-0.348891,0.290513,-0.181177,0.444477
10568,-0.348891,0.290513,-0.181177,0.444477
10569,-0.342022,-0.012469,-0.181177,-1.144329
10570,-0.342022,-0.012469,-0.181177,0.444477
10571,-0.342022,0.189519,-0.181177,0.444477
10572,-0.342022,0.189519,-0.181177,-1.144329
10573,-0.335154,0.088525,0.220955,0.444477
10574,-0.335154,0.088525,0.220955,-2.733136
10575,-0.328286,-0.012469,0.220955,-1.144329
10576,-0.328286,-0.012469,0.220955,0.444477
10577,-0.355759,0.189519,0.220955,0.444477
10578,-0.355759,0.189519,0.220955,0.444477
10579,-0.348891,0.290513,-0.181177,2.033284
10580,-0.348891,0.290513,-0.181177,-1.144329
10581,-0.342022,0.290513,-0.181177,-1.144329
10582,-0.342022,0.290513,-0.181177,0.444477
10583,-0.348891,0.189519,-0.181177,0.444477
10584,-0.348891,0.189519,-0.181177,0.444477
10585,-0.342022,0.290513,-0.181177,0.444477
10586,-0.342022,0.290513,-0.181177,0.444477
10587,-0.335154,0.593496,0.220955,0.444477
10588,-0.335154,0.593496,0.220955,0.444477
10589,-0.348891,0.290513,0.220955,-1.144329
10590,-0.348891,0.290513,0.220955,-1.144329
10591,-0.348891,0.189519,-0.181177,-1.144329
10592,-0.348891,0.189519,-0.181177,-1.144329
10593,-0.348891,0.391508,-0.181177,-1.144329
10594,-0.348891,0.391508,-0.181177,0.444477
10595,-0.348891,0.492502,-0.181177,2.033284
10596,-0.348891,0.492502,-0.181177,-1.144329
10597,-0.342022,0.69449,-0.583309,0.444477
10598,-0.342022,0.69449,-0.583309,-1.144329
10599,-0.342022,0.391508,-0.181177,0.444477
10600,-0.342022,0.391508,-0.181177,2.033284
10601,-0.342022,1.19946,-0.181177,-1.144329
10602,-0.342022,1.19946,-0.181177,0.444477
10603,-0.335154,0.896478,0.220955,0.444477
10604,-0.335154,0.896478,0.220955,0.444477
10605,-0.328286,0.896478,0.220955,-1.144329
10606,-0.328286,0.896478,0.220955,0.444477
10607,-0.328286,0.896478,0.220955,0.444477
10608,-0.328286,0.896478,0.220955,-1.144329
10609,-0.328286,0.997472,-0.181177,0.444477
10610,-0.328286,0.997472,-0.181177,-2.733136
10611,-0.335154,0.896478,-0.181177,-1.144329
10612,-0.335154,0.896478,-0.181177,0.444477
10613,-0.328286,0.69449,-0.583309,0.444477
10614,-0.328286,0.69449,-0.583309,0.444477
10615,-0.335154,0.997472,-0.181177,2.033284
10616,-0.335154,0.997472,-0.181177,-1.144329
10617,-0.328286,1.300455,0.220955,-1.144329
10618,-0.328286,1.300455,0.220955,0.444477
10619,-0.328286,1.19946,0.220955,0.444477
10620,-0.328286,1.19946,0.220955,0.444477
10621,-0.335154,0.997472,0.220955,0.444477
10622,-0.335154,0.997472,0.220955,0.444477
10623,-0.335154,0.997472,0.220955,0.444477
10624,-0.335154,0.997472,0.220955,0.444477
10625,-0.328286,1.401449,-0.181177,-1.144329
10626,-0.328286,1.401449,-0.181177,-1.144329
10627,-0.335154,1.300455,-0.181177,-1.144329
10628,-0.335154,1.300455,-0.181177,-1.144329
10629,-0.342022,1.098466,-0.181177,-1.144329
10630,-0.342022,1.098466,-0.181177,0.444477
10631,-0.342022,1.19946,-0.181177,2.033284
10632,-0.342022,1.19946,-0.181177,-1.144329
10633,-0.328286,1.401449,-0.181177,0.444477
10634,-0.328286,1.401449,-0.181177,-1.144329
10635,-0.314549,1.19946,-0.181177,0.444477
10636,-0.314549,1.19946,-0.181177,2.033284
10637,-0.321417,1.098466,-0.181177,-1.144329
10638,-0.321417,1.098466,-0.181177,0.444477
10639,-0.335154,1.401449,-0.181177,0.444477
10640,-0.335154,1.401449,-0.181177,0.444477
10641,-0.328286,1.704431,-0.181177,0.444477
10642,-0.328286,1.704431,-0.181177,0.444477
10643,-0.335154,2.613378,-0.181177,0.444477
10644,-0.335154,2.613378,-0.181177,0.444477
10645,-0.321417,2.310396,0.220955,-1.144329
10646,-0.321417,2.310396,0.220955,-1.144329
10647,-0.30768,2.007413,0.220955,0.444477
10648,-0.30768,2.007413,0.220955,-1.144329
10649,-0.30768,2.209402,0.220955,2.033284
10650,-0.30768,2.209402,0.220955,0.444477
10651,-0.300812,2.815366,0.220955,0.444477
10652,-0.300812,2.815366,0.220955,0.444477
10653,-0.328286,3.623319,-0.181177,0.444477
10654,-0.328286,3.623319,-0.181177,0.444477
10655,-0.314549,2.209402,-0.181177,0.444477
10656,-0.314549,2.209402,-0.181177,0.444477
10657,-0.293943,2.310396,-0.181177,0.444477
10658,-0.293943,2.310396,-0.181177,0.444477
10659,-0.314549,1.805425,-0.181177,-1.144329
10660,-0.314549,1.805425,-0.181177,-1.144329
10661,-0.300812,2.41139,0.220955,0.444477
10662,-0.300812,2.41139,0.220955,-1.144329
10663,-0.30768,0.290513,-0.181177,-1.144329
10664,-0.30768,0.290513,-0.181177,-1.144329
10665,-0.314549,0.189519,-0.181177,0.444477
10666,-0.314549,0.189519,-0.181177,0.444477
10667,-0.30768,0.391508,-0.181177,0.444477
10668,-0.30768,0.391508,-0.181177,0.444477
10669,-0.328286,0.492502,-0.181177,-1.144329
10670,-0.328286,0.492502,-0.181177,0.444477
10671,-0.328286,0.69449,-0.181177,0.444477
10672,-0.328286,0.69449,-0.181177,-1.144329
10673,-0.321417,0.391508,0.220955,0.444477
10674,-0.321417,0.391508,0.220955,-2.733136
10675,-0.300812,1.19946,0.220955,-1.144329
10676,-0.300812,1.19946,0.220955,0.444477
10677,-0.30768,0.896478,-0.181177,0.444477
10678,-0.30768,0.896478,-0.181177,0.444477
10679,-0.26647,0.896478,-0.181177,2.033284
10680,-0.26647,0.896478,-0.181177,-1.144329
10681,-0.314549,0.896478,-0.181177,-1.144329
10682,-0.314549,0.896478,-0.181177,0.444477
10683,-0.328286,0.997472,-0.181177,0.444477
10684,-0.328286,0.997472,-0.181177,0.444477
10685,-0.321417,0.896478,0.220955,0.444477
10686,-0.321417,0.896478,0.220955,0.444477
10687,-0.314549,0.69449,0.220955,0.444477
10688,-0.314549,0.69449,0.220955,0.444477
10689,-0.321417,0.997472,0.220955,-1.144329
10690,-0.321417,0.997472,0.220955,-1.144329
10691,-0.314549,1.300455,0.220955,-1.144329
10692,-0.314549,1.300455,0.220955,-1.144329
10693,-0.335154,1.300455,-0.181177,-1.144329
10694,-0.335154,1.19946,-0.181177,0.444477
10695,-0.314549,0.997472,-0.181177,2.033284
10696,-0.314549,0.997472,-0.181177,-1.144329
10697,-0.328286,0.997472,-0.181177,0.444477
10698,-0.328286,0.997472,-0.181177,-1.144329
10699,-0.328286,1.401449,-0.181177,0.444477
10700,-0.328286,1.401449,-0.181177,2.033284
10701,-0.314549,1.300455,0.220955,-1.144329
10702,-0.314549,1.300455,0.220955,0.444477
10703,-0.314549,1.098466,0.220955,0.444477
10704,-0.314549,1.098466,0.220955,-1.144329
10705,-0.314549,1.19946,0.220955,0.444477
10706,-0.314549,1.19946,0.220955,0.444477
10707,-0.328286,1.401449,0.220955,-1.144329
10708,-0.328286,1.401449,0.220955,0.444477
10709,-0.321417,1.19946,-0.181177,-2.733136
10710,-0.321417,1.19946,-0.181177,-1.144329
10711,-0.280207,1.098466,-0.181177,0.444477
10712,-0.280207,1.098466,-0.181177,0.444477
10713,-0.328286,1.401449,-0.181177,0.444477
10714,-0.328286,1.401449,-0.181177,2.033284
10715,-0.300812,1.704431,0.220955,-1.144329
10716,-0.300812,1.704431,0.220955,-1.144329
10717,-0.287075,2.613378,0.220955,0.444477
10718,-0.287075,2.613378,0.220955,0.444477
10719,-0.30768,2.310396,-0.181177,0.444477
10720,-0.30768,2.310396,-0.181177,0.444477
10721,-0.287075,2.007413,-0.181177,0.444477
10722,-0.287075,2.007413,-0.181177,0.444477
10723,-0.348891,2.209402,-0.583309,0.444477
10724,-0.348891,2.209402,-0.583309,-1.144329
10725,-0.348891,2.815366,-0.583309,-1.144329
10726,-0.348891,2.815366,-0.583309,-1.144329
10727,-0.342022,3.623319,-0.181177,-1.144329
10728,-0.342022,3.623319,-0.181177,-1.144329
10729,-0.335154,2.209402,-0.181177,0.444477
10730,-0.335154,2.209402,-0.181177,2.033284
10731,-0.335154,2.310396,0.220955,-1.144329
10732,-0.335154,2.310396,0.220955,0.444477
10733,-0.355759,1.805425,-0.181177,-1.144329
10734,-0.355759,1.805425,-0.181177,0.444477
10735,-0.328286,2.41139,-0.181177,0.444477
10736,-0.328286,2.41139,-0.181177,0.444477
10737,-0.335154,0.290513,-0.181177,0.444477
10738,-0.335154,0.189519,-0.181177,0.444477
10739,-0.300812,0.189519,-0.181177,0.444477
10740,-0.300812,0.189519,-0.181177,-1.144329
10741,-0.300812,0.189519,-0.181177,0.444477
10742,-0.300812,0.088525,-0.181177,0.444477
10743,-0.719785,0.088525,-0.181177,-1.144329
10744,-0.719785,-0.012469,-0.181177,0.444477
10745,-0.39697,-0.012469,-0.583309,-2.733136
10746,-0.39697,0.189519,-0.583309,-1.144329
10747,-0.300812,0.189519,-0.181177,0.444477
10748,-0.300812,0.189519,-0.181177,0.444477
10749,-0.211522,0.189519,0.220955,0.444477
10750,-0.211522,0.290513,0.220955,2.033284
10751,-0.26647,0.290513,0.220955,-1.144329
10752,-0.26647,-0.012469,0.220955,-1.144329
10753,-0.245865,-0.012469,0.220955,0.444477
10754,-0.245865,0.189519,0.220955,0.444477
10755,-0.225259,0.189519,0.220955,0.444477
10756,-0.225259,0.088525,0.220955,0.444477
10757,-0.232128,0.088525,-0.181177,0.444477
10758,-0.232128,-0.012469,-0.181177,0.444477
10759,-0.225259,-0.012469,-0.181177,0.444477
10760,-0.225259,0.189519,-0.181177,-1.144329
10761,-0.232128,0.189519,-0.181177,-1.144329
10762,-0.232128,0.290513,-0.181177,-1.144329
10763,-0.225259,0.290513,-0.181177,-1.144329
10764,-0.225259,0.290513,-0.181177,-1.144329
10765,-0.149707,0.290513,0.220955,0.444477
10766,-0.149707,0.189519,0.220955,2.033284
10767,-0.211522,0.189519,0.220955,-1.144329
10768,-0.211522,0.290513,0.220955,0.444477
10769,-0.211522,0.290513,-0.181177,-1.144329
10770,-0.211522,0.593496,-0.181177,0.444477
10771,-0.163444,0.593496,-0.181177,2.033284
10772,-0.163444,0.290513,-0.181177,-1.144329
10773,-0.238996,0.290513,-0.181177,0.444477
10774,-0.238996,0.189519,-0.181177,0.444477
10775,-0.225259,0.189519,-0.181177,0.444477
10776,-0.225259,0.391508,-0.181177,0.444477
10777,-0.225259,0.391508,-0.181177,0.444477
10778,-0.225259,0.492502,-0.181177,0.444477
10779,-0.204654,0.492502,-0.181177,0.444477
10780,-0.204654,0.69449,-0.181177,-1.144329
10781,-0.218391,0.69449,-0.181177,-1.144329
10782,-0.218391,0.391508,-0.181177,0.444477
10783,-0.218391,0.391508,-0.181177,-1.144329
10784,-0.218391,1.19946,-0.181177,2.033284
10785,-0.225259,1.19946,-0.181177,0.444477
10786,-0.225259,0.896478,-0.181177,0.444477
10787,-0.232128,0.896478,-0.181177,0.444477
10788,-0.232128,0.896478,-0.181177,0.444477
10789,-0.238996,0.896478,0.220955,0.444477
10790,-0.238996,0.896478,0.220955,0.444477
10791,-0.252733,0.896478,0.220955,0.444477
10792,-0.252733,0.997472,0.220955,0.444477
10793,-0.245865,0.997472,0.220955,0.444477
10794,-0.245865,0.896478,0.220955,-1.144329
10795,-0.26647,0.896478,0.220955,-1.144329
10796,-0.26647,0.69449,0.220955,0.444477
10797,-0.273338,0.69449,0.220955,-1.144329
10798,-0.273338,0.997472,0.220955,2.033284
10799,-0.26647,0.997472,-0.181177,0.444477
10800,-0.26647,1.300455,-0.181177,0.444477
10801,-0.273338,1.300455,-0.181177,0.444477
10802,-0.273338,1.19946,-0.181177,0.444477
10803,-0.280207,1.19946,-0.181177,0.444477
10804,-0.280207,0.997472,-0.181177,-1.144329
10805,-0.259601,0.997472,-0.181177,0.444477
10806,-0.259601,0.997472,-0.181177,0.444477
10807,-0.26647,0.997472,0.220955,-1.144329
10808,-0.26647,1.401449,0.220955,0.444477
10809,-0.26647,1.401449,0.220955,-2.733136
10810,-0.26647,1.300455,0.220955,-1.144329
10811,-0.211522,1.300455,-0.181177,0.444477
10812,-0.211522,1.098466,-0.181177,0.444477
10813,-0.218391,1.098466,-0.181177,0.444477
10814,-0.218391,1.19946,-0.181177,2.033284
10815,-0.211522,1.19946,-0.181177,-1.144329
10816,-0.211522,1.401449,-0.181177,-1.144329
10817,-0.197786,1.401449,-0.181177,0.444477
10818,-0.197786,1.19946,-0.181177,0.444477
10819,-0.218391,1.19946,-0.181177,0.444477
10820,-0.218391,1.098466,-0.181177,0.444477
10821,-0.204654,1.098466,-0.181177,-1.144329
10822,-0.204654,1.401449,-0.181177,0.444477
10823,-0.218391,1.401449,0.220955,0.444477
10824,-0.218391,1.704431,0.220955,-1.144329
10825,-0.190917,1.704431,0.220955,0.444477
10826,-0.190917,2.613378,0.220955,-2.733136
10827,-0.197786,2.613378,0.220955,-1.144329
10828,-0.197786,2.310396,0.220955,0.444477
10829,-0.225259,2.310396,-0.181177,0.444477
10830,-0.225259,2.007413,-0.181177,0.444477
10831,-0.225259,2.007413,-0.181177,2.033284
10832,-0.225259,2.209402,-0.181177,-1.144329
10833,-0.225259,2.209402,-0.181177,-1.144329
10834,-0.225259,2.815366,-0.181177,0.444477
10835,-0.197786,2.815366,-0.181177,0.444477
10836,-0.197786,3.623319,-0.181177,0.444477
10837,-0.204654,3.623319,-0.181177,0.444477
10838,-0.204654,2.209402,-0.181177,0.444477
10839,-0.204654,2.209402,0.220955,0.444477
10840,-0.204654,2.310396,0.220955,0.444477
10841,-0.211522,2.310396,0.220955,-1.144329
10842,-0.211522,1.805425,0.220955,-1.144329
10843,-0.190917,1.805425,-0.181177,-1.144329
10844,-0.190917,2.41139,-0.181177,-1.144329
10845,-0.238996,2.41139,-0.181177,-1.144329
10846,-0.238996,0.290513,-0.181177,0.444477
10847,-0.204654,0.290513,-0.181177,2.033284
10848,-0.204654,0.189519,-0.181177,-1.144329
10849,-0.211522,0.189519,-0.181177,0.444477
10850,-0.211522,0.088525,-0.181177,-1.144329
10851,-0.211522,0.088525,-0.181177,0.444477
10852,-0.211522,-0.012469,-0.181177,2.033284
10853,-0.225259,-0.012469,-0.181177,-1.144329
10854,-0.225259,0.189519,-0.181177,0.444477
10855,-0.184049,0.189519,0.220955,0.444477
10856,-0.184049,0.290513,0.220955,0.444477
10857,-0.204654,0.290513,0.220955,-1.144329
10858,-0.204654,0.290513,0.220955,0.444477
10859,-0.204654,0.290513,-0.181177,0.444477
10860,-0.204654,0.189519,-0.181177,-1.144329
10861,-0.197786,0.189519,-0.181177,0.444477
10862,-0.197786,0.290513,-0.181177,-2.733136
10863,-0.211522,0.290513,-0.583309,-1.144329
10864,-0.211522,0.593496,-0.583309,0.444477
10865,-0.211522,0.593496,-0.181177,0.444477
10866,-0.211522,0.290513,-0.181177,0.444477
10867,-0.204654,0.290513,-6.615292,2.033284
10868,-0.204654,0.189519,-6.615292,-1.144329
10869,-0.204654,0.189519,-9.028086,-1.144329
10870,-0.204654,0.391508,-9.028086,0.444477
10871,5.324423,0.391508,-9.028086,0.444477
10872,5.324423,0.492502,-9.028086,0.444477
10873,4.452134,0.492502,-9.430218,0.444477
10874,4.452134,0.69449,-9.430218,0.444477
10875,4.314765,0.69449,-9.430218,0.444477
10876,4.314765,0.391508,-9.430218,0.444477
10877,4.273555,0.391508,-9.83235,-1.144329
10878,4.273555,1.19946,-9.83235,-1.144329
10879,4.273555,1.19946,-9.430218,-1.144329
10880,4.301029,0.896478,-9.430218,-1.144329
10881,4.29416,0.896478,-8.223821,-1.144329
10882,4.29416,0.896478,-8.223821,0.444477
10883,4.25295,0.896478,-6.615292,2.033284
10884,4.25295,0.896478,-6.615292,-1.144329
10885,4.232344,0.896478,-3.800367,0.444477
10886,4.232344,0.997472,-3.800367,-1.144329
10887,4.12245,0.997472,-1.387573,0.444477
10888,4.12245,0.896478,-1.387573,2.033284
10889,3.978213,0.896478,0.623088,-1.144329
10890,3.978213,0.69449,0.623088,0.444477
10891,3.751555,0.69449,1.829484,0.444477
10892,3.751555,0.997472,1.829484,0.444477
10893,3.524897,0.997472,1.829484,0.444477
10894,3.524897,1.300455,1.829484,0.444477
10895,3.311976,1.300455,2.231617,0.444477
10896,3.311976,1.300455,2.231617,0.444477
10897,3.119661,1.19946,1.829484,-1.144329
10898,3.119661,0.997472,1.829484,-1.144329
10899,3.016634,0.997472,1.427352,0.444477
10900,3.016634,0.997472,1.427352,-1.144329
10901,2.927345,0.997472,1.427352,2.033284
10902,2.927345,1.401449,1.427352,0.444477
10903,2.893003,1.401449,1.02522,0.444477
10904,2.893003,1.300455,1.02522,0.444477
10905,2.844924,1.300455,0.623088,0.444477
10906,2.844924,1.098466,0.623088,0.444477
10907,2.81745,1.098466,0.220955,0.444477
10908,2.81745,1.19946,0.220955,0.444477
10909,2.81745,1.19946,-0.181177,0.444477
10910,2.652608,1.401449,-0.583309,0.444477
10911,2.673213,1.401449,-0.583309,-1.144329
10912,2.68695,1.19946,-0.985441,-1.144329
10913,2.714424,1.19946,-1.387573,0.444477
10914,2.700687,1.098466,-1.789706,-1.144329
10915,2.741898,1.098466,-1.789706,2.033284
10916,2.604529,1.401449,-2.191838,0.444477
10917,2.625134,1.401449,-2.191838,0.444477
10918,2.590792,1.704431,-2.191838,0.444477
10919,2.597661,1.704431,-2.191838,0.444477
10920,2.64574,2.613378,-2.191838,0.444477
10921,2.638871,2.613378,-1.789706,-1.144329
10922,2.666345,2.310396,-1.789706,0.444477
10923,2.707555,2.310396,-1.789706,0.444477
10924,2.68695,2.007413,-2.191838,-1.144329
10925,2.638871,2.007413,-2.191838,0.444477
10926,2.64574,2.209402,-2.59397,-2.733136
10927,2.666345,2.209402,-2.191838,-1.144329
10928,2.68695,2.815366,-2.191838,0.444477
10929,2.714424,2.815366,-1.789706,0.444477
10930,2.769371,3.623319,-1.789706,0.444477
10931,2.714424,3.623319,-2.191838,-1.144329
10932,2.741898,2.209402,-2.191838,0.444477
10933,2.831187,2.209402,-2.191838,0.444477
10934,2.824319,2.310396,-2.191838,-1.144329
10935,2.851792,2.310396,-2.191838,0.444477
10936,2.838055,1.805425,-2.191838,-2.733136
10937,2.810582,1.805425,-2.191838,-1.144329
10938,2.789976,2.41139,-2.191838,0.444477
10939,2.789976,2.41139,-2.191838,0.444477
10940,2.77624,0.290513,-1.789706,0.444477
10941,2.783108,0.290513,-2.191838,2.033284
10942,2.77624,0.189519,-2.191838,-1.144329
10943,2.77624,0.189519,-2.191838,-1.144329
10944,2.90674,0.391508,-2.191838,0.444477
10945,2.899871,0.391508,-2.191838,0.444477
10946,2.913608,0.492502,-2.59397,0.444477
10947,2.872397,0.492502,-2.191838,0.444477
10948,2.851792,0.69449,-2.191838,0.444477
10949,2.831187,0.69449,-2.191838,0.444477
10950,2.858661,0.391508,-2.59397,0.444477
10951,3.689739,0.391508,-2.59397,-1.144329
10952,2.996029,1.19946,-1.789706,-1.144329
10953,2.879266,1.19946,-1.789706,-1.144329
10954,2.858661,0.896478,-1.789706,-1.144329
10955,2.796845,0.896478,-1.789706,-1.144329
10956,2.789976,0.896478,-1.789706,0.444477
10957,2.803713,0.896478,-2.191838,2.033284
10958,2.810582,0.896478,-2.191838,-1.144329
10959,2.803713,0.896478,-1.789706,0.444477
10960,2.803713,0.997472,-0.583309,-1.144329
10961,2.755634,0.997472,1.427352,0.444477
10962,1.107214,0.896478,3.035881,2.033284
10963,1.107214,0.896478,3.840146,-1.144329
10964,1.031661,0.69449,4.242278,0.444477
10965,0.90803,0.69449,4.242278,0.444477
10966,0.509662,0.997472,4.242278,0.444477
10967,0.701977,0.997472,3.840146,-1.144329
10968,0.736319,1.300455,3.438013,0.444477
10969,0.640161,1.300455,3.035881,0.444477
10970,0.626425,1.19946,3.035881,-1.144329
10971,0.626425,1.19946,2.633749,0.444477
10972,0.64703,0.997472,2.231617,-2.733136
10973,0.653898,0.997472,1.829484,-1.144329
10974,0.55774,0.997472,1.427352,0.444477
10975,0.585214,0.997472,1.427352,0.444477
10976,0.585214,1.401449,1.829484,0.444477
10977,0.585214,1.401449,2.231617,2.033284
10978,0.64703,1.300455,3.035881,-1.144329
10979,0.633293,1.300455,3.035881,-1.144329
10980,0.592083,1.098466,3.035881,0.444477
10981,0.605819,1.098466,2.633749,0.444477
10982,0.585214,1.19946,2.231617,0.444477
10983,0.550872,1.19946,1.829484,0.444477
10984,0.605819,1.401449,1.829484,0.444477
10985,0.592083,1.401449,1.427352,0.444477
10986,0.592083,1.19946,1.829484,0.444477
10987,0.619556,1.19946,2.231617,-1.144329
10988,0.585214,1.098466,2.231617,-1.144329
10989,0.578346,1.098466,2.633749,-1.144329
10990,0.399767,1.401449,1.829484,-1.144329
10991,2.240503,1.401449,1.829484,-1.144329
10992,0.193714,1.704431,2.231617,0.444477
10993,0.152504,1.704431,2.231617,2.033284
10994,0.08382,2.613378,2.231617,-1.144329
10995,0.063214,2.613378,2.231617,0.444477
10996,0.104425,2.310396,1.829484,-1.144329
10997,0.070083,2.310396,1.829484,0.444477
10998,0.001399,2.007413,1.829484,2.033284
10999,0.070083,2.007413,1.829484,-1.144329
11000,0.049477,2.209402,2.231617,0.444477
11001,0.241793,2.209402,2.231617,0.444477
11002,0.207451,2.815366,2.231617,0.444477
11003,0.331083,2.815366,-0.181177,0.444477
11004,3.703476,3.623319,-0.181177,0.444477
11005,4.204871,3.623319,-0.583309,0.444477
11006,2.343529,2.209402,0.220955,0.444477
11007,2.206161,2.209402,1.02522,-1.144329
11008,2.144345,2.310396,3.035881,-1.144329
11009,1.608608,2.310396,4.64441,0.444477
11010,1.615477,1.805425,5.448674,-1.144329
11011,1.615477,1.805425,6.252939,2.033284
11012,1.581135,2.41139,6.252939,0.444477
11013,0.880556,2.41139,5.850807,0.444477
11014,1.182767,0.290513,5.850807,0.444477
11015,1.237714,0.189519,5.448674,0.444477
11016,1.217109,0.189519,5.046542,0.444477
11017,1.189635,0.189519,4.64441,0.444477
11018,1.175898,0.189519,4.242278,0.444477
11019,1.16903,0.088525,3.840146,0.444477
11020,1.21024,0.088525,3.438013,0.444477
11021,1.615477,-0.012469,3.035881,-1.144329
11022,1.533056,-0.012469,2.633749,-1.144329
11023,1.43003,0.189519,2.633749,0.444477
11024,1.416293,0.189519,2.231617,0.444477
11025,1.622345,0.189519,1.829484,-1.144329
11026,1.773451,0.189519,1.427352,0.444477
11027,1.828398,0.290513,1.829484,0.444477
11028,3.215818,0.290513,2.231617,-1.144329
11029,3.181476,-0.012469,2.231617,0.444477
11030,3.181476,-0.012469,2.231617,-2.733136
11031,3.696608,0.189519,2.231617,-1.144329
11032,2.12374,0.189519,2.231617,0.444477
11033,4.362844,0.088525,1.829484,0.444477
11034,4.452134,0.088525,1.829484,0.444477
11035,3.875187,-0.012469,1.829484,2.033284
11036,3.86145,-0.012469,2.231617,-1.144329
11037,3.854581,0.189519,2.231617,-1.144329
11038,3.840844,0.189519,2.231617,0.444477
11039,3.277634,0.290513,2.231617,0.444477
11040,3.277634,0.290513,1.829484,0.444477
11041,3.263897,0.290513,1.829484,0.444477
11042,3.016634,0.290513,1.829484,0.444477
11043,2.755634,0.189519,1.829484,0.444477
11044,2.769371,0.189519,2.231617,0.444477
11045,2.741898,0.290513,2.633749,-1.144329
11046,2.316056,0.290513,2.231617,-1.144329
11047,2.137477,0.593496,2.231617,-1.144329
11048,2.061924,0.593496,1.829484,-1.144329
11049,1.423161,0.290513,1.829484,-1.144329
11050,1.484977,0.290513,1.829484,0.444477
11051,1.491845,0.189519,1.829484,2.033284
11052,1.526187,0.189519,2.231617,-1.144329
11053,1.491845,0.391508,2.231617,0.444477
11054,1.539924,0.391508,2.231617,-1.144329
11055,3.057845,0.492502,2.231617,0.444477
11056,3.009766,0.492502,1.829484,2.033284
11057,2.851792,0.69449,1.829484,-1.144329
11058,3.524897,0.69449,1.829484,0.444477
11059,4.211739,0.391508,1.829484,0.444477
11060,3.840844,0.391508,2.231617,0.444477
11061,3.799634,1.19946,2.231617,-1.144329
11062,3.648529,1.19946,2.231617,0.444477
11063,3.648529,0.896478,1.829484,0.444477
11064,3.51116,0.896478,1.829484,-1.144329
11065,3.518029,0.896478,1.829484,0.444477
11066,3.524897,0.896478,1.829484,-2.733136
11067,3.518029,0.896478,2.231617,-1.144329
11068,3.518029,0.896478,2.231617,0.444477
11069,3.531766,0.997472,2.231617,0.444477
11070,3.545502,0.997472,2.231617,0.444477
11071,3.531766,0.896478,2.231617,2.033284
11072,3.524897,0.896478,1.829484,-1.144329
11073,3.518029,0.69449,1.829484,-1.144329
11074,3.504292,0.69449,1.829484,0.444477
11075,3.518029,0.997472,1.829484,0.444477
11076,3.51116,0.997472,1.829484,0.444477
11077,3.51116,1.300455,2.231617,0.444477
11078,3.531766,1.300455,2.231617,0.444477
11079,3.538634,1.19946,2.231617,0.444477
11080,3.518029,1.19946,1.829484,0.444477
11081,3.524897,0.997472,1.829484,-1.144329
11082,3.51116,0.997472,1.829484,-1.144329
11083,3.504292,0.997472,1.829484,-1.144329
11084,3.518029,0.997472,1.829484,-1.144329
11085,3.518029,1.401449,2.231617,-1.144329
11086,3.524897,1.401449,2.231617,0.444477
11087,3.524897,1.300455,2.231617,2.033284
11088,3.531766,1.300455,1.829484,-1.144329
11089,3.518029,1.098466,1.829484,0.444477
11090,3.518029,1.098466,1.829484,-1.144329
11091,3.518029,1.19946,1.829484,0.444477
11092,3.51116,1.19946,2.231617,2.033284
11093,3.531766,1.401449,2.231617,-1.144329
11094,3.518029,1.401449,2.231617,0.444477
11095,3.531766,1.19946,2.231617,0.444477
11096,3.538634,1.19946,1.829484,0.444477
11097,3.51116,1.098466,1.829484,0.444477
11098,3.51116,1.098466,1.829484,0.444477
11099,3.504292,1.401449,1.829484,0.444477
11100,3.504292,1.401449,1.829484,0.444477
11101,3.518029,1.704431,2.231617,-1.144329
11102,3.531766,1.704431,2.231617,-1.144329
11103,3.518029,2.613378,2.231617,0.444477
11104,3.524897,2.613378,2.231617,0.444477
11105,3.51116,2.310396,1.829484,2.033284
11106,3.51116,2.310396,1.427352,0.444477
11107,3.504292,2.007413,1.427352,0.444477
11108,3.504292,2.007413,1.829484,0.444477
11109,3.504292,2.209402,1.829484,0.444477
11110,3.51116,2.209402,2.231617,0.444477
11111,3.518029,2.815366,2.231617,0.444477
11112,3.524897,2.815366,2.231617,0.444477
11113,3.518029,3.623319,1.829484,0.444477
11114,3.51116,3.623319,1.829484,0.444477
11115,3.51116,2.209402,1.829484,-1.144329
11116,3.497424,2.209402,1.829484,-1.144329
11117,3.497424,2.310396,1.829484,0.444477
11118,3.518029,2.310396,2.231617,-1.144329
11119,3.518029,1.805425,2.231617,2.033284
11120,3.524897,1.805425,2.231617,0.444477
11121,3.504292,2.41139,1.829484,0.444477
11122,3.504292,2.41139,1.829484,0.444477
11123,3.51116,2.209402,1.829484,0.444477
11124,3.504292,2.815366,1.829484,0.444477
11125,3.518029,2.815366,2.231617,-1.144329
11126,3.51116,3.623319,2.231617,0.444477
11127,3.51116,3.623319,2.231617,0.444477
11128,3.518029,2.209402,1.829484,-1.144329
11129,3.51116,2.209402,1.829484,0.444477
11130,3.504292,2.310396,1.829484,-2.733136
11131,3.51116,2.310396,1.427352,-1.144329
11132,3.504292,1.805425,1.829484,0.444477
11133,3.497424,1.805425,2.231617,0.444477
11134,3.518029,1.805425,2.231617,0.444477
11135,3.51116,2.41139,1.829484,2.033284
11136,3.51116,0.290513,1.829484,-1.144329
11137,3.504292,0.290513,1.829484,-1.144329
11138,3.504292,0.189519,1.829484,0.444477
11139,3.504292,0.189519,1.829484,0.444477
11140,3.51116,0.391508,1.829484,0.444477
11141,3.51116,0.391508,1.829484,0.444477
11142,3.504292,3.623319,1.829484,0.444477
11143,3.518029,3.623319,1.829484,0.444477
11144,3.518029,2.209402,1.829484,0.444477
11145,3.504292,2.209402,1.829484,-1.144329
11146,3.51116,2.310396,1.829484,-1.144329
11147,3.518029,2.310396,2.231617,-1.144329
11148,3.51116,1.805425,2.231617,-1.144329
11149,3.51116,1.805425,1.829484,-1.144329
11150,3.51116,2.41139,1.829484,0.444477
11151,3.504292,2.41139,1.427352,2.033284
11152,3.504292,2.209402,1.427352,-1.144329
11153,3.490555,2.815366,1.829484,0.444477
11154,3.497424,2.815366,1.829484,-1.144329
11155,3.504292,3.623319,2.231617,0.444477
11156,3.518029,3.623319,2.231617,2.033284
11157,3.51116,2.209402,2.231617,-1.144329
11158,3.51116,2.209402,1.829484,0.444477
11159,3.504292,2.310396,1.829484,0.444477
11160,3.497424,2.310396,1.829484,0.444477
11161,3.518029,1.805425,1.829484,0.444477
11162,3.524897,1.805425,1.829484,0.444477
11163,3.518029,1.805425,2.231617,0.444477
11164,3.524897,2.41139,2.231617,0.444477
11165,3.531766,0.290513,2.633749,-1.144329
11166,3.531766,0.290513,2.231617,-1.144329
11167,3.545502,0.189519,2.231617,0.444477
11168,3.538634,0.189519,1.829484,-1.144329
11169,-0.273338,-1.426386,-0.181177,0.444477
11170,-0.273338,-1.426386,-0.181177,-1.144329
11171,-0.280207,-1.426386,-0.181177,0.444477
11172,-0.280207,-1.426386,-0.181177,2.033284
11173,-0.280207,-1.52738,-0.181177,-1.144329
11174,-0.280207,-1.52738,-0.181177,0.444477
11175,-0.273338,-1.224398,-0.181177,0.444477
11176,-0.273338,-1.224398,-0.181177,0.444477
11177,-0.287075,-1.325392,-0.181177,0.444477
11178,-0.287075,-1.325392,-0.181177,0.444477
11179,-0.280207,-1.729369,0.220955,0.444477
11180,-0.280207,-1.729369,0.220955,0.444477
11181,-0.280207,-1.729369,-0.181177,-1.144329
11182,-0.280207,-1.729369,-0.181177,-1.144329
11183,-0.273338,-1.52738,0.220955,0.444477
11184,-0.273338,-1.52738,0.220955,-1.144329
11185,-0.280207,-1.931357,0.220955,2.033284
11186,-0.280207,-1.931357,0.220955,0.444477
11187,-0.287075,-1.224398,-0.181177,0.444477
11188,-0.287075,-1.224398,-0.181177,0.444477
11189,-0.280207,-1.426386,-0.181177,0.444477
11190,-0.280207,-1.426386,-0.181177,0.444477
11191,-0.287075,-1.224398,-0.181177,0.444477
11192,-0.287075,-1.224398,-0.181177,0.444477
11193,-0.287075,-1.426386,-0.181177,0.444477
11194,-0.287075,-1.426386,-0.181177,0.444477
11195,-0.287075,-1.325392,-0.181177,0.444477
11196,-0.287075,-1.325392,-0.181177,0.444477
11197,-0.273338,-1.325392,0.220955,0.444477
11198,-0.273338,-1.325392,0.220955,0.444477
11199,-0.280207,-1.628375,0.220955,0.444477
11200,-0.280207,-1.628375,0.220955,0.444477
11201,-0.280207,-1.52738,0.220955,0.444477
11202,-0.280207,-1.52738,0.220955,0.444477
11203,-0.280207,-1.224398,-0.181177,0.444477
11204,-0.280207,-1.224398,-0.181177,0.444477
11205,-0.293943,-1.325392,-0.181177,0.444477
11206,-0.293943,-1.325392,-0.181177,0.444477
11207,-0.280207,-1.426386,-0.181177,0.444477
11208,-0.280207,-1.426386,-0.181177,0.444477
11209,-0.293943,-1.123404,-0.583309,0.444477
11210,-0.293943,-1.123404,-0.583309,0.444477
11211,-0.273338,-1.325392,-0.181177,0.444477
11212,-0.273338,-1.325392,-0.181177,0.444477
11213,-0.280207,-1.426386,-0.181177,0.444477
11214,-0.280207,-1.426386,-0.181177,0.444477
11215,-0.273338,-1.729369,0.220955,0.444477
11216,-0.273338,-1.729369,0.220955,0.444477
11217,-0.280207,-1.123404,0.220955,0.444477
11218,-0.280207,-1.123404,0.220955,-1.144329
11219,-0.293943,-1.224398,-0.181177,0.444477
11220,-0.293943,-1.224398,-0.181177,0.444477
11221,-0.293943,-1.426386,-0.181177,-1.144329
11222,-0.293943,-1.426386,-0.181177,0.444477
11223,-0.287075,-1.224398,-0.181177,-2.733136
11224,-0.287075,-1.224398,-0.181177,-1.144329
11225,-0.293943,-0.719428,-0.181177,0.444477
11226,-0.293943,-0.719428,-0.181177,0.444477
11227,-0.280207,-1.224398,-0.181177,0.444477
11228,-0.280207,-1.224398,-0.181177,2.033284
11229,-0.280207,-1.426386,-0.181177,-1.144329
11230,-0.280207,-1.426386,-0.181177,-1.144329
11231,-0.287075,-1.52738,-0.181177,0.444477
11232,-0.287075,-1.52738,-0.181177,0.444477
11233,-0.287075,-1.325392,-0.181177,0.444477
11234,-0.287075,-1.325392,-0.181177,0.444477
11235,-0.280207,-1.426386,-0.181177,0.444477
11236,-0.280207,-1.426386,-0.181177,0.444477
11237,-0.287075,-1.123404,-0.181177,0.444477
11238,-0.287075,-1.123404,-0.181177,-1.144329
11239,-0.293943,-1.426386,-0.181177,-1.144329
11240,-0.293943,-1.426386,-0.181177,-1.144329
11241,-0.273338,-1.224398,-0.181177,-1.144329
11242,-0.273338,-1.224398,-0.181177,-1.144329
11243,-0.280207,-1.224398,-0.181177,0.444477
11244,-0.280207,-1.224398,-0.181177,2.033284
11245,-0.293943,-1.224398,0.220955,-1.144329
11246,-0.293943,-1.224398,0.220955,0.444477
11247,-0.280207,-1.224398,0.220955,-1.144329
11248,-0.280207,-1.224398,0.220955,0.444477
11249,-0.280207,-1.628375,0.220955,2.033284
11250,-0.280207,-1.628375,0.220955,-1.144329
11251,-0.280207,-1.123404,-0.181177,0.444477
11252,-0.280207,-1.123404,-0.181177,0.444477
11253,-0.293943,-1.224398,-0.181177,0.444477
11254,-0.293943,-1.224398,-0.181177,-1.144329
11255,-0.293943,-1.325392,-0.583309,0.444477
11256,-0.293943,-1.325392,-0.583309,0.444477
11257,-0.280207,-1.426386,-0.181177,-1.144329
11258,-0.280207,-1.426386,-0.181177,0.444477
11259,-0.287075,-1.52738,-0.181177,-2.733136
11260,-0.287075,-1.52738,-0.181177,-1.144329
11261,-0.287075,-1.628375,-0.181177,0.444477
11262,-0.287075,-1.628375,-0.181177,0.444477
11263,-0.273338,-1.52738,0.220955,0.444477
11264,-0.273338,-1.52738,0.220955,2.033284
11265,-0.280207,-1.830363,0.220955,-1.144329
11266,-0.280207,-1.830363,0.220955,-1.144329
11267,-0.287075,-1.830363,0.220955,0.444477
11268,-0.287075,-1.830363,0.220955,0.444477
11269,-0.30768,-1.325392,-0.181177,0.444477
11270,-0.30768,-1.325392,-0.181177,0.444477
11271,-0.300812,-1.123404,-0.181177,0.444477
11272,-0.300812,-1.123404,-0.181177,0.444477
11273,-0.293943,-0.921416,-0.181177,0.444477
11274,-0.293943,-0.921416,-0.181177,-1.144329
11275,-0.30768,-1.325392,-0.181177,-1.144329
11276,-0.30768,-1.325392,-0.181177,-1.144329
11277,-0.287075,-1.224398,-0.181177,-1.144329
11278,-0.287075,-1.224398,-0.181177,-1.144329
11279,-0.280207,-1.52738,0.220955,-1.144329
11280,-0.280207,-1.52738,0.220955,2.033284
11281,-0.287075,-1.52738,0.220955,-1.144329
11282,-0.287075,-1.52738,0.220955,0.444477
11283,-0.287075,-1.52738,0.220955,-1.144329
11284,-0.287075,-1.52738,0.220955,0.444477
11285,-0.293943,-1.628375,-0.181177,2.033284
11286,-0.293943,-1.628375,-0.181177,2.033284
11287,-0.293943,-1.325392,-0.181177,0.444477
11288,-0.293943,-1.325392,-0.181177,0.444477
11289,-0.287075,-1.325392,-0.181177,0.444477
11290,-0.287075,-1.325392,-0.181177,0.444477
11291,-0.293943,-1.02241,-0.181177,0.444477
11292,-0.293943,-1.02241,-0.181177,0.444477
11293,-0.280207,-1.02241,0.220955,0.444477
11294,-0.280207,-1.02241,0.220955,-1.144329
11295,-0.280207,-1.325392,0.220955,-1.144329
11296,-0.280207,-1.325392,0.220955,0.444477
11297,-0.280207,-1.123404,0.220955,-1.144329
11298,-0.280207,-1.123404,0.220955,2.033284
11299,-0.293943,-1.426386,-0.181177,0.444477
11300,-0.293943,-1.426386,-0.181177,0.444477
11301,-0.280207,-1.325392,-0.181177,0.444477
11302,-0.280207,-1.325392,-0.181177,0.444477
11303,-0.280207,-0.921416,-0.181177,0.444477
11304,-0.280207,-0.921416,-0.181177,0.444477
11305,-0.300812,-1.325392,-0.181177,0.444477
11306,-0.300812,-1.325392,-0.181177,0.444477
11307,-0.280207,-1.02241,-0.181177,0.444477
11308,-0.280207,-1.02241,-0.181177,-1.144329
11309,-0.287075,-1.123404,-0.181177,-1.144329
11310,-0.287075,-1.123404,-0.181177,0.444477
11311,-0.287075,-1.224398,-0.181177,-1.144329
11312,-0.287075,-1.224398,-0.181177,2.033284
11313,-0.287075,-1.325392,-0.181177,0.444477
11314,-0.287075,-1.325392,-0.181177,0.444477
11315,-0.293943,-1.123404,-0.583309,0.444477
11316,-0.293943,-1.123404,-0.583309,0.444477
11317,-0.293943,-1.02241,-0.181177,0.444477
11318,-0.293943,-1.02241,-0.181177,-1.144329
11319,-0.293943,-0.921416,-0.181177,0.444477
11320,-0.287075,-0.921416,-0.181177,0.444477
11321,-0.293943,-1.123404,0.220955,-1.144329
11322,-0.293943,-1.123404,0.220955,0.444477
11323,-0.287075,-1.02241,0.220955,-2.733136
11324,-0.287075,-1.02241,0.220955,-1.144329
11325,-0.293943,-0.618433,0.220955,0.444477
11326,-0.293943,-0.618433,0.220955,0.444477
11327,-0.300812,-1.123404,-0.181177,0.444477
11328,-0.300812,-1.123404,-0.181177,2.033284
11329,-0.300812,-0.921416,-0.583309,-1.144329
11330,-0.300812,-0.921416,-0.583309,-1.144329
11331,-0.300812,-1.52738,-0.181177,0.444477
11332,-0.300812,-1.52738,-0.181177,0.444477
11333,-0.30768,-1.224398,-0.181177,0.444477
11334,-0.30768,-1.224398,-0.181177,0.444477
11335,-0.287075,-1.628375,-0.181177,0.444477
11336,-0.287075,-1.628375,-0.181177,0.444477
11337,-0.287075,-1.123404,0.220955,0.444477
11338,-0.287075,-1.123404,0.220955,-1.144329
11339,-0.300812,-1.830363,0.220955,-1.144329
11340,-0.300812,-1.830363,0.220955,-1.144329
11341,-0.280207,-1.628375,0.220955,-1.144329
11342,-0.280207,-1.628375,0.220955,-1.144329
11343,-0.300812,-1.52738,-0.181177,0.444477
11344,-0.300812,-1.52738,-0.181177,2.033284
11345,-0.314549,-1.325392,-0.181177,-1.144329
11346,-0.314549,-1.325392,-0.181177,0.444477
11347,-0.293943,-1.426386,-0.181177,-1.144329
11348,-0.293943,-1.426386,-0.181177,0.444477
11349,-0.300812,-1.729369,-0.181177,2.033284
11350,-0.300812,-1.729369,-0.181177,-1.144329
11351,-0.293943,-1.52738,-0.181177,0.444477
11352,-0.293943,-1.52738,-0.181177,0.444477
11353,-0.293943,-1.628375,0.220955,0.444477
11354,-0.293943,-1.628375,0.220955,-1.144329
11355,-0.280207,-1.729369,0.220955,0.444477
11356,-0.280207,-1.729369,0.220955,0.444477
11357,-0.280207,-1.224398,0.220955,-1.144329
11358,-0.280207,-1.224398,0.220955,0.444477
11359,-0.30768,-1.325392,0.220955,-2.733136
11360,-0.30768,-1.325392,0.220955,-1.144329
11361,-0.300812,-1.02241,-0.181177,0.444477
11362,-0.300812,-1.02241,-0.181177,0.444477
11363,-0.314549,-1.123404,-0.583309,0.444477
11364,-0.314549,-1.123404,-0.583309,2.033284
11365,-0.293943,-1.224398,-0.181177,-1.144329
11366,-0.293943,-1.224398,-0.181177,-1.144329
11367,-0.293943,-0.719428,-0.181177,0.444477
11368,-0.293943,-0.719428,-0.181177,0.444477
11369,-0.300812,-0.921416,0.220955,0.444477
11370,-0.300812,-0.921416,0.220955,0.444477
11371,-0.280207,-1.52738,0.220955,0.444477
11372,-0.280207,-1.52738,0.220955,0.444477
11373,-0.287075,-1.224398,0.220955,0.444477
11374,-0.287075,-1.224398,0.220955,-1.144329
11375,-0.287075,-1.426386,0.220955,-1.144329
11376,-0.287075,-1.426386,0.220955,-1.144329
11377,-0.328286,-1.123404,-0.181177,-1.144329
11378,-0.328286,-1.123404,-0.181177,-1.144329
11379,-0.300812,-1.224398,-0.181177,0.444477
11380,-0.300812,-1.224398,-0.181177,2.033284
11381,-0.30768,-1.325392,-0.181177,-1.144329
11382,-0.30768,-1.325392,-0.181177,0.444477
11383,-0.300812,-1.224398,-0.181177,-1.144329
11384,-0.300812,-1.224398,-0.181177,0.444477
11385,-0.280207,-1.325392,-0.181177,2.033284
11386,-0.280207,-1.325392,-0.181177,-1.144329
11387,-0.293943,-1.325392,0.220955,0.444477
11388,-0.293943,-1.325392,0.220955,0.444477
11389,-0.293943,-0.921416,-0.181177,0.444477
11390,-0.293943,-0.921416,-0.181177,0.444477
11391,-0.287075,-1.426386,-0.181177,0.444477
11392,-0.287075,-1.426386,-0.181177,0.444477
11393,-0.293943,-1.224398,-0.181177,0.444477
11394,-0.293943,-1.224398,-0.181177,-1.144329
11395,-0.30768,-1.224398,-0.181177,-1.144329
11396,-0.30768,-1.224398,-0.181177,0.444477
11397,-0.30768,-1.123404,-0.181177,-1.144329
11398,-0.30768,-1.123404,-0.181177,2.033284
11399,-0.300812,-0.820422,-0.181177,0.444477
11400,-0.300812,-0.820422,-0.181177,0.444477
11401,-0.300812,-1.02241,-0.181177,0.444477
11402,-0.300812,-1.02241,-0.181177,0.444477
11403,-0.293943,-1.224398,0.220955,0.444477
11404,-0.293943,-1.224398,0.220955,0.444477
11405,-0.287075,-1.628375,0.220955,0.444477
11406,-0.287075,-1.628375,0.220955,0.444477
11407,-0.30768,-1.628375,-0.181177,0.444477
11408,-0.30768,-1.628375,-0.181177,-1.144329
11409,-0.293943,-1.02241,-0.181177,-1.144329
11410,-0.293943,-1.02241,-0.181177,0.444477
11411,-0.300812,-1.02241,-0.181177,-1.144329
11412,-0.300812,-1.02241,-0.181177,2.033284
11413,-0.293943,-1.628375,-0.181177,2.033284
11414,-0.293943,-1.628375,-0.181177,0.444477
11415,-0.287075,-1.123404,-0.181177,0.444477
11416,-0.287075,-1.123404,-0.181177,0.444477
11417,-0.293943,-1.426386,-0.181177,0.444477
11418,-0.293943,-1.426386,-0.181177,-1.144329
11419,-0.287075,-1.325392,-0.181177,0.444477
11420,-0.287075,-1.325392,-0.181177,0.444477
11421,-0.287075,-1.224398,-0.181177,-1.144329
11422,-0.287075,-1.224398,-0.181177,0.444477
11423,-0.314549,-1.628375,-0.181177,-2.733136
11424,-0.314549,-1.628375,-0.181177,-1.144329
11425,-0.293943,-1.123404,-0.181177,0.444477
11426,-0.293943,-1.123404,-0.181177,0.444477
11427,-0.287075,-1.123404,-0.181177,0.444477
11428,-0.287075,-1.123404,-0.181177,2.033284
11429,-0.287075,-1.224398,-0.181177,-1.144329
11430,-0.287075,-1.224398,-0.181177,-1.144329
11431,-0.300812,-1.02241,-0.181177,0.444477
11432,-0.300812,-1.02241,-0.181177,0.444477
11433,-0.30768,-1.224398,-0.181177,0.444477
11434,-0.30768,-1.224398,-0.181177,0.444477
11435,-0.293943,-0.719428,-0.181177,0.444477
11436,-0.293943,-0.719428,-0.181177,0.444477
11437,-0.30768,-0.315451,-0.181177,0.444477
11438,-0.30768,-0.315451,-0.181177,-1.144329
11439,-0.300812,-0.618433,-0.181177,-1.144329
11440,-0.300812,-0.618433,-0.181177,-1.144329
11441,-0.287075,-0.719428,-0.181177,-1.144329
11442,-0.287075,-0.719428,-0.181177,-1.144329
11443,-0.287075,-0.719428,-0.181177,0.444477
11444,-0.287075,-0.719428,-0.181177,2.033284
11445,-0.300812,-0.113463,-0.181177,-1.144329
11446,-0.300812,-0.113463,-0.181177,0.444477
11447,-0.287075,-0.416445,-0.181177,-1.144329
11448,-0.287075,-0.416445,-0.181177,0.444477
11449,-0.300812,-0.517439,-0.181177,2.033284
11450,-0.300812,-0.517439,-0.181177,-1.144329
11451,-0.293943,-0.416445,-0.181177,0.444477
11452,-0.293943,-0.416445,-0.181177,0.444477
11453,-0.293943,-0.517439,-0.181177,0.444477
11454,-0.293943,-0.517439,-0.181177,0.444477
11455,-0.293943,-0.315451,-0.181177,0.444477
11456,-0.293943,-0.315451,-0.181177,0.444477
11457,-0.300812,-0.517439,0.220955,0.444477
11458,-0.300812,-0.517439,0.220955,-1.144329
11459,-0.293943,-0.012469,-0.181177,-1.144329
11460,-0.293943,-0.012469,-0.181177,0.444477
11461,-0.30768,-0.113463,-0.181177,-1.144329
11462,-0.30768,-0.113463,-0.181177,2.033284
11463,-0.300812,-0.113463,-0.181177,0.444477
11464,-0.300812,-0.113463,-0.181177,0.444477
11465,-0.300812,0.088525,-0.181177,0.444477
11466,-0.300812,0.088525,-0.181177,0.444477
11467,-0.300812,-0.416445,-0.181177,0.444477
11468,-0.300812,-0.416445,-0.181177,0.444477
11469,-0.293943,-0.012469,-0.181177,0.444477
11470,-0.293943,-0.012469,-0.181177,0.444477
11471,-0.300812,-0.113463,-0.181177,0.444477
11472,-0.300812,-0.113463,-0.181177,-1.144329
11473,-0.293943,-0.012469,-0.181177,-1.144329
11474,-0.293943,-0.012469,-0.181177,0.444477
11475,-0.321417,-0.113463,-0.181177,-1.144329
11476,-0.321417,-0.113463,-0.181177,2.033284
11477,-0.314549,0.290513,-0.181177,0.444477
11478,-0.314549,0.290513,-0.181177,0.444477
11479,-0.30768,0.088525,-0.181177,0.444477
11480,-0.30768,0.088525,-0.181177,0.444477
11481,-0.314549,-0.012469,-0.181177,0.444477
11482,-0.314549,-0.012469,-0.181177,-1.144329
11483,-0.314549,0.189519,-0.181177,0.444477
11484,-0.314549,0.189519,-0.181177,0.444477
11485,-0.30768,-0.315451,-0.181177,-1.144329
11486,-0.30768,-0.315451,-0.181177,0.444477
11487,-0.314549,-0.113463,-0.181177,-2.733136
11488,-0.314549,-0.113463,-0.181177,-1.144329
11489,-0.321417,-0.012469,-0.181177,0.444477
11490,-0.321417,-0.012469,-0.181177,0.444477
11491,-0.321417,-0.416445,-0.181177,0.444477
11492,-0.321417,-0.416445,-0.181177,0.444477
11493,-0.314549,-0.416445,0.220955,-1.144329
11494,-0.314549,-0.416445,0.220955,0.444477
11495,-0.314549,0.189519,-0.181177,0.444477
11496,-0.314549,0.189519,-0.181177,-1.144329
11497,-0.314549,-0.113463,-0.181177,0.444477
11498,-0.314549,-0.113463,-0.181177,-2.733136
11499,-0.321417,0.290513,-0.181177,-1.144329
11500,-0.321417,0.290513,-0.181177,0.444477
11501,-0.321417,0.189519,-0.181177,0.444477
11502,-0.321417,0.189519,-0.181177,0.444477
11503,-0.321417,0.290513,-0.181177,2.033284
11504,-0.321417,0.290513,-0.181177,-1.144329
11505,-0.321417,-0.012469,-0.181177,-1.144329
11506,-0.321417,-0.012469,-0.181177,0.444477
11507,-0.314549,0.189519,-0.181177,0.444477
11508,-0.314549,0.189519,-0.181177,0.444477
11509,-0.321417,0.088525,0.220955,0.444477
11510,-0.321417,0.088525,0.220955,0.444477
11511,-0.328286,-0.012469,-0.181177,0.444477
11512,-0.328286,-0.012469,-0.181177,0.444477
11513,-0.328286,0.088525,0.220955,-1.144329
11514,-0.328286,0.088525,0.220955,-1.144329
11515,-0.328286,0.189519,-0.181177,-1.144329
11516,-0.328286,0.189519,-0.181177,-1.144329
11517,-0.335154,0.290513,-0.181177,-1.144329
11518,-0.335154,0.290513,-0.181177,0.444477
11519,-0.300812,0.593496,-0.181177,2.033284
11520,-0.300812,0.593496,-0.181177,-1.144329
11521,-0.293943,0.290513,-0.181177,0.444477
11522,-0.293943,0.290513,-0.181177,-1.144329
11523,-0.300812,0.290513,-0.181177,0.444477
11524,-0.300812,0.290513,-0.181177,2.033284
11525,-0.30768,-0.012469,-0.181177,-1.144329
11526,-0.293943,-1.123404,-0.583309,0.444477
11527,-0.293943,-1.02241,-0.181177,0.444477
11528,-0.293943,-1.02241,-0.181177,-1.144329
11529,-0.287075,-0.921416,-0.181177,0.444477
11530,-0.287075,-0.921416,-0.181177,0.444477
11531,-0.293943,-1.123404,0.220955,-1.144329
11532,-0.293943,-1.123404,0.220955,0.444477
11533,-0.287075,-1.02241,0.220955,-2.733136
11534,-0.287075,-1.02241,0.220955,-1.144329
11535,-0.293943,-0.618433,0.220955,0.444477
11536,-0.293943,-0.618433,0.220955,0.444477
11537,-0.300812,-1.123404,-0.181177,0.444477
11538,-0.300812,-1.123404,-0.181177,2.033284
11539,-0.300812,-0.921416,-0.583309,-1.144329
11540,-0.300812,-0.921416,-0.583309,-1.144329
11541,-0.300812,-1.52738,-0.181177,0.444477
11542,-0.300812,-1.52738,-0.181177,0.444477
11543,-0.30768,-1.224398,-0.181177,0.444477
11544,-0.30768,-1.224398,-0.181177,0.444477
11545,-0.287075,-1.628375,-0.181177,0.444477
11546,-0.287075,-1.628375,-0.181177,0.444477
11547,-0.287075,-1.123404,0.220955,0.444477
11548,-0.287075,-1.123404,0.220955,-1.144329
11549,-0.300812,-1.830363,0.220955,-1.144329
11550,-0.300812,-1.830363,0.220955,-1.144329
11551,-0.280207,-1.628375,0.220955,-1.144329
11552,-0.280207,-1.628375,0.220955,-1.144329
11553,-0.300812,-1.52738,-0.181177,0.444477
11554,-0.300812,-1.52738,-0.181177,2.033284
11555,-0.314549,-1.325392,-0.181177,-1.144329
11556,-0.314549,-1.325392,-0.181177,0.444477
11557,-0.293943,-1.426386,-0.181177,-1.144329
11558,-0.293943,-1.426386,-0.181177,0.444477
11559,-0.300812,-1.729369,-0.181177,2.033284
11560,-0.300812,-1.729369,-0.181177,-1.144329
11561,-0.293943,-1.52738,-0.181177,0.444477
11562,-0.293943,-1.52738,-0.181177,0.444477
11563,-0.293943,-1.628375,0.220955,0.444477
11564,-0.293943,-1.628375,0.220955,-1.144329
11565,-0.280207,-1.729369,0.220955,0.444477
11566,-0.280207,-1.729369,0.220955,0.444477
11567,-0.280207,-1.224398,0.220955,-1.144329
11568,-0.280207,-1.224398,0.220955,0.444477
11569,-0.30768,-1.325392,0.220955,-2.733136
11570,-0.30768,-1.325392,0.220955,-1.144329
11571,-0.300812,-1.02241,-0.181177,0.444477
11572,-0.300812,-1.02241,-0.181177,0.444477
11573,-0.314549,-1.123404,-0.583309,0.444477
11574,-0.314549,-1.123404,-0.583309,2.033284
11575,-0.293943,-1.224398,-0.181177,-1.144329
11576,-0.293943,-1.224398,-0.181177,-1.144329
11577,-0.314549,-0.113463,-0.181177,0.444477
11578,-0.314549,-0.113463,-0.181177,-2.733136
11579,-0.321417,0.290513,-0.181177,-1.144329
11580,-0.321417,0.290513,-0.181177,0.444477
11581,-0.321417,0.189519,-0.181177,0.444477
11582,-0.321417,0.189519,-0.181177,0.444477
11583,-0.321417,0.290513,-0.181177,2.033284
11584,-0.321417,0.290513,-0.181177,-1.144329
11585,-0.321417,-0.012469,-0.181177,-1.144329
11586,-0.321417,-0.012469,-0.181177,0.444477
11587,-0.314549,0.189519,-0.181177,0.444477
11588,-0.314549,0.189519,-0.181177,0.444477
11589,-0.321417,0.088525,0.220955,0.444477
11590,-0.321417,0.088525,0.220955,0.444477
11591,-0.328286,-0.012469,-0.181177,0.444477
11592,-0.328286,-0.012469,-0.181177,0.444477
11593,-0.328286,0.088525,0.220955,-1.144329
11594,-0.328286,0.088525,0.220955,-1.144329
11595,-0.328286,0.189519,-0.181177,-1.144329
11596,-0.328286,0.189519,-0.181177,-1.144329
11597,-0.335154,0.290513,-0.181177,-1.144329
11598,-0.335154,0.290513,-0.181177,0.444477
11599,-0.300812,0.593496,-0.181177,2.033284
11600,-0.300812,0.593496,-0.181177,-1.144329
11601,-0.293943,0.290513,-0.181177,0.444477
11602,-0.293943,0.290513,-0.181177,-1.144329
11603,-0.300812,0.290513,-0.181177,0.444477
11604,-0.300812,0.290513,-0.181177,2.033284
11605,-0.30768,-0.012469,-0.181177,-1.144329
11606,-0.293943,-1.123404,-0.583309,0.444477
11607,-0.293943,-1.02241,-0.181177,0.444477
11608,-0.293943,-1.02241,-0.181177,-1.144329
11609,-0.287075,-0.921416,-0.181177,0.444477
11610,-0.287075,-0.921416,-0.181177,0.444477
11611,-0.293943,-1.123404,0.220955,-1.144329
11612,-0.293943,-1.123404,0.220955,0.444477
11613,-0.287075,-1.02241,0.220955,-2.733136
11614,-0.287075,-1.02241,0.220955,-1.144329
11615,-0.293943,-0.618433,0.220955,0.444477
11616,-0.293943,-0.618433,0.220955,0.444477
11617,-0.300812,-1.123404,-0.181177,0.444477
11618,-0.300812,-1.123404,-0.181177,2.033284
11619,-0.300812,-0.921416,-0.583309,-1.144329
11620,-0.300812,-0.921416,-0.583309,-1.144329
11621,-0.300812,-1.52738,-0.181177,0.444477
11622,-0.300812,-1.52738,-0.181177,0.444477
11623,-0.30768,-1.224398,-0.181177,0.444477
11624,-0.30768,-1.224398,-0.181177,0.444477
11625,-0.287075,-1.628375,-0.181177,0.444477
11626,-0.287075,-1.628375,-0.181177,0.444477
11627,-0.287075,-1.123404,0.220955,0.444477
11628,-0.287075,-1.123404,0.220955,-1.144329
11629,-0.300812,-1.830363,0.220955,-1.144329
11630,-0.300812,-1.830363,0.220955,-1.144329
11631,-0.280207,-1.628375,0.220955,-1.144329
11632,-0.280207,-1.628375,0.220955,-1.144329
11633,-0.300812,-1.52738,-0.181177,0.444477
11634,-0.300812,-1.52738,-0.181177,2.033284
11635,-0.314549,-1.325392,-0.181177,-1.144329
11636,-0.314549,-1.325392,-0.181177,0.444477
11637,-0.293943,-1.325392,-0.181177,-1.144329
11638,-0.293943,-1.325392,-0.181177,0.444477
11639,-0.300812,-1.729369,-0.181177,2.033284
11640,-0.300812,-1.729369,-0.181177,-1.144329
11641,-0.293943,-1.52738,-0.181177,0.444477
11642,-0.293943,-1.52738,-0.181177,0.444477
11643,-0.293943,-1.628375,0.220955,0.444477
11644,-0.293943,-1.628375,0.220955,-1.144329
11645,-0.280207,-1.729369,0.220955,0.444477
11646,-0.280207,-1.729369,0.220955,0.444477
11647,-0.280207,-1.224398,0.220955,-1.144329
11648,-0.280207,-1.224398,0.220955,0.444477
11649,-0.30768,-1.325392,0.220955,-2.733136
11650,-0.30768,-1.325392,0.220955,-1.144329
11651,-0.300812,-1.02241,-0.181177,0.444477
11652,-0.300812,-1.02241,-0.181177,0.444477
11653,-0.287075,-1.224398,-0.181177,-1.144329
11654,-0.287075,-1.224398,-0.181177,-1.144329
11655,-0.300812,-1.02241,-0.181177,0.444477
11656,-0.300812,-1.02241,-0.181177,0.444477
11657,-0.30768,-1.224398,-0.181177,0.444477
11658,-0.30768,-1.224398,-0.181177,0.444477
11659,-0.293943,-0.719428,-0.181177,0.444477
11660,-0.293943,-0.719428,-0.181177,0.444477
11661,-0.30768,-0.315451,-0.181177,0.444477
11662,-0.30768,-0.315451,-0.181177,-1.144329
11663,-0.300812,-0.618433,-0.181177,-1.144329
11664,-0.300812,-0.618433,-0.181177,-1.144329
11665,-0.287075,-0.719428,-0.181177,-1.144329
11666,-0.287075,-0.719428,-0.181177,-1.144329
11667,-0.287075,-0.719428,-0.181177,0.444477
11668,-0.287075,-0.719428,-0.181177,2.033284
11669,-0.300812,-0.113463,-0.181177,-1.144329
11670,-0.300812,-0.113463,-0.181177,0.444477
11671,-0.287075,-0.416445,-0.181177,-1.144329
11672,-0.287075,-0.416445,-0.181177,0.444477
11673,-0.300812,-0.517439,-0.181177,2.033284
11674,-0.300812,-0.517439,-0.181177,-1.144329
11675,-0.293943,-0.416445,-0.181177,0.444477
11676,-0.293943,-0.416445,-0.181177,0.444477
11677,-0.293943,-0.517439,-0.181177,0.444477
11678,-0.293943,-0.517439,-0.181177,0.444477
11679,-0.293943,-0.315451,-0.181177,0.444477
11680,-0.293943,-0.315451,-0.181177,0.444477
11681,-0.300812,-0.517439,0.220955,0.444477
11682,-0.300812,-0.517439,0.220955,-1.144329
11683,-0.293943,-0.012469,-0.181177,-1.144329
11684,-0.293943,-0.012469,-0.181177,0.444477
11685,-0.30768,-0.113463,-0.181177,-1.144329
11686,-0.30768,-0.113463,-0.181177,2.033284
11687,-0.300812,-0.113463,-0.181177,0.444477
11688,-0.300812,-0.113463,-0.181177,0.444477
11689,-0.300812,0.088525,-0.181177,0.444477
11690,-0.300812,0.088525,-0.181177,0.444477
11691,-0.300812,-0.416445,-0.181177,0.444477
11692,-0.300812,-0.416445,-0.181177,0.444477
11693,-0.293943,-0.012469,-0.181177,0.444477
11694,-0.293943,-0.012469,-0.181177,0.444477
11695,-0.300812,-0.113463,-0.181177,0.444477
11696,-0.300812,-0.113463,-0.181177,-1.144329
11697,-0.293943,-0.012469,-0.181177,-1.144329
11698,-0.293943,-0.012469,-0.181177,0.444477
11699,-0.321417,-0.012469,-0.181177,-1.144329
11700,-0.321417,-0.012469,-0.181177,2.033284
11701,-0.314549,0.290513,-0.181177,0.444477
11702,-0.314549,0.290513,-0.181177,0.444477
11703,-0.30768,0.088525,-0.181177,0.444477
11704,-0.30768,0.088525,-0.181177,0.444477
11705,-0.314549,-0.012469,-0.181177,0.444477
11706,-0.314549,-0.012469,-0.181177,-1.144329
11707,-0.314549,0.189519,-0.181177,0.444477
11708,-0.314549,0.189519,-0.181177,0.444477
11709,-0.30768,-0.315451,-0.181177,-1.144329
11710,-0.30768,-0.315451,-0.181177,0.444477
11711,-0.314549,-0.113463,-0.181177,-2.733136
11712,-0.314549,-0.113463,-0.181177,-1.144329
11713,-0.321417,-0.012469,-0.181177,0.444477
11714,-0.321417,-0.012469,-0.181177,0.444477
11715,-0.321417,-0.416445,-0.181177,0.444477
11716,-0.321417,-0.416445,-0.181177,0.444477
11717,-0.314549,-0.416445,0.220955,-1.144329
11718,-0.314549,-0.416445,0.220955,0.444477
11719,-0.314549,0.189519,-0.181177,0.444477
11720,-0.314549,0.189519,-0.181177,-1.144329
11721,-0.314549,-0.113463,-0.181177,0.444477
11722,-0.314549,-0.113463,-0.181177,-2.733136
11723,-0.321417,0.290513,-0.181177,-1.144329
11724,-0.321417,0.290513,-0.181177,0.444477
11725,-0.321417,0.189519,-0.181177,0.444477
11726,-0.321417,0.189519,-0.181177,0.444477
11727,-0.321417,0.290513,-0.181177,2.033284
11728,-0.321417,0.290513,-0.181177,-1.144329
11729,-0.321417,-0.012469,-0.181177,-1.144329
11730,-0.321417,-0.012469,-0.181177,0.444477
11731,-0.314549,0.189519,-0.181177,0.444477
11732,-0.314549,0.189519,-0.181177,0.444477
11733,-0.321417,0.088525,0.220955,0.444477
11734,-0.321417,0.088525,0.220955,0.444477
11735,-0.328286,-0.012469,-0.181177,0.444477
11736,-0.328286,-0.012469,-0.181177,0.444477
11737,-0.328286,0.088525,0.220955,-1.144329
11738,-0.328286,0.088525,0.220955,-1.144329
11739,-0.328286,0.189519,-0.181177,-1.144329
11740,-0.328286,0.189519,-0.181177,-1.144329
11741,-0.335154,0.290513,-0.181177,-1.144329
11742,-0.335154,0.290513,-0.181177,0.444477
11743,-0.300812,0.593496,-0.181177,2.033284
11744,-0.300812,0.593496,-0.181177,-1.144329
11745,-0.293943,0.290513,-0.181177,0.444477
11746,-0.293943,0.290513,-0.181177,-1.144329
11747,-0.300812,0.290513,-0.181177,0.444477
11748,-0.300812,0.290513,-0.181177,2.033284
11749,-0.30768,-0.012469,-0.181177,-1.144329
11750,-0.293943,-1.123404,-0.583309,0.444477
11751,-0.293943,-1.02241,-0.181177,0.444477
11752,-0.293943,-1.02241,-0.181177,-1.144329
11753,-0.287075,-0.921416,-0.181177,0.444477
11754,-0.287075,-0.921416,-0.181177,0.444477
11755,-0.293943,-1.123404,0.220955,-1.144329
11756,-0.293943,-1.123404,0.220955,0.444477
11757,-0.287075,-1.02241,0.220955,-2.733136
11758,-0.287075,-1.02241,0.220955,-1.144329
11759,-0.293943,-0.618433,0.220955,0.444477
11760,-0.293943,-0.618433,0.220955,0.444477
11761,-0.300812,-1.123404,-0.181177,0.444477
11762,-0.300812,-1.123404,-0.181177,2.033284
11763,-0.300812,-0.921416,-0.583309,-1.144329
11764,-0.300812,-0.921416,-0.583309,-1.144329
11765,-0.300812,-1.52738,-0.181177,0.444477
11766,-0.300812,-1.52738,-0.181177,0.444477
11767,-0.30768,-1.224398,-0.181177,0.444477
11768,-0.30768,-1.224398,-0.181177,0.444477
11769,-0.287075,-1.628375,-0.181177,0.444477
11770,-0.287075,-1.628375,-0.181177,0.444477
11771,-0.287075,-1.123404,0.220955,0.444477
11772,-0.287075,-1.123404,0.220955,-1.144329
11773,-0.300812,-1.830363,0.220955,-1.144329
11774,-0.300812,-1.830363,0.220955,-1.144329
11775,-0.280207,-1.628375,0.220955,-1.144329
11776,-0.280207,-1.628375,0.220955,-1.144329
11777,-0.300812,-1.52738,-0.181177,0.444477
11778,-0.300812,-1.52738,-0.181177,2.033284
11779,-0.314549,-1.325392,-0.181177,-1.144329
11780,-0.314549,-1.325392,-0.181177,0.444477
11781,-0.293943,-1.325392,-0.181177,-1.144329
11782,-0.293943,-1.325392,-0.181177,0.444477
11783,-0.300812,-1.729369,-0.181177,2.033284
11784,-0.300812,-1.729369,-0.181177,-1.144329
11785,-0.293943,-1.52738,-0.181177,0.444477
11786,-0.293943,-1.52738,-0.181177,0.444477
11787,-0.293943,-1.628375,0.220955,0.444477
11788,-0.293943,-1.628375,0.220955,-1.144329
11789,-0.280207,-1.729369,0.220955,0.444477
11790,-0.280207,-1.729369,0.220955,0.444477
11791,-0.280207,-1.224398,0.220955,-1.144329
11792,-0.280207,-1.224398,0.220955,0.444477
11793,-0.30768,-1.325392,0.220955,-2.733136
11794,-0.30768,-1.325392,0.220955,-1.144329
11795,-0.300812,-1.02241,-0.181177,0.444477
11796,-0.300812,-1.02241,-0.181177,0.444477
11797,-0.314549,-1.123404,-0.583309,0.444477
11798,-0.314549,-1.123404,-0.583309,2.033284
11799,-0.293943,-1.224398,-0.181177,-1.144329
11800,-0.293943,-1.224398,-0.181177,-1.144329
11801,-0.314549,-0.113463,-0.181177,0.444477
11802,-0.314549,-0.113463,-0.181177,-2.733136
11803,-0.321417,0.290513,-0.181177,-1.144329
11804,-0.321417,0.290513,-0.181177,0.444477
11805,-0.321417,0.189519,-0.181177,0.444477
11806,-0.321417,0.189519,-0.181177,0.444477
11807,-0.321417,0.290513,-0.181177,2.033284
11808,-0.321417,0.290513,-0.181177,-1.144329
11809,-0.321417,-0.012469,-0.181177,-1.144329
11810,-0.321417,-0.012469,-0.181177,0.444477
11811,-0.314549,0.189519,-0.181177,0.444477
11812,-0.314549,0.189519,-0.181177,0.444477
11813,-0.321417,0.088525,0.220955,0.444477
11814,-0.321417,0.088525,0.220955,0.444477
11815,-0.328286,-0.012469,-0.181177,0.444477
11816,-0.328286,-0.012469,-0.181177,0.444477
11817,-0.328286,0.088525,0.220955,-1.144329
11818,-0.328286,0.088525,0.220955,-1.144329
11819,-0.328286,0.189519,-0.181177,-1.144329
11820,-0.328286,0.189519,-0.181177,-1.144329
11821,-0.335154,0.290513,-0.181177,-1.144329
11822,-0.335154,0.290513,-0.181177,0.444477
11823,-0.300812,0.593496,-0.181177,2.033284
11824,-0.300812,0.593496,-0.181177,-1.144329
11825,-0.293943,0.290513,-0.181177,0.444477
11826,-0.293943,0.290513,-0.181177,-1.144329
11827,-0.300812,0.290513,-0.181177,0.444477
11828,-0.300812,0.290513,-0.181177,2.033284
11829,-0.30768,-0.012469,-0.181177,-1.144329
11830,-0.293943,-1.123404,-0.583309,0.444477
11831,-0.293943,-1.02241,-0.181177,0.444477
11832,-0.293943,-1.02241,-0.181177,-1.144329
11833,-0.287075,-0.921416,-0.181177,0.444477
11834,-0.287075,-0.921416,-0.181177,0.444477
11835,-0.293943,-1.123404,0.220955,-1.144329
11836,-0.293943,-1.123404,0.220955,0.444477
11837,-0.287075,-1.02241,0.220955,-2.733136
11838,-0.287075,-1.02241,0.220955,-1.144329
11839,-0.293943,-0.618433,0.220955,0.444477
11840,-0.293943,-0.618433,0.220955,0.444477
11841,-0.300812,-1.123404,-0.181177,0.444477
11842,-0.300812,-1.123404,-0.181177,2.033284
11843,-0.300812,-0.921416,-0.583309,-1.144329
11844,-0.300812,-0.921416,-0.583309,-1.144329
11845,-0.300812,-1.52738,-0.181177,0.444477
11846,-0.300812,-1.52738,-0.181177,0.444477
11847,-0.30768,-1.224398,-0.181177,0.444477
11848,-0.30768,-1.224398,-0.181177,0.444477
11849,-0.287075,-1.628375,-0.181177,0.444477
11850,-0.287075,-1.628375,-0.181177,0.444477
11851,-0.287075,-1.123404,0.220955,0.444477
11852,-0.287075,-1.123404,0.220955,-1.144329
11853,-0.300812,-1.830363,0.220955,-1.144329
11854,-0.300812,-1.830363,0.220955,-1.144329
11855,-0.280207,-1.628375,0.220955,-1.144329
11856,-0.280207,-1.628375,0.220955,-1.144329
11857,-0.300812,-1.52738,-0.181177,0.444477
11858,-0.300812,-1.52738,-0.181177,2.033284
11859,-0.314549,-1.325392,-0.181177,-1.144329
11860,-0.314549,-1.325392,-0.181177,0.444477
11861,-0.293943,-1.426386,-0.181177,-1.144329
11862,-0.293943,-1.426386,-0.181177,0.444477
11863,-0.300812,-1.729369,-0.181177,2.033284
11864,-0.300812,-1.729369,-0.181177,-1.144329
11865,-0.293943,-1.52738,-0.181177,0.444477
11866,-0.293943,-1.52738,-0.181177,0.444477
11867,-0.293943,-1.628375,0.220955,0.444477
11868,-0.293943,-1.628375,0.220955,-1.144329
11869,-0.280207,-1.729369,0.220955,0.444477
11870,-0.280207,-1.729369,0.220955,0.444477
11871,-0.280207,-1.224398,0.220955,-1.144329
11872,-0.280207,-1.224398,0.220955,0.444477
11873,-0.30768,-1.325392,0.220955,-2.733136
11874,-0.30768,-1.325392,0.220955,-1.144329
11875,-0.300812,-1.02241,0.220955,0.444477
11876,-0.300812,-1.02241,-0.181177,0.444477
11877,-0.314549,0.189519,-0.181177,0.444477
11878,-0.314549,0.189519,-0.181177,-1.144329
11879,-0.314549,-0.113463,-0.181177,0.444477
11880,-0.314549,-0.113463,-0.181177,-2.733136
11881,-0.321417,0.290513,-0.181177,-1.144329
11882,-0.321417,0.290513,-0.181177,0.444477
11883,-0.321417,0.189519,-0.181177,0.444477
11884,-0.321417,0.189519,-0.181177,0.444477
11885,-0.321417,0.290513,-0.181177,2.033284
11886,-0.321417,0.290513,-0.181177,-1.144329
11887,-0.321417,-0.012469,-0.181177,-1.144329
11888,-0.321417,-0.012469,-0.181177,0.444477
11889,-0.314549,0.189519,-0.181177,0.444477
11890,-0.314549,0.189519,-0.181177,0.444477
11891,-0.321417,0.088525,0.220955,0.444477
11892,-0.321417,0.088525,0.220955,0.444477
11893,-0.328286,-0.012469,-0.181177,0.444477
11894,-0.328286,-0.012469,-0.181177,0.444477
11895,-0.328286,0.088525,0.220955,-1.144329
11896,-0.328286,0.088525,0.220955,-1.144329
11897,-0.328286,0.189519,-0.181177,-1.144329
11898,-0.328286,0.189519,-0.181177,-1.144329
11899,-0.335154,0.290513,-0.181177,-1.144329
11900,-0.335154,0.290513,-0.181177,0.444477
11901,-0.300812,0.593496,-0.181177,2.033284
11902,-0.300812,0.593496,-0.181177,-1.144329
11903,-0.293943,0.290513,-0.181177,0.444477
11904,-0.293943,0.290513,-0.181177,-1.144329
11905,-0.300812,0.290513,-0.181177,0.444477
11906,-0.300812,0.290513,-0.181177,2.033284
11907,-0.30768,-0.012469,-0.181177,-1.144329
11908,-0.293943,-1.123404,-0.583309,0.444477
11909,-0.293943,-1.02241,-0.181177,0.444477
11910,-0.293943,-1.02241,-0.181177,-1.144329
11911,-0.287075,-0.921416,-0.181177,0.444477
11912,-0.287075,-0.921416,-0.181177,0.444477
11913,-0.293943,-1.123404,0.220955,-1.144329
11914,-0.293943,-1.123404,0.220955,0.444477
11915,-0.287075,-1.02241,0.220955,-2.733136
11916,-0.287075,-1.02241,0.220955,-1.144329
11917,-0.293943,-0.618433,0.220955,0.444477
11918,-0.293943,-0.618433,0.220955,0.444477
11919,-0.300812,-1.52738,-0.181177,0.444477
11920,-0.300812,-1.52738,-0.181177,0.444477
11921,-0.30768,-1.224398,-0.181177,0.444477
11922,-0.30768,-1.224398,-0.181177,0.444477
11923,-0.287075,-1.628375,-0.181177,0.444477
11924,-0.287075,-1.628375,-0.181177,0.444477
11925,-0.287075,-1.123404,0.220955,0.444477
11926,-0.287075,-1.123404,0.220955,-1.144329
11927,-0.300812,-1.830363,0.220955,-1.144329
11928,-0.300812,-1.830363,0.220955,-1.144329
11929,-0.348891,0.088525,-0.181177,-1.144329
11930,-0.348891,0.088525,-0.181177,0.444477
11931,-0.300812,-1.123404,-0.181177,0.444477
11932,-0.300812,-1.123404,-0.181177,2.033284
11933,-0.300812,-0.921416,-0.583309,-1.144329
11934,-0.300812,-0.921416,-0.583309,-1.144329
11935,-0.417575,-0.618433,-0.181177,0.444477
11936,-0.342022,0.391508,0.220955,0.444477
11937,-0.30768,0.391508,0.220955,0.444477
11938,-0.287075,-1.52738,0.220955,-1.144329
