uid,date,idx,seq,F,I,V,T,R,Q,P,q_per_F,d_F,d_I,d_V,d_R,d_Q,step_F,step_I,step_V,mz_F,mz_I,mz_V,mz_T,mz_R,mz_Q,mahal_d2,iforest_score,D1_window,D2_mahal,D3_iforest,votes,anomaly_score,day_rank_pct,candidate_source,segment_id
20200324_8,20200324,8,7,2.33,14.53,2.7,70.0,0.18582,2746.17,39.231,1178.61,-0.02,-0.03,-0.001,0.00011,-83.55,-0.02,0.0,0.0,0.0,-3.204,-0.45,-2.698,2.29,-3.354,17.16,0.5333,0,0,0,0,0.957,0.0051,day_relative,
20200324_57,20200324,57,56,2.35,14.6,2.689,72.0,0.18418,2826.68,39.259,1202.84,0.0,0.01,-0.008,-0.00044,0.0,0.01,0.01,-0.008,0.45,-2.024,-2.923,0.0,0.601,-0.671,10.565,0.4996,0,0,0,0,0.926,0.0152,day_relative,
20200324_69,20200324,69,68,2.19,14.61,2.705,72.0,0.18515,2845.44,39.52,1299.29,0.0,-0.01,0.0,0.0,1.54,-0.06,-0.01,-0.006,-3.148,-1.855,0.674,0.0,1.596,-0.045,68.057,0.4799,0,1,0,1,0.9411,0.0084,day_relative,
20200324_71,20200324,71,70,2.17,14.64,2.701,71.0,0.18449,2807.53,39.543,1293.79,-0.01,0.0,0.0,0.0,-37.92,-0.02,0.03,-0.004,-3.597,-1.349,-0.225,-1.349,0.926,-1.309,74.262,0.4492,1,1,0,2,0.9135,0.0185,point_anomaly,
20200324_72,20200324,72,71,2.17,14.64,2.701,72.0,0.18449,2847.07,39.543,1312.01,-0.01,0.0,0.0,0.0,1.63,0.0,0.0,0.0,-3.597,-1.349,-0.225,0.0,0.926,0.009,74.487,0.392,1,1,0,2,0.7886,0.1239,point_anomaly,
20200324_73,20200324,73,72,2.16,14.64,2.698,72.0,0.18429,2843.91,39.499,1316.62,-0.02,0.0,-0.003,-0.0002,0.0,-0.01,0.0,-0.003,-3.822,-1.349,-0.899,0.0,0.715,-0.096,82.742,0.439,1,1,0,2,0.9013,0.027,point_anomaly,
20200324_74,20200324,74,73,2.16,14.64,2.698,72.0,0.18429,2843.91,39.499,1316.62,-0.02,0.0,-0.003,-0.0002,0.0,0.0,0.0,0.0,-3.822,-1.349,-0.899,0.0,0.715,-0.096,82.742,0.4218,1,1,0,2,0.8689,0.0489,point_anomaly,
20200324_108,20200324,108,107,2.35,14.56,2.698,70.0,0.1853,2749.8,39.283,1170.13,-0.02,-0.01,0.0,0.0,-79.3,-0.02,0.0,0.0,0.45,-2.698,-0.899,-2.698,1.756,-3.233,11.964,0.511,0,0,0,0,0.9451,0.0076,day_relative,
20200324_113,20200324,113,112,2.38,14.54,2.709,73.0,0.18631,2875.39,39.389,1208.15,0.0,-0.03,0.005,0.00061,38.78,0.0,-0.03,0.001,1.124,-3.035,1.574,1.349,2.795,0.953,9.124,0.5173,0,0,0,0,0.9288,0.0126,day_relative,
20200324_129,20200324,129,128,2.38,14.53,2.705,73.0,0.18617,2869.17,39.304,1205.53,0.0,-0.04,0.002,0.00065,71.23,0.0,-0.06,0.004,1.124,-3.204,0.674,1.349,2.643,0.745,7.725,0.5327,0,0,0,0,0.9249,0.016,day_relative,
20200324_147,20200324,147,146,2.38,14.52,2.707,73.0,0.18643,2869.31,39.306,1205.59,0.0,-0.04,0.003,0.00046,30.09,-0.01,-0.04,-0.002,1.124,-3.373,1.124,1.349,2.917,0.75,9.014,0.5267,0,0,0,0,0.9388,0.0093,day_relative,
20200324_221,20200324,221,220,2.37,14.56,2.7,70.0,0.18544,2751.84,39.312,1161.11,0.0,0.0,0.0,0.0,-75.16,-0.01,-0.01,0.003,0.899,-2.698,-0.45,-2.698,1.897,-3.165,10.602,0.4978,0,0,0,0,0.9323,0.011,day_relative,
20200324_226,20200324,226,225,2.39,14.56,2.712,73.0,0.18626,2882.53,39.487,1206.08,0.02,0.0,0.004,0.00053,52.96,0.0,0.0,0.0,1.349,-2.698,2.248,1.349,2.743,1.191,11.185,0.5071,0,0,0,0,0.9206,0.0177,day_relative,
20200324_227,20200324,227,226,2.38,14.53,2.711,71.0,0.18658,2796.75,39.391,1175.1,0.01,-0.03,0.003,0.00085,-39.7,-0.01,-0.03,-0.001,1.124,-3.204,2.023,-1.349,3.068,-1.668,8.96,0.516,0,0,0,0,0.9324,0.0101,day_relative,
20200324_228,20200324,228,227,2.38,14.53,2.711,71.0,0.18658,2796.75,39.391,1175.1,0.01,-0.03,0.003,0.00085,-39.7,0.0,0.0,0.0,1.124,-3.204,2.023,-1.349,3.068,-1.668,8.96,0.4816,0,0,0,0,0.913,0.0194,day_relative,
20200324_301,20200324,301,300,2.35,14.53,2.712,71.0,0.18665,2797.78,39.405,1190.54,-0.02,-0.02,0.001,0.00089,-32.83,-0.02,-0.07,0.0,0.45,-3.204,2.248,-1.349,3.138,-1.634,12.566,0.5388,0,0,0,0,0.9545,0.0059,day_relative,
20200324_302,20200324,302,301,2.35,14.53,2.712,71.0,0.18665,2797.78,39.405,1190.54,-0.02,-0.02,0.001,0.00089,-13.48,0.0,0.0,0.0,0.45,-3.204,2.248,-1.349,3.138,-1.634,12.566,0.4798,0,0,0,0,0.9267,0.0135,day_relative,
20200324_311,20200324,311,310,2.35,14.54,2.696,73.0,0.18542,2861.59,39.2,1217.7,-0.01,-0.02,-0.004,0.0,31.12,-0.01,-0.03,-0.002,0.45,-3.035,-1.349,1.349,1.876,0.493,10.847,0.489,0,0,0,0,0.9244,0.0169,day_relative,
20200324_321,20200324,321,320,2.34,14.58,2.708,70.0,0.18573,2763.78,39.483,1181.1,-0.01,-0.01,0.0,0.0,-74.31,-0.04,-0.01,-0.002,0.225,-2.361,1.349,-2.698,2.199,-2.767,12.495,0.5348,0,0,0,0,0.9319,0.0118,day_relative,
20200324_385,20200324,385,384,2.33,14.55,2.701,70.0,0.18564,2750.97,39.3,1180.67,-0.04,-0.04,0.0,0.00057,-84.43,-0.04,-0.04,0.001,0.0,-2.867,-0.225,-2.698,2.098,-3.194,14.78,0.5895,0,0,1,1,0.9634,0.0042,day_relative,
20200324_741,20200324,741,740,2.17,14.81,2.698,72.0,0.18217,2876.93,39.957,1325.77,-0.01,0.02,-0.004,-0.00038,1.76,-0.04,0.04,-0.007,-3.597,1.518,-0.899,0.0,-1.458,1.004,38.947,0.5278,0,0,0,0,,,drift_segment,20200324_S01
20200324_742,20200324,742,741,2.17,14.81,2.698,72.0,0.18217,2876.93,39.957,1325.77,-0.01,0.02,-0.004,-0.00038,1.76,0.0,0.0,0.0,-3.597,1.518,-0.899,0.0,-1.458,1.004,38.947,0.4394,0,0,0,0,,,drift_segment,20200324_S01
20200324_743,20200324,743,742,2.18,14.81,2.702,71.0,0.18244,2841.18,40.017,1303.29,0.01,0.02,0.002,-0.00011,-34.0,0.01,0.0,0.004,-3.373,1.518,0.0,-1.349,-1.18,-0.187,33.603,0.4488,0,0,0,0,,,drift_segment,20200324_S01
20200324_744,20200324,744,743,2.18,14.81,2.702,71.0,0.18244,2841.18,40.017,1303.29,0.01,0.02,0.002,-0.00011,-35.06,0.0,0.0,0.0,-3.373,1.518,0.0,-1.349,-1.18,-0.187,33.603,0.4276,0,0,0,0,,,drift_segment,20200324_S01
20200324_745,20200324,745,744,2.16,14.79,2.7,72.0,0.18256,2875.18,39.933,1331.1,-0.01,0.0,0.0,0.0,-1.06,-0.02,-0.02,-0.002,-3.822,1.18,-0.45,0.0,-1.066,0.946,48.327,0.4253,0,0,0,0,,,drift_segment,20200324_S01
20200324_746,20200324,746,745,2.16,14.79,2.7,71.0,0.18256,2835.24,39.933,1312.61,-0.01,0.0,0.0,0.0,-41.0,0.0,0.0,0.0,-3.822,1.18,-0.45,-1.349,-1.066,-0.385,48.137,0.3993,0,0,0,0,,,drift_segment,20200324_S01
20200324_747,20200324,747,746,2.17,14.77,2.698,73.0,0.18267,2909.01,39.849,1340.56,0.0,-0.02,-0.003,4e-05,32.77,0.01,-0.02,-0.002,-3.597,0.843,-0.899,1.349,-0.951,2.073,50.315,0.4937,0,0,0,0,,,drift_segment,20200324_S01
20200324_748,20200324,748,747,2.17,14.77,2.698,72.0,0.18267,2869.16,39.849,1322.19,0.0,-0.02,-0.003,4e-05,-6.01,0.0,0.0,0.0,-3.597,0.843,-0.899,0.0,-0.951,0.745,45.272,0.4051,0,0,0,0,,,drift_segment,20200324_S01
20200324_749,20200324,749,748,2.18,14.79,2.701,72.0,0.18262,2876.24,39.948,1319.38,0.01,0.02,0.0,-4e-05,1.06,0.01,0.02,0.003,-3.373,1.18,-0.225,0.0,-0.996,0.981,36.147,0.4221,0,0,0,0,,,drift_segment,20200324_S01
20200324_750,20200324,750,749,2.18,14.79,2.701,72.0,0.18262,2876.24,39.948,1319.38,0.01,0.02,0.0,-4e-05,1.06,0.0,0.0,0.0,-3.373,1.18,-0.225,0.0,-0.996,0.981,36.147,0.3963,0,0,0,0,,,drift_segment,20200324_S01
20200324_751,20200324,751,750,2.16,14.77,2.705,72.0,0.18314,2876.61,39.953,1331.76,-0.02,0.0,0.004,0.0,7.44,-0.02,-0.02,0.004,-3.822,0.843,0.674,0.0,-0.464,0.993,53.867,0.4686,0,0,0,0,,,drift_segment,20200324_S01
20200324_752,20200324,752,751,2.16,14.77,2.705,72.0,0.18314,2876.61,39.953,1331.76,-0.02,0.0,0.004,0.0,7.44,0.0,0.0,0.0,-3.822,0.843,0.674,0.0,-0.464,0.993,53.867,0.4187,0,0,0,0,,,drift_segment,20200324_S01
20200324_753,20200324,753,752,2.18,14.73,2.702,71.0,0.18344,2825.83,39.8,1296.25,0.0,-0.02,0.001,0.00029,-39.8,0.02,-0.04,-0.003,-3.373,0.169,0.0,-1.349,-0.162,-0.699,46.352,0.4476,0,0,0,0,,,drift_segment,20200324_S01
20200324_754,20200324,754,753,2.18,14.73,2.702,72.0,0.18344,2865.63,39.8,1314.51,0.0,-0.02,0.001,0.00029,0.0,0.0,0.0,0.0,-3.373,0.169,0.0,0.0,-0.162,0.628,46.435,0.3793,0,0,0,0,,,drift_segment,20200324_S01
20200324_759,20200324,759,758,2.32,14.97,2.7,71.0,0.18036,2869.75,40.419,1236.96,0.0,0.24,-0.001,-0.00301,5.54,0.0,0.22,0.003,-0.225,4.216,-0.45,-1.349,-3.321,0.765,27.414,0.6044,1,1,1,3,0.9797,0.0008,point_anomaly,
20200324_760,20200324,760,759,2.32,14.97,2.7,72.0,0.18036,2910.17,40.419,1254.38,0.0,0.24,-0.001,-0.00301,51.26,0.0,0.0,0.0,-0.225,4.216,-0.45,0.0,-3.321,2.112,26.149,0.566,1,1,1,3,0.9766,0.0025,point_anomaly,
20200324_787,20200324,787,786,2.33,14.95,2.7,72.0,0.1806,2906.28,40.365,1247.33,0.0,0.25,-0.001,-0.00314,45.26,0.02,0.21,0.001,0.0,3.878,-0.45,0.0,-3.073,1.982,25.894,0.6032,1,1,1,3,0.9779,0.0017,point_anomaly,
20200324_788,20200324,788,787,2.33,14.95,2.7,72.0,0.1806,2906.28,40.365,1247.33,0.0,0.25,-0.001,-0.00314,45.26,0.0,0.0,0.0,0.0,3.878,-0.45,0.0,-3.073,1.982,25.894,0.5572,1,1,1,3,0.9743,0.0034,point_anomaly,
20200324_821,20200324,821,820,2.33,14.71,2.717,72.0,0.1847,2877.63,39.967,1235.03,0.0,-0.01,0.008,0.00058,15.0,-0.01,-0.04,0.008,0.0,-0.169,3.372,0.0,1.141,1.028,11.842,0.5323,0,0,0,0,0.9516,0.0067,day_relative,
20200324_823,20200324,823,822,2.34,14.74,2.714,73.0,0.18412,2920.32,40.004,1248.0,0.01,0.02,0.005,0.0,57.69,0.01,0.03,-0.003,0.225,0.337,2.698,1.349,0.546,2.45,12.7,0.5389,0,0,0,0,0.9261,0.0143,day_relative,
20200325_450,20200325,450,449,2.3,14.97,2.7,72.0,0.18036,2910.17,40.419,1265.29,-0.01,0.06,0.0,-0.00102,25.47,-0.01,0.09,0.001,-0.675,4.216,-0.45,0.0,-3.321,2.112,19.917,0.5837,1,1,1,3,0.9758,0.0366,point_anomaly,
20200325_451,20200325,451,450,2.3,14.97,2.7,72.0,0.18036,2910.17,40.419,1265.29,-0.01,0.06,0.0,-0.00102,18.57,0.0,0.0,0.0,-0.675,4.216,-0.45,0.0,-3.321,2.112,19.917,0.5385,1,1,0,2,0.9681,0.0501,point_anomaly,
20200325_452,20200325,452,451,2.32,14.94,2.705,71.0,0.18106,2869.3,40.413,1236.77,0.0,0.01,0.0,-0.00033,-22.3,0.02,-0.03,0.005,-0.225,3.71,0.674,-1.349,-2.605,0.75,21.674,0.5044,1,1,0,2,0.9549,0.0636,point_anomaly,
20200325_453,20200325,453,452,2.32,14.94,2.705,71.0,0.18106,2869.3,40.413,1236.77,0.0,0.01,0.0,-0.00033,-40.87,0.0,0.0,0.0,-0.225,3.71,0.674,-1.349,-2.605,0.75,21.674,0.4623,1,1,0,2,0.9212,0.1037,point_anomaly,
20200325_454,20200325,454,453,2.34,14.91,2.713,72.0,0.18196,2912.46,40.451,1244.64,0.0,-0.03,0.006,0.0009,2.29,0.02,-0.03,0.008,0.225,3.204,2.473,0.0,-1.679,2.188,26.775,0.588,0,1,1,2,0.9684,0.0487,point_anomaly,
20200325_456,20200325,456,455,2.34,14.93,2.71,73.0,0.18151,2953.6,40.46,1262.22,0.0,-0.01,0.003,0.00046,40.46,0.0,0.02,-0.003,0.225,3.541,1.799,1.349,-2.136,3.56,31.427,0.563,1,1,1,3,0.9737,0.0405,point_anomaly,
20200325_457,20200325,457,456,2.34,14.93,2.71,72.0,0.18151,2913.14,40.46,1244.93,0.0,-0.01,0.003,0.00046,0.0,0.0,0.0,0.0,0.225,3.541,1.799,0.0,-2.136,2.211,27.82,0.496,1,1,0,2,0.9491,0.0704,point_anomaly,
20200325_458,20200325,458,457,2.35,14.99,2.707,72.0,0.18059,2921.61,40.578,1243.24,0.01,0.06,0.0,-6e-05,8.47,0.01,0.06,-0.003,0.45,4.553,1.124,0.0,-3.088,2.493,44.015,0.5986,1,1,1,3,0.9847,0.0231,point_anomaly,
20200325_459,20200325,459,458,2.35,14.99,2.707,72.0,0.18059,2921.61,40.578,1243.24,0.01,0.06,0.0,-6e-05,8.47,0.0,0.0,0.0,0.45,4.553,1.124,0.0,-3.088,2.493,44.015,0.5547,1,1,1,3,0.9806,0.0299,point_anomaly,
20200325_460,20200325,460,459,2.31,15.07,2.699,72.0,0.1791,2928.52,40.674,1267.76,-0.03,0.13,-0.001,-0.00155,15.38,-0.04,0.08,-0.008,-0.45,5.902,-0.674,0.0,-4.618,2.724,45.179,0.6827,1,1,1,3,0.9889,0.0135,point_anomaly,
20200325_461,20200325,461,460,2.31,15.07,2.699,72.0,0.1791,2928.52,40.674,1267.76,-0.03,0.13,-0.001,-0.00155,15.38,0.0,0.0,0.0,-0.45,5.902,-0.674,0.0,-4.618,2.724,45.179,0.6099,1,1,1,3,0.9871,0.0164,point_anomaly,
20200325_462,20200325,462,461,2.33,14.93,2.697,72.0,0.18064,2899.17,40.266,1244.28,0.0,-0.01,-0.003,0.0,-5.17,0.02,-0.14,-0.002,0.0,3.541,-1.124,0.0,-3.031,1.745,23.489,0.5599,1,1,1,3,0.9705,0.0463,point_anomaly,
20200325_463,20200325,463,462,2.33,14.93,2.697,72.0,0.18064,2899.17,40.266,1244.28,0.0,-0.01,-0.003,0.0,-5.17,0.0,0.0,0.0,0.0,3.541,-1.124,0.0,-3.031,1.745,23.489,0.4865,1,1,0,2,0.9419,0.0791,point_anomaly,
20200325_464,20200325,464,463,2.36,14.94,2.7,72.0,0.18072,2904.34,40.338,1230.65,0.03,0.0,0.0,0.0,0.0,0.03,0.01,0.003,0.674,3.71,-0.45,0.0,-2.949,1.918,36.974,0.5311,1,1,0,2,0.9688,0.0473,point_anomaly,
20200325_465,20200325,465,464,2.36,14.94,2.7,72.0,0.18072,2904.34,40.338,1230.65,0.03,0.0,0.0,0.0,0.0,0.0,0.0,0.0,0.674,3.71,-0.45,0.0,-2.949,1.918,36.974,0.4935,1,1,0,2,0.9534,0.0656,point_anomaly,
20200325_468,20200325,468,467,2.35,14.95,2.706,72.0,0.181,2912.74,40.455,1239.46,0.01,0.06,0.004,-0.00046,40.45,0.02,0.06,0.004,0.45,3.878,0.899,0.0,-2.66,2.198,34.153,0.6032,1,1,1,3,0.9802,0.0309,point_anomaly,
20200325_469,20200325,469,468,2.35,14.95,2.706,71.0,0.181,2872.28,40.455,1222.25,0.01,0.06,0.004,-0.00046,2.58,0.0,0.0,0.0,0.45,3.878,0.899,-1.349,-2.66,0.849,35.607,0.5359,1,1,0,2,0.9709,0.0453,point_anomaly,
20200325_486,20200325,486,485,2.4,14.8,2.697,73.0,0.18223,2913.84,39.916,1214.1,0.06,0.0,-0.003,-0.0002,36.72,0.06,0.0,-0.003,1.574,1.349,-1.124,1.349,-1.401,2.234,32.381,0.5892,0,1,1,2,0.8929,0.136,point_anomaly,
20200325_518,20200325,518,517,2.38,14.82,2.698,72.0,0.18205,2878.87,39.984,1209.61,0.06,-0.03,-0.006,0.0,0.0,0.06,-0.01,-0.001,1.124,1.686,-0.899,0.0,-1.584,1.069,22.966,0.5588,0,1,1,2,0.824,0.2141,point_anomaly,
20200325_524,20200325,524,523,2.37,14.97,2.706,72.0,0.18076,2916.64,40.509,1230.65,0.02,0.06,0.002,-0.00019,20.28,0.02,0.09,-0.001,0.899,4.216,0.899,0.0,-2.909,2.328,49.488,0.611,1,1,1,3,0.9863,0.0183,point_anomaly,
20200325_525,20200325,525,524,2.37,14.97,2.706,72.0,0.18076,2916.64,40.509,1230.65,0.02,0.06,0.002,-0.00019,20.28,0.0,0.0,0.0,0.899,4.216,0.899,0.0,-2.909,2.328,49.488,0.5569,1,1,1,3,0.9823,0.028,point_anomaly,
20200325_526,20200325,526,525,2.34,14.94,2.699,72.0,0.18066,2903.26,40.323,1240.71,-0.01,0.01,0.0,-0.00011,6.9,-0.03,-0.03,-0.007,0.225,3.71,-0.674,0.0,-3.017,1.882,28.208,0.5455,1,1,0,2,0.9719,0.0419,point_anomaly,
20200325_527,20200325,527,526,2.34,14.94,2.699,72.0,0.18066,2903.26,40.323,1240.71,-0.01,0.01,0.0,-0.00011,6.9,0.0,0.0,0.0,0.225,3.71,-0.674,0.0,-3.017,1.882,28.208,0.4852,1,1,0,2,0.9447,0.0752,point_anomaly,
20200325_530,20200325,530,529,2.28,14.93,2.693,72.0,0.18038,2894.87,40.206,1269.68,-0.01,-0.01,-0.006,0.0,0.0,-0.09,0.02,-0.005,-1.124,3.541,-2.023,0.0,-3.306,1.602,14.557,0.6155,1,0,1,2,0.971,0.0444,point_anomaly,
20200325_532,20200325,532,531,2.28,14.99,2.7,71.0,0.18012,2873.58,40.473,1260.34,-0.01,0.06,0.0,-0.00026,-21.28,0.0,0.06,0.007,-1.124,4.553,-0.45,-1.349,-3.568,0.893,19.449,0.6034,1,1,1,3,0.9776,0.0357,point_anomaly,
20200325_533,20200325,533,532,2.28,14.99,2.7,71.0,0.18012,2873.58,40.473,1260.34,-0.01,0.06,0.0,-0.00026,-16.41,0.0,0.0,0.0,-1.124,4.553,-0.45,-1.349,-3.568,0.893,19.449,0.5433,1,1,0,2,0.9716,0.0434,point_anomaly,
20200325_534,20200325,534,533,2.29,15.07,2.701,71.0,0.17923,2889.99,40.704,1262.0,0.0,0.13,0.0,-0.00114,0.0,0.01,0.08,0.001,-0.899,5.902,-0.225,-1.349,-4.482,1.439,37.477,0.6155,1,1,1,3,0.986,0.0193,point_anomaly,
20200325_535,20200325,535,534,2.29,15.07,2.701,71.0,0.17923,2889.99,40.704,1262.0,0.0,0.13,0.0,-0.00114,0.0,0.0,0.0,0.0,-0.899,5.902,-0.225,-1.349,-4.482,1.439,37.477,0.5767,1,1,1,3,0.9834,0.0251,point_anomaly,
20200325_542,20200325,542,541,2.31,14.95,2.703,73.0,0.1808,2949.92,40.41,1277.02,0.01,0.06,0.0,-0.0008,80.82,0.04,0.06,-0.001,-0.45,3.878,0.225,1.349,-2.867,3.437,22.763,0.6141,1,1,1,3,0.9777,0.0347,point_anomaly,
20200325_543,20200325,543,542,2.31,14.95,2.703,71.0,0.1808,2869.1,40.41,1242.03,0.01,0.06,0.0,-0.0008,2.41,0.0,0.0,0.0,-0.45,3.878,0.225,-1.349,-2.867,0.743,20.119,0.5123,1,1,0,2,0.9591,0.0608,point_anomaly,
20200325_550,20200325,550,549,1.74,14.72,2.702,71.0,0.18356,2823.91,39.773,1622.94,-0.61,-0.01,0.001,0.00019,-38.54,-0.61,0.0,-0.001,-13.265,0.0,0.0,-1.349,-0.034,-0.763,800.204,0.5241,1,1,0,2,0.9849,0.0222,point_anomaly,
20200325_551,20200325,551,550,1.74,14.71,2.702,72.0,0.18368,2861.74,39.746,1644.68,-0.61,-0.02,0.001,0.00032,-0.71,0.0,-0.01,0.0,-13.265,-0.169,0.0,0.0,0.094,0.498,812.392,0.4622,1,1,0,2,0.9439,0.0771,point_anomaly,
20200325_552,20200325,552,551,2.21,14.71,2.69,70.0,0.18287,2769.89,39.57,1253.35,-0.14,-0.02,-0.012,-0.00063,-94.68,0.47,0.0,-0.012,-2.698,-0.169,-2.698,-2.698,-0.744,-2.563,41.832,0.6785,0,1,1,2,0.9469,0.0714,point_anomaly,
20200325_556,20200325,556,555,2.48,14.73,2.708,72.0,0.18384,2872.0,39.889,1158.06,0.08,0.0,0.0,0.00012,7.42,0.13,0.0,0.007,3.373,0.169,1.349,0.0,0.256,0.84,61.489,0.5704,0,1,1,2,0.9785,0.0338,point_anomaly,
20200325_572,20200325,572,571,2.57,14.74,2.708,72.0,0.18372,2873.95,39.916,1118.27,0.09,0.0,0.006,0.00041,46.2,0.11,0.0,0.006,5.396,0.337,1.349,0.0,0.128,0.905,151.883,0.6008,1,1,1,3,0.9955,0.0058,point_anomaly,
20200325_573,20200325,573,572,2.57,14.73,2.708,73.0,0.18384,2911.89,39.889,1133.03,0.09,-0.01,0.006,0.00053,79.78,0.0,-0.01,0.0,5.396,0.169,1.349,1.349,0.256,2.169,149.9,0.5835,1,1,1,3,0.9942,0.0087,point_anomaly,
20200325_578,20200325,578,577,2.55,14.77,2.698,73.0,0.18267,2909.01,39.849,1140.79,0.07,0.03,-0.004,-0.00056,43.38,0.07,0.0,-0.004,4.946,0.843,-0.899,1.349,-0.951,2.073,146.031,0.6293,1,1,1,3,0.9963,0.0039,point_anomaly,
20200325_579,20200325,579,578,2.55,14.74,2.698,71.0,0.18304,2823.56,39.769,1107.28,0.07,0.0,-0.004,-0.00015,-42.07,0.0,-0.03,0.0,4.946,0.337,-0.899,-1.349,-0.569,-0.774,136.001,0.5374,1,1,0,2,0.9853,0.0212,point_anomaly,
20200325_586,20200325,586,585,2.49,14.76,2.702,72.0,0.18306,2871.47,39.882,1153.2,0.02,0.01,0.001,0.0,3.01,0.03,0.0,0.001,3.597,0.674,0.0,0.0,-0.545,0.822,77.774,0.4627,1,1,0,2,0.9326,0.0887,point_anomaly,
20200325_587,20200325,587,586,2.49,14.78,2.702,71.0,0.18281,2835.42,39.936,1138.72,0.02,0.02,0.001,-0.00018,-33.04,0.0,0.02,0.0,3.597,1.012,0.0,-1.349,-0.8,-0.379,86.163,0.4742,1,1,0,2,0.9454,0.0733,point_anomaly,
20200325_591,20200325,591,590,2.47,14.83,2.698,73.0,0.18193,2920.83,40.011,1182.52,0.0,0.03,-0.001,-0.00082,46.9,0.0,0.08,0.0,3.148,1.855,-0.899,1.349,-1.71,2.467,86.279,0.5669,0,1,1,2,0.9755,0.0381,point_anomaly,
20200325_616,20200325,616,615,2.4,14.85,2.713,70.0,0.18269,2820.16,40.288,1175.07,-0.01,0.03,0.009,0.00038,-58.9,0.0,0.0,0.005,1.574,2.192,2.473,-2.698,-0.924,-0.888,49.523,0.5705,0,1,1,2,0.945,0.0743,point_anomaly,
20200325_618,20200325,618,617,2.48,14.84,2.704,72.0,0.18221,2889.17,40.127,1164.99,0.01,0.01,0.0,-0.0001,10.11,0.08,0.0,-0.009,3.373,2.024,0.45,0.0,-1.421,1.412,93.056,0.5533,0,1,1,2,0.9795,0.0328,point_anomaly,
20200325_624,20200325,624,623,2.5,14.85,2.699,72.0,0.18175,2885.77,40.08,1154.31,0.02,0.02,0.0,-0.00034,3.7,0.02,0.0,0.0,3.822,2.192,-0.674,0.0,-1.893,1.299,118.429,0.4964,1,1,0,2,0.9657,0.055,point_anomaly,
20200325_625,20200325,625,624,2.5,14.83,2.699,72.0,0.182,2881.88,40.026,1152.75,0.02,0.0,0.0,-9e-05,-0.19,0.0,-0.02,0.0,3.822,1.855,-0.674,0.0,-1.641,1.169,111.183,0.4759,1,1,0,2,0.9503,0.0685,point_anomaly,
20200325_628,20200325,628,627,2.49,14.82,2.704,71.0,0.18246,2845.2,40.073,1142.65,0.0,-0.03,0.0,0.0004,-36.87,0.02,0.0,0.003,3.597,1.686,0.45,-1.349,-1.168,-0.053,98.241,0.4976,1,1,0,2,0.9631,0.0574,point_anomaly,
20200325_629,20200325,629,628,2.49,14.85,2.704,72.0,0.18209,2891.12,40.154,1161.09,0.0,0.0,0.0,3e-05,9.04,0.0,0.03,0.0,3.597,2.192,0.45,0.0,-1.547,1.477,105.973,0.4661,1,1,0,2,0.9386,0.0829,point_anomaly,
20200325_632,20200325,632,631,2.51,14.88,2.708,72.0,0.18199,2901.24,40.295,1155.87,0.02,0.0,0.003,0.0,10.13,0.04,0.0,-0.001,4.047,2.698,1.349,0.0,-1.648,1.815,138.167,0.5471,1,1,0,2,0.9878,0.0154,point_anomaly,
20200325_633,20200325,633,632,2.51,14.97,2.708,70.0,0.1809,2837.71,40.539,1130.56,0.02,0.06,0.003,-0.00039,-58.75,0.0,0.09,0.0,4.047,4.216,1.349,-2.698,-2.772,-0.303,188.087,0.6541,1,1,1,3,0.9961,0.0048,point_anomaly,
20200325_634,20200325,634,633,2.5,14.97,2.705,71.0,0.18069,2875.06,40.494,1150.03,0.03,0.06,0.0,-0.00039,-21.4,-0.01,0.0,-0.003,3.822,4.216,0.674,-1.349,-2.977,0.942,168.143,0.6132,1,1,1,3,0.9949,0.0068,point_anomaly,
20200325_635,20200325,635,634,2.5,14.94,2.705,72.0,0.18106,2909.71,40.413,1163.89,0.03,0.01,0.0,0.0,13.25,0.0,-0.03,0.0,3.822,3.71,0.674,0.0,-2.605,2.097,152.008,0.5623,1,1,1,3,0.9898,0.0125,point_anomaly,
20200325_636,20200325,636,635,2.46,14.94,2.703,72.0,0.18092,2907.56,40.383,1181.94,0.0,0.01,0.0,0.0,6.32,-0.04,0.0,-0.002,2.923,3.71,0.225,0.0,-2.742,2.025,109.844,0.5566,1,1,1,3,0.9859,0.0203,point_anomaly,
20200325_638,20200325,638,637,2.46,14.91,2.7,73.0,0.18109,2938.76,40.257,1194.62,0.0,-0.03,0.0,0.00024,31.2,0.0,0.0,-0.003,2.923,3.204,-0.45,1.349,-2.575,3.065,102.653,0.5723,0,1,1,2,0.9801,0.0318,point_anomaly,
20200325_639,20200325,639,638,2.46,14.93,2.7,71.0,0.18084,2862.08,40.311,1163.45,0.0,-0.01,0.0,0.00013,-47.63,0.0,0.02,0.0,2.923,3.541,-0.45,-1.349,-2.824,0.509,109.771,0.5156,1,1,0,2,0.9719,0.0419,point_anomaly,
20200325_640,20200325,640,639,2.46,14.93,2.698,71.0,0.18071,2859.96,40.281,1162.59,0.0,-0.01,-0.002,-0.00013,-49.75,0.0,0.0,-0.002,2.923,3.541,-0.899,-1.349,-2.962,0.439,111.158,0.5278,1,1,0,2,0.9755,0.0381,point_anomaly,
20200325_641,20200325,641,640,2.46,14.99,2.698,72.0,0.17999,2911.9,40.443,1183.7,0.0,0.06,-0.002,-0.00086,3.06,0.0,0.06,0.0,2.923,4.553,-0.899,0.0,-3.705,2.17,132.451,0.6132,1,1,1,3,0.9943,0.0077,point_anomaly,
20200325_642,20200325,642,641,2.5,14.99,2.697,72.0,0.17992,2910.82,40.428,1164.33,0.01,0.06,-0.003,-0.00092,0.03,0.04,0.0,-0.001,3.822,4.553,-1.124,0.0,-3.773,2.134,179.433,0.6296,1,1,1,3,0.9967,0.0029,point_anomaly,
20200325_643,20200325,643,642,2.5,15.07,2.697,72.0,0.17896,2926.35,40.644,1170.54,0.01,0.13,-0.003,-0.00188,15.56,0.0,0.08,0.0,3.822,5.902,-1.124,0.0,-4.754,2.651,219.988,0.6656,1,1,1,3,0.9987,0.001,point_anomaly,
20200325_644,20200325,644,643,2.49,15.07,2.703,72.0,0.17936,2932.86,40.734,1177.86,0.0,0.13,0.0,-0.00148,24.02,-0.01,0.0,0.006,3.597,5.902,0.225,0.0,-4.346,2.868,202.397,0.659,1,1,1,3,0.9984,0.0019,point_anomaly,
20200325_645,20200325,645,644,2.49,14.93,2.703,72.0,0.18104,2905.62,40.356,1166.91,0.0,-0.01,0.0,0.0,-3.22,0.0,-0.14,0.0,3.597,3.541,0.225,0.0,-2.618,1.96,136.956,0.5599,1,1,1,3,0.9866,0.0174,point_anomaly,
20200325_646,20200325,646,645,2.49,14.93,2.706,72.0,0.18125,2908.84,40.401,1168.21,0.0,-0.01,0.003,0.0002,0.0,0.0,0.0,0.003,3.597,3.541,0.899,0.0,-2.411,2.068,136.425,0.542,1,1,0,2,0.9827,0.027,point_anomaly,
20200325_647,20200325,647,646,2.49,14.94,2.706,72.0,0.18112,2910.79,40.428,1168.99,0.0,0.0,0.003,8e-05,5.17,0.0,0.01,0.0,3.597,3.71,0.899,0.0,-2.536,2.133,140.596,0.5396,1,1,0,2,0.9839,0.0241,point_anomaly,
20200325_648,20200325,648,647,2.48,14.94,2.709,71.0,0.18133,2873.54,40.472,1158.69,-0.01,0.0,0.006,0.0002,0.0,-0.01,0.0,0.003,3.373,3.71,1.574,-1.349,-2.33,0.891,132.717,0.5728,1,1,1,3,0.9887,0.0145,point_anomaly,
20200325_649,20200325,649,648,2.48,14.89,2.709,71.0,0.18193,2863.93,40.337,1154.81,-0.01,-0.04,0.006,0.00069,-9.62,0.0,-0.05,0.0,3.373,2.867,1.574,-1.349,-1.704,0.571,113.367,0.5679,0,1,1,2,0.9833,0.026,point_anomaly,
20200325_650,20200325,650,649,2.51,14.89,2.703,71.0,0.18153,2857.58,40.248,1138.48,0.02,-0.04,0.0,0.00021,-11.51,0.03,0.0,-0.006,4.047,2.867,0.225,-1.349,-2.118,0.359,145.509,0.5781,1,1,1,3,0.9917,0.0116,point_anomaly,
20200325_651,20200325,651,650,2.51,14.95,2.703,71.0,0.1808,2869.1,40.41,1143.07,0.02,0.06,0.0,-0.00073,5.17,0.0,0.06,0.0,4.047,3.878,0.225,-1.349,-2.867,0.743,171.72,0.5973,1,1,1,3,0.9935,0.0096,point_anomaly,
20200325_652,20200325,652,651,2.44,14.95,2.696,71.0,0.18033,2861.67,40.305,1172.82,-0.04,0.06,-0.006,-0.0016,0.0,-0.07,0.0,-0.007,2.473,3.878,-1.349,-1.349,-3.348,0.496,101.336,0.6679,1,1,1,3,0.9924,0.0106,point_anomaly,
20200325_654,20200325,654,653,2.49,14.74,2.702,73.0,0.18331,2907.41,39.827,1167.63,0.01,0.0,0.004,0.00016,46.02,0.05,0.0,0.006,3.597,0.337,0.0,1.349,-0.29,2.02,74.652,0.5557,1,1,1,3,0.9819,0.0289,point_anomaly,
20200325_655,20200325,655,654,2.49,14.73,2.702,71.0,0.18344,2825.83,39.8,1134.87,0.01,0.0,0.004,0.00027,-35.38,0.0,-0.01,0.0,3.597,0.169,0.0,-1.349,-0.162,-0.699,72.015,0.4484,1,1,0,2,0.9123,0.1148,point_anomaly,
20200325_662,20200325,662,661,2.52,14.73,2.705,72.0,0.18364,2868.81,39.845,1138.42,0.03,0.0,0.001,0.00012,4.42,0.06,0.0,0.001,4.272,0.169,0.674,0.0,0.047,0.734,95.113,0.5024,0,0,0,0,,,drift_segment,20200325_S02
20200325_663,20200325,663,662,2.52,14.74,2.705,72.0,0.18351,2870.76,39.872,1139.19,0.03,0.01,0.001,0.0,6.37,0.0,0.01,0.0,4.272,0.337,0.674,0.0,-0.081,0.799,98.212,0.4572,0,0,0,0,,,drift_segment,20200325_S02
20200325_664,20200325,664,663,2.49,14.74,2.706,71.0,0.18358,2831.94,39.886,1137.32,0.0,0.01,0.002,7e-05,-32.46,-0.03,0.0,0.001,3.597,0.337,0.899,-1.349,-0.011,-0.495,74.017,0.468,0,0,0,0,,,drift_segment,20200325_S02
20200325_665,20200325,665,664,2.49,14.74,2.706,72.0,0.18358,2871.82,39.886,1153.34,0.0,0.0,0.002,7e-05,10.43,0.0,0.0,0.0,3.597,0.337,0.899,0.0,-0.011,0.834,71.559,0.4224,0,0,0,0,,,drift_segment,20200325_S02
20200325_666,20200325,666,665,2.49,14.74,2.699,72.0,0.18311,2864.39,39.783,1150.36,0.0,0.0,0.0,-0.00012,0.0,0.0,0.0,-0.007,3.597,0.337,-0.674,0.0,-0.499,0.586,73.785,0.452,0,0,0,0,,,drift_segment,20200325_S02
20200325_667,20200325,667,666,2.49,14.73,2.699,71.0,0.18323,2822.7,39.756,1133.61,0.0,-0.01,0.0,7e-05,-41.7,0.0,-0.01,0.0,3.597,0.169,-0.674,-1.349,-0.372,-0.803,73.606,0.432,0,0,0,0,,,drift_segment,20200325_S02
20200325_668,20200325,668,667,2.5,14.73,2.698,72.0,0.18316,2861.39,39.742,1144.56,0.01,-0.01,-0.001,0.0,-3.0,0.01,0.0,-0.001,3.822,0.169,-0.899,0.0,-0.441,0.486,80.248,0.4367,0,0,0,0,,,drift_segment,20200325_S02
20200325_669,20200325,669,668,2.5,14.74,2.698,70.0,0.18304,2783.8,39.769,1113.52,0.01,0.0,-0.001,-7e-05,-77.59,0.0,0.01,0.0,3.822,0.337,-0.899,-2.698,-0.569,-2.1,93.215,0.5142,0,0,0,0,,,drift_segment,20200325_S02
20200325_670,20200325,670,669,2.48,14.74,2.694,71.0,0.18277,2819.38,39.71,1136.85,-0.01,0.0,-0.004,-0.00027,-42.01,-0.02,0.0,-0.004,3.373,0.337,-1.799,-1.349,-0.848,-0.914,72.796,0.5136,0,0,0,0,,,drift_segment,20200325_S02
20200325_671,20200325,671,670,2.48,14.77,2.694,72.0,0.1824,2864.91,39.79,1155.2,-0.01,0.03,-0.004,-0.00047,42.21,0.0,0.03,0.0,3.373,0.843,-1.799,0.0,-1.229,0.603,78.445,0.5009,0,0,0,0,,,drift_segment,20200325_S02
20200325_672,20200325,672,671,2.48,14.77,2.701,72.0,0.18287,2872.35,39.894,1158.21,-0.01,0.03,0.007,0.0001,52.97,0.0,0.0,0.007,3.373,0.843,-0.225,0.0,-0.742,0.852,72.645,0.5244,0,0,0,0,,,drift_segment,20200325_S02
20200325_673,20200325,673,672,2.48,14.74,2.701,72.0,0.18324,2866.52,39.813,1155.85,-0.01,0.0,0.007,0.00085,82.72,0.0,-0.03,0.0,3.373,0.337,-0.225,0.0,-0.36,0.657,64.606,0.4742,0,0,0,0,,,drift_segment,20200325_S02
20200325_674,20200325,674,673,2.49,14.74,2.542,73.0,0.17246,2735.24,37.469,1098.49,0.0,0.0,0.0,-0.00012,0.0,0.01,0.0,-0.159,3.597,0.337,-35.973,1.349,-11.441,-3.718,1468.11,0.6147,0,0,0,0,,,drift_segment,20200325_S02
20200325_675,20200325,675,674,2.49,14.73,2.542,71.0,0.17257,2658.5,37.444,1067.67,0.0,-0.02,0.0,0.00012,0.0,0.0,-0.01,0.0,3.597,0.169,-35.973,-1.349,-11.32,-6.276,1467.265,0.5666,0,0,0,0,,,drift_segment,20200325_S02
20200325_676,20200325,676,675,2.49,14.73,2.481,71.0,0.16843,2594.7,36.545,1042.05,0.0,-0.02,0.0,0.0,-40.12,0.0,0.0,-0.061,3.597,0.169,-49.688,-1.349,-15.575,-8.402,2702.442,0.6177,0,0,0,0,,,drift_segment,20200325_S02
20200325_677,20200325,677,676,2.49,14.75,2.481,72.0,0.1682,2634.82,36.595,1058.16,0.0,0.0,0.0,0.0,2.09,0.0,0.02,0.0,3.597,0.506,-49.688,0.0,-15.809,-7.065,2705.325,0.5565,0,0,0,0,,,drift_segment,20200325_S02
20200325_678,20200325,678,677,10.54,14.75,2.476,72.0,0.16786,2629.51,36.521,249.48,1.47,0.0,0.0,0.0,-1.78,8.05,0.0,-0.005,184.588,0.506,-50.812,0.0,-16.157,-7.242,167042.471,0.6547,0,0,0,0,,,drift_segment,20200325_S02
20200325_679,20200325,679,678,10.54,14.76,2.476,72.0,0.16775,2631.29,36.546,249.65,1.47,0.01,0.0,0.0,1.78,0.0,0.01,0.0,184.588,0.674,-50.812,0.0,-16.274,-7.183,167163.912,0.6074,0,0,0,0,,,drift_segment,20200325_S02
20200325_680,20200325,680,679,9.27,14.76,2.474,72.0,0.16762,2629.17,36.516,283.62,0.2,0.01,0.0,0.0,0.0,-1.27,0.0,-0.002,156.034,0.674,-51.262,0.0,-16.413,-7.254,120912.92,0.6541,0,0,0,0,,,drift_segment,20200325_S02
20200325_681,20200325,681,680,9.27,14.78,2.474,72.0,0.16739,2632.73,36.566,284.01,0.2,0.02,0.0,0.0,6.38,0.0,0.02,0.0,156.034,1.012,-51.262,0.0,-16.646,-7.135,121118.872,0.6179,0,0,0,0,,,drift_segment,20200325_S02
20200325_682,20200325,682,681,9.07,14.78,2.468,72.0,0.16698,2626.35,36.477,289.56,0.0,0.02,0.0,-0.00034,0.0,-0.2,0.0,-0.006,151.538,1.012,-52.611,0.0,-17.063,-7.348,114745.078,0.6394,0,0,0,0,,,drift_segment,20200325_S02
20200325_683,20200325,683,682,9.07,14.75,2.468,72.0,0.16732,2621.02,36.403,288.98,0.0,-0.03,0.0,0.0,-1.78,0.0,-0.03,0.0,151.538,0.506,-52.611,0.0,-16.715,-7.525,114444.981,0.5803,0,0,0,0,,,drift_segment,20200325_S02
20200325_684,20200325,684,683,9.01,14.75,2.464,71.0,0.16705,2580.42,36.344,286.4,-0.04,-0.03,-0.004,-0.00027,-42.37,-0.06,0.0,-0.004,150.189,0.506,-53.51,-1.349,-16.993,-8.878,112716.487,0.6614,0,0,0,0,,,drift_segment,20200325_S02
20200325_685,20200325,685,684,9.01,14.83,2.464,71.0,0.16615,2594.42,36.541,287.95,-0.04,0.03,-0.004,-0.00117,-28.38,0.0,0.08,0.0,150.189,1.855,-53.51,-1.349,-17.919,-8.412,113511.408,0.6513,0,0,0,0,,,drift_segment,20200325_S02
20200325_686,20200325,686,685,9.05,14.83,2.467,71.0,0.16635,2597.58,36.586,287.03,0.01,0.03,-0.001,-0.00097,-25.22,0.04,0.0,0.003,151.088,1.855,-52.836,-1.349,-17.711,-8.307,114692.445,0.633,0,0,0,0,,,drift_segment,20200325_S02
20200325_687,20200325,687,686,9.05,14.8,2.467,71.0,0.16669,2592.32,36.512,286.44,0.01,0.0,-0.001,-0.00063,-30.47,0.0,-0.03,0.0,151.088,1.349,-52.836,-1.349,-17.365,-8.482,114392.058,0.5927,0,0,0,0,,,drift_segment,20200325_S02
20200325_688,20200325,688,687,9.04,14.8,2.496,71.0,0.16865,2622.8,36.941,290.13,0.03,0.0,0.0,0.0,0.0,-0.01,0.0,0.029,150.863,1.349,-46.316,-1.349,-15.352,-7.466,112978.44,0.6393,0,0,0,0,,,drift_segment,20200325_S02
20200325_689,20200325,689,688,9.04,14.8,2.496,72.0,0.16865,2659.74,36.941,294.22,0.03,0.0,0.0,0.0,0.0,0.0,0.0,0.0,150.863,1.349,-46.316,0.0,-15.352,-6.235,112920.205,0.5801,0,0,0,0,,,drift_segment,20200325_S02
20200325_690,20200325,690,689,8.98,14.8,2.54,73.0,0.17162,2744.22,37.592,305.59,0.0,0.0,0.0,0.0,75.18,-0.06,0.0,0.044,149.514,1.349,-36.423,1.349,-12.298,-3.419,109454.265,0.6607,0,0,0,0,,,drift_segment,20200325_S02
20200325_691,20200325,691,690,8.98,14.8,2.54,71.0,0.17162,2669.03,37.592,297.22,0.0,0.0,0.0,0.0,-70.15,0.0,0.0,0.0,149.514,1.349,-36.423,-1.349,-12.298,-5.925,109564.156,0.5769,0,0,0,0,,,drift_segment,20200325_S02
20200325_692,20200325,692,691,8.95,14.8,2.605,72.0,0.17601,2775.89,38.554,310.16,0.0,0.0,0.0,0.00012,31.67,-0.03,0.0,0.065,148.84,1.349,-21.809,0.0,-7.786,-2.364,106738.383,0.6304,0,0,0,0,,,drift_segment,20200325_S02
20200325_693,20200325,693,692,8.95,14.81,2.605,71.0,0.17589,2739.18,38.58,306.05,0.0,0.01,0.0,-0.00012,-36.7,0.0,0.01,0.0,148.84,1.518,-21.809,-1.349,-7.908,-3.587,106893.165,0.5857,0,0,0,0,,,drift_segment,20200325_S02
20200325_694,20200325,694,693,8.79,14.81,2.673,72.0,0.18049,2850.27,39.587,324.26,0.0,0.01,0.0,0.0,0.0,-0.16,0.0,0.068,145.242,1.518,-6.52,0.0,-3.192,0.116,100418.889,0.6224,0,0,0,0,,,drift_segment,20200325_S02
20200325_695,20200325,695,694,8.79,14.8,2.673,73.0,0.18061,2887.91,39.56,328.54,0.0,0.0,0.0,0.0,29.73,0.0,-0.01,0.0,145.242,1.349,-6.52,1.349,-3.066,1.37,100273.46,0.5508,0,0,0,0,,,drift_segment,20200325_S02
20200325_696,20200325,696,695,8.58,14.8,2.72,71.0,0.18378,2858.18,40.256,333.12,0.0,0.0,0.0,0.0,-29.73,-0.21,0.0,0.047,140.521,1.349,4.047,-1.349,0.196,0.379,93343.444,0.608,0,0,0,0,,,drift_segment,20200325_S02
20200325_697,20200325,697,696,8.58,14.78,2.72,72.0,0.18403,2894.52,40.202,337.36,0.0,-0.03,0.0,0.0,0.0,0.0,-0.02,0.0,140.521,1.012,4.047,0.0,0.451,1.59,93106.369,0.5276,0,0,0,0,,,drift_segment,20200325_S02
20200325_698,20200325,698,697,8.25,14.78,2.745,72.0,0.18572,2921.12,40.571,354.08,0.0,-0.03,0.0,0.00038,0.0,-0.33,0.0,0.025,133.101,1.012,9.668,0.0,2.189,2.477,83321.619,0.6421,0,0,0,0,,,drift_segment,20200325_S02
20200325_699,20200325,699,698,8.25,14.81,2.745,72.0,0.18535,2927.05,40.653,354.79,0.0,0.0,0.0,0.0,5.93,0.0,0.03,0.0,133.101,1.518,9.668,0.0,1.802,2.675,83583.426,0.548,0,0,0,0,,,drift_segment,20200325_S02
20200325_700,20200325,700,699,7.92,14.81,2.751,72.0,0.18575,2933.45,40.742,370.38,0.0,0.0,0.003,0.00038,12.33,-0.33,0.0,0.006,125.682,1.518,11.017,0.0,2.218,2.888,74515.037,0.6163,0,0,0,0,,,drift_segment,20200325_S02
20200325_701,20200325,701,700,7.92,14.84,2.751,72.0,0.18538,2939.39,40.825,371.13,0.0,0.03,0.003,0.0,16.61,0.0,0.03,0.0,125.682,2.024,11.017,0.0,1.833,3.086,74762.973,0.5789,0,0,0,0,,,drift_segment,20200325_S02
20200325_702,20200325,702,701,7.61,14.84,2.756,72.0,0.18571,2944.73,40.899,386.96,0.0,0.03,0.008,0.00034,21.95,-0.31,0.0,0.005,118.712,2.024,12.141,0.0,2.179,3.264,66715.495,0.642,0,0,0,0,,,drift_segment,20200325_S02
20200325_703,20200325,703,702,7.61,14.83,2.756,72.0,0.18584,2942.75,40.871,386.69,0.0,0.02,0.008,0.00046,15.7,0.0,-0.01,0.0,118.712,1.855,12.141,0.0,2.307,3.198,66637.328,0.5901,0,0,0,0,,,drift_segment,20200325_S02
20200325_704,20200325,704,703,7.33,14.83,2.748,71.0,0.1853,2893.45,40.753,394.74,0.0,0.02,0.0,-5e-05,-33.6,-0.28,0.0,-0.008,112.417,1.855,10.342,-1.349,1.753,1.555,59881.975,0.6075,0,0,0,0,,,drift_segment,20200325_S02
20200325_705,20200325,705,704,7.33,14.81,2.748,71.0,0.18555,2889.55,40.698,394.21,0.0,-0.02,0.0,0.00025,-34.71,0.0,-0.02,0.0,112.417,1.518,10.342,-1.349,2.01,1.425,59733.993,0.5428,0,0,0,0,,,drift_segment,20200325_S02
20200325_706,20200325,706,705,7.18,14.81,2.741,72.0,0.18508,2922.78,40.594,407.07,0.0,-0.02,0.0,0.0,0.0,-0.15,0.0,-0.007,109.044,1.518,8.768,0.0,1.525,2.532,56223.262,0.6097,0,0,0,0,,,drift_segment,20200325_S02
20200325_707,20200325,707,706,7.18,14.81,2.741,71.0,0.18508,2882.19,40.594,401.42,0.0,-0.02,0.0,0.0,-34.59,0.0,0.0,0.0,109.044,1.518,8.768,-1.349,1.525,1.179,56264.309,0.5206,0,0,0,0,,,drift_segment,20200325_S02
20200325_708,20200325,708,707,7.05,14.81,2.735,73.0,0.18467,2956.89,40.505,419.42,0.0,-0.02,0.0,0.0,42.08,-0.13,0.0,-0.006,106.121,1.518,7.419,1.349,1.109,3.669,53268.414,0.6262,0,0,0,0,,,drift_segment,20200325_S02
20200325_709,20200325,709,708,7.05,14.85,2.735,72.0,0.18418,2924.26,40.615,414.79,0.0,0.03,0.0,0.0,18.0,0.0,0.04,0.0,106.121,2.192,7.419,0.0,0.598,2.582,53583.527,0.5634,0,0,0,0,,,drift_segment,20200325_S02
20200325_710,20200325,710,709,7.0,14.85,2.728,72.0,0.1837,2916.78,40.511,416.68,0.0,0.03,0.0,-0.00012,10.51,-0.05,0.0,-0.007,104.997,2.192,5.846,0.0,0.113,2.332,52512.797,0.6035,0,0,0,0,,,drift_segment,20200325_S02
20200325_711,20200325,711,710,7.0,14.84,2.728,72.0,0.18383,2914.81,40.484,416.4,0.0,0.01,0.0,0.00012,8.55,0.0,-0.01,0.0,104.997,2.024,5.846,0.0,0.241,2.267,52443.382,0.5318,0,0,0,0,,,drift_segment,20200325_S02
20200325_712,20200325,712,711,6.93,14.84,2.72,72.0,0.18329,2906.27,40.365,419.37,0.0,0.01,0.0,-0.00025,3.92,-0.07,0.0,-0.008,103.423,2.024,4.047,0.0,-0.313,1.982,50956.532,0.5928,0,0,0,0,,,drift_segment,20200325_S02
20200325_713,20200325,713,712,6.93,14.82,2.72,72.0,0.18354,2902.35,40.31,418.81,0.0,-0.02,0.0,0.00025,0.0,0.0,-0.02,0.0,103.423,1.686,4.047,0.0,-0.059,1.851,50819.921,0.5288,0,0,0,0,,,drift_segment,20200325_S02
20200325_714,20200325,714,713,6.89,14.82,2.707,72.0,0.18266,2888.48,40.118,419.23,0.0,-0.02,0.0,0.0,-1.95,-0.04,0.0,-0.013,102.524,1.686,1.124,0.0,-0.96,1.389,50059.077,0.5447,0,0,0,0,,,drift_segment,20200325_S02
20200325_715,20200325,715,714,6.89,14.83,2.707,72.0,0.18254,2890.43,40.145,419.51,0.0,0.0,0.0,0.0,1.95,0.0,0.01,0.0,102.524,1.855,1.124,0.0,-1.087,1.454,50126.805,0.4625,0,0,0,0,,,drift_segment,20200325_S02
20200325_716,20200325,716,715,6.89,14.83,2.699,72.0,0.182,2881.88,40.026,418.27,0.0,0.0,0.0,0.0,0.0,0.0,0.0,-0.008,102.524,1.855,-0.674,0.0,-1.641,1.169,50205.168,0.4971,0,0,0,0,,,drift_segment,20200325_S02
20200325_717,20200325,717,716,6.65,14.85,2.694,72.0,0.18141,2880.42,40.006,433.15,-0.13,0.02,0.0,0.0,0.0,-0.24,0.02,-0.005,97.128,2.192,-1.799,0.0,-2.238,1.121,45285.147,0.6271,0,0,0,0,,,drift_segment,20200325_S02
20200325_718,20200325,718,717,6.68,14.85,2.685,71.0,0.18081,2830.93,39.872,423.79,-0.06,0.02,0.0,0.0,-44.65,0.03,0.0,-0.009,97.803,2.192,-3.822,-1.349,-2.861,-0.529,46042.914,0.6375,0,0,0,0,,,drift_segment,20200325_S02
20200325_719,20200325,719,718,6.7,14.83,2.677,71.0,0.18051,2818.69,39.7,420.7,-0.02,0.0,0.0,0.0,-32.23,0.02,-0.02,-0.008,98.252,1.855,-5.621,-1.349,-3.165,-0.937,46424.775,0.6008,0,0,0,0,,,drift_segment,20200325_S02
20200325_720,20200325,720,719,6.74,14.83,2.67,72.0,0.18004,2850.92,39.596,422.99,0.04,0.0,0.0,0.0,11.82,0.04,0.0,-0.007,99.152,1.855,-7.195,0.0,-3.65,0.137,47317.237,0.612,0,0,0,0,,,drift_segment,20200325_S02
20200325_721,20200325,721,720,6.72,14.82,2.663,71.0,0.17969,2802.06,39.466,416.97,0.04,-0.03,0.0,0.0,-37.04,-0.02,-0.01,-0.007,98.702,1.686,-8.768,-1.349,-4.01,-1.491,46959.98,0.6432,0,0,0,0,,,drift_segment,20200325_S02
20200325_722,20200325,722,721,6.78,14.82,2.658,73.0,0.17935,2875.58,39.392,424.13,0.13,-0.03,0.0,0.0,36.48,0.06,0.0,-0.005,100.051,1.686,-9.893,1.349,-4.357,0.959,48231.41,0.6612,0,0,0,0,,,drift_segment,20200325_S02
20200325_723,20200325,723,722,6.58,14.85,2.65,72.0,0.17845,2833.38,39.352,430.6,-0.06,0.0,-0.007,0.0,0.0,-0.2,0.03,-0.008,95.554,2.192,-11.691,0.0,-5.282,-0.447,44390.858,0.678,0,0,0,0,,,drift_segment,20200325_S02
20200325_724,20200325,724,723,6.61,14.85,2.648,72.0,0.17832,2831.24,39.323,428.33,-0.03,0.0,-0.007,0.0,-7.86,0.03,0.0,-0.002,96.229,2.192,-12.141,0.0,-5.42,-0.519,45037.013,0.6092,0,0,0,0,,,drift_segment,20200325_S02
20200325_725,20200325,725,724,6.56,14.88,2.65,72.0,0.17809,2839.1,39.432,432.79,-0.08,0.0,-0.005,-7e-05,-1.07,-0.05,0.03,0.002,95.105,2.698,-11.691,0.0,-5.652,-0.257,44172.45,0.6422,0,0,0,0,,,drift_segment,20200325_S02
20200325_726,20200325,726,725,6.57,14.88,2.651,72.0,0.17816,2840.18,39.447,432.29,-0.07,0.0,-0.003,7e-05,1.07,0.01,0.0,0.001,95.329,2.698,-11.466,0.0,-5.583,-0.221,44362.365,0.591,0,0,0,0,,,drift_segment,20200325_S02
20200325_727,20200325,727,726,6.64,14.97,2.654,72.0,0.17729,2860.59,39.73,430.81,0.01,0.06,0.001,-0.00065,20.41,0.07,0.09,0.003,96.903,4.216,-10.792,0.0,-6.477,0.46,46348.606,0.6724,0,0,0,0,,,drift_segment,20200325_S02
20200325_728,20200325,728,727,6.63,14.97,2.657,71.0,0.17749,2824.05,39.775,425.95,0.0,0.06,0.005,-0.00038,-15.06,-0.01,0.0,0.003,96.678,4.216,-10.117,-1.349,-6.271,-0.758,46134.058,0.6586,0,0,0,0,,,drift_segment,20200325_S02
20200325_729,20200325,729,728,6.67,14.94,2.655,72.0,0.17771,2855.93,39.666,428.18,0.03,0.01,0.002,-7e-05,16.83,0.04,-0.03,-0.002,97.578,3.71,-10.567,0.0,-6.043,0.304,46767.168,0.6307,0,0,0,0,,,drift_segment,20200325_S02
20200325_730,20200325,730,729,6.73,14.94,2.656,72.0,0.17778,2857.01,39.681,424.52,0.09,0.01,0.002,1e-05,16.83,0.06,0.0,0.001,98.927,3.71,-10.342,0.0,-5.974,0.34,48022.815,0.6495,0,0,0,0,,,drift_segment,20200325_S02
20200325_731,20200325,731,730,6.7,14.91,2.652,71.0,0.17787,2807.43,39.541,419.02,0.03,-0.03,-0.002,0.00016,-40.61,-0.03,-0.03,-0.004,98.252,3.204,-11.242,-1.349,-5.882,-1.312,47283.95,0.6515,0,0,0,0,,,drift_segment,20200325_S02
20200325_732,20200325,732,731,6.63,14.91,2.653,72.0,0.17793,2848.05,39.556,429.57,-0.04,-0.03,-0.001,0.00045,-7.88,-0.07,0.0,0.001,96.678,3.204,-11.017,0.0,-5.813,0.042,45764.068,0.6385,0,0,0,0,,,drift_segment,20200325_S02
20200325_733,20200325,733,732,6.64,14.93,2.643,70.0,0.17703,2762.2,39.46,415.99,-0.06,-0.01,-0.011,-0.00046,-85.85,0.01,0.02,-0.01,96.903,3.541,-13.265,-2.698,-6.746,-2.82,46332.252,0.7043,0,0,0,0,,,drift_segment,20200325_S02
20200325_734,20200325,734,733,6.67,14.93,2.654,71.0,0.17776,2813.32,39.624,421.79,-0.03,-0.01,0.0,5e-05,-39.62,0.03,0.0,0.011,97.578,3.541,-10.792,-1.349,-5.989,-1.116,46753.615,0.646,0,0,0,0,,,drift_segment,20200325_S02
20200325_735,20200325,735,734,6.7,14.99,2.654,72.0,0.17705,2864.41,39.783,427.52,-0.03,0.06,0.0,-0.00038,16.36,0.03,0.06,0.0,98.252,4.553,-10.792,0.0,-6.72,0.587,47745.554,0.6606,0,0,0,0,,,drift_segment,20200325_S02
20200325_736,20200325,736,735,6.74,14.99,2.655,72.0,0.17712,2865.49,39.798,425.15,0.0,0.06,0.002,-0.00012,17.92,0.04,0.0,0.001,99.152,4.553,-10.567,0.0,-6.652,0.623,48584.498,0.6347,0,0,0,0,,,drift_segment,20200325_S02
20200325_737,20200325,737,736,6.82,15.07,2.656,72.0,0.17624,2881.87,40.026,422.56,0.08,0.13,0.003,-0.001,33.82,0.08,0.08,0.001,100.95,5.902,-10.342,0.0,-7.549,1.169,50846.992,0.7228,0,0,0,0,,,drift_segment,20200325_S02
20200325_738,20200325,738,737,6.74,15.07,2.653,71.0,0.17605,2838.63,39.981,421.16,-0.04,0.13,0.0,-0.0012,-8.94,-0.08,0.0,-0.003,99.152,5.902,-11.017,-1.349,-7.754,-0.272,49190.258,0.7017,0,0,0,0,,,drift_segment,20200325_S02
20200325_739,20200325,739,738,6.78,14.93,2.654,72.0,0.17776,2852.94,39.624,420.79,-0.04,-0.01,0.0,0.00033,5.37,0.04,-0.14,0.001,100.051,3.541,-10.792,0.0,-5.989,0.205,49056.219,0.6474,0,0,0,0,,,drift_segment,20200325_S02
20200325_740,20200325,740,739,6.91,14.93,2.649,72.0,0.17743,2847.57,39.55,412.09,0.06,-0.01,-0.004,4e-05,-4.06,0.13,0.0,-0.005,102.974,3.541,-11.916,0.0,-6.333,0.026,51972.027,0.6654,0,0,0,0,,,drift_segment,20200325_S02
20200325_741,20200325,741,740,6.9,14.94,2.648,71.0,0.17724,2808.84,39.561,407.08,0.05,0.0,-0.005,-0.00019,-42.79,-0.01,0.01,-0.001,102.749,3.71,-12.141,-1.349,-6.524,-1.265,51874.617,0.6402,0,0,0,0,,,drift_segment,20200325_S02
20200325_742,20200325,742,741,6.94,14.94,2.651,72.0,0.17744,2851.63,39.606,410.9,0.09,0.0,-0.002,0.0,4.06,0.04,0.0,0.003,103.648,3.71,-11.466,0.0,-6.318,0.161,52677.566,0.6441,0,0,0,0,,,drift_segment,20200325_S02
20200325_743,20200325,743,742,6.92,14.89,2.652,70.0,0.17811,2764.18,39.488,399.45,0.07,-0.04,0.0,0.00058,-83.39,-0.02,-0.05,0.001,103.199,2.867,-11.242,-2.698,-5.637,-2.754,51955.887,0.6954,0,0,0,0,,,drift_segment,20200325_S02
20200325_744,20200325,744,743,6.88,14.89,2.654,71.0,0.17824,2805.78,39.518,407.82,0.03,-0.04,0.002,0.00048,-41.79,-0.04,0.0,0.002,102.299,2.867,-10.792,-1.349,-5.499,-1.367,50999.001,0.6469,0,0,0,0,,,drift_segment,20200325_S02
20200325_745,20200325,745,744,6.85,14.95,2.652,72.0,0.17739,2854.61,39.647,416.73,0.0,0.06,0.0,-0.00071,36.91,-0.03,0.06,-0.002,101.625,3.878,-11.242,0.0,-6.371,0.26,50741.611,0.6487,0,0,0,0,,,drift_segment,20200325_S02
20200325_746,20200325,746,745,6.85,14.95,2.654,72.0,0.17753,2856.77,39.677,417.05,0.0,0.06,0.002,-0.00072,43.53,0.0,0.0,0.002,101.625,3.878,-10.792,0.0,-6.233,0.332,50711.674,0.6098,0,0,0,0,,,drift_segment,20200325_S02
20200325_747,20200325,747,746,6.83,14.74,2.655,72.0,0.18012,2817.7,39.135,412.55,-0.02,-0.01,0.003,0.00053,4.46,-0.02,-0.21,0.001,101.175,0.337,-10.567,0.0,-3.566,-0.97,48848.995,0.6124,0,0,0,0,,,drift_segment,20200325_S02
20200325_748,20200325,748,747,6.84,14.74,2.652,73.0,0.17992,2853.61,39.09,417.19,-0.01,-0.01,0.0,0.00033,40.37,0.01,0.0,-0.003,101.4,0.337,-11.242,1.349,-3.775,0.227,49074.701,0.5646,0,0,0,0,,,drift_segment,20200325_S02
20200325_749,20200325,749,748,6.83,14.73,2.652,71.0,0.18004,2773.54,39.064,406.08,-0.02,-0.02,0.0,0.00045,-39.7,-0.01,-0.01,0.0,101.175,0.169,-11.242,-1.349,-3.649,-2.442,48865.774,0.5851,0,0,0,0,,,drift_segment,20200325_S02
20200325_750,20200325,750,749,6.83,14.73,2.65,71.0,0.1799,2771.45,39.034,405.78,-0.02,-0.02,-0.002,0.00031,-45.82,0.0,0.0,-0.002,101.175,0.169,-11.691,-1.349,-3.789,-2.511,48895.899,0.5926,0,0,0,0,,,drift_segment,20200325_S02
20200325_751,20200325,751,750,7.02,14.75,2.649,72.0,0.17959,2813.24,39.073,400.75,0.11,0.0,-0.002,0.0,-4.03,0.19,0.02,-0.001,105.447,0.506,-11.916,0.0,-4.109,-1.119,53179.346,0.6349,0,0,0,0,,,drift_segment,20200325_S02
20200325_752,20200325,752,751,7.01,14.75,2.649,72.0,0.17959,2813.24,39.073,401.32,0.07,0.0,-0.001,0.0,0.0,-0.01,0.0,0.0,105.222,0.506,-11.916,0.0,-4.109,-1.119,52955.388,0.5801,0,0,0,0,,,drift_segment,20200325_S02
20200325_753,20200325,753,752,7.03,14.76,2.643,72.0,0.17907,2808.77,39.011,399.54,0.08,0.01,-0.006,-0.00053,-4.47,0.02,0.01,-0.006,105.672,0.674,-13.265,0.0,-4.652,-1.268,53569.349,0.6411,0,0,0,0,,,drift_segment,20200325_S02
20200325_754,20200325,754,753,6.97,14.76,2.651,72.0,0.17961,2817.27,39.129,404.2,0.0,0.01,0.002,0.00018,8.5,-0.06,0.0,0.008,104.323,0.674,-11.466,0.0,-4.095,-0.984,52101.925,0.6133,0,0,0,0,,,drift_segment,20200325_S02
20200325_755,20200325,755,754,6.94,14.78,2.652,72.0,0.17943,2822.15,39.197,406.65,-0.04,0.02,0.003,0.0002,13.38,-0.03,0.02,0.001,103.648,1.012,-11.242,0.0,-4.275,-0.822,51559.5,0.622,0,0,0,0,,,drift_segment,20200325_S02
20200325_756,20200325,756,755,6.91,14.78,2.649,72.0,0.17923,2818.96,39.152,407.95,-0.07,0.02,0.0,0.0,10.19,-0.03,0.0,-0.003,102.974,1.012,-11.916,0.0,-4.483,-0.928,50945.191,0.6123,0,0,0,0,,,drift_segment,20200325_S02
20200325_757,20200325,757,756,6.95,14.75,2.643,72.0,0.17919,2806.87,38.984,403.87,-0.02,-0.03,-0.008,-4e-05,0.0,0.04,-0.03,-0.006,103.873,0.506,-13.265,0.0,-4.527,-1.331,51716.649,0.6352,0,0,0,0,,,drift_segment,20200325_S02
20200325_758,20200325,758,757,8.16,14.75,2.643,71.0,0.17919,2767.88,38.984,339.2,1.21,-0.03,-0.009,-4e-05,-38.98,1.21,0.0,0.0,131.078,0.506,-13.265,-1.349,-4.527,-2.63,81977.432,0.689,0,0,0,0,,,drift_segment,20200325_S02
20200325_759,20200325,759,758,7.15,14.83,2.657,71.0,0.17916,2797.64,39.403,391.28,0.2,0.03,0.005,-6e-05,-9.23,-1.01,0.08,0.014,108.37,1.855,-10.117,-1.349,-4.55,-1.639,56622.58,0.7248,0,0,0,0,,,drift_segment,20200325_S02
20200325_760,20200325,760,759,6.98,14.83,2.656,71.0,0.1791,2796.58,39.388,400.66,0.04,0.03,0.004,-9e-05,-1.05,-0.17,0.0,-0.001,104.548,1.855,-10.342,-1.349,-4.619,-1.674,52771.485,0.6599,0,0,0,0,,,drift_segment,20200325_S02
20200325_761,20200325,761,760,6.95,14.8,2.659,71.0,0.17966,2794.08,39.353,402.03,0.04,0.0,0.003,0.00048,-3.56,-0.03,-0.03,0.003,103.873,1.349,-9.668,-1.349,-4.038,-1.757,51853.244,0.6384,0,0,0,0,,,drift_segment,20200325_S02
20200325_762,20200325,762,761,6.86,14.8,2.659,71.0,0.17966,2794.08,39.353,407.3,-0.02,0.0,0.002,0.00048,-3.56,-0.09,0.0,0.0,101.85,1.349,-9.668,-1.349,-4.038,-1.757,49879.147,0.6231,0,0,0,0,,,drift_segment,20200325_S02
20200325_763,20200325,763,762,6.85,14.8,2.658,72.0,0.17959,2832.36,39.338,413.48,-0.02,0.0,0.0,0.0,34.73,-0.01,0.0,-0.001,101.625,1.349,-9.893,0.0,-4.108,-0.481,49637.599,0.5547,0,0,0,0,,,drift_segment,20200325_S02
20200325_764,20200325,764,763,6.87,14.8,2.651,73.0,0.17912,2864.14,39.235,416.91,0.0,0.0,-0.008,-0.00054,32.42,0.02,0.0,-0.007,102.074,1.349,-11.466,1.349,-4.593,0.578,50141.306,0.6186,0,0,0,0,,,drift_segment,20200325_S02
20200325_765,20200325,765,764,6.88,14.8,2.648,71.0,0.17892,2782.52,39.19,404.44,0.01,0.0,-0.011,-0.00074,-49.85,0.01,0.0,-0.003,102.299,1.349,-12.141,-1.349,-4.802,-2.143,50478.801,0.6233,0,0,0,0,,,drift_segment,20200325_S02
20200325_766,20200325,766,765,6.87,14.8,2.659,72.0,0.17966,2833.43,39.353,412.44,0.01,0.0,0.0,0.0,0.0,-0.01,0.0,0.011,102.074,1.349,-9.668,0.0,-4.038,-0.446,50057.515,0.594,0,0,0,0,,,drift_segment,20200325_S02
20200325_767,20200325,767,766,6.87,14.81,2.693,71.0,0.18184,2831.72,39.883,412.19,0.02,0.01,0.0,0.0,-32.42,0.0,0.01,0.034,102.074,1.518,-2.023,-1.349,-1.804,-0.503,49736.7,0.5801,0,0,0,0,,,drift_segment,20200325_S02
20200325_768,20200325,768,767,6.8,14.81,2.738,72.0,0.18488,2919.58,40.55,429.35,0.0,0.01,0.0,0.0,0.0,-0.07,0.0,0.045,100.501,1.518,8.094,0.0,1.317,2.426,47817.322,0.6208,0,0,0,0,,,drift_segment,20200325_S02
20200325_769,20200325,769,768,4.4,14.8,2.78,73.0,0.18784,3003.51,41.144,682.62,0.0,0.0,0.0,0.0,60.34,-2.4,-0.01,0.042,46.541,1.349,17.537,1.349,4.36,5.223,10426.997,0.6651,0,0,0,0,,,drift_segment,20200325_S02
20200325_770,20200325,770,769,4.4,14.8,2.802,71.0,0.18932,2944.34,41.47,669.17,0.0,0.0,0.01,0.00118,0.0,0.0,0.0,0.022,46.541,1.349,22.483,-1.349,5.887,3.251,10562.374,0.6256,0,0,0,0,,,drift_segment,20200325_S02
20200325_771,20200325,771,770,4.29,14.78,2.811,72.0,0.19019,2991.35,41.547,697.29,0.0,-0.03,0.019,0.00205,18.84,-0.11,-0.02,0.009,44.067,1.012,24.507,0.0,6.776,4.818,9502.857,0.6682,0,0,0,0,,,drift_segment,20200325_S02
20200325_772,20200325,772,771,4.11,14.78,2.811,72.0,0.19019,2991.35,41.547,727.82,0.0,-0.03,0.019,0.00205,18.84,-0.18,0.0,0.0,40.02,1.012,24.507,0.0,6.776,4.818,7927.805,0.6296,0,0,0,0,,,drift_segment,20200325_S02
20200325_773,20200325,773,772,3.53,14.81,2.807,72.0,0.18953,2993.16,41.572,847.92,-0.33,0.0,0.015,0.00139,20.65,-0.58,0.03,-0.004,26.98,1.518,23.607,0.0,6.103,4.878,3916.846,0.686,0,0,0,0,,,drift_segment,20200325_S02
20200325_774,20200325,774,773,3.81,14.81,2.799,71.0,0.18899,2943.18,41.453,772.49,0.0,0.0,0.007,0.00085,-29.33,0.28,0.0,-0.008,33.275,1.518,21.809,-1.349,5.548,3.212,5632.797,0.6452,0,0,0,0,,,drift_segment,20200325_S02
20200325_775,20200325,775,774,3.86,14.84,2.792,72.0,0.18814,2983.2,41.433,772.85,0.12,0.03,0.0,0.0,27.64,0.05,0.03,-0.007,34.4,2.024,20.235,0.0,4.671,4.546,5999.001,0.6745,0,0,0,0,,,drift_segment,20200325_S02
20200325_776,20200325,776,775,3.72,14.84,2.782,72.0,0.18747,2972.51,41.285,799.06,-0.01,0.03,0.0,0.0,16.95,-0.14,0.0,-0.01,31.252,2.024,17.987,0.0,3.979,4.19,4969.861,0.6468,0,0,0,0,,,drift_segment,20200325_S02
20200325_777,20200325,777,776,3.7,14.83,2.775,71.0,0.18712,2921.88,41.153,789.7,-0.02,0.02,0.0,0.0,-21.3,-0.02,-0.01,-0.007,30.802,1.855,16.413,-1.349,3.624,2.502,4794.689,0.6237,0,0,0,0,,,drift_segment,20200325_S02
20200325_778,20200325,778,777,3.7,14.83,2.768,72.0,0.18665,2955.56,41.049,798.8,0.0,0.02,0.0,0.0,16.33,0.0,0.0,-0.007,30.802,1.855,14.839,0.0,3.139,3.625,4753.008,0.593,0,0,0,0,,,drift_segment,20200325_S02
20200325_779,20200325,779,778,3.73,14.81,2.757,70.0,0.18616,2858.18,40.831,766.27,0.03,-0.02,-0.007,0.0,-81.05,0.03,-0.02,-0.011,31.477,1.518,12.366,-2.698,2.635,0.379,4903.165,0.6582,0,0,0,0,,,drift_segment,20200325_S02
20200325_780,20200325,780,779,3.74,14.81,2.75,71.0,0.18569,2891.65,40.728,773.17,0.04,-0.02,-0.014,-0.00047,-33.26,0.01,0.0,-0.007,31.702,1.518,10.792,-1.349,2.149,1.495,4937.089,0.6345,0,0,0,0,,,drift_segment,20200325_S02
20200325_781,20200325,781,780,3.6,14.81,2.743,72.0,0.18521,2924.92,40.624,812.48,-0.1,-0.02,-0.021,-0.00095,0.0,-0.14,0.0,-0.007,28.554,1.518,9.218,0.0,1.664,2.604,4013.601,0.6695,0,0,0,0,,,drift_segment,20200325_S02
20200325_782,20200325,782,781,3.64,14.81,2.74,72.0,0.18501,2921.72,40.579,802.67,-0.06,-0.02,-0.024,-0.00115,-3.2,0.04,0.0,-0.003,29.453,1.518,8.544,0.0,1.456,2.497,4257.569,0.6504,0,0,0,0,,,drift_segment,20200325_S02
20200325_783,20200325,783,782,3.64,14.85,2.749,72.0,0.18512,2939.23,40.823,807.48,-0.03,0.03,-0.015,-0.00104,13.27,0.0,0.04,0.009,29.453,2.192,10.567,0.0,1.566,3.081,4351.79,0.6546,0,0,0,0,,,drift_segment,20200325_S02
20200325_784,20200325,784,783,3.64,14.85,2.764,73.0,0.18613,2996.31,41.045,823.16,-0.01,0.03,0.004,0.0,70.36,0.0,0.0,0.015,29.453,2.192,13.94,1.349,2.604,4.983,4387.016,0.651,0,0,0,0,,,drift_segment,20200325_S02
20200325_785,20200325,785,784,3.73,14.84,2.776,71.0,0.18706,2924.9,41.196,784.16,0.09,0.01,0.016,0.00095,-14.33,0.09,-0.01,0.012,31.477,2.024,16.638,-1.349,3.563,2.603,5018.924,0.6957,0,0,0,0,,,drift_segment,20200325_S02
20200325_786,20200325,786,785,3.71,14.84,2.777,71.0,0.18713,2925.96,41.211,788.67,0.07,0.01,0.017,0.00102,-13.27,-0.02,0.0,0.001,31.027,2.024,16.862,-1.349,3.633,2.638,4890.704,0.6405,0,0,0,0,,,drift_segment,20200325_S02
20200325_787,20200325,787,786,3.65,14.82,2.776,72.0,0.18731,2962.1,41.14,811.54,0.0,-0.02,0.016,0.00121,22.87,-0.06,-0.02,-0.001,29.678,1.686,16.638,0.0,3.823,3.843,4446.698,0.6311,0,0,0,0,,,drift_segment,20200325_S02
20200325_788,20200325,788,787,3.67,14.82,2.77,72.0,0.18691,2955.7,41.051,805.37,0.02,-0.02,0.01,0.0008,16.47,0.02,0.0,-0.006,30.128,1.686,15.289,0.0,3.407,3.63,4546.436,0.6278,0,0,0,0,,,drift_segment,20200325_S02
20200325_789,20200325,789,788,3.64,14.83,2.76,72.0,0.18611,2947.02,40.931,809.62,-0.01,0.0,0.0,0.0,8.86,-0.03,0.01,-0.01,29.453,1.855,13.04,0.0,2.585,3.34,4340.053,0.6171,0,0,0,0,,,drift_segment,20200325_S02
20200325_790,20200325,790,789,3.59,14.83,2.754,72.0,0.1857,2940.61,40.842,819.11,-0.06,0.0,-0.006,-0.0004,7.47,-0.05,0.0,-0.006,28.329,1.855,11.691,0.0,2.169,3.127,4014.217,0.6495,0,0,0,0,,,drift_segment,20200325_S02
20200325_791,20200325,791,790,3.67,14.85,2.748,72.0,0.18505,2938.16,40.808,800.59,0.02,0.02,-0.012,-0.00106,5.02,0.08,0.02,-0.006,30.128,2.192,10.342,0.0,1.497,3.045,4542.012,0.6571,0,0,0,0,,,drift_segment,20200325_S02
20200325_792,20200325,792,791,3.65,14.85,2.74,72.0,0.18451,2929.61,40.689,802.63,0.0,0.02,-0.015,-0.00126,-3.53,-0.02,0.0,-0.008,29.678,2.192,8.544,0.0,0.944,2.76,4401.668,0.6226,0,0,0,0,,,drift_segment,20200325_S02
20200325_793,20200325,793,792,3.65,14.83,2.747,72.0,0.18523,2933.14,40.738,803.6,0.0,0.0,-0.007,-0.00047,3.53,0.0,-0.02,0.007,29.678,1.855,10.117,0.0,1.684,2.878,4371.019,0.6062,0,0,0,0,,,drift_segment,20200325_S02
20200325_794,20200325,794,793,3.69,14.83,2.755,71.0,0.18577,2900.82,40.857,786.13,0.05,0.0,0.001,7e-05,-28.79,0.04,0.0,0.008,30.577,1.855,11.916,-1.349,2.238,1.801,4658.067,0.6201,0,0,0,0,,,drift_segment,20200325_S02
20200325_795,20200325,795,794,3.64,14.82,2.763,71.0,0.18644,2907.28,40.948,798.7,0.0,-0.03,0.009,0.00082,-22.32,-0.05,-0.01,0.008,29.453,1.686,13.715,-1.349,2.922,2.016,4341.666,0.6376,0,0,0,0,,,drift_segment,20200325_S02
20200325_796,20200325,796,795,3.63,14.82,2.766,71.0,0.18664,2910.44,40.992,801.77,-0.01,-0.03,0.011,0.00119,-19.17,-0.01,0.0,0.003,29.228,1.686,14.389,-1.349,3.129,2.121,4290.195,0.6092,0,0,0,0,,,drift_segment,20200325_S02
20200325_797,20200325,797,796,3.37,14.85,2.748,71.0,0.18505,2897.35,40.808,859.75,-0.26,0.0,-0.007,-0.0004,-32.25,-0.26,0.03,-0.018,23.383,2.192,10.342,-1.349,1.497,1.685,2821.621,0.681,0,0,0,0,,,drift_segment,20200325_S02
20200325_798,20200325,798,797,6.05,14.85,2.754,71.0,0.18545,2903.68,40.897,479.95,2.68,0.0,-0.001,0.0,-12.29,2.68,0.0,0.006,83.638,2.192,11.691,-1.349,1.912,1.896,33392.637,0.6482,0,0,0,0,,,drift_segment,20200325_S02
20200325_799,20200325,799,798,3.07,14.88,2.764,72.0,0.18575,2961.24,41.128,964.57,0.0,0.0,0.009,0.0003,45.26,-2.98,0.03,0.01,16.638,2.698,13.94,0.0,2.218,3.814,1608.034,0.6728,0,0,0,0,,,drift_segment,20200325_S02
20200325_800,20200325,800,799,3.01,14.88,2.762,73.0,0.18562,3000.19,41.099,996.74,0.0,0.0,0.007,0.00057,65.61,-0.06,0.0,-0.002,15.289,2.698,13.49,1.349,2.08,5.113,1386.812,0.6391,0,0,0,0,,,drift_segment,20200325_S02
20200325_801,20200325,801,800,2.91,14.97,2.761,71.0,0.18444,2934.58,41.332,1008.45,-0.03,0.06,0.007,-0.00021,0.0,-0.1,0.09,-0.001,13.04,4.216,13.265,-1.349,0.865,2.926,1166.924,0.7006,0,0,0,0,,,drift_segment,20200325_S02
20200325_802,20200325,802,801,2.88,14.97,2.755,72.0,0.18403,2969.45,41.242,1031.06,-0.03,0.06,0.001,-0.00061,15.63,-0.03,0.0,-0.006,12.366,4.216,11.916,0.0,0.454,4.088,1045.375,0.6567,0,0,0,0,,,drift_segment,20200325_S02
20200325_803,20200325,803,802,2.94,14.94,2.749,71.0,0.184,2915.97,41.07,991.83,0.03,0.01,-0.006,-0.00064,-45.26,0.06,-0.03,-0.006,13.715,3.71,10.567,-1.349,0.421,2.306,1178.532,0.6546,0,0,0,0,,,drift_segment,20200325_S02
20200325_804,20200325,804,803,2.89,14.94,2.746,72.0,0.1838,2953.82,41.025,1022.08,-0.02,0.01,-0.011,-0.00063,-13.07,-0.05,0.0,-0.003,12.591,3.71,9.893,0.0,0.214,3.567,1010.751,0.6438,0,0,0,0,,,drift_segment,20200325_S02
20200325_805,20200325,805,804,2.79,14.91,2.747,73.0,0.18424,2989.92,40.958,1071.65,-0.12,-0.03,-0.008,0.0,23.03,-0.1,-0.03,0.001,10.342,3.204,10.117,1.349,0.663,4.77,721.462,0.6854,0,0,0,0,,,drift_segment,20200325_S02
20200325_806,20200325,806,805,2.89,14.91,2.753,71.0,0.18464,2914.35,41.047,1008.43,-0.02,-0.03,0.0,0.00061,-39.46,0.1,0.0,0.006,12.591,3.204,11.466,-1.349,1.077,2.252,1012.506,0.6384,0,0,0,0,,,drift_segment,20200325_S02
20200325_807,20200325,807,806,2.86,14.93,2.76,72.0,0.18486,2966.89,41.207,1037.37,-0.08,-0.01,0.011,0.00086,13.07,-0.03,0.02,0.007,11.916,3.541,13.04,0.0,1.304,4.003,973.112,0.6739,0,0,0,0,,,drift_segment,20200325_S02
20200325_808,20200325,808,807,3.14,14.93,2.76,72.0,0.18486,2966.89,41.207,944.87,0.05,-0.01,0.013,0.00094,38.37,0.28,0.0,0.0,18.212,3.541,13.04,0.0,1.304,4.003,1923.243,0.6539,0,0,0,0,,,drift_segment,20200325_S02
20200325_809,20200325,809,808,3.09,14.99,2.757,72.0,0.18392,2975.57,41.327,962.97,-0.05,0.06,0.011,0.00012,47.05,-0.05,0.06,-0.003,17.087,4.553,12.366,0.0,0.338,4.292,1791.601,0.7043,0,0,0,0,,,drift_segment,20200325_S02
20200325_810,20200325,810,809,3.27,14.99,2.702,72.0,0.18025,2916.21,40.503,891.81,0.0,0.06,-0.045,-0.00367,-12.31,0.18,0.0,-0.055,21.134,4.553,0.0,0.0,-3.431,2.314,2532.977,0.699,0,0,0,0,,,drift_segment,20200325_S02
20200325_811,20200325,811,810,8.18,15.07,2.699,72.0,0.1791,2928.52,40.674,358.01,3.05,0.13,-0.054,-0.00483,0.0,4.91,0.08,-0.003,131.528,5.902,-0.674,0.0,-4.618,2.724,84388.369,0.7446,0,0,0,0,,,drift_segment,20200325_S02
20200325_812,20200325,812,811,8.91,15.07,2.691,72.0,0.17857,2919.84,40.553,327.7,3.77,0.13,-0.066,-0.00536,-24.77,0.73,0.0,-0.008,147.94,5.902,-2.473,0.0,-5.163,2.434,106413.789,0.7484,0,0,0,0,,,drift_segment,20200325_S02
20200325_813,20200325,813,812,6.2,14.93,2.713,72.0,0.18171,2916.37,40.505,470.38,1.06,-0.01,-0.044,-0.00221,-28.25,-2.71,-0.14,0.022,87.011,3.541,2.473,0.0,-1.93,2.319,36750.887,0.7182,0,0,0,0,,,drift_segment,20200325_S02
20200325_814,20200325,814,813,6.0,14.93,2.729,71.0,0.18279,2892.82,40.744,482.14,0.86,-0.01,-0.028,-0.00114,-51.79,-0.2,0.0,0.016,82.514,3.541,6.07,-1.349,-0.829,1.534,33048.818,0.6887,0,0,0,0,,,drift_segment,20200325_S02
20200325_815,20200325,815,814,5.91,14.94,2.776,71.0,0.18581,2944.61,41.473,498.24,0.77,0.0,0.0,0.0,0.0,-0.09,0.01,0.047,80.49,3.71,16.638,-1.349,2.277,3.26,31410.08,0.6831,0,0,0,0,,,drift_segment,20200325_S02
20200325_816,20200325,816,815,5.13,14.94,2.818,72.0,0.18862,3031.27,42.101,590.89,-0.01,0.0,0.0,0.0,24.62,-0.78,0.0,0.042,62.953,3.71,26.081,0.0,5.165,6.148,19592.22,0.6634,0,0,0,0,,,drift_segment,20200325_S02
20200325_817,20200325,817,816,5.14,14.89,2.844,71.0,0.191,3006.65,42.347,584.95,0.0,-0.04,0.006,0.0001,-3.22,0.01,-0.05,0.026,63.178,2.867,31.926,-1.349,7.609,5.328,19727.864,0.6689,0,0,0,0,,,drift_segment,20200325_S02
20200325_818,20200325,818,817,5.14,14.89,2.857,73.0,0.19187,3105.47,42.541,604.18,0.01,-0.04,0.019,0.00087,95.6,0.0,0.0,0.013,63.178,2.867,34.849,1.349,8.506,8.622,19807.497,0.6681,0,0,0,0,,,drift_segment,20200325_S02
20200325_819,20200325,819,818,5.09,14.95,2.861,72.0,0.19137,3079.58,42.772,605.03,0.0,0.06,0.023,0.0,69.71,-0.05,0.06,0.004,62.054,3.878,35.748,0.0,7.99,7.759,19459.242,0.689,0,0,0,0,,,drift_segment,20200325_S02
20200325_820,20200325,820,819,4.07,14.95,2.854,72.0,0.1909,3072.05,42.667,754.8,-0.52,0.06,0.016,-0.00047,62.18,-1.02,0.0,-0.007,39.121,3.878,34.175,0.0,7.509,7.507,8466.923,0.7135,0,0,0,0,,,drift_segment,20200325_S02
20200325_821,20200325,821,820,4.51,14.74,2.847,72.0,0.19315,3021.46,41.965,669.95,-0.05,0.0,0.009,0.00178,11.59,0.44,-0.21,-0.007,49.014,0.337,32.601,0.0,9.815,5.822,11815.001,0.6945,0,0,0,0,,,drift_segment,20200325_S02
20200325_822,20200325,822,821,4.59,14.73,2.838,72.0,0.19267,3009.87,41.804,655.74,0.04,0.0,0.0,0.0013,3.22,0.08,-0.01,-0.009,50.812,0.169,30.577,0.0,9.322,5.435,12516.095,0.6529,0,0,0,0,,,drift_segment,20200325_S02
20200325_823,20200325,823,822,4.56,14.73,2.83,72.0,0.19212,3001.38,41.686,658.2,0.01,0.0,0.0,0.00075,0.0,-0.03,0.0,-0.008,50.138,0.169,28.779,0.0,8.764,5.152,12132.722,0.6025,0,0,0,0,,,drift_segment,20200325_S02
20200325_824,20200325,824,823,4.52,14.73,2.82,72.0,0.19145,2990.78,41.539,661.68,-0.03,0.0,0.0,0.00054,0.0,-0.04,0.0,-0.01,49.239,0.169,26.53,0.0,8.067,4.799,11641.988,0.6331,0,0,0,0,,,drift_segment,20200325_S02
20200325_825,20200325,825,824,4.5,14.73,2.81,72.0,0.19077,2980.17,41.391,662.26,-0.05,0.0,0.0,0.0,0.0,-0.02,0.0,-0.01,48.789,0.169,24.282,0.0,7.369,4.445,11368.612,0.6315,0,0,0,0,,,drift_segment,20200325_S02
20200325_826,20200325,826,825,4.49,14.72,2.802,72.0,0.19035,2969.67,41.245,661.4,-0.07,-0.01,0.0,0.0,0.0,-0.01,-0.01,-0.008,48.564,0.0,22.483,0.0,6.944,4.095,11186.997,0.6298,0,0,0,0,,,drift_segment,20200325_S02
20200325_827,20200325,827,826,4.55,14.72,2.791,72.0,0.18961,2958.01,41.084,650.11,-0.04,-0.01,0.0,0.0,0.0,0.06,0.0,-0.011,49.913,0.0,20.01,0.0,6.177,3.707,11743.35,0.651,0,0,0,0,,,drift_segment,20200325_S02
20200325_828,20200325,828,827,5.14,14.71,2.782,71.0,0.18912,2905.55,40.923,565.28,0.29,-0.02,0.0,0.0,-26.9,0.59,-0.01,-0.009,63.178,-0.169,17.987,-1.349,5.68,1.958,18641.222,0.6678,0,0,0,0,,,drift_segment,20200325_S02
20200325_829,20200325,829,828,5.02,14.71,2.774,71.0,0.18858,2897.19,40.806,577.13,0.15,-0.02,0.0,0.0,-26.77,-0.12,0.0,-0.008,60.48,-0.169,16.188,-1.349,5.122,1.68,17077.748,0.6489,0,0,0,0,,,drift_segment,20200325_S02
20200325_830,20200325,830,829,4.87,14.73,2.765,72.0,0.18771,2932.45,40.728,602.15,-0.15,0.0,0.0,0.0,14.99,-0.15,0.02,-0.009,57.108,0.169,14.164,0.0,4.231,2.855,15276.583,0.6638,0,0,0,0,,,drift_segment,20200325_S02
20200325_831,20200325,831,830,4.85,14.73,2.757,72.0,0.18717,2923.96,40.611,602.88,-0.29,0.0,-0.004,-0.00053,6.51,-0.02,0.0,-0.008,56.658,0.169,12.366,0.0,3.673,2.572,15032.944,0.6439,0,0,0,0,,,drift_segment,20200325_S02
20200325_832,20200325,832,831,5.15,14.73,2.749,71.0,0.18663,2874.99,40.493,558.25,0.0,0.0,-0.012,-0.00107,-30.95,0.3,0.0,-0.008,63.403,0.169,10.567,-1.349,3.115,0.939,18838.797,0.6269,0,0,0,0,,,drift_segment,20200325_S02
20200325_833,20200325,833,832,5.37,14.73,2.74,72.0,0.18601,2905.93,40.36,541.14,0.0,0.0,-0.021,-0.00156,0.39,0.22,0.0,-0.009,68.349,0.169,8.544,0.0,2.488,1.971,21877.499,0.6302,0,0,0,0,,,drift_segment,20200325_S02
20200325_834,20200325,834,833,5.45,14.74,2.749,72.0,0.1865,2917.46,40.52,535.31,0.0,0.01,-0.008,-0.00067,11.52,0.08,0.01,0.009,70.148,0.337,10.567,0.0,2.985,2.355,23067.573,0.642,0,0,0,0,,,drift_segment,20200325_S02
20200325_835,20200325,835,834,7.47,14.74,2.757,71.0,0.18704,2885.31,40.638,386.25,1.59,0.01,0.0,0.0,-26.07,2.02,0.0,0.008,115.564,0.337,12.366,-1.349,3.543,1.284,62525.747,0.6433,0,0,0,0,,,drift_segment,20200325_S02
20200325_836,20200325,836,835,7.42,14.71,2.761,72.0,0.1877,2924.23,40.614,394.1,0.0,-0.02,0.006,0.00066,12.85,-0.05,-0.03,0.004,114.44,-0.169,13.265,0.0,4.214,2.581,61029.32,0.632,0,0,0,0,,,drift_segment,20200325_S02
20200325_837,20200325,837,836,7.42,14.71,2.762,70.0,0.18776,2844.03,40.629,383.29,0.0,-0.02,0.01,0.00073,-67.35,0.0,0.0,0.001,114.44,-0.169,13.49,-2.698,4.284,-0.092,61115.068,0.58,0,0,0,0,,,drift_segment,20200325_S02
20200325_838,20200325,838,837,8.17,14.73,2.763,71.0,0.18758,2889.63,40.699,353.69,0.7,0.01,0.008,0.00053,-21.75,0.75,0.02,0.001,131.303,0.169,13.715,-1.349,4.092,1.427,80580.394,0.6493,0,0,0,0,,,drift_segment,20200325_S02
20200325_839,20200325,839,838,5.88,14.73,2.755,72.0,0.18703,2921.84,40.581,496.91,-2.29,0.01,-0.002,-5e-05,10.46,-2.29,0.0,-0.008,79.816,0.169,11.916,0.0,3.534,2.501,29780.866,0.6683,0,0,0,0,,,drift_segment,20200325_S02
20200325_840,20200325,840,839,9.14,14.72,2.747,72.0,0.18662,2911.38,40.436,318.53,0.76,0.0,-0.012,-0.00082,0.0,3.26,-0.01,-0.008,153.112,0.0,10.117,0.0,3.106,2.152,109574.044,0.6813,0,0,0,0,,,drift_segment,20200325_S02
20200325_841,20200325,841,840,9.27,14.72,2.747,72.0,0.18662,2911.38,40.436,314.06,0.89,0.0,-0.012,-0.00082,0.0,0.13,0.0,0.0,156.034,0.0,10.117,0.0,3.106,2.152,113801.433,0.6493,0,0,0,0,,,drift_segment,20200325_S02
20200325_842,20200325,842,841,8.43,14.71,2.752,73.0,0.18708,2955.18,40.482,350.56,0.05,-0.02,-0.005,0.0,43.8,-0.84,-0.01,0.005,137.148,-0.169,11.242,1.349,3.585,3.612,87722.398,0.6823,0,0,0,0,,,drift_segment,20200325_S02
20200325_843,20200325,843,842,8.41,14.71,2.759,71.0,0.18756,2881.53,40.585,342.63,0.03,-0.02,0.004,0.00052,-33.81,-0.02,0.0,0.007,136.699,-0.169,12.815,-1.349,4.074,1.157,87191.357,0.6003,0,0,0,0,,,drift_segment,20200325_S02
20200325_844,20200325,844,843,8.4,14.73,2.764,71.0,0.18764,2890.67,40.714,344.13,0.02,0.0,0.012,0.00061,-24.66,-0.01,0.02,0.005,136.474,0.169,13.94,-1.349,4.161,1.462,87047.498,0.5964,0,0,0,0,,,drift_segment,20200325_S02
20200325_845,20200325,845,844,8.38,14.73,2.761,72.0,0.18744,2928.21,40.67,349.43,0.0,0.0,0.009,0.00048,12.87,-0.02,0.0,-0.003,136.024,0.169,13.265,0.0,3.952,2.713,86444.21,0.5932,0,0,0,0,,,drift_segment,20200325_S02
20200325_846,20200325,846,845,7.56,14.74,2.757,72.0,0.18704,2925.95,40.638,387.03,0.0,0.01,0.003,0.0,5.31,-0.82,0.01,-0.004,117.588,0.337,12.366,0.0,3.543,2.638,64689.043,0.6143,0,0,0,0,,,drift_segment,20200325_S02
20200325_847,20200325,847,846,7.56,14.74,2.752,72.0,0.1867,2920.64,40.564,386.33,0.0,0.01,-0.005,-0.00038,0.0,0.0,0.0,-0.005,117.588,0.337,11.242,0.0,3.194,2.461,64718.226,0.5828,0,0,0,0,,,drift_segment,20200325_S02
20200325_848,20200325,848,847,7.54,14.74,2.747,72.0,0.18636,2915.34,40.491,386.65,0.0,0.0,-0.012,-0.00108,0.0,-0.02,0.0,-0.005,117.138,0.337,10.117,0.0,2.846,2.284,64255.918,0.5957,0,0,0,0,,,drift_segment,20200325_S02
20200325_849,20200325,849,848,7.18,14.74,2.745,72.0,0.18623,2913.21,40.461,405.74,0.0,0.0,-0.013,-0.00081,-2.12,-0.36,0.0,-0.002,109.044,0.337,9.668,0.0,2.707,2.214,55698.09,0.6127,0,0,0,0,,,drift_segment,20200325_S02
20200325_850,20200325,850,849,6.8,14.73,2.754,72.0,0.18697,2920.78,40.566,429.53,-0.02,-0.01,-0.003,0.0,5.45,-0.38,-0.01,0.009,100.501,0.169,11.691,0.0,3.464,2.466,47208.982,0.6495,0,0,0,0,,,drift_segment,20200325_S02
20200325_851,20200325,851,850,6.82,14.73,2.761,72.0,0.18744,2928.21,40.67,429.36,0.02,-0.01,0.007,0.00071,14.99,0.02,0.0,0.007,100.95,0.169,13.265,0.0,3.952,2.713,47604.893,0.6266,0,0,0,0,,,drift_segment,20200325_S02
20200325_852,20200325,852,851,6.78,14.74,2.765,71.0,0.18758,2893.68,40.756,426.8,0.0,0.0,0.012,0.00088,-19.53,-0.04,0.01,0.004,100.051,0.337,14.164,-1.349,4.1,1.563,46850.344,0.5995,0,0,0,0,,,drift_segment,20200325_S02
20200325_853,20200325,853,852,6.16,14.74,2.763,71.0,0.18745,2891.59,40.727,469.41,0.0,0.0,0.01,0.00072,-21.62,-0.62,0.0,-0.002,86.111,0.337,13.715,-1.349,3.961,1.493,34729.028,0.6043,0,0,0,0,,,drift_segment,20200325_S02
20200325_854,20200325,854,853,5.9,14.77,2.758,71.0,0.18673,2892.23,40.736,490.21,0.0,0.03,0.004,-0.00017,-1.45,-0.26,0.03,-0.005,80.266,0.843,12.591,-1.349,3.222,1.514,30351.136,0.6191,0,0,0,0,,,drift_segment,20200325_S02
20200325_855,20200325,855,854,5.79,14.77,2.753,71.0,0.18639,2886.99,40.662,498.62,0.0,0.03,-0.004,-0.00057,-6.69,-0.11,0.0,-0.005,77.792,0.843,11.466,-1.349,2.874,1.339,28528.881,0.6113,0,0,0,0,,,drift_segment,20200325_S02
20200325_856,20200325,856,855,4.86,14.74,2.747,71.0,0.18636,2874.85,40.491,591.53,-0.17,0.0,-0.011,-0.00076,-17.39,-0.93,-0.03,-0.006,56.883,0.337,10.117,-1.349,2.846,0.935,15213.532,0.6648,0,0,0,0,,,drift_segment,20200325_S02
20200325_857,20200325,857,856,4.95,14.74,2.748,72.0,0.18643,2916.4,40.506,589.17,-0.08,0.0,-0.009,-0.00047,24.17,0.09,0.0,0.001,58.906,0.337,10.342,0.0,2.916,2.32,16286.207,0.6544,0,0,0,0,,,drift_segment,20200325_S02
20200325_858,20200325,858,857,4.96,14.73,2.753,73.0,0.1869,2960.27,40.552,596.83,-0.07,-0.02,-0.002,0.00017,68.04,0.01,-0.01,0.005,59.131,0.169,11.466,1.349,3.394,3.782,16350.817,0.6472,0,0,0,0,,,drift_segment,20200325_S02
20200325_859,20200325,859,858,5.01,14.73,2.757,71.0,0.18717,2883.35,40.611,575.52,-0.02,-0.02,0.004,0.00052,-8.88,0.05,0.0,0.004,60.255,0.169,12.366,-1.349,3.673,1.218,17016.345,0.6012,0,0,0,0,,,drift_segment,20200325_S02
20200325_860,20200325,860,859,4.96,14.75,2.763,72.0,0.18732,2934.31,40.754,591.59,-0.07,0.0,0.01,0.00089,17.91,-0.05,0.02,0.006,59.131,0.506,13.715,0.0,3.83,2.917,16447.14,0.6625,0,0,0,0,,,drift_segment,20200325_S02
20200325_861,20200325,861,860,5.03,14.75,2.76,71.0,0.18712,2890.41,40.71,574.63,0.0,0.0,0.009,0.00061,-31.15,0.07,0.0,-0.003,60.705,0.506,13.04,-1.349,3.621,1.453,17349.578,0.5998,0,0,0,0,,,drift_segment,20200325_S02
20200325_862,20200325,862,861,7.24,14.76,2.755,72.0,0.18665,2927.79,40.664,404.39,0.3,0.01,0.002,0.0,2.42,2.21,0.01,-0.005,110.393,0.674,11.916,0.0,3.143,2.699,57172.043,0.6629,0,0,0,0,,,drift_segment,20200325_S02
20200325_863,20200325,863,862,7.17,14.76,2.75,73.0,0.18631,2963.07,40.59,413.26,0.0,0.01,-0.005,-0.00034,37.69,-0.07,0.0,-0.005,108.819,0.674,10.792,1.349,2.795,3.875,55546.428,0.6416,0,0,0,0,,,drift_segment,20200325_S02
20200325_864,20200325,864,863,6.94,14.78,2.75,71.0,0.18606,2885.79,40.645,415.82,-0.3,0.02,-0.006,-0.00045,-39.58,-0.23,0.02,0.0,103.648,1.012,10.792,-1.349,2.536,1.3,50609.247,0.6493,0,0,0,0,,,drift_segment,20200325_S02
20200325_865,20200325,865,864,7.92,14.78,2.749,72.0,0.18599,2925.38,40.63,369.37,0.0,0.02,-0.006,-0.00032,-1.5,0.98,0.0,-0.001,125.682,1.012,10.567,0.0,2.467,2.619,74281.977,0.6235,0,0,0,0,,,drift_segment,20200325_S02
20200325_866,20200325,866,865,8.92,14.75,2.751,72.0,0.18651,2921.56,40.577,327.53,1.0,-0.03,-0.002,0.00045,-3.81,1.0,-0.03,0.002,148.165,0.506,11.017,0.0,2.995,2.492,102854.887,0.669,0,0,0,0,,,drift_segment,20200325_S02
20200325_867,20200325,867,866,8.38,14.75,2.756,72.0,0.18685,2926.87,40.651,349.27,0.46,-0.03,0.005,0.00083,0.73,-0.54,0.0,0.005,136.024,0.506,12.141,0.0,3.343,2.669,86657.569,0.6722,0,0,0,0,,,drift_segment,20200325_S02
20200325_868,20200325,868,867,8.32,14.83,2.758,71.0,0.18597,2903.98,40.901,349.04,0.4,0.03,0.008,-2e-05,-21.39,-0.06,0.08,0.002,134.675,1.855,12.591,-1.349,2.446,1.906,85689.699,0.6791,0,0,0,0,,,drift_segment,20200325_S02
20200325_869,20200325,869,868,8.1,14.83,2.757,72.0,0.18591,2943.81,40.886,363.43,0.18,0.03,0.006,-9e-05,22.25,-0.22,0.0,-0.001,129.729,1.855,12.366,0.0,2.377,3.233,79499.146,0.6631,0,0,0,0,,,drift_segment,20200325_S02
20200325_870,20200325,870,869,8.12,14.8,2.753,72.0,0.18601,2933.6,40.744,361.28,0.2,0.0,0.0,2e-05,8.22,0.02,-0.03,-0.004,130.179,1.349,11.466,0.0,2.486,2.893,79820.154,0.6331,0,0,0,0,,,drift_segment,20200325_S02
20200325_871,20200325,871,870,7.9,14.8,2.75,71.0,0.18581,2889.7,40.7,365.78,-0.03,0.0,-0.005,-0.0002,-36.44,-0.22,0.0,-0.003,125.232,1.349,10.792,-1.349,2.278,1.43,73956.679,0.6272,0,0,0,0,,,drift_segment,20200325_S02
20200325_872,20200325,872,871,7.91,14.8,2.746,72.0,0.18554,2926.14,40.641,369.93,-0.02,0.0,-0.01,-0.00047,-0.73,0.01,0.0,-0.004,125.457,1.349,9.893,0.0,2.0,2.644,74203.602,0.6129,0,0,0,0,,,drift_segment,20200325_S02
20200325_873,20200325,873,872,7.92,14.8,2.747,70.0,0.18561,2845.89,40.656,359.33,-0.01,0.0,-0.008,-0.00041,-87.7,0.01,0.0,0.001,125.682,1.349,10.117,-2.698,2.07,-0.03,74560.545,0.5894,0,0,0,0,,,drift_segment,20200325_S02
20200325_874,20200325,874,873,7.91,14.8,2.755,71.0,0.18615,2894.95,40.774,365.99,-0.01,0.0,0.0,0.00014,-38.64,-0.01,0.0,0.008,125.457,1.349,11.916,-1.349,2.625,1.605,74187.3,0.5796,0,0,0,0,,,drift_segment,20200325_S02
20200325_875,20200325,875,874,7.91,14.8,2.762,72.0,0.18662,2943.19,40.878,372.08,-0.01,0.0,0.009,0.00061,17.05,0.0,0.0,0.007,125.457,1.349,13.49,0.0,3.111,3.213,74096.953,0.6175,0,0,0,0,,,drift_segment,20200325_S02
20200325_876,20200325,876,875,7.93,14.81,2.763,72.0,0.18656,2946.24,40.92,371.53,0.02,0.01,0.01,0.00055,22.99,0.02,0.01,0.001,125.907,1.518,13.715,0.0,3.051,3.314,74704.003,0.609,0,0,0,0,,,drift_segment,20200325_S02
20200325_877,20200325,877,876,7.95,14.81,2.762,72.0,0.1865,2945.18,40.905,370.46,0.04,0.01,0.009,0.00048,19.04,0.02,0.0,-0.001,126.356,1.518,13.49,0.0,2.981,3.279,75242.291,0.6219,0,0,0,0,,,drift_segment,20200325_S02
20200325_878,20200325,878,877,7.93,14.8,2.755,73.0,0.18615,2976.5,40.774,375.35,0.02,0.0,0.002,0.00014,45.19,-0.02,-0.01,-0.007,125.907,1.349,11.916,1.349,2.625,4.323,74628.697,0.6322,0,0,0,0,,,drift_segment,20200325_S02
20200325_879,20200325,879,878,7.92,14.8,2.753,71.0,0.18601,2892.85,40.744,365.26,0.01,0.0,-0.002,0.0,-42.73,-0.01,0.0,-0.002,125.682,1.349,11.466,-1.349,2.486,1.535,74465.823,0.5592,0,0,0,0,,,drift_segment,20200325_S02
20200325_880,20200325,880,879,7.91,14.78,2.749,71.0,0.18599,2884.75,40.63,364.7,0.0,-0.03,-0.006,0.0,-58.44,-0.01,-0.02,-0.004,125.457,1.012,10.567,-1.349,2.467,1.265,74064.092,0.597,0,0,0,0,,,drift_segment,20200325_S02
20200325_881,20200325,881,880,7.89,14.78,2.747,72.0,0.18586,2923.25,40.601,370.5,-0.03,-0.03,-0.008,-0.00012,-21.63,-0.02,0.0,-0.002,125.007,1.012,10.117,0.0,2.328,2.548,73503.217,0.6318,0,0,0,0,,,drift_segment,20200325_S02
20200325_882,20200325,882,881,7.91,14.81,2.749,72.0,0.18562,2931.31,40.713,370.58,0.0,0.0,-0.005,-0.00036,-9.3,0.02,0.03,0.002,125.457,1.518,10.567,0.0,2.08,2.817,74263.926,0.5991,0,0,0,0,,,drift_segment,20200325_S02
20200325_883,20200325,883,882,7.9,14.81,2.753,72.0,0.18589,2935.58,40.772,371.59,-0.01,0.0,0.0,-3e-05,0.0,-0.01,0.0,0.004,125.232,1.518,11.466,0.0,2.357,2.959,73971.23,0.5807,0,0,0,0,,,drift_segment,20200325_S02
20200325_884,20200325,884,883,7.9,14.84,2.76,72.0,0.18598,2949.0,40.958,373.29,-0.01,0.03,0.007,0.0001,17.69,0.0,0.03,0.007,125.232,2.024,13.04,0.0,2.456,3.406,74173.485,0.6383,0,0,0,0,,,drift_segment,20200325_S02
20200325_885,20200325,885,884,7.93,14.84,2.759,72.0,0.18592,2947.94,40.944,371.74,0.02,0.03,0.006,3e-05,16.62,0.03,0.0,-0.001,125.907,2.024,12.815,0.0,2.387,3.371,74976.22,0.6236,0,0,0,0,,,drift_segment,20200325_S02
20200325_886,20200325,886,885,7.94,14.83,2.758,72.0,0.18597,2944.88,40.901,370.89,0.03,0.02,0.005,9e-05,13.57,0.01,-0.01,-0.001,126.132,1.855,12.591,0.0,2.446,3.269,75166.005,0.6106,0,0,0,0,,,drift_segment,20200325_S02
20200325_887,20200325,887,886,7.91,14.83,2.754,72.0,0.1857,2940.61,40.842,371.76,0.0,0.02,0.001,-0.00018,9.3,-0.03,0.0,-0.004,125.457,1.855,11.691,0.0,2.169,3.127,74394.177,0.5932,0,0,0,0,,,drift_segment,20200325_S02
20200325_888,20200325,888,887,7.92,14.81,2.753,71.0,0.18589,2894.81,40.772,365.51,0.01,-0.02,-0.001,0.0,-40.77,0.01,-0.02,-0.001,125.682,1.518,11.466,-1.349,2.357,1.6,74548.317,0.5663,0,0,0,0,,,drift_segment,20200325_S02
20200325_889,20200325,889,888,7.9,14.81,2.747,71.0,0.18548,2888.5,40.683,365.63,-0.01,-0.02,-0.011,-0.00041,-52.11,-0.02,0.0,-0.006,125.232,1.518,10.117,-1.349,1.941,1.39,74060.577,0.6074,0,0,0,0,,,drift_segment,20200325_S02
20200325_890,20200325,890,889,7.89,14.81,2.747,71.0,0.18548,2888.5,40.683,366.1,-0.03,-0.02,-0.007,-0.00037,-20.45,-0.01,0.0,0.0,125.007,1.518,10.117,-1.349,1.941,1.39,73796.072,0.5937,0,0,0,0,,,drift_segment,20200325_S02
20200325_891,20200325,891,890,7.91,14.81,2.753,71.0,0.18589,2894.81,40.772,365.97,0.0,-0.02,0.0,0.0001,-14.14,0.02,0.0,0.006,125.457,1.518,11.466,-1.349,2.357,1.6,74282.993,0.576,0,0,0,0,,,drift_segment,20200325_S02
20200325_892,20200325,892,891,7.91,14.85,2.759,71.0,0.18579,2908.95,40.971,367.76,0.0,0.03,0.006,9e-05,8.28,0.0,0.04,0.006,125.457,2.192,12.815,-1.349,2.258,2.071,74574.249,0.6203,0,0,0,0,,,drift_segment,20200325_S02
20200325_893,20200325,893,892,7.92,14.85,2.762,72.0,0.18599,2953.13,41.016,372.87,0.01,0.03,0.009,0.00048,52.46,0.01,0.0,0.003,125.682,2.192,13.49,0.0,2.465,3.544,74774.884,0.6159,0,0,0,0,,,drift_segment,20200325_S02
20200325_894,20200325,894,893,7.92,14.84,2.758,73.0,0.18585,2987.8,40.929,377.25,0.01,0.01,0.005,0.00034,78.84,0.0,-0.01,-0.004,125.682,2.024,12.591,1.349,2.317,4.699,74674.299,0.6185,0,0,0,0,,,drift_segment,20200325_S02
20200325_895,20200325,895,894,7.93,14.84,2.753,71.0,0.18551,2900.67,40.855,365.78,0.02,0.01,0.0,-0.00028,-9.34,0.01,0.0,-0.005,125.907,2.024,11.466,-1.349,1.971,1.795,75062.49,0.5784,0,0,0,0,,,drift_segment,20200325_S02
20200325_896,20200325,896,895,7.91,14.82,2.747,72.0,0.18536,2931.16,40.711,370.56,0.0,-0.02,-0.01,-0.00049,0.0,-0.02,-0.02,-0.006,125.457,1.686,10.117,0.0,1.812,2.812,74360.954,0.6204,0,0,0,0,,,drift_segment,20200325_S02
20200325_897,20200325,897,896,7.91,14.82,2.747,71.0,0.18536,2890.45,40.711,365.42,0.0,-0.02,-0.011,-0.00049,-43.76,0.0,0.0,0.0,125.457,1.686,10.117,-1.349,1.812,1.455,74408.001,0.5734,0,0,0,0,,,drift_segment,20200325_S02
20200325_898,20200325,898,897,7.91,14.83,2.748,72.0,0.1853,2934.2,40.753,370.95,-0.01,0.0,-0.009,-0.00055,-4.27,0.0,0.01,0.001,125.457,1.855,10.342,0.0,1.753,2.913,74436.113,0.5928,0,0,0,0,,,drift_segment,20200325_S02
20200325_899,20200325,899,898,7.9,14.83,2.757,73.0,0.18591,2984.7,40.886,377.81,-0.01,0.0,0.004,0.00034,50.34,-0.01,0.0,0.009,125.232,1.855,12.366,1.349,2.377,4.596,74067.681,0.6385,0,0,0,0,,,drift_segment,20200325_S02
20200325_900,20200325,900,899,7.93,14.85,2.76,71.0,0.18586,2910.01,40.986,366.96,0.02,0.02,0.008,0.0003,-24.2,0.03,0.02,0.003,125.907,2.192,13.04,-1.349,2.327,2.107,75100.121,0.6273,0,0,0,0,,,drift_segment,20200325_S02
20200325_901,20200325,901,900,7.91,14.85,2.763,72.0,0.18606,2954.2,41.031,373.48,0.0,0.02,0.013,0.0005,19.84,-0.02,0.0,0.003,125.457,2.192,13.715,0.0,2.535,3.58,74503.456,0.6156,0,0,0,0,,,drift_segment,20200325_S02
20200325_902,20200325,902,901,7.93,14.83,2.76,72.0,0.18611,2947.02,40.931,371.63,0.02,0.0,0.008,0.00055,10.99,0.02,-0.02,-0.003,125.907,1.855,13.04,0.0,2.585,3.34,74887.236,0.6197,0,0,0,0,,,drift_segment,20200325_S02
20200325_903,20200325,903,902,7.94,14.83,2.752,72.0,0.18557,2938.48,40.812,370.09,0.03,0.0,0.0,1e-05,2.45,0.01,0.0,-0.008,126.132,1.855,11.242,0.0,2.03,3.056,75205.825,0.5943,0,0,0,0,,,drift_segment,20200325_S02
20200325_904,20200325,904,903,7.9,14.82,2.75,72.0,0.18556,2934.36,40.755,371.44,-0.01,-0.03,-0.007,-1e-05,-1.66,-0.04,-0.01,-0.002,125.232,1.686,10.792,0.0,2.02,2.918,74074.236,0.6296,0,0,0,0,,,drift_segment,20200325_S02
20200325_905,20200325,905,904,7.9,14.82,2.745,72.0,0.18522,2929.02,40.681,370.76,-0.01,-0.03,-0.012,-0.00034,-7.0,0.0,0.0,-0.005,125.232,1.686,9.668,0.0,1.674,2.741,74110.882,0.612,0,0,0,0,,,drift_segment,20200325_S02
20200325_906,20200325,906,905,7.89,14.85,2.746,72.0,0.18492,2936.02,40.778,372.12,-0.02,0.0,-0.011,-0.0004,0.0,-0.01,0.03,0.001,125.007,2.192,9.893,0.0,1.359,2.974,74085.654,0.6192,0,0,0,0,,,drift_segment,20200325_S02
20200325_907,20200325,907,906,7.89,14.85,2.752,72.0,0.18532,2942.44,40.867,372.93,-0.02,0.0,0.0,4e-05,6.42,0.0,0.0,0.006,125.007,2.192,11.242,0.0,1.774,3.188,74042.683,0.5896,0,0,0,0,,,drift_segment,20200325_S02
20200325_908,20200325,908,907,7.91,14.88,2.757,71.0,0.18528,2912.72,41.024,368.23,0.01,0.0,0.005,6e-05,-23.31,0.02,0.03,0.005,125.457,2.698,12.366,-1.349,1.735,2.197,74835.16,0.6037,0,0,0,0,,,drift_segment,20200325_S02
20200325_909,20200325,909,908,7.93,14.88,2.762,71.0,0.18562,2918.0,41.099,367.97,0.03,0.0,0.01,0.0007,-18.03,0.02,0.0,0.005,125.907,2.698,13.49,-1.349,2.08,2.373,75337.302,0.6209,0,0,0,0,,,drift_segment,20200325_S02
20200325_910,20200325,910,909,7.91,14.97,2.76,72.0,0.18437,2974.84,41.317,376.09,0.01,0.06,0.008,-0.0,34.47,-0.02,0.09,-0.002,125.457,4.216,13.04,0.0,0.797,4.267,75518.487,0.6797,0,0,0,0,,,drift_segment,20200325_S02
20200325_911,20200325,911,910,7.92,14.97,2.757,71.0,0.18417,2930.33,41.272,369.99,0.02,0.06,0.005,-0.0002,-12.11,0.01,0.0,-0.003,125.682,4.216,12.366,-1.349,0.591,2.784,75851.92,0.6404,0,0,0,0,,,drift_segment,20200325_S02
20200325_912,20200325,912,911,7.9,14.94,2.752,73.0,0.1842,3001.39,41.115,379.92,0.0,0.01,-0.002,-0.00017,50.28,-0.02,-0.03,-0.005,125.232,3.71,11.242,1.349,0.627,5.152,75011.415,0.6283,0,0,0,0,,,drift_segment,20200325_S02
20200325_913,20200325,913,912,7.9,14.94,2.744,72.0,0.18367,2951.67,40.995,373.63,0.0,0.01,-0.013,-0.0007,0.0,0.0,0.0,-0.008,125.232,3.71,9.443,0.0,0.077,3.495,75112.056,0.6211,0,0,0,0,,,drift_segment,20200325_S02
20200325_914,20200325,914,913,7.89,14.91,2.739,72.0,0.1837,2940.37,40.838,372.67,-0.01,-0.03,-0.017,-0.0005,-20.07,-0.01,-0.03,-0.005,125.007,3.204,8.319,0.0,0.112,3.119,74636.529,0.634,0,0,0,0,,,drift_segment,20200325_S02
20200325_915,20200325,915,914,7.89,14.91,2.749,72.0,0.18437,2951.11,40.988,374.03,-0.01,-0.03,-0.005,0.0002,-12.56,0.0,0.0,0.01,125.007,3.204,10.567,0.0,0.801,3.477,74559.479,0.6291,0,0,0,0,,,drift_segment,20200325_S02
20200325_916,20200325,916,915,7.89,14.93,2.754,72.0,0.18446,2960.44,41.117,375.21,-0.01,-0.01,0.001,0.0004,-3.22,0.0,0.02,0.005,125.007,3.541,11.691,0.0,0.891,3.788,74690.697,0.5992,0,0,0,0,,,drift_segment,20200325_S02
20200325_917,20200325,917,916,7.9,14.93,2.757,72.0,0.18466,2963.66,41.162,375.15,0.0,-0.01,0.005,0.00067,0.0,0.01,0.0,0.003,125.232,3.541,12.366,0.0,1.098,3.895,74937.123,0.596,0,0,0,0,,,drift_segment,20200325_S02
20200325_918,20200325,918,917,7.91,14.99,2.759,72.0,0.18406,2977.73,41.357,376.45,0.01,0.06,0.01,6e-05,17.29,0.01,0.06,0.002,125.457,4.553,12.815,0.0,0.475,4.364,75691.928,0.667,0,0,0,0,,,drift_segment,20200325_S02
20200325_919,20200325,919,918,7.92,14.99,2.756,72.0,0.18386,2974.5,41.312,375.57,0.02,0.06,0.003,-0.0002,12.07,0.01,0.0,-0.003,125.682,4.553,12.141,0.0,0.27,4.256,75978.843,0.6281,0,0,0,0,,,drift_segment,20200325_S02
20200325_920,20200325,920,919,7.91,15.07,2.753,72.0,0.18268,2987.12,41.488,377.64,0.01,0.13,-0.001,-0.00145,24.69,-0.01,0.08,-0.003,125.457,5.902,11.466,0.0,-0.937,4.677,76403.433,0.6825,0,0,0,0,,,drift_segment,20200325_S02
20200325_921,20200325,921,920,7.9,15.07,2.748,72.0,0.18235,2981.69,41.412,377.43,0.0,0.13,-0.006,-0.00178,18.03,-0.01,0.0,-0.005,125.232,5.902,10.342,0.0,-1.278,4.496,76170.389,0.6705,0,0,0,0,,,drift_segment,20200325_S02
20200325_922,20200325,922,921,7.9,14.93,2.747,71.0,0.18399,2911.9,41.013,368.6,-0.01,-0.01,-0.008,-0.00013,-51.76,0.0,-0.14,-0.001,125.232,3.541,10.117,-1.349,0.41,2.17,75053.159,0.6204,0,0,0,0,,,drift_segment,20200325_S02
20200325_923,20200325,923,922,7.88,14.93,2.749,71.0,0.18413,2914.02,41.043,369.8,-0.03,-0.01,-0.005,7e-05,-48.4,-0.02,0.0,0.002,124.783,3.541,10.567,-1.349,0.547,2.24,74506.549,0.6115,0,0,0,0,,,drift_segment,20200325_S02
20200325_924,20200325,924,923,7.88,14.94,2.754,72.0,0.18434,2962.42,41.145,375.94,-0.02,0.0,0.001,0.00035,2.32,0.0,0.01,0.005,124.783,3.71,11.691,0.0,0.764,3.854,74508.026,0.602,0,0,0,0,,,drift_segment,20200325_S02
20200325_925,20200325,925,924,7.91,14.94,2.757,71.0,0.18454,2924.46,41.19,369.72,0.01,0.0,0.007,0.00041,-33.49,0.03,0.0,0.003,125.457,3.71,12.366,-1.349,0.971,2.588,75333.932,0.619,0,0,0,0,,,drift_segment,20200325_S02
20200325_926,20200325,926,925,7.91,14.89,2.757,73.0,0.18516,2996.78,41.052,378.86,0.01,-0.05,0.008,0.00103,38.83,0.0,-0.05,0.0,125.457,2.867,12.366,1.349,1.607,4.999,74828.984,0.6421,0,0,0,0,,,drift_segment,20200325_S02
20200325_927,20200325,927,926,7.92,14.89,2.755,72.0,0.18502,2953.58,41.022,372.93,0.02,-0.05,0.005,0.0009,-1.48,0.01,0.0,-0.002,125.682,2.867,11.916,0.0,1.469,3.559,75150.42,0.6172,0,0,0,0,,,drift_segment,20200325_S02
20200325_928,20200325,928,927,7.89,14.95,2.75,72.0,0.18395,2960.1,41.112,375.17,-0.01,0.01,-0.004,-0.00018,2.15,-0.03,0.06,-0.005,125.007,3.878,10.792,0.0,0.363,3.776,74884.369,0.6446,0,0,0,0,,,drift_segment,20200325_S02
20200325_929,20200325,929,928,7.89,14.95,2.748,72.0,0.18381,2957.95,41.083,374.9,-0.01,0.0,-0.007,-0.00013,-2.15,0.0,0.0,-0.002,125.007,3.878,10.342,0.0,0.225,3.705,74898.764,0.5994,0,0,0,0,,,drift_segment,20200325_S02
20200325_930,20200325,930,929,7.9,14.93,2.749,72.0,0.18413,2955.07,41.043,374.06,0.0,-0.02,-0.006,0.00018,-2.88,0.01,-0.02,0.001,125.232,3.541,10.567,0.0,0.547,3.608,74991.481,0.601,0,0,0,0,,,drift_segment,20200325_S02
20200325_931,20200325,931,930,7.89,14.99,2.745,72.0,0.18312,2962.62,41.148,375.49,-0.01,0.04,-0.007,-0.00082,4.68,-0.01,0.06,-0.004,125.007,4.553,9.668,0.0,-0.484,3.86,75254.443,0.6594,0,0,0,0,,,drift_segment,20200325_S02
20200325_932,20200325,932,931,7.91,14.99,2.755,71.0,0.18379,2932.12,41.297,370.69,0.01,0.04,0.005,-0.00015,-22.95,0.02,0.0,0.01,125.457,4.553,11.916,-1.349,0.201,2.844,75764.723,0.655,0,0,0,0,,,drift_segment,20200325_S02
20200325_933,20200325,933,932,7.9,15.07,2.756,72.0,0.18288,2990.37,41.533,378.53,0.0,0.12,0.007,-0.00093,35.31,-0.01,0.08,0.001,125.232,5.902,12.141,0.0,-0.733,4.785,76114.797,0.6925,0,0,0,0,,,drift_segment,20200325_S02
20200325_934,20200325,934,933,7.9,15.07,2.756,72.0,0.18288,2990.37,41.533,378.53,0.0,0.13,0.007,-0.00093,37.46,0.0,0.0,0.0,125.232,5.902,12.141,0.0,-0.733,4.785,76114.797,0.6512,0,0,0,0,,,drift_segment,20200325_S02
20200325_935,20200325,935,934,7.91,14.93,2.752,71.0,0.18433,2917.2,41.087,368.8,0.01,-0.01,0.0,0.00039,-35.71,0.01,-0.14,-0.004,125.457,3.541,11.242,-1.349,0.754,2.346,75283.95,0.6236,0,0,0,0,,,drift_segment,20200325_S02
20200325_936,20200325,936,935,7.9,14.93,2.747,72.0,0.18399,2952.92,41.013,373.79,0.0,-0.01,-0.006,6e-05,0.0,-0.01,0.0,-0.005,125.232,3.541,10.117,0.0,0.41,3.537,75006.114,0.6016,0,0,0,0,,,drift_segment,20200325_S02
20200325_937,20200325,937,936,7.89,14.94,2.748,70.0,0.18394,2873.86,41.055,364.24,-0.01,0.0,-0.005,-6e-05,-79.06,-0.01,0.01,0.001,125.007,3.71,10.342,-2.698,0.352,0.902,74914.499,0.6015,0,0,0,0,,,drift_segment,20200325_S02
20200325_938,20200325,938,937,7.9,14.94,2.744,71.0,0.18367,2910.67,40.995,368.44,0.0,0.0,-0.009,-0.00048,-42.24,0.01,0.0,-0.004,125.232,3.71,9.443,-1.349,0.077,2.129,75159.131,0.6068,0,0,0,0,,,drift_segment,20200325_S02
20200325_939,20200325,939,938,7.89,14.89,2.753,72.0,0.18489,2951.44,40.992,374.07,-0.01,-0.04,0.001,0.00056,0.0,-0.01,-0.05,0.009,125.007,2.867,11.466,0.0,1.331,3.487,74366.046,0.6465,0,0,0,0,,,drift_segment,20200325_S02
20200325_940,20200325,940,939,7.88,14.89,2.757,72.0,0.18516,2955.72,41.052,375.09,-0.02,-0.04,0.007,0.00074,38.52,-0.01,0.0,0.004,124.783,2.867,12.366,0.0,1.607,3.63,74074.942,0.6345,0,0,0,0,,,drift_segment,20200325_S02
20200325_941,20200325,941,940,7.91,14.95,2.757,72.0,0.18441,2967.63,41.217,375.18,0.02,0.06,0.007,-0.00047,48.97,0.03,0.06,0.0,125.457,3.878,12.366,0.0,0.844,4.027,75370.257,0.6714,0,0,0,0,,,drift_segment,20200325_S02
20200325_942,20200325,942,941,7.9,14.95,2.753,73.0,0.18415,3004.49,41.157,380.31,0.01,0.06,0.001,-0.00101,85.83,-0.01,0.0,-0.004,125.232,3.878,11.466,1.349,0.569,5.256,75087.819,0.6426,0,0,0,0,,,drift_segment,20200325_S02
20200325_943,20200325,943,942,7.9,14.74,2.75,71.0,0.18657,2877.98,40.535,364.3,0.0,-0.01,-0.002,0.00014,-44.64,0.0,-0.21,-0.003,125.232,0.337,10.792,-1.349,3.055,1.039,73464.997,0.5861,0,0,0,0,,,drift_segment,20200325_S02
20200325_944,20200325,944,943,7.89,14.74,2.748,71.0,0.18643,2875.89,40.506,364.5,0.0,-0.01,-0.005,0.0,-48.86,-0.01,0.0,-0.002,125.007,0.337,10.342,-1.349,2.916,0.97,73215.841,0.5585,0,0,0,0,,,drift_segment,20200325_S02
20200325_945,20200325,945,944,7.89,14.73,2.748,72.0,0.18656,2914.42,40.478,369.38,-0.01,-0.02,-0.004,0.00013,-10.33,0.0,-0.01,0.0,125.007,0.169,10.342,0.0,3.046,2.254,73087.489,0.567,0,0,0,0,,,drift_segment,20200325_S02
20200325_946,20200325,946,945,7.89,14.73,2.752,72.0,0.18683,2918.66,40.537,369.92,-0.01,-0.02,0.0,0.0004,-6.09,0.0,0.0,0.004,125.007,0.169,11.242,0.0,3.325,2.395,73059.43,0.5707,0,0,0,0,,,drift_segment,20200325_S02
20200325_947,20200325,947,946,7.9,14.75,2.752,72.0,0.18658,2922.62,40.592,369.95,0.0,0.0,0.002,0.00014,0.0,0.01,0.02,0.0,125.232,0.506,11.242,0.0,3.064,2.527,73485.985,0.5622,0,0,0,0,,,drift_segment,20200325_S02
20200325_948,20200325,948,947,7.9,14.75,2.754,72.0,0.18671,2924.75,40.622,370.22,0.0,0.0,0.005,0.00028,6.09,0.0,0.0,0.002,125.232,0.506,11.691,0.0,3.204,2.598,73472.524,0.5663,0,0,0,0,,,drift_segment,20200325_S02
20200325_949,20200325,949,948,7.89,15.07,2.754,72.0,0.18275,2988.2,41.503,378.73,-0.01,0.14,0.005,-0.00172,65.58,-0.01,0.32,0.0,125.007,5.902,11.691,0.0,-0.869,4.713,75859.992,0.6928,0,0,0,0,,,drift_segment,20200325_S02
20200325_950,20200325,950,949,7.91,15.07,2.749,72.0,0.18242,2982.77,41.427,377.09,0.01,0.14,-0.003,-0.00206,60.15,0.02,0.0,-0.005,125.457,5.902,10.567,0.0,-1.21,4.532,76431.733,0.6691,0,0,0,0,,,drift_segment,20200325_S02
20200325_951,20200325,951,950,7.91,14.93,2.748,72.0,0.18406,2953.99,41.028,373.45,0.01,0.0,-0.004,-0.00041,31.37,0.0,-0.14,-0.001,125.457,3.541,10.342,0.0,0.478,3.573,75265.376,0.6142,0,0,0,0,,,drift_segment,20200325_S02
20200325_952,20200325,952,951,7.89,14.93,2.748,71.0,0.18406,2912.96,41.028,369.2,-0.01,0.0,-0.004,-2e-05,-10.44,-0.02,0.0,0.0,125.007,3.541,10.342,-1.349,0.478,2.205,74779.543,0.5847,0,0,0,0,,,drift_segment,20200325_S02
20200325_953,20200325,953,952,7.9,14.94,2.749,71.0,0.184,2915.97,41.07,369.11,0.0,0.0,-0.003,-6e-05,-8.77,0.01,0.01,0.001,125.232,3.71,10.567,-1.349,0.421,2.306,75121.712,0.5757,0,0,0,0,,,drift_segment,20200325_S02
20200325_954,20200325,954,953,7.91,14.94,2.756,71.0,0.18447,2923.4,41.175,369.58,0.01,0.0,0.007,0.00041,0.0,0.01,0.0,0.007,125.457,3.71,12.141,-1.349,0.902,2.553,75340.394,0.6221,0,0,0,0,,,drift_segment,20200325_S02
20200325_955,20200325,955,954,7.9,14.89,2.759,71.0,0.18529,2916.79,41.082,369.21,0.0,-0.05,0.01,0.00123,-6.61,-0.01,-0.05,0.003,125.232,2.867,12.815,-1.349,1.745,2.333,74639.633,0.6329,0,0,0,0,,,drift_segment,20200325_S02
20200325_956,20200325,956,955,7.9,14.89,2.754,71.0,0.18496,2911.5,41.007,368.54,0.0,-0.05,0.005,0.0009,-11.9,0.0,0.0,-0.005,125.232,2.867,11.691,-1.349,1.4,2.156,74671.746,0.6023,0,0,0,0,,,drift_segment,20200325_S02
20200325_957,20200325,957,956,7.9,14.95,2.752,72.0,0.18408,2962.25,41.142,374.97,0.01,0.01,0.0,8e-05,38.85,0.0,0.06,-0.002,125.232,3.878,11.242,0.0,0.5,3.848,75136.754,0.6073,0,0,0,0,,,drift_segment,20200325_S02
20200325_958,20200325,958,957,7.89,14.95,2.744,73.0,0.18355,2994.66,41.023,379.55,-0.01,0.0,-0.009,-0.00011,64.67,-0.01,0.0,-0.008,125.007,3.878,9.443,1.349,-0.049,4.928,74886.742,0.6487,0,0,0,0,,,drift_segment,20200325_S02
20200325_959,20200325,959,958,7.89,14.93,2.741,71.0,0.18359,2905.54,40.923,368.26,-0.01,-0.02,-0.013,-7e-05,-24.45,0.0,-0.02,-0.003,125.007,3.541,8.768,-1.349,-0.003,1.958,74833.215,0.6109,0,0,0,0,,,drift_segment,20200325_S02
20200325_960,20200325,960,959,7.87,14.99,2.748,72.0,0.18332,2965.86,41.193,376.86,-0.03,0.04,-0.006,-0.00033,5.42,-0.02,0.06,0.007,124.558,4.553,10.342,0.0,-0.278,3.968,74699.377,0.6782,0,0,0,0,,,drift_segment,20200325_S02
20200325_961,20200325,961,960,7.88,14.99,2.753,71.0,0.18366,2929.99,41.267,371.83,-0.01,0.04,0.0,0.0,-30.45,0.01,0.0,0.005,124.783,4.553,11.466,-1.349,0.064,2.773,74977.175,0.6221,0,0,0,0,,,drift_segment,20200325_S02
20200325_962,20200325,962,961,7.89,15.07,2.759,72.0,0.18308,2993.63,41.578,379.42,0.0,0.12,0.007,-0.00058,33.19,0.01,0.08,0.006,125.007,5.902,12.815,0.0,-0.528,4.894,75827.702,0.6986,0,0,0,0,,,drift_segment,20200325_S02
20200325_963,20200325,963,962,7.91,15.07,2.759,73.0,0.18308,3035.2,41.578,383.72,0.02,0.13,0.007,-0.00058,74.93,0.02,0.0,0.0,125.457,5.902,12.815,1.349,-0.528,6.279,76321.906,0.675,0,0,0,0,,,drift_segment,20200325_S02
20200325_964,20200325,964,963,7.9,14.93,2.757,71.0,0.18466,2922.5,41.162,369.94,0.01,-0.01,0.005,0.00079,-32.39,-0.01,-0.14,-0.002,125.232,3.541,12.366,-1.349,1.098,2.523,74984.095,0.6365,0,0,0,0,,,drift_segment,20200325_S02
20200325_965,20200325,965,964,7.9,14.93,2.754,72.0,0.18446,2960.44,41.117,374.74,0.0,-0.01,0.001,0.00026,0.17,0.0,0.0,-0.003,125.232,3.541,11.691,0.0,0.891,3.788,74956.725,0.5782,0,0,0,0,,,drift_segment,20200325_S02
20200325_966,20200325,966,965,7.89,14.94,2.752,72.0,0.1842,2960.27,41.115,375.19,-0.01,0.0,-0.002,-0.00014,0.0,-0.01,0.01,-0.002,125.007,3.71,11.242,0.0,0.627,3.782,74787.279,0.5921,0,0,0,0,,,drift_segment,20200325_S02
20200325_967,20200325,967,966,7.88,14.94,2.747,72.0,0.18387,2954.89,41.04,374.99,-0.03,0.0,-0.009,-0.00059,-5.38,-0.01,0.0,-0.005,124.783,3.71,10.117,0.0,0.283,3.603,74557.138,0.6331,0,0,0,0,,,drift_segment,20200325_S02
20200325_968,20200325,968,967,7.91,14.89,2.747,72.0,0.18449,2945.0,40.903,372.31,0.0,-0.04,-0.009,0.0,-9.89,0.03,-0.05,0.0,125.457,2.867,10.117,0.0,0.917,3.273,74940.138,0.6374,0,0,0,0,,,drift_segment,20200325_S02
20200325_969,20200325,969,968,7.92,14.89,2.75,72.0,0.18469,2948.22,40.948,372.25,0.01,-0.04,-0.006,0.00014,0.0,0.01,0.0,0.003,125.682,2.867,10.792,0.0,1.124,3.38,75184.799,0.6131,0,0,0,0,,,drift_segment,20200325_S02
20200325_970,20200325,970,969,7.91,14.95,2.756,72.0,0.18435,2966.56,41.202,375.04,-0.01,0.06,0.002,-0.0002,18.34,-0.01,0.06,0.006,125.457,3.878,12.141,0.0,0.775,3.992,75376.715,0.6608,0,0,0,0,,,drift_segment,20200325_S02
20200325_971,20200325,971,970,7.92,14.95,2.759,72.0,0.18455,2969.79,41.247,374.97,0.0,0.06,0.007,-0.00014,24.78,0.01,0.0,0.003,125.682,3.878,12.815,0.0,0.981,4.099,75624.813,0.6366,0,0,0,0,,,drift_segment,20200325_S02
20200325_972,20200325,972,971,7.93,14.74,2.765,71.0,0.18758,2893.68,40.756,364.9,0.01,0.0,0.013,0.002,-30.28,0.01,-0.21,0.006,125.907,0.337,14.164,-1.349,4.1,1.563,74163.145,0.6253,0,0,0,0,,,drift_segment,20200325_S02
20200325_973,20200325,973,972,7.93,14.74,2.76,71.0,0.18725,2888.45,40.682,364.24,0.01,0.0,0.008,0.00166,-5.23,0.0,0.0,-0.005,125.907,0.337,13.04,-1.349,3.752,1.388,74192.185,0.5686,0,0,0,0,,,drift_segment,20200325_S02
20200325_974,20200325,974,973,7.95,14.73,2.757,72.0,0.18717,2923.96,40.611,367.79,0.03,0.0,0.005,0.00158,35.51,0.02,-0.01,-0.003,126.356,0.169,12.366,0.0,3.673,2.572,74612.027,0.6088,0,0,0,0,,,drift_segment,20200325_S02
20200325_975,20200325,975,974,7.94,14.73,2.752,71.0,0.18683,2878.12,40.537,362.48,0.03,0.0,0.0,0.00124,0.0,-0.01,0.0,-0.005,126.132,0.169,11.242,-1.349,3.325,1.044,74427.081,0.5653,0,0,0,0,,,drift_segment,20200325_S02
20200326_126,20200326,126,125,2.38,14.52,2.707,73.0,0.18643,2869.31,39.306,1205.59,0.0,-0.04,0.003,0.00046,30.09,-0.01,-0.04,-0.002,1.124,-3.373,1.124,1.349,2.917,0.75,9.014,0.5267,0,0,0,0,0.9388,0.0055,day_relative,
20200326_200,20200326,200,199,2.37,14.56,2.7,70.0,0.18544,2751.84,39.312,1161.11,0.0,0.0,0.0,0.0,-75.16,-0.01,-0.01,0.003,0.899,-2.698,-0.45,-2.698,1.897,-3.165,10.602,0.4978,0,0,0,0,0.9323,0.0095,day_relative,
20200326_205,20200326,205,204,2.39,14.56,2.712,73.0,0.18626,2882.53,39.487,1206.08,0.02,0.0,0.004,0.00053,52.96,0.0,0.0,0.0,1.349,-2.698,2.248,1.349,2.743,1.191,11.185,0.5071,0,0,0,0,0.9206,0.0175,day_relative,
20200326_206,20200326,206,205,2.38,14.53,2.711,71.0,0.18658,2796.75,39.391,1175.1,0.01,-0.03,0.003,0.00085,-39.7,-0.01,-0.03,-0.001,1.124,-3.204,2.023,-1.349,3.068,-1.668,8.96,0.516,0,0,0,0,0.9324,0.0075,day_relative,
20200326_207,20200326,207,206,2.38,14.53,2.711,71.0,0.18658,2796.75,39.391,1175.1,0.01,-0.03,0.003,0.00085,-39.7,0.0,0.0,0.0,1.124,-3.204,2.023,-1.349,3.068,-1.668,8.96,0.4816,0,0,0,0,0.913,0.0195,day_relative,
20200326_280,20200326,280,279,2.35,14.53,2.712,71.0,0.18665,2797.78,39.405,1190.54,-0.02,-0.02,0.001,0.00089,-32.83,-0.02,-0.07,0.0,0.45,-3.204,2.248,-1.349,3.138,-1.634,12.566,0.5388,0,0,0,0,0.9545,0.0035,day_relative,
20200326_281,20200326,281,280,2.35,14.53,2.712,71.0,0.18665,2797.78,39.405,1190.54,-0.02,-0.02,0.001,0.00089,-13.48,0.0,0.0,0.0,0.45,-3.204,2.248,-1.349,3.138,-1.634,12.566,0.4798,0,0,0,0,0.9267,0.0135,day_relative,
20200326_290,20200326,290,289,2.35,14.54,2.696,73.0,0.18542,2861.59,39.2,1217.7,-0.01,-0.02,-0.004,0.0,31.12,-0.01,-0.03,-0.002,0.45,-3.035,-1.349,1.349,1.876,0.493,10.847,0.489,0,0,0,0,0.9244,0.0155,day_relative,
20200326_300,20200326,300,299,2.34,14.58,2.708,70.0,0.18573,2763.78,39.483,1181.1,-0.01,-0.01,0.0,0.0,-74.31,-0.04,-0.01,-0.002,0.225,-2.361,1.349,-2.698,2.199,-2.767,12.495,0.5348,0,0,0,0,0.9319,0.0115,day_relative,
20200326_364,20200326,364,363,2.33,14.55,2.701,70.0,0.18564,2750.97,39.3,1180.67,-0.04,-0.04,0.0,0.00057,-84.43,-0.04,-0.04,0.001,0.0,-2.867,-0.225,-2.698,2.098,-3.194,14.78,0.5895,0,0,1,1,0.9634,0.0015,day_relative,
20200326_525,20200326,525,524,2.38,14.52,2.707,73.0,0.18643,2869.31,39.306,1205.59,0.0,-0.04,0.003,0.00046,30.09,-0.01,-0.04,-0.002,1.124,-3.373,1.124,1.349,2.917,0.75,9.014,0.5267,0,0,0,0,0.9388,0.0055,day_relative,
20200326_599,20200326,599,598,2.37,14.56,2.7,70.0,0.18544,2751.84,39.312,1161.11,0.0,0.0,0.0,0.0,-75.16,-0.01,-0.01,0.003,0.899,-2.698,-0.45,-2.698,1.897,-3.165,10.602,0.4978,0,0,0,0,0.9323,0.0095,day_relative,
20200326_604,20200326,604,603,2.39,14.56,2.712,73.0,0.18626,2882.53,39.487,1206.08,0.02,0.0,0.004,0.00053,52.96,0.0,0.0,0.0,1.349,-2.698,2.248,1.349,2.743,1.191,11.185,0.5071,0,0,0,0,0.9206,0.0175,day_relative,
20200326_605,20200326,605,604,2.38,14.53,2.711,71.0,0.18658,2796.75,39.391,1175.1,0.01,-0.03,0.003,0.00085,-39.7,-0.01,-0.03,-0.001,1.124,-3.204,2.023,-1.349,3.068,-1.668,8.96,0.516,0,0,0,0,0.9324,0.0075,day_relative,
20200326_606,20200326,606,605,2.38,14.53,2.711,71.0,0.18658,2796.75,39.391,1175.1,0.01,-0.03,0.003,0.00085,-39.7,0.0,0.0,0.0,1.124,-3.204,2.023,-1.349,3.068,-1.668,8.96,0.4816,0,0,0,0,0.913,0.0195,day_relative,
20200326_679,20200326,679,678,2.35,14.53,2.712,71.0,0.18665,2797.78,39.405,1190.54,-0.02,-0.02,0.001,0.00089,-32.83,-0.02,-0.07,0.0,0.45,-3.204,2.248,-1.349,3.138,-1.634,12.566,0.5388,0,0,0,0,0.9545,0.0035,day_relative,
20200326_680,20200326,680,679,2.35,14.53,2.712,71.0,0.18665,2797.78,39.405,1190.54,-0.02,-0.02,0.001,0.00089,-13.48,0.0,0.0,0.0,0.45,-3.204,2.248,-1.349,3.138,-1.634,12.566,0.4798,0,0,0,0,0.9267,0.0135,day_relative,
20200326_689,20200326,689,688,2.35,14.54,2.696,73.0,0.18542,2861.59,39.2,1217.7,-0.01,-0.02,-0.004,0.0,31.12,-0.01,-0.03,-0.002,0.45,-3.035,-1.349,1.349,1.876,0.493,10.847,0.489,0,0,0,0,0.9244,0.0155,day_relative,
20200326_699,20200326,699,698,2.34,14.58,2.708,70.0,0.18573,2763.78,39.483,1181.1,-0.01,-0.01,0.0,0.0,-74.31,-0.04,-0.01,-0.002,0.225,-2.361,1.349,-2.698,2.199,-2.767,12.495,0.5348,0,0,0,0,0.9319,0.0115,day_relative,
20200326_763,20200326,763,762,2.33,14.55,2.701,70.0,0.18564,2750.97,39.3,1180.67,-0.04,-0.04,0.0,0.00057,-84.43,-0.04,-0.04,0.001,0.0,-2.867,-0.225,-2.698,2.098,-3.194,14.78,0.5895,0,0,1,1,0.9634,0.0015,day_relative,
20200327_914,20200327,914,912,2.3,14.97,2.7,72.0,0.18036,2910.17,40.419,1265.29,-0.01,0.06,0.0,-0.00102,25.47,-0.01,0.09,0.001,-0.675,4.216,-0.45,0.0,-3.321,2.112,19.917,0.5837,1,1,1,3,0.9758,0.0285,point_anomaly,
20200327_915,20200327,915,913,2.3,14.97,2.7,72.0,0.18036,2910.17,40.419,1265.29,-0.01,0.06,0.0,-0.00102,18.57,0.0,0.0,0.0,-0.675,4.216,-0.45,0.0,-3.321,2.112,19.917,0.5385,1,1,0,2,0.9681,0.039,point_anomaly,
20200327_916,20200327,916,914,2.32,14.94,2.705,71.0,0.18106,2869.3,40.413,1236.77,0.0,0.01,0.0,-0.00033,-22.3,0.02,-0.03,0.005,-0.225,3.71,0.674,-1.349,-2.605,0.75,21.674,0.5044,1,1,0,2,0.9549,0.0487,point_anomaly,
20200327_917,20200327,917,915,2.32,14.94,2.705,71.0,0.18106,2869.3,40.413,1236.77,0.0,0.01,0.0,-0.00033,-40.87,0.0,0.0,0.0,-0.225,3.71,0.674,-1.349,-2.605,0.75,21.674,0.4623,1,1,0,2,0.9212,0.0813,point_anomaly,
20200327_918,20200327,918,916,2.34,14.91,2.713,72.0,0.18196,2912.46,40.451,1244.64,0.0,-0.03,0.006,0.0009,2.29,0.02,-0.03,0.008,0.225,3.204,2.473,0.0,-1.679,2.188,26.775,0.588,0,1,1,2,0.9684,0.0379,point_anomaly,
20200327_920,20200327,920,918,2.34,14.93,2.71,73.0,0.18151,2953.6,40.46,1262.22,0.0,-0.01,0.003,0.00046,40.46,0.0,0.02,-0.003,0.225,3.541,1.799,1.349,-2.136,3.56,31.427,0.563,1,1,1,3,0.9737,0.0315,point_anomaly,
20200327_921,20200327,921,919,2.34,14.93,2.71,72.0,0.18151,2913.14,40.46,1244.93,0.0,-0.01,0.003,0.00046,0.0,0.0,0.0,0.0,0.225,3.541,1.799,0.0,-2.136,2.211,27.82,0.496,1,1,0,2,0.9491,0.0547,point_anomaly,
20200327_922,20200327,922,920,2.35,14.99,2.707,72.0,0.18059,2921.61,40.578,1243.24,0.01,0.06,0.0,-6e-05,8.47,0.01,0.06,-0.003,0.45,4.553,1.124,0.0,-3.088,2.493,44.015,0.5986,1,1,1,3,0.9847,0.018,point_anomaly,
20200327_923,20200327,923,921,2.35,14.99,2.707,72.0,0.18059,2921.61,40.578,1243.24,0.01,0.06,0.0,-6e-05,8.47,0.0,0.0,0.0,0.45,4.553,1.124,0.0,-3.088,2.493,44.015,0.5547,1,1,1,3,0.9806,0.0232,point_anomaly,
20200327_924,20200327,924,922,2.31,15.07,2.699,72.0,0.1791,2928.52,40.674,1267.76,-0.03,0.13,-0.001,-0.00155,15.38,-0.04,0.08,-0.008,-0.45,5.902,-0.674,0.0,-4.618,2.724,45.179,0.6827,1,1,1,3,0.9889,0.0105,point_anomaly,
20200327_925,20200327,925,923,2.31,15.07,2.699,72.0,0.1791,2928.52,40.674,1267.76,-0.03,0.13,-0.001,-0.00155,15.38,0.0,0.0,0.0,-0.45,5.902,-0.674,0.0,-4.618,2.724,45.179,0.6099,1,1,1,3,0.9871,0.0127,point_anomaly,
20200327_926,20200327,926,924,2.33,14.93,2.697,72.0,0.18064,2899.17,40.266,1244.28,0.0,-0.01,-0.003,0.0,-5.17,0.02,-0.14,-0.002,0.0,3.541,-1.124,0.0,-3.031,1.745,23.489,0.5599,1,1,1,3,0.9705,0.036,point_anomaly,
20200327_927,20200327,927,925,2.33,14.93,2.697,72.0,0.18064,2899.17,40.266,1244.28,0.0,-0.01,-0.003,0.0,-5.17,0.0,0.0,0.0,0.0,3.541,-1.124,0.0,-3.031,1.745,23.489,0.4865,1,1,0,2,0.9419,0.0615,point_anomaly,
20200327_928,20200327,928,926,2.36,14.94,2.7,72.0,0.18072,2904.34,40.338,1230.65,0.03,0.0,0.0,0.0,0.0,0.03,0.01,0.003,0.674,3.71,-0.45,0.0,-2.949,1.918,36.974,0.5311,1,1,0,2,0.9688,0.0367,point_anomaly,
20200327_929,20200327,929,927,2.36,14.94,2.7,72.0,0.18072,2904.34,40.338,1230.65,0.03,0.0,0.0,0.0,0.0,0.0,0.0,0.0,0.674,3.71,-0.45,0.0,-2.949,1.918,36.974,0.4935,1,1,0,2,0.9534,0.0502,point_anomaly,
20200327_932,20200327,932,930,2.35,14.95,2.706,72.0,0.181,2912.74,40.455,1239.46,0.01,0.06,0.004,-0.00046,40.45,0.02,0.06,0.004,0.45,3.878,0.899,0.0,-2.66,2.198,34.153,0.6032,1,1,1,3,0.9802,0.024,point_anomaly,
20200327_933,20200327,933,931,2.35,14.95,2.706,71.0,0.181,2872.28,40.455,1222.25,0.01,0.06,0.004,-0.00046,2.58,0.0,0.0,0.0,0.45,3.878,0.899,-1.349,-2.66,0.849,35.607,0.5359,1,1,0,2,0.9709,0.0352,point_anomaly,
20200327_950,20200327,950,948,2.4,14.8,2.697,73.0,0.18223,2913.84,39.916,1214.1,0.06,0.0,-0.003,-0.0002,36.72,0.06,0.0,-0.003,1.574,1.349,-1.124,1.349,-1.401,2.234,32.381,0.5892,0,1,1,2,0.8929,0.1079,point_anomaly,
20200327_982,20200327,982,980,2.38,14.82,2.698,72.0,0.18205,2878.87,39.984,1209.61,0.06,-0.03,-0.006,0.0,0.0,0.06,-0.01,-0.001,1.124,1.686,-0.899,0.0,-1.584,1.069,22.966,0.5588,0,1,1,2,0.824,0.1754,point_anomaly,
20200327_988,20200327,988,986,2.37,14.97,2.706,72.0,0.18076,2916.64,40.509,1230.65,0.02,0.06,0.002,-0.00019,20.28,0.02,0.09,-0.001,0.899,4.216,0.899,0.0,-2.909,2.328,49.488,0.611,1,1,1,3,0.9863,0.0142,point_anomaly,
20200327_989,20200327,989,987,2.37,14.97,2.706,72.0,0.18076,2916.64,40.509,1230.65,0.02,0.06,0.002,-0.00019,20.28,0.0,0.0,0.0,0.899,4.216,0.899,0.0,-2.909,2.328,49.488,0.5569,1,1,1,3,0.9823,0.0217,point_anomaly,
20200327_990,20200327,990,988,2.34,14.94,2.699,72.0,0.18066,2903.26,40.323,1240.71,-0.01,0.01,0.0,-0.00011,6.9,-0.03,-0.03,-0.007,0.225,3.71,-0.674,0.0,-3.017,1.882,28.208,0.5455,1,1,0,2,0.9719,0.0326,point_anomaly,
20200327_991,20200327,991,989,2.34,14.94,2.699,72.0,0.18066,2903.26,40.323,1240.71,-0.01,0.01,0.0,-0.00011,6.9,0.0,0.0,0.0,0.225,3.71,-0.674,0.0,-3.017,1.882,28.208,0.4852,1,1,0,2,0.9447,0.0585,point_anomaly,
20200327_994,20200327,994,992,2.28,14.93,2.693,72.0,0.18038,2894.87,40.206,1269.68,-0.01,-0.01,-0.006,0.0,0.0,-0.09,0.02,-0.005,-1.124,3.541,-2.023,0.0,-3.306,1.602,14.557,0.6155,1,0,1,2,0.971,0.0345,point_anomaly,
20200327_996,20200327,996,994,2.28,14.99,2.7,71.0,0.18012,2873.58,40.473,1260.34,-0.01,0.06,0.0,-0.00026,-21.28,0.0,0.06,0.007,-1.124,4.553,-0.45,-1.349,-3.568,0.893,19.449,0.6034,1,1,1,3,0.9776,0.0277,point_anomaly,
20200327_997,20200327,997,995,2.28,14.99,2.7,71.0,0.18012,2873.58,40.473,1260.34,-0.01,0.06,0.0,-0.00026,-16.41,0.0,0.0,0.0,-1.124,4.553,-0.45,-1.349,-3.568,0.893,19.449,0.5433,1,1,0,2,0.9716,0.0337,point_anomaly,
20200327_998,20200327,998,996,2.29,15.07,2.701,71.0,0.17923,2889.99,40.704,1262.0,0.0,0.13,0.0,-0.00114,0.0,0.01,0.08,0.001,-0.899,5.902,-0.225,-1.349,-4.482,1.439,37.477,0.6155,1,1,1,3,0.986,0.015,point_anomaly,
20200327_999,20200327,999,997,2.29,15.07,2.701,71.0,0.17923,2889.99,40.704,1262.0,0.0,0.13,0.0,-0.00114,0.0,0.0,0.0,0.0,-0.899,5.902,-0.225,-1.349,-4.482,1.439,37.477,0.5767,1,1,1,3,0.9834,0.0195,point_anomaly,
20200327_1006,20200327,1006,1004,2.31,14.95,2.703,73.0,0.1808,2949.92,40.41,1277.02,0.01,0.06,0.0,-0.0008,80.82,0.04,0.06,-0.001,-0.45,3.878,0.225,1.349,-2.867,3.437,22.763,0.6141,1,1,1,3,0.9777,0.027,point_anomaly,
20200327_1007,20200327,1007,1005,2.31,14.95,2.703,71.0,0.1808,2869.1,40.41,1242.03,0.01,0.06,0.0,-0.0008,2.41,0.0,0.0,0.0,-0.45,3.878,0.225,-1.349,-2.867,0.743,20.119,0.5123,1,1,0,2,0.9591,0.0465,point_anomaly,
20200327_1014,20200327,1014,1012,1.74,14.72,2.702,71.0,0.18356,2823.91,39.773,1622.94,-0.61,-0.01,0.001,0.00019,-38.54,-0.61,0.0,-0.001,-13.265,0.0,0.0,-1.349,-0.034,-0.763,800.204,0.5241,1,1,0,2,0.9849,0.0172,point_anomaly,
20200327_1015,20200327,1015,1013,1.74,14.71,2.702,72.0,0.18368,2861.74,39.746,1644.68,-0.61,-0.02,0.001,0.00032,-0.71,0.0,-0.01,0.0,-13.265,-0.169,0.0,0.0,0.094,0.498,812.392,0.4622,1,1,0,2,0.9439,0.06,point_anomaly,
20200327_1016,20200327,1016,1014,2.21,14.71,2.69,70.0,0.18287,2769.89,39.57,1253.35,-0.14,-0.02,-0.012,-0.00063,-94.68,0.47,0.0,-0.012,-2.698,-0.169,-2.698,-2.698,-0.744,-2.563,41.832,0.6785,0,1,1,2,0.9469,0.0555,point_anomaly,
20200327_1020,20200327,1020,1018,2.48,14.73,2.708,72.0,0.18384,2872.0,39.889,1158.06,0.08,0.0,0.0,0.00012,7.42,0.13,0.0,0.007,3.373,0.169,1.349,0.0,0.256,0.84,61.489,0.5704,0,1,1,2,0.9785,0.0262,point_anomaly,
20200327_1036,20200327,1036,1034,2.57,14.74,2.708,72.0,0.18372,2873.95,39.916,1118.27,0.09,0.0,0.006,0.00041,46.2,0.11,0.0,0.006,5.396,0.337,1.349,0.0,0.128,0.905,151.883,0.6008,1,1,1,3,0.9955,0.0045,point_anomaly,
20200327_1037,20200327,1037,1035,2.57,14.73,2.708,73.0,0.18384,2911.89,39.889,1133.03,0.09,-0.01,0.006,0.00053,79.78,0.0,-0.01,0.0,5.396,0.169,1.349,1.349,0.256,2.169,149.9,0.5835,1,1,1,3,0.9942,0.0067,point_anomaly,
20200327_1042,20200327,1042,1040,2.55,14.77,2.698,73.0,0.18267,2909.01,39.849,1140.79,0.07,0.03,-0.004,-0.00056,43.38,0.07,0.0,-0.004,4.946,0.843,-0.899,1.349,-0.951,2.073,146.031,0.6293,1,1,1,3,0.9963,0.003,point_anomaly,
20200327_1043,20200327,1043,1041,2.55,14.74,2.698,71.0,0.18304,2823.56,39.769,1107.28,0.07,0.0,-0.004,-0.00015,-42.07,0.0,-0.03,0.0,4.946,0.337,-0.899,-1.349,-0.569,-0.774,136.001,0.5374,1,1,0,2,0.9853,0.0165,point_anomaly,
20200327_1050,20200327,1050,1048,2.49,14.76,2.702,72.0,0.18306,2871.47,39.882,1153.2,0.02,0.01,0.001,0.0,3.01,0.03,0.0,0.001,3.597,0.674,0.0,0.0,-0.545,0.822,77.774,0.4627,1,1,0,2,0.9326,0.069,point_anomaly,
20200327_1051,20200327,1051,1049,2.49,14.78,2.702,71.0,0.18281,2835.42,39.936,1138.72,0.02,0.02,0.001,-0.00018,-33.04,0.0,0.02,0.0,3.597,1.012,0.0,-1.349,-0.8,-0.379,86.163,0.4742,1,1,0,2,0.9454,0.057,point_anomaly,
20200327_1055,20200327,1055,1053,2.47,14.83,2.698,73.0,0.18193,2920.83,40.011,1182.52,0.0,0.03,-0.001,-0.00082,46.9,0.0,0.08,0.0,3.148,1.855,-0.899,1.349,-1.71,2.467,86.279,0.5669,0,1,1,2,0.9755,0.0296,point_anomaly,
20200327_1080,20200327,1080,1078,2.4,14.85,2.713,70.0,0.18269,2820.16,40.288,1175.07,-0.01,0.03,0.009,0.00038,-58.9,0.0,0.0,0.005,1.574,2.192,2.473,-2.698,-0.924,-0.888,49.523,0.5705,0,1,1,2,0.945,0.0577,point_anomaly,
20200327_1082,20200327,1082,1080,2.48,14.84,2.704,72.0,0.18221,2889.17,40.127,1164.99,0.01,0.01,0.0,-0.0001,10.11,0.08,0.0,-0.009,3.373,2.024,0.45,0.0,-1.421,1.412,93.056,0.5533,0,1,1,2,0.9795,0.0255,point_anomaly,
20200327_1088,20200327,1088,1086,2.5,14.85,2.699,72.0,0.18175,2885.77,40.08,1154.31,0.02,0.02,0.0,-0.00034,3.7,0.02,0.0,0.0,3.822,2.192,-0.674,0.0,-1.893,1.299,118.429,0.4964,1,1,0,2,0.9657,0.0427,point_anomaly,
20200327_1089,20200327,1089,1087,2.5,14.83,2.699,72.0,0.182,2881.88,40.026,1152.75,0.02,0.0,0.0,-9e-05,-0.19,0.0,-0.02,0.0,3.822,1.855,-0.674,0.0,-1.641,1.169,111.183,0.4759,1,1,0,2,0.9503,0.0532,point_anomaly,
20200327_1092,20200327,1092,1090,2.49,14.82,2.704,71.0,0.18246,2845.2,40.073,1142.65,0.0,-0.03,0.0,0.0004,-36.87,0.02,0.0,0.003,3.597,1.686,0.45,-1.349,-1.168,-0.053,98.241,0.4976,1,1,0,2,0.9631,0.0439,point_anomaly,
20200327_1093,20200327,1093,1091,2.49,14.85,2.704,72.0,0.18209,2891.12,40.154,1161.09,0.0,0.0,0.0,3e-05,9.04,0.0,0.03,0.0,3.597,2.192,0.45,0.0,-1.547,1.477,105.973,0.4661,1,1,0,2,0.9386,0.0645,point_anomaly,
20200327_1096,20200327,1096,1094,2.51,14.88,2.708,72.0,0.18199,2901.24,40.295,1155.87,0.02,0.0,0.003,0.0,10.13,0.04,0.0,-0.001,4.047,2.698,1.349,0.0,-1.648,1.815,138.167,0.5471,1,1,0,2,0.9878,0.012,point_anomaly,
20200327_1097,20200327,1097,1095,2.51,14.97,2.708,70.0,0.1809,2837.71,40.539,1130.56,0.02,0.06,0.003,-0.00039,-58.75,0.0,0.09,0.0,4.047,4.216,1.349,-2.698,-2.772,-0.303,188.087,0.6541,1,1,1,3,0.9961,0.0037,point_anomaly,
20200327_1098,20200327,1098,1096,2.5,14.97,2.705,71.0,0.18069,2875.06,40.494,1150.03,0.03,0.06,0.0,-0.00039,-21.4,-0.01,0.0,-0.003,3.822,4.216,0.674,-1.349,-2.977,0.942,168.143,0.6132,1,1,1,3,0.9949,0.0052,point_anomaly,
20200327_1099,20200327,1099,1097,2.5,14.94,2.705,72.0,0.18106,2909.71,40.413,1163.89,0.03,0.01,0.0,0.0,13.25,0.0,-0.03,0.0,3.822,3.71,0.674,0.0,-2.605,2.097,152.008,0.5623,1,1,1,3,0.9898,0.0097,point_anomaly,
20200327_1100,20200327,1100,1098,2.46,14.94,2.703,72.0,0.18092,2907.56,40.383,1181.94,0.0,0.01,0.0,0.0,6.32,-0.04,0.0,-0.002,2.923,3.71,0.225,0.0,-2.742,2.025,109.844,0.5566,1,1,1,3,0.9859,0.0157,point_anomaly,
20200327_1102,20200327,1102,1100,2.46,14.91,2.7,73.0,0.18109,2938.76,40.257,1194.62,0.0,-0.03,0.0,0.00024,31.2,0.0,0.0,-0.003,2.923,3.204,-0.45,1.349,-2.575,3.065,102.653,0.5723,0,1,1,2,0.9801,0.0247,point_anomaly,
20200327_1103,20200327,1103,1101,2.46,14.93,2.7,71.0,0.18084,2862.08,40.311,1163.45,0.0,-0.01,0.0,0.00013,-47.63,0.0,0.02,0.0,2.923,3.541,-0.45,-1.349,-2.824,0.509,109.771,0.5156,1,1,0,2,0.9719,0.0326,point_anomaly,
20200327_1104,20200327,1104,1102,2.46,14.93,2.698,71.0,0.18071,2859.96,40.281,1162.59,0.0,-0.01,-0.002,-0.00013,-49.75,0.0,0.0,-0.002,2.923,3.541,-0.899,-1.349,-2.962,0.439,111.158,0.5278,1,1,0,2,0.9755,0.0296,point_anomaly,
20200327_1105,20200327,1105,1103,2.46,14.99,2.698,72.0,0.17999,2911.9,40.443,1183.7,0.0,0.06,-0.002,-0.00086,3.06,0.0,0.06,0.0,2.923,4.553,-0.899,0.0,-3.705,2.17,132.451,0.6132,1,1,1,3,0.9943,0.006,point_anomaly,
20200327_1106,20200327,1106,1104,2.5,14.99,2.697,72.0,0.17992,2910.82,40.428,1164.33,0.01,0.06,-0.003,-0.00092,0.03,0.04,0.0,-0.001,3.822,4.553,-1.124,0.0,-3.773,2.134,179.433,0.6296,1,1,1,3,0.9967,0.0022,point_anomaly,
20200327_1107,20200327,1107,1105,2.5,15.07,2.697,72.0,0.17896,2926.35,40.644,1170.54,0.01,0.13,-0.003,-0.00188,15.56,0.0,0.08,0.0,3.822,5.902,-1.124,0.0,-4.754,2.651,219.988,0.6656,1,1,1,3,0.9987,0.0007,point_anomaly,
20200327_1108,20200327,1108,1106,2.49,15.07,2.703,72.0,0.17936,2932.86,40.734,1177.86,0.0,0.13,0.0,-0.00148,24.02,-0.01,0.0,0.006,3.597,5.902,0.225,0.0,-4.346,2.868,202.397,0.659,1,1,1,3,0.9984,0.0015,point_anomaly,
20200327_1109,20200327,1109,1107,2.49,14.93,2.703,72.0,0.18104,2905.62,40.356,1166.91,0.0,-0.01,0.0,0.0,-3.22,0.0,-0.14,0.0,3.597,3.541,0.225,0.0,-2.618,1.96,136.956,0.5599,1,1,1,3,0.9866,0.0135,point_anomaly,
20200327_1110,20200327,1110,1108,2.49,14.93,2.706,72.0,0.18125,2908.84,40.401,1168.21,0.0,-0.01,0.003,0.0002,0.0,0.0,0.0,0.003,3.597,3.541,0.899,0.0,-2.411,2.068,136.425,0.542,1,1,0,2,0.9827,0.021,point_anomaly,
20200327_1111,20200327,1111,1109,2.49,14.94,2.706,72.0,0.18112,2910.79,40.428,1168.99,0.0,0.0,0.003,8e-05,5.17,0.0,0.01,0.0,3.597,3.71,0.899,0.0,-2.536,2.133,140.596,0.5396,1,1,0,2,0.9839,0.0187,point_anomaly,
20200327_1112,20200327,1112,1110,2.48,14.94,2.709,71.0,0.18133,2873.54,40.472,1158.69,-0.01,0.0,0.006,0.0002,0.0,-0.01,0.0,0.003,3.373,3.71,1.574,-1.349,-2.33,0.891,132.717,0.5728,1,1,1,3,0.9887,0.0112,point_anomaly,
20200327_1113,20200327,1113,1111,2.48,14.89,2.709,71.0,0.18193,2863.93,40.337,1154.81,-0.01,-0.04,0.006,0.00069,-9.62,0.0,-0.05,0.0,3.373,2.867,1.574,-1.349,-1.704,0.571,113.367,0.5679,0,1,1,2,0.9833,0.0202,point_anomaly,
20200327_1114,20200327,1114,1112,2.51,14.89,2.703,71.0,0.18153,2857.58,40.248,1138.48,0.02,-0.04,0.0,0.00021,-11.51,0.03,0.0,-0.006,4.047,2.867,0.225,-1.349,-2.118,0.359,145.509,0.5781,1,1,1,3,0.9917,0.009,point_anomaly,
20200327_1115,20200327,1115,1113,2.51,14.95,2.703,71.0,0.1808,2869.1,40.41,1143.07,0.02,0.06,0.0,-0.00073,5.17,0.0,0.06,0.0,4.047,3.878,0.225,-1.349,-2.867,0.743,171.72,0.5973,1,1,1,3,0.9935,0.0075,point_anomaly,
20200327_1116,20200327,1116,1114,2.44,14.95,2.696,71.0,0.18033,2861.67,40.305,1172.82,-0.04,0.06,-0.006,-0.0016,0.0,-0.07,0.0,-0.007,2.473,3.878,-1.349,-1.349,-3.348,0.496,101.336,0.6679,1,1,1,3,0.9924,0.0082,point_anomaly,
20200327_1118,20200327,1118,1116,2.49,14.74,2.702,73.0,0.18331,2907.41,39.827,1167.63,0.01,0.0,0.004,0.00016,46.02,0.05,0.0,0.006,3.597,0.337,0.0,1.349,-0.29,2.02,74.652,0.5557,1,1,1,3,0.9819,0.0225,point_anomaly,
20200327_1119,20200327,1119,1117,2.49,14.73,2.702,71.0,0.18344,2825.83,39.8,1134.87,0.01,0.0,0.004,0.00027,-35.38,0.0,-0.01,0.0,3.597,0.169,0.0,-1.349,-0.162,-0.699,72.015,0.4484,1,1,0,2,0.9123,0.09,point_anomaly,
20200327_1126,20200327,1126,1124,2.52,14.73,2.705,72.0,0.18364,2868.81,39.845,1138.42,0.03,0.0,0.001,0.00012,4.42,0.06,0.0,0.001,4.272,0.169,0.674,0.0,0.047,0.734,95.113,0.5024,0,0,0,0,,,drift_segment,20200327_S03
20200327_1127,20200327,1127,1125,2.52,14.74,2.705,72.0,0.18351,2870.76,39.872,1139.19,0.03,0.01,0.001,0.0,6.37,0.0,0.01,0.0,4.272,0.337,0.674,0.0,-0.081,0.799,98.212,0.4572,0,0,0,0,,,drift_segment,20200327_S03
20200327_1128,20200327,1128,1126,2.49,14.74,2.706,71.0,0.18358,2831.94,39.886,1137.32,0.0,0.01,0.002,7e-05,-32.46,-0.03,0.0,0.001,3.597,0.337,0.899,-1.349,-0.011,-0.495,74.017,0.468,0,0,0,0,,,drift_segment,20200327_S03
20200327_1129,20200327,1129,1127,2.49,14.74,2.706,72.0,0.18358,2871.82,39.886,1153.34,0.0,0.0,0.002,7e-05,10.43,0.0,0.0,0.0,3.597,0.337,0.899,0.0,-0.011,0.834,71.559,0.4224,0,0,0,0,,,drift_segment,20200327_S03
20200327_1130,20200327,1130,1128,2.49,14.74,2.699,72.0,0.18311,2864.39,39.783,1150.36,0.0,0.0,0.0,-0.00012,0.0,0.0,0.0,-0.007,3.597,0.337,-0.674,0.0,-0.499,0.586,73.785,0.452,0,0,0,0,,,drift_segment,20200327_S03
20200327_1131,20200327,1131,1129,2.49,14.73,2.699,71.0,0.18323,2822.7,39.756,1133.61,0.0,-0.01,0.0,7e-05,-41.7,0.0,-0.01,0.0,3.597,0.169,-0.674,-1.349,-0.372,-0.803,73.606,0.432,0,0,0,0,,,drift_segment,20200327_S03
20200327_1132,20200327,1132,1130,2.5,14.73,2.698,72.0,0.18316,2861.39,39.742,1144.56,0.01,-0.01,-0.001,0.0,-3.0,0.01,0.0,-0.001,3.822,0.169,-0.899,0.0,-0.441,0.486,80.248,0.4367,0,0,0,0,,,drift_segment,20200327_S03
20200327_1133,20200327,1133,1131,2.5,14.74,2.698,70.0,0.18304,2783.8,39.769,1113.52,0.01,0.0,-0.001,-7e-05,-77.59,0.0,0.01,0.0,3.822,0.337,-0.899,-2.698,-0.569,-2.1,93.215,0.5142,0,0,0,0,,,drift_segment,20200327_S03
20200327_1134,20200327,1134,1132,2.48,14.74,2.694,71.0,0.18277,2819.38,39.71,1136.85,-0.01,0.0,-0.004,-0.00027,-42.01,-0.02,0.0,-0.004,3.373,0.337,-1.799,-1.349,-0.848,-0.914,72.796,0.5136,0,0,0,0,,,drift_segment,20200327_S03
20200327_1135,20200327,1135,1133,2.48,14.77,2.694,72.0,0.1824,2864.91,39.79,1155.2,-0.01,0.03,-0.004,-0.00047,42.21,0.0,0.03,0.0,3.373,0.843,-1.799,0.0,-1.229,0.603,78.445,0.5009,0,0,0,0,,,drift_segment,20200327_S03
20200327_1136,20200327,1136,1134,2.48,14.77,2.701,72.0,0.18287,2872.35,39.894,1158.21,-0.01,0.03,0.007,0.0001,52.97,0.0,0.0,0.007,3.373,0.843,-0.225,0.0,-0.742,0.852,72.645,0.5244,0,0,0,0,,,drift_segment,20200327_S03
20200327_1137,20200327,1137,1135,2.48,14.74,2.701,72.0,0.18324,2866.52,39.813,1155.85,-0.01,0.0,0.007,0.00085,82.72,0.0,-0.03,0.0,3.373,0.337,-0.225,0.0,-0.36,0.657,64.606,0.4742,0,0,0,0,,,drift_segment,20200327_S03
20200327_1138,20200327,1138,1136,2.49,14.74,2.542,73.0,0.17246,2735.24,37.469,1098.49,0.0,0.0,0.0,-0.00012,0.0,0.01,0.0,-0.159,3.597,0.337,-35.973,1.349,-11.441,-3.718,1468.11,0.6147,0,0,0,0,,,drift_segment,20200327_S03
20200327_1139,20200327,1139,1137,2.49,14.73,2.542,71.0,0.17257,2658.5,37.444,1067.67,0.0,-0.02,0.0,0.00012,0.0,0.0,-0.01,0.0,3.597,0.169,-35.973,-1.349,-11.32,-6.276,1467.265,0.5666,0,0,0,0,,,drift_segment,20200327_S03
20200327_1140,20200327,1140,1138,2.49,14.73,2.481,71.0,0.16843,2594.7,36.545,1042.05,0.0,-0.02,0.0,0.0,-40.12,0.0,0.0,-0.061,3.597,0.169,-49.688,-1.349,-15.575,-8.402,2702.442,0.6177,0,0,0,0,,,drift_segment,20200327_S03
20200327_1141,20200327,1141,1139,2.49,14.75,2.481,72.0,0.1682,2634.82,36.595,1058.16,0.0,0.0,0.0,0.0,2.09,0.0,0.02,0.0,3.597,0.506,-49.688,0.0,-15.809,-7.065,2705.325,0.5565,0,0,0,0,,,drift_segment,20200327_S03
20200327_1142,20200327,1142,1140,10.54,14.75,2.476,72.0,0.16786,2629.51,36.521,249.48,1.47,0.0,0.0,0.0,-1.78,8.05,0.0,-0.005,184.588,0.506,-50.812,0.0,-16.157,-7.242,167042.471,0.6547,0,0,0,0,,,drift_segment,20200327_S03
20200327_1143,20200327,1143,1141,10.54,14.76,2.476,72.0,0.16775,2631.29,36.546,249.65,1.47,0.01,0.0,0.0,1.78,0.0,0.01,0.0,184.588,0.674,-50.812,0.0,-16.274,-7.183,167163.912,0.6074,0,0,0,0,,,drift_segment,20200327_S03
20200327_1144,20200327,1144,1142,9.27,14.76,2.474,72.0,0.16762,2629.17,36.516,283.62,0.2,0.01,0.0,0.0,0.0,-1.27,0.0,-0.002,156.034,0.674,-51.262,0.0,-16.413,-7.254,120912.92,0.6541,0,0,0,0,,,drift_segment,20200327_S03
20200327_1145,20200327,1145,1143,9.27,14.78,2.474,72.0,0.16739,2632.73,36.566,284.01,0.2,0.02,0.0,0.0,6.38,0.0,0.02,0.0,156.034,1.012,-51.262,0.0,-16.646,-7.135,121118.872,0.6179,0,0,0,0,,,drift_segment,20200327_S03
20200327_1146,20200327,1146,1144,9.07,14.78,2.468,72.0,0.16698,2626.35,36.477,289.56,0.0,0.02,0.0,-0.00034,0.0,-0.2,0.0,-0.006,151.538,1.012,-52.611,0.0,-17.063,-7.348,114745.078,0.6394,0,0,0,0,,,drift_segment,20200327_S03
20200327_1147,20200327,1147,1145,9.07,14.75,2.468,72.0,0.16732,2621.02,36.403,288.98,0.0,-0.03,0.0,0.0,-1.78,0.0,-0.03,0.0,151.538,0.506,-52.611,0.0,-16.715,-7.525,114444.981,0.5803,0,0,0,0,,,drift_segment,20200327_S03
20200327_1148,20200327,1148,1146,9.01,14.75,2.464,71.0,0.16705,2580.42,36.344,286.4,-0.04,-0.03,-0.004,-0.00027,-42.37,-0.06,0.0,-0.004,150.189,0.506,-53.51,-1.349,-16.993,-8.878,112716.487,0.6614,0,0,0,0,,,drift_segment,20200327_S03
20200327_1149,20200327,1149,1147,9.01,14.83,2.464,71.0,0.16615,2594.42,36.541,287.95,-0.04,0.03,-0.004,-0.00117,-28.38,0.0,0.08,0.0,150.189,1.855,-53.51,-1.349,-17.919,-8.412,113511.408,0.6513,0,0,0,0,,,drift_segment,20200327_S03
20200327_1150,20200327,1150,1148,9.05,14.83,2.467,71.0,0.16635,2597.58,36.586,287.03,0.01,0.03,-0.001,-0.00097,-25.22,0.04,0.0,0.003,151.088,1.855,-52.836,-1.349,-17.711,-8.307,114692.445,0.633,0,0,0,0,,,drift_segment,20200327_S03
20200327_1151,20200327,1151,1149,9.05,14.8,2.467,71.0,0.16669,2592.32,36.512,286.44,0.01,0.0,-0.001,-0.00063,-30.47,0.0,-0.03,0.0,151.088,1.349,-52.836,-1.349,-17.365,-8.482,114392.058,0.5927,0,0,0,0,,,drift_segment,20200327_S03
20200327_1152,20200327,1152,1150,9.04,14.8,2.496,71.0,0.16865,2622.8,36.941,290.13,0.03,0.0,0.0,0.0,0.0,-0.01,0.0,0.029,150.863,1.349,-46.316,-1.349,-15.352,-7.466,112978.44,0.6393,0,0,0,0,,,drift_segment,20200327_S03
20200327_1153,20200327,1153,1151,9.04,14.8,2.496,72.0,0.16865,2659.74,36.941,294.22,0.03,0.0,0.0,0.0,0.0,0.0,0.0,0.0,150.863,1.349,-46.316,0.0,-15.352,-6.235,112920.205,0.5801,0,0,0,0,,,drift_segment,20200327_S03
20200327_1154,20200327,1154,1152,8.98,14.8,2.54,73.0,0.17162,2744.22,37.592,305.59,0.0,0.0,0.0,0.0,75.18,-0.06,0.0,0.044,149.514,1.349,-36.423,1.349,-12.298,-3.419,109454.265,0.6607,0,0,0,0,,,drift_segment,20200327_S03
20200327_1155,20200327,1155,1153,8.98,14.8,2.54,71.0,0.17162,2669.03,37.592,297.22,0.0,0.0,0.0,0.0,-70.15,0.0,0.0,0.0,149.514,1.349,-36.423,-1.349,-12.298,-5.925,109564.156,0.5769,0,0,0,0,,,drift_segment,20200327_S03
20200327_1156,20200327,1156,1154,8.95,14.8,2.605,72.0,0.17601,2775.89,38.554,310.16,0.0,0.0,0.0,0.00012,31.67,-0.03,0.0,0.065,148.84,1.349,-21.809,0.0,-7.786,-2.364,106738.383,0.6304,0,0,0,0,,,drift_segment,20200327_S03
20200327_1157,20200327,1157,1155,8.95,14.81,2.605,71.0,0.17589,2739.18,38.58,306.05,0.0,0.01,0.0,-0.00012,-36.7,0.0,0.01,0.0,148.84,1.518,-21.809,-1.349,-7.908,-3.587,106893.165,0.5857,0,0,0,0,,,drift_segment,20200327_S03
20200327_1158,20200327,1158,1156,8.79,14.81,2.673,72.0,0.18049,2850.27,39.587,324.26,0.0,0.01,0.0,0.0,0.0,-0.16,0.0,0.068,145.242,1.518,-6.52,0.0,-3.192,0.116,100418.889,0.6224,0,0,0,0,,,drift_segment,20200327_S03
20200327_1159,20200327,1159,1157,8.79,14.8,2.673,73.0,0.18061,2887.91,39.56,328.54,0.0,0.0,0.0,0.0,29.73,0.0,-0.01,0.0,145.242,1.349,-6.52,1.349,-3.066,1.37,100273.46,0.5508,0,0,0,0,,,drift_segment,20200327_S03
20200327_1160,20200327,1160,1158,8.58,14.8,2.72,71.0,0.18378,2858.18,40.256,333.12,0.0,0.0,0.0,0.0,-29.73,-0.21,0.0,0.047,140.521,1.349,4.047,-1.349,0.196,0.379,93343.444,0.608,0,0,0,0,,,drift_segment,20200327_S03
20200327_1161,20200327,1161,1159,8.58,14.78,2.72,72.0,0.18403,2894.52,40.202,337.36,0.0,-0.03,0.0,0.0,0.0,0.0,-0.02,0.0,140.521,1.012,4.047,0.0,0.451,1.59,93106.369,0.5276,0,0,0,0,,,drift_segment,20200327_S03
20200327_1162,20200327,1162,1160,8.25,14.78,2.745,72.0,0.18572,2921.12,40.571,354.08,0.0,-0.03,0.0,0.00038,0.0,-0.33,0.0,0.025,133.101,1.012,9.668,0.0,2.189,2.477,83321.619,0.6421,0,0,0,0,,,drift_segment,20200327_S03
20200327_1163,20200327,1163,1161,8.25,14.81,2.745,72.0,0.18535,2927.05,40.653,354.79,0.0,0.0,0.0,0.0,5.93,0.0,0.03,0.0,133.101,1.518,9.668,0.0,1.802,2.675,83583.426,0.548,0,0,0,0,,,drift_segment,20200327_S03
20200327_1164,20200327,1164,1162,7.92,14.81,2.751,72.0,0.18575,2933.45,40.742,370.38,0.0,0.0,0.003,0.00038,12.33,-0.33,0.0,0.006,125.682,1.518,11.017,0.0,2.218,2.888,74515.037,0.6163,0,0,0,0,,,drift_segment,20200327_S03
20200327_1165,20200327,1165,1163,7.92,14.84,2.751,72.0,0.18538,2939.39,40.825,371.13,0.0,0.03,0.003,0.0,16.61,0.0,0.03,0.0,125.682,2.024,11.017,0.0,1.833,3.086,74762.973,0.5789,0,0,0,0,,,drift_segment,20200327_S03
20200327_1166,20200327,1166,1164,7.61,14.84,2.756,72.0,0.18571,2944.73,40.899,386.96,0.0,0.03,0.008,0.00034,21.95,-0.31,0.0,0.005,118.712,2.024,12.141,0.0,2.179,3.264,66715.495,0.642,0,0,0,0,,,drift_segment,20200327_S03
20200327_1167,20200327,1167,1165,7.61,14.83,2.756,72.0,0.18584,2942.75,40.871,386.69,0.0,0.02,0.008,0.00046,15.7,0.0,-0.01,0.0,118.712,1.855,12.141,0.0,2.307,3.198,66637.328,0.5901,0,0,0,0,,,drift_segment,20200327_S03
20200327_1168,20200327,1168,1166,7.33,14.83,2.748,71.0,0.1853,2893.45,40.753,394.74,0.0,0.02,0.0,-5e-05,-33.6,-0.28,0.0,-0.008,112.417,1.855,10.342,-1.349,1.753,1.555,59881.975,0.6075,0,0,0,0,,,drift_segment,20200327_S03
20200327_1169,20200327,1169,1167,7.33,14.81,2.748,71.0,0.18555,2889.55,40.698,394.21,0.0,-0.02,0.0,0.00025,-34.71,0.0,-0.02,0.0,112.417,1.518,10.342,-1.349,2.01,1.425,59733.993,0.5428,0,0,0,0,,,drift_segment,20200327_S03
20200327_1170,20200327,1170,1168,7.18,14.81,2.741,72.0,0.18508,2922.78,40.594,407.07,0.0,-0.02,0.0,0.0,0.0,-0.15,0.0,-0.007,109.044,1.518,8.768,0.0,1.525,2.532,56223.262,0.6097,0,0,0,0,,,drift_segment,20200327_S03
20200327_1171,20200327,1171,1169,7.18,14.81,2.741,71.0,0.18508,2882.19,40.594,401.42,0.0,-0.02,0.0,0.0,-34.59,0.0,0.0,0.0,109.044,1.518,8.768,-1.349,1.525,1.179,56264.309,0.5206,0,0,0,0,,,drift_segment,20200327_S03
20200327_1172,20200327,1172,1170,7.05,14.81,2.735,73.0,0.18467,2956.89,40.505,419.42,0.0,-0.02,0.0,0.0,42.08,-0.13,0.0,-0.006,106.121,1.518,7.419,1.349,1.109,3.669,53268.414,0.6262,0,0,0,0,,,drift_segment,20200327_S03
20200327_1173,20200327,1173,1171,7.05,14.85,2.735,72.0,0.18418,2924.26,40.615,414.79,0.0,0.03,0.0,0.0,18.0,0.0,0.04,0.0,106.121,2.192,7.419,0.0,0.598,2.582,53583.527,0.5634,0,0,0,0,,,drift_segment,20200327_S03
20200327_1174,20200327,1174,1172,7.0,14.85,2.728,72.0,0.1837,2916.78,40.511,416.68,0.0,0.03,0.0,-0.00012,10.51,-0.05,0.0,-0.007,104.997,2.192,5.846,0.0,0.113,2.332,52512.797,0.6035,0,0,0,0,,,drift_segment,20200327_S03
20200327_1175,20200327,1175,1173,7.0,14.84,2.728,72.0,0.18383,2914.81,40.484,416.4,0.0,0.01,0.0,0.00012,8.55,0.0,-0.01,0.0,104.997,2.024,5.846,0.0,0.241,2.267,52443.382,0.5318,0,0,0,0,,,drift_segment,20200327_S03
20200327_1176,20200327,1176,1174,6.93,14.84,2.72,72.0,0.18329,2906.27,40.365,419.37,0.0,0.01,0.0,-0.00025,3.92,-0.07,0.0,-0.008,103.423,2.024,4.047,0.0,-0.313,1.982,50956.532,0.5928,0,0,0,0,,,drift_segment,20200327_S03
20200327_1177,20200327,1177,1175,6.93,14.82,2.72,72.0,0.18354,2902.35,40.31,418.81,0.0,-0.02,0.0,0.00025,0.0,0.0,-0.02,0.0,103.423,1.686,4.047,0.0,-0.059,1.851,50819.921,0.5288,0,0,0,0,,,drift_segment,20200327_S03
20200327_1178,20200327,1178,1176,6.89,14.82,2.707,72.0,0.18266,2888.48,40.118,419.23,0.0,-0.02,0.0,0.0,-1.95,-0.04,0.0,-0.013,102.524,1.686,1.124,0.0,-0.96,1.389,50059.077,0.5447,0,0,0,0,,,drift_segment,20200327_S03
20200327_1179,20200327,1179,1177,6.89,14.83,2.707,72.0,0.18254,2890.43,40.145,419.51,0.0,0.0,0.0,0.0,1.95,0.0,0.01,0.0,102.524,1.855,1.124,0.0,-1.087,1.454,50126.805,0.4625,0,0,0,0,,,drift_segment,20200327_S03
20200327_1180,20200327,1180,1178,6.89,14.83,2.699,72.0,0.182,2881.88,40.026,418.27,0.0,0.0,0.0,0.0,0.0,0.0,0.0,-0.008,102.524,1.855,-0.674,0.0,-1.641,1.169,50205.168,0.4971,0,0,0,0,,,drift_segment,20200327_S03
20200327_1181,20200327,1181,1179,6.65,14.85,2.694,72.0,0.18141,2880.42,40.006,433.15,-0.13,0.02,0.0,0.0,0.0,-0.24,0.02,-0.005,97.128,2.192,-1.799,0.0,-2.238,1.121,45285.147,0.6271,0,0,0,0,,,drift_segment,20200327_S03
20200327_1182,20200327,1182,1180,6.68,14.85,2.685,71.0,0.18081,2830.93,39.872,423.79,-0.06,0.02,0.0,0.0,-44.65,0.03,0.0,-0.009,97.803,2.192,-3.822,-1.349,-2.861,-0.529,46042.914,0.6375,0,0,0,0,,,drift_segment,20200327_S03
20200327_1183,20200327,1183,1181,6.7,14.83,2.677,71.0,0.18051,2818.69,39.7,420.7,-0.02,0.0,0.0,0.0,-32.23,0.02,-0.02,-0.008,98.252,1.855,-5.621,-1.349,-3.165,-0.937,46424.775,0.6008,0,0,0,0,,,drift_segment,20200327_S03
20200327_1184,20200327,1184,1182,6.74,14.83,2.67,72.0,0.18004,2850.92,39.596,422.99,0.04,0.0,0.0,0.0,11.82,0.04,0.0,-0.007,99.152,1.855,-7.195,0.0,-3.65,0.137,47317.237,0.612,0,0,0,0,,,drift_segment,20200327_S03
20200327_1185,20200327,1185,1183,6.72,14.82,2.663,71.0,0.17969,2802.06,39.466,416.97,0.04,-0.03,0.0,0.0,-37.04,-0.02,-0.01,-0.007,98.702,1.686,-8.768,-1.349,-4.01,-1.491,46959.98,0.6432,0,0,0,0,,,drift_segment,20200327_S03
20200327_1186,20200327,1186,1184,6.78,14.82,2.658,73.0,0.17935,2875.58,39.392,424.13,0.13,-0.03,0.0,0.0,36.48,0.06,0.0,-0.005,100.051,1.686,-9.893,1.349,-4.357,0.959,48231.41,0.6612,0,0,0,0,,,drift_segment,20200327_S03
20200327_1187,20200327,1187,1185,6.58,14.85,2.65,72.0,0.17845,2833.38,39.352,430.6,-0.06,0.0,-0.007,0.0,0.0,-0.2,0.03,-0.008,95.554,2.192,-11.691,0.0,-5.282,-0.447,44390.858,0.678,0,0,0,0,,,drift_segment,20200327_S03
20200327_1188,20200327,1188,1186,6.61,14.85,2.648,72.0,0.17832,2831.24,39.323,428.33,-0.03,0.0,-0.007,0.0,-7.86,0.03,0.0,-0.002,96.229,2.192,-12.141,0.0,-5.42,-0.519,45037.013,0.6092,0,0,0,0,,,drift_segment,20200327_S03
20200327_1189,20200327,1189,1187,6.56,14.88,2.65,72.0,0.17809,2839.1,39.432,432.79,-0.08,0.0,-0.005,-7e-05,-1.07,-0.05,0.03,0.002,95.105,2.698,-11.691,0.0,-5.652,-0.257,44172.45,0.6422,0,0,0,0,,,drift_segment,20200327_S03
20200327_1190,20200327,1190,1188,6.57,14.88,2.651,72.0,0.17816,2840.18,39.447,432.29,-0.07,0.0,-0.003,7e-05,1.07,0.01,0.0,0.001,95.329,2.698,-11.466,0.0,-5.583,-0.221,44362.365,0.591,0,0,0,0,,,drift_segment,20200327_S03
20200327_1191,20200327,1191,1189,6.64,14.97,2.654,72.0,0.17729,2860.59,39.73,430.81,0.01,0.06,0.001,-0.00065,20.41,0.07,0.09,0.003,96.903,4.216,-10.792,0.0,-6.477,0.46,46348.606,0.6724,0,0,0,0,,,drift_segment,20200327_S03
20200327_1192,20200327,1192,1190,6.63,14.97,2.657,71.0,0.17749,2824.05,39.775,425.95,0.0,0.06,0.005,-0.00038,-15.06,-0.01,0.0,0.003,96.678,4.216,-10.117,-1.349,-6.271,-0.758,46134.058,0.6586,0,0,0,0,,,drift_segment,20200327_S03
20200327_1193,20200327,1193,1191,6.67,14.94,2.655,72.0,0.17771,2855.93,39.666,428.18,0.03,0.01,0.002,-7e-05,16.83,0.04,-0.03,-0.002,97.578,3.71,-10.567,0.0,-6.043,0.304,46767.168,0.6307,0,0,0,0,,,drift_segment,20200327_S03
20200327_1194,20200327,1194,1192,6.73,14.94,2.656,72.0,0.17778,2857.01,39.681,424.52,0.09,0.01,0.002,1e-05,16.83,0.06,0.0,0.001,98.927,3.71,-10.342,0.0,-5.974,0.34,48022.815,0.6495,0,0,0,0,,,drift_segment,20200327_S03
20200327_1195,20200327,1195,1193,6.7,14.91,2.652,71.0,0.17787,2807.43,39.541,419.02,0.03,-0.03,-0.002,0.00016,-40.61,-0.03,-0.03,-0.004,98.252,3.204,-11.242,-1.349,-5.882,-1.312,47283.95,0.6515,0,0,0,0,,,drift_segment,20200327_S03
20200327_1196,20200327,1196,1194,6.63,14.91,2.653,72.0,0.17793,2848.05,39.556,429.57,-0.04,-0.03,-0.001,0.00045,-7.88,-0.07,0.0,0.001,96.678,3.204,-11.017,0.0,-5.813,0.042,45764.068,0.6385,0,0,0,0,,,drift_segment,20200327_S03
20200327_1197,20200327,1197,1195,6.64,14.93,2.643,70.0,0.17703,2762.2,39.46,415.99,-0.06,-0.01,-0.011,-0.00046,-85.85,0.01,0.02,-0.01,96.903,3.541,-13.265,-2.698,-6.746,-2.82,46332.252,0.7043,0,0,0,0,,,drift_segment,20200327_S03
20200327_1198,20200327,1198,1196,6.67,14.93,2.654,71.0,0.17776,2813.32,39.624,421.79,-0.03,-0.01,0.0,5e-05,-39.62,0.03,0.0,0.011,97.578,3.541,-10.792,-1.349,-5.989,-1.116,46753.615,0.646,0,0,0,0,,,drift_segment,20200327_S03
20200327_1199,20200327,1199,1197,6.7,14.99,2.654,72.0,0.17705,2864.41,39.783,427.52,-0.03,0.06,0.0,-0.00038,16.36,0.03,0.06,0.0,98.252,4.553,-10.792,0.0,-6.72,0.587,47745.554,0.6606,0,0,0,0,,,drift_segment,20200327_S03
20200327_1200,20200327,1200,1198,6.74,14.99,2.655,72.0,0.17712,2865.49,39.798,425.15,0.0,0.06,0.002,-0.00012,17.92,0.04,0.0,0.001,99.152,4.553,-10.567,0.0,-6.652,0.623,48584.498,0.6347,0,0,0,0,,,drift_segment,20200327_S03
20200327_1201,20200327,1201,1199,6.82,15.07,2.656,72.0,0.17624,2881.87,40.026,422.56,0.08,0.13,0.003,-0.001,33.82,0.08,0.08,0.001,100.95,5.902,-10.342,0.0,-7.549,1.169,50846.992,0.7228,0,0,0,0,,,drift_segment,20200327_S03
20200327_1202,20200327,1202,1200,6.74,15.07,2.653,71.0,0.17605,2838.63,39.981,421.16,-0.04,0.13,0.0,-0.0012,-8.94,-0.08,0.0,-0.003,99.152,5.902,-11.017,-1.349,-7.754,-0.272,49190.258,0.7017,0,0,0,0,,,drift_segment,20200327_S03
20200327_1203,20200327,1203,1201,6.78,14.93,2.654,72.0,0.17776,2852.94,39.624,420.79,-0.04,-0.01,0.0,0.00033,5.37,0.04,-0.14,0.001,100.051,3.541,-10.792,0.0,-5.989,0.205,49056.219,0.6474,0,0,0,0,,,drift_segment,20200327_S03
20200327_1204,20200327,1204,1202,6.91,14.93,2.649,72.0,0.17743,2847.57,39.55,412.09,0.06,-0.01,-0.004,4e-05,-4.06,0.13,0.0,-0.005,102.974,3.541,-11.916,0.0,-6.333,0.026,51972.027,0.6654,0,0,0,0,,,drift_segment,20200327_S03
20200327_1205,20200327,1205,1203,6.9,14.94,2.648,71.0,0.17724,2808.84,39.561,407.08,0.05,0.0,-0.005,-0.00019,-42.79,-0.01,0.01,-0.001,102.749,3.71,-12.141,-1.349,-6.524,-1.265,51874.617,0.6402,0,0,0,0,,,drift_segment,20200327_S03
20200327_1206,20200327,1206,1204,6.94,14.94,2.651,72.0,0.17744,2851.63,39.606,410.9,0.09,0.0,-0.002,0.0,4.06,0.04,0.0,0.003,103.648,3.71,-11.466,0.0,-6.318,0.161,52677.566,0.6441,0,0,0,0,,,drift_segment,20200327_S03
20200327_1207,20200327,1207,1205,6.92,14.89,2.652,70.0,0.17811,2764.18,39.488,399.45,0.07,-0.04,0.0,0.00058,-83.39,-0.02,-0.05,0.001,103.199,2.867,-11.242,-2.698,-5.637,-2.754,51955.887,0.6954,0,0,0,0,,,drift_segment,20200327_S03
20200327_1208,20200327,1208,1206,6.88,14.89,2.654,71.0,0.17824,2805.78,39.518,407.82,0.03,-0.04,0.002,0.00048,-41.79,-0.04,0.0,0.002,102.299,2.867,-10.792,-1.349,-5.499,-1.367,50999.001,0.6469,0,0,0,0,,,drift_segment,20200327_S03
20200327_1209,20200327,1209,1207,6.85,14.95,2.652,72.0,0.17739,2854.61,39.647,416.73,0.0,0.06,0.0,-0.00071,36.91,-0.03,0.06,-0.002,101.625,3.878,-11.242,0.0,-6.371,0.26,50741.611,0.6487,0,0,0,0,,,drift_segment,20200327_S03
20200327_1210,20200327,1210,1208,6.85,14.95,2.654,72.0,0.17753,2856.77,39.677,417.05,0.0,0.06,0.002,-0.00072,43.53,0.0,0.0,0.002,101.625,3.878,-10.792,0.0,-6.233,0.332,50711.674,0.6098,0,0,0,0,,,drift_segment,20200327_S03
20200327_1211,20200327,1211,1209,6.83,14.74,2.655,72.0,0.18012,2817.7,39.135,412.55,-0.02,-0.01,0.003,0.00053,4.46,-0.02,-0.21,0.001,101.175,0.337,-10.567,0.0,-3.566,-0.97,48848.995,0.6124,0,0,0,0,,,drift_segment,20200327_S03
20200327_1212,20200327,1212,1210,6.84,14.74,2.652,73.0,0.17992,2853.61,39.09,417.19,-0.01,-0.01,0.0,0.00033,40.37,0.01,0.0,-0.003,101.4,0.337,-11.242,1.349,-3.775,0.227,49074.701,0.5646,0,0,0,0,,,drift_segment,20200327_S03
20200327_1213,20200327,1213,1211,6.83,14.73,2.652,71.0,0.18004,2773.54,39.064,406.08,-0.02,-0.02,0.0,0.00045,-39.7,-0.01,-0.01,0.0,101.175,0.169,-11.242,-1.349,-3.649,-2.442,48865.774,0.5851,0,0,0,0,,,drift_segment,20200327_S03
20200327_1214,20200327,1214,1212,6.83,14.73,2.65,71.0,0.1799,2771.45,39.034,405.78,-0.02,-0.02,-0.002,0.00031,-45.82,0.0,0.0,-0.002,101.175,0.169,-11.691,-1.349,-3.789,-2.511,48895.899,0.5926,0,0,0,0,,,drift_segment,20200327_S03
20200327_1215,20200327,1215,1213,7.02,14.75,2.649,72.0,0.17959,2813.24,39.073,400.75,0.11,0.0,-0.002,0.0,-4.03,0.19,0.02,-0.001,105.447,0.506,-11.916,0.0,-4.109,-1.119,53179.346,0.6349,0,0,0,0,,,drift_segment,20200327_S03
20200327_1216,20200327,1216,1214,7.01,14.75,2.649,72.0,0.17959,2813.24,39.073,401.32,0.07,0.0,-0.001,0.0,0.0,-0.01,0.0,0.0,105.222,0.506,-11.916,0.0,-4.109,-1.119,52955.388,0.5801,0,0,0,0,,,drift_segment,20200327_S03
20200327_1217,20200327,1217,1215,7.03,14.76,2.643,72.0,0.17907,2808.77,39.011,399.54,0.08,0.01,-0.006,-0.00053,-4.47,0.02,0.01,-0.006,105.672,0.674,-13.265,0.0,-4.652,-1.268,53569.349,0.6411,0,0,0,0,,,drift_segment,20200327_S03
20200327_1218,20200327,1218,1216,6.97,14.76,2.651,72.0,0.17961,2817.27,39.129,404.2,0.0,0.01,0.002,0.00018,8.5,-0.06,0.0,0.008,104.323,0.674,-11.466,0.0,-4.095,-0.984,52101.925,0.6133,0,0,0,0,,,drift_segment,20200327_S03
20200327_1219,20200327,1219,1217,6.94,14.78,2.652,72.0,0.17943,2822.15,39.197,406.65,-0.04,0.02,0.003,0.0002,13.38,-0.03,0.02,0.001,103.648,1.012,-11.242,0.0,-4.275,-0.822,51559.5,0.622,0,0,0,0,,,drift_segment,20200327_S03
20200327_1220,20200327,1220,1218,6.91,14.78,2.649,72.0,0.17923,2818.96,39.152,407.95,-0.07,0.02,0.0,0.0,10.19,-0.03,0.0,-0.003,102.974,1.012,-11.916,0.0,-4.483,-0.928,50945.191,0.6123,0,0,0,0,,,drift_segment,20200327_S03
20200327_1221,20200327,1221,1219,6.95,14.75,2.643,72.0,0.17919,2806.87,38.984,403.87,-0.02,-0.03,-0.008,-4e-05,0.0,0.04,-0.03,-0.006,103.873,0.506,-13.265,0.0,-4.527,-1.331,51716.649,0.6352,0,0,0,0,,,drift_segment,20200327_S03
20200327_1222,20200327,1222,1220,8.16,14.75,2.643,71.0,0.17919,2767.88,38.984,339.2,1.21,-0.03,-0.009,-4e-05,-38.98,1.21,0.0,0.0,131.078,0.506,-13.265,-1.349,-4.527,-2.63,81977.432,0.689,0,0,0,0,,,drift_segment,20200327_S03
20200327_1223,20200327,1223,1221,7.15,14.83,2.657,71.0,0.17916,2797.64,39.403,391.28,0.2,0.03,0.005,-6e-05,-9.23,-1.01,0.08,0.014,108.37,1.855,-10.117,-1.349,-4.55,-1.639,56622.58,0.7248,0,0,0,0,,,drift_segment,20200327_S03
20200327_1224,20200327,1224,1222,6.98,14.83,2.656,71.0,0.1791,2796.58,39.388,400.66,0.04,0.03,0.004,-9e-05,-1.05,-0.17,0.0,-0.001,104.548,1.855,-10.342,-1.349,-4.619,-1.674,52771.485,0.6599,0,0,0,0,,,drift_segment,20200327_S03
20200327_1225,20200327,1225,1223,6.95,14.8,2.659,71.0,0.17966,2794.08,39.353,402.03,0.04,0.0,0.003,0.00048,-3.56,-0.03,-0.03,0.003,103.873,1.349,-9.668,-1.349,-4.038,-1.757,51853.244,0.6384,0,0,0,0,,,drift_segment,20200327_S03
20200327_1226,20200327,1226,1224,6.86,14.8,2.659,71.0,0.17966,2794.08,39.353,407.3,-0.02,0.0,0.002,0.00048,-3.56,-0.09,0.0,0.0,101.85,1.349,-9.668,-1.349,-4.038,-1.757,49879.147,0.6231,0,0,0,0,,,drift_segment,20200327_S03
20200327_1227,20200327,1227,1225,6.85,14.8,2.658,72.0,0.17959,2832.36,39.338,413.48,-0.02,0.0,0.0,0.0,34.73,-0.01,0.0,-0.001,101.625,1.349,-9.893,0.0,-4.108,-0.481,49637.599,0.5547,0,0,0,0,,,drift_segment,20200327_S03
20200327_1228,20200327,1228,1226,6.87,14.8,2.651,73.0,0.17912,2864.14,39.235,416.91,0.0,0.0,-0.008,-0.00054,32.42,0.02,0.0,-0.007,102.074,1.349,-11.466,1.349,-4.593,0.578,50141.306,0.6186,0,0,0,0,,,drift_segment,20200327_S03
20200327_1229,20200327,1229,1227,6.88,14.8,2.648,71.0,0.17892,2782.52,39.19,404.44,0.01,0.0,-0.011,-0.00074,-49.85,0.01,0.0,-0.003,102.299,1.349,-12.141,-1.349,-4.802,-2.143,50478.801,0.6233,0,0,0,0,,,drift_segment,20200327_S03
20200327_1230,20200327,1230,1228,6.87,14.8,2.659,72.0,0.17966,2833.43,39.353,412.44,0.01,0.0,0.0,0.0,0.0,-0.01,0.0,0.011,102.074,1.349,-9.668,0.0,-4.038,-0.446,50057.515,0.594,0,0,0,0,,,drift_segment,20200327_S03
20200327_1231,20200327,1231,1229,6.87,14.81,2.693,71.0,0.18184,2831.72,39.883,412.19,0.02,0.01,0.0,0.0,-32.42,0.0,0.01,0.034,102.074,1.518,-2.023,-1.349,-1.804,-0.503,49736.7,0.5801,0,0,0,0,,,drift_segment,20200327_S03
20200327_1232,20200327,1232,1230,6.8,14.81,2.738,72.0,0.18488,2919.58,40.55,429.35,0.0,0.01,0.0,0.0,0.0,-0.07,0.0,0.045,100.501,1.518,8.094,0.0,1.317,2.426,47817.322,0.6208,0,0,0,0,,,drift_segment,20200327_S03
20200327_1233,20200327,1233,1231,4.4,14.8,2.78,73.0,0.18784,3003.51,41.144,682.62,0.0,0.0,0.0,0.0,60.34,-2.4,-0.01,0.042,46.541,1.349,17.537,1.349,4.36,5.223,10426.997,0.6651,0,0,0,0,,,drift_segment,20200327_S03
20200327_1234,20200327,1234,1232,4.4,14.8,2.802,71.0,0.18932,2944.34,41.47,669.17,0.0,0.0,0.01,0.00118,0.0,0.0,0.0,0.022,46.541,1.349,22.483,-1.349,5.887,3.251,10562.374,0.6256,0,0,0,0,,,drift_segment,20200327_S03
20200327_1235,20200327,1235,1233,4.29,14.78,2.811,72.0,0.19019,2991.35,41.547,697.29,0.0,-0.03,0.019,0.00205,18.84,-0.11,-0.02,0.009,44.067,1.012,24.507,0.0,6.776,4.818,9502.857,0.6682,0,0,0,0,,,drift_segment,20200327_S03
20200327_1236,20200327,1236,1234,4.11,14.78,2.811,72.0,0.19019,2991.35,41.547,727.82,0.0,-0.03,0.019,0.00205,18.84,-0.18,0.0,0.0,40.02,1.012,24.507,0.0,6.776,4.818,7927.805,0.6296,0,0,0,0,,,drift_segment,20200327_S03
20200327_1237,20200327,1237,1235,3.53,14.81,2.807,72.0,0.18953,2993.16,41.572,847.92,-0.33,0.0,0.015,0.00139,20.65,-0.58,0.03,-0.004,26.98,1.518,23.607,0.0,6.103,4.878,3916.846,0.686,0,0,0,0,,,drift_segment,20200327_S03
20200327_1238,20200327,1238,1236,3.81,14.81,2.799,71.0,0.18899,2943.18,41.453,772.49,0.0,0.0,0.007,0.00085,-29.33,0.28,0.0,-0.008,33.275,1.518,21.809,-1.349,5.548,3.212,5632.797,0.6452,0,0,0,0,,,drift_segment,20200327_S03
20200327_1239,20200327,1239,1237,3.86,14.84,2.792,72.0,0.18814,2983.2,41.433,772.85,0.12,0.03,0.0,0.0,27.64,0.05,0.03,-0.007,34.4,2.024,20.235,0.0,4.671,4.546,5999.001,0.6745,0,0,0,0,,,drift_segment,20200327_S03
20200327_1240,20200327,1240,1238,3.72,14.84,2.782,72.0,0.18747,2972.51,41.285,799.06,-0.01,0.03,0.0,0.0,16.95,-0.14,0.0,-0.01,31.252,2.024,17.987,0.0,3.979,4.19,4969.861,0.6468,0,0,0,0,,,drift_segment,20200327_S03
20200327_1241,20200327,1241,1239,3.7,14.83,2.775,71.0,0.18712,2921.88,41.153,789.7,-0.02,0.02,0.0,0.0,-21.3,-0.02,-0.01,-0.007,30.802,1.855,16.413,-1.349,3.624,2.502,4794.689,0.6237,0,0,0,0,,,drift_segment,20200327_S03
20200327_1242,20200327,1242,1240,3.7,14.83,2.768,72.0,0.18665,2955.56,41.049,798.8,0.0,0.02,0.0,0.0,16.33,0.0,0.0,-0.007,30.802,1.855,14.839,0.0,3.139,3.625,4753.008,0.593,0,0,0,0,,,drift_segment,20200327_S03
20200327_1243,20200327,1243,1241,3.73,14.81,2.757,70.0,0.18616,2858.18,40.831,766.27,0.03,-0.02,-0.007,0.0,-81.05,0.03,-0.02,-0.011,31.477,1.518,12.366,-2.698,2.635,0.379,4903.165,0.6582,0,0,0,0,,,drift_segment,20200327_S03
20200327_1244,20200327,1244,1242,3.74,14.81,2.75,71.0,0.18569,2891.65,40.728,773.17,0.04,-0.02,-0.014,-0.00047,-33.26,0.01,0.0,-0.007,31.702,1.518,10.792,-1.349,2.149,1.495,4937.089,0.6345,0,0,0,0,,,drift_segment,20200327_S03
20200327_1245,20200327,1245,1243,3.6,14.81,2.743,72.0,0.18521,2924.92,40.624,812.48,-0.1,-0.02,-0.021,-0.00095,0.0,-0.14,0.0,-0.007,28.554,1.518,9.218,0.0,1.664,2.604,4013.601,0.6695,0,0,0,0,,,drift_segment,20200327_S03
20200327_1246,20200327,1246,1244,3.64,14.81,2.74,72.0,0.18501,2921.72,40.579,802.67,-0.06,-0.02,-0.024,-0.00115,-3.2,0.04,0.0,-0.003,29.453,1.518,8.544,0.0,1.456,2.497,4257.569,0.6504,0,0,0,0,,,drift_segment,20200327_S03
20200327_1247,20200327,1247,1245,3.64,14.85,2.749,72.0,0.18512,2939.23,40.823,807.48,-0.03,0.03,-0.015,-0.00104,13.27,0.0,0.04,0.009,29.453,2.192,10.567,0.0,1.566,3.081,4351.79,0.6546,0,0,0,0,,,drift_segment,20200327_S03
20200327_1248,20200327,1248,1246,3.64,14.85,2.764,73.0,0.18613,2996.31,41.045,823.16,-0.01,0.03,0.004,0.0,70.36,0.0,0.0,0.015,29.453,2.192,13.94,1.349,2.604,4.983,4387.016,0.651,0,0,0,0,,,drift_segment,20200327_S03
20200327_1249,20200327,1249,1247,3.73,14.84,2.776,71.0,0.18706,2924.9,41.196,784.16,0.09,0.01,0.016,0.00095,-14.33,0.09,-0.01,0.012,31.477,2.024,16.638,-1.349,3.563,2.603,5018.924,0.6957,0,0,0,0,,,drift_segment,20200327_S03
20200327_1250,20200327,1250,1248,3.71,14.84,2.777,71.0,0.18713,2925.96,41.211,788.67,0.07,0.01,0.017,0.00102,-13.27,-0.02,0.0,0.001,31.027,2.024,16.862,-1.349,3.633,2.638,4890.704,0.6405,0,0,0,0,,,drift_segment,20200327_S03
20200327_1251,20200327,1251,1249,3.65,14.82,2.776,72.0,0.18731,2962.1,41.14,811.54,0.0,-0.02,0.016,0.00121,22.87,-0.06,-0.02,-0.001,29.678,1.686,16.638,0.0,3.823,3.843,4446.698,0.6311,0,0,0,0,,,drift_segment,20200327_S03
20200327_1252,20200327,1252,1250,3.67,14.82,2.77,72.0,0.18691,2955.7,41.051,805.37,0.02,-0.02,0.01,0.0008,16.47,0.02,0.0,-0.006,30.128,1.686,15.289,0.0,3.407,3.63,4546.436,0.6278,0,0,0,0,,,drift_segment,20200327_S03
20200327_1253,20200327,1253,1251,3.64,14.83,2.76,72.0,0.18611,2947.02,40.931,809.62,-0.01,0.0,0.0,0.0,8.86,-0.03,0.01,-0.01,29.453,1.855,13.04,0.0,2.585,3.34,4340.053,0.6171,0,0,0,0,,,drift_segment,20200327_S03
20200327_1254,20200327,1254,1252,3.59,14.83,2.754,72.0,0.1857,2940.61,40.842,819.11,-0.06,0.0,-0.006,-0.0004,7.47,-0.05,0.0,-0.006,28.329,1.855,11.691,0.0,2.169,3.127,4014.217,0.6495,0,0,0,0,,,drift_segment,20200327_S03
20200327_1255,20200327,1255,1253,3.67,14.85,2.748,72.0,0.18505,2938.16,40.808,800.59,0.02,0.02,-0.012,-0.00106,5.02,0.08,0.02,-0.006,30.128,2.192,10.342,0.0,1.497,3.045,4542.012,0.6571,0,0,0,0,,,drift_segment,20200327_S03
20200327_1256,20200327,1256,1254,3.65,14.85,2.74,72.0,0.18451,2929.61,40.689,802.63,0.0,0.02,-0.015,-0.00126,-3.53,-0.02,0.0,-0.008,29.678,2.192,8.544,0.0,0.944,2.76,4401.668,0.6226,0,0,0,0,,,drift_segment,20200327_S03
20200327_1257,20200327,1257,1255,3.65,14.83,2.747,72.0,0.18523,2933.14,40.738,803.6,0.0,0.0,-0.007,-0.00047,3.53,0.0,-0.02,0.007,29.678,1.855,10.117,0.0,1.684,2.878,4371.019,0.6062,0,0,0,0,,,drift_segment,20200327_S03
20200327_1258,20200327,1258,1256,3.69,14.83,2.755,71.0,0.18577,2900.82,40.857,786.13,0.05,0.0,0.001,7e-05,-28.79,0.04,0.0,0.008,30.577,1.855,11.916,-1.349,2.238,1.801,4658.067,0.6201,0,0,0,0,,,drift_segment,20200327_S03
20200327_1259,20200327,1259,1257,3.64,14.82,2.763,71.0,0.18644,2907.28,40.948,798.7,0.0,-0.03,0.009,0.00082,-22.32,-0.05,-0.01,0.008,29.453,1.686,13.715,-1.349,2.922,2.016,4341.666,0.6376,0,0,0,0,,,drift_segment,20200327_S03
20200327_1260,20200327,1260,1258,3.63,14.82,2.766,71.0,0.18664,2910.44,40.992,801.77,-0.01,-0.03,0.011,0.00119,-19.17,-0.01,0.0,0.003,29.228,1.686,14.389,-1.349,3.129,2.121,4290.195,0.6092,0,0,0,0,,,drift_segment,20200327_S03
20200327_1261,20200327,1261,1259,3.37,14.85,2.748,71.0,0.18505,2897.35,40.808,859.75,-0.26,0.0,-0.007,-0.0004,-32.25,-0.26,0.03,-0.018,23.383,2.192,10.342,-1.349,1.497,1.685,2821.621,0.681,0,0,0,0,,,drift_segment,20200327_S03
20200327_1262,20200327,1262,1260,6.05,14.85,2.754,71.0,0.18545,2903.68,40.897,479.95,2.68,0.0,-0.001,0.0,-12.29,2.68,0.0,0.006,83.638,2.192,11.691,-1.349,1.912,1.896,33392.637,0.6482,0,0,0,0,,,drift_segment,20200327_S03
20200327_1263,20200327,1263,1261,3.07,14.88,2.764,72.0,0.18575,2961.24,41.128,964.57,0.0,0.0,0.009,0.0003,45.26,-2.98,0.03,0.01,16.638,2.698,13.94,0.0,2.218,3.814,1608.034,0.6728,0,0,0,0,,,drift_segment,20200327_S03
20200327_1264,20200327,1264,1262,3.01,14.88,2.762,73.0,0.18562,3000.19,41.099,996.74,0.0,0.0,0.007,0.00057,65.61,-0.06,0.0,-0.002,15.289,2.698,13.49,1.349,2.08,5.113,1386.812,0.6391,0,0,0,0,,,drift_segment,20200327_S03
20200327_1265,20200327,1265,1263,2.91,14.97,2.761,71.0,0.18444,2934.58,41.332,1008.45,-0.03,0.06,0.007,-0.00021,0.0,-0.1,0.09,-0.001,13.04,4.216,13.265,-1.349,0.865,2.926,1166.924,0.7006,0,0,0,0,,,drift_segment,20200327_S03
20200327_1266,20200327,1266,1264,2.88,14.97,2.755,72.0,0.18403,2969.45,41.242,1031.06,-0.03,0.06,0.001,-0.00061,15.63,-0.03,0.0,-0.006,12.366,4.216,11.916,0.0,0.454,4.088,1045.375,0.6567,0,0,0,0,,,drift_segment,20200327_S03
20200327_1267,20200327,1267,1265,2.94,14.94,2.749,71.0,0.184,2915.97,41.07,991.83,0.03,0.01,-0.006,-0.00064,-45.26,0.06,-0.03,-0.006,13.715,3.71,10.567,-1.349,0.421,2.306,1178.532,0.6546,0,0,0,0,,,drift_segment,20200327_S03
20200327_1268,20200327,1268,1266,2.89,14.94,2.746,72.0,0.1838,2953.82,41.025,1022.08,-0.02,0.01,-0.011,-0.00063,-13.07,-0.05,0.0,-0.003,12.591,3.71,9.893,0.0,0.214,3.567,1010.751,0.6438,0,0,0,0,,,drift_segment,20200327_S03
20200327_1269,20200327,1269,1267,2.79,14.91,2.747,73.0,0.18424,2989.92,40.958,1071.65,-0.12,-0.03,-0.008,0.0,23.03,-0.1,-0.03,0.001,10.342,3.204,10.117,1.349,0.663,4.77,721.462,0.6854,0,0,0,0,,,drift_segment,20200327_S03
20200327_1270,20200327,1270,1268,2.89,14.91,2.753,71.0,0.18464,2914.35,41.047,1008.43,-0.02,-0.03,0.0,0.00061,-39.46,0.1,0.0,0.006,12.591,3.204,11.466,-1.349,1.077,2.252,1012.506,0.6384,0,0,0,0,,,drift_segment,20200327_S03
20200327_1271,20200327,1271,1269,2.86,14.93,2.76,72.0,0.18486,2966.89,41.207,1037.37,-0.08,-0.01,0.011,0.00086,13.07,-0.03,0.02,0.007,11.916,3.541,13.04,0.0,1.304,4.003,973.112,0.6739,0,0,0,0,,,drift_segment,20200327_S03
20200327_1272,20200327,1272,1270,3.14,14.93,2.76,72.0,0.18486,2966.89,41.207,944.87,0.05,-0.01,0.013,0.00094,38.37,0.28,0.0,0.0,18.212,3.541,13.04,0.0,1.304,4.003,1923.243,0.6539,0,0,0,0,,,drift_segment,20200327_S03
20200327_1273,20200327,1273,1271,3.09,14.99,2.757,72.0,0.18392,2975.57,41.327,962.97,-0.05,0.06,0.011,0.00012,47.05,-0.05,0.06,-0.003,17.087,4.553,12.366,0.0,0.338,4.292,1791.601,0.7043,0,0,0,0,,,drift_segment,20200327_S03
20200327_1274,20200327,1274,1272,3.27,14.99,2.702,72.0,0.18025,2916.21,40.503,891.81,0.0,0.06,-0.045,-0.00367,-12.31,0.18,0.0,-0.055,21.134,4.553,0.0,0.0,-3.431,2.314,2532.977,0.699,0,0,0,0,,,drift_segment,20200327_S03
20200327_1275,20200327,1275,1273,8.18,15.07,2.699,72.0,0.1791,2928.52,40.674,358.01,3.05,0.13,-0.054,-0.00483,0.0,4.91,0.08,-0.003,131.528,5.902,-0.674,0.0,-4.618,2.724,84388.369,0.7446,0,0,0,0,,,drift_segment,20200327_S03
20200327_1276,20200327,1276,1274,8.91,15.07,2.691,72.0,0.17857,2919.84,40.553,327.7,3.77,0.13,-0.066,-0.00536,-24.77,0.73,0.0,-0.008,147.94,5.902,-2.473,0.0,-5.163,2.434,106413.789,0.7484,0,0,0,0,,,drift_segment,20200327_S03
20200327_1277,20200327,1277,1275,6.2,14.93,2.713,72.0,0.18171,2916.37,40.505,470.38,1.06,-0.01,-0.044,-0.00221,-28.25,-2.71,-0.14,0.022,87.011,3.541,2.473,0.0,-1.93,2.319,36750.887,0.7182,0,0,0,0,,,drift_segment,20200327_S03
20200327_1278,20200327,1278,1276,6.0,14.93,2.729,71.0,0.18279,2892.82,40.744,482.14,0.86,-0.01,-0.028,-0.00114,-51.79,-0.2,0.0,0.016,82.514,3.541,6.07,-1.349,-0.829,1.534,33048.818,0.6887,0,0,0,0,,,drift_segment,20200327_S03
20200327_1279,20200327,1279,1277,5.91,14.94,2.776,71.0,0.18581,2944.61,41.473,498.24,0.77,0.0,0.0,0.0,0.0,-0.09,0.01,0.047,80.49,3.71,16.638,-1.349,2.277,3.26,31410.08,0.6831,0,0,0,0,,,drift_segment,20200327_S03
20200327_1280,20200327,1280,1278,5.13,14.94,2.818,72.0,0.18862,3031.27,42.101,590.89,-0.01,0.0,0.0,0.0,24.62,-0.78,0.0,0.042,62.953,3.71,26.081,0.0,5.165,6.148,19592.22,0.6634,0,0,0,0,,,drift_segment,20200327_S03
20200327_1281,20200327,1281,1279,5.14,14.89,2.844,71.0,0.191,3006.65,42.347,584.95,0.0,-0.04,0.006,0.0001,-3.22,0.01,-0.05,0.026,63.178,2.867,31.926,-1.349,7.609,5.328,19727.864,0.6689,0,0,0,0,,,drift_segment,20200327_S03
20200327_1282,20200327,1282,1280,5.14,14.89,2.857,73.0,0.19187,3105.47,42.541,604.18,0.01,-0.04,0.019,0.00087,95.6,0.0,0.0,0.013,63.178,2.867,34.849,1.349,8.506,8.622,19807.497,0.6681,0,0,0,0,,,drift_segment,20200327_S03
20200327_1283,20200327,1283,1281,5.09,14.95,2.861,72.0,0.19137,3079.58,42.772,605.03,0.0,0.06,0.023,0.0,69.71,-0.05,0.06,0.004,62.054,3.878,35.748,0.0,7.99,7.759,19459.242,0.689,0,0,0,0,,,drift_segment,20200327_S03
20200327_1284,20200327,1284,1282,4.07,14.95,2.854,72.0,0.1909,3072.05,42.667,754.8,-0.52,0.06,0.016,-0.00047,62.18,-1.02,0.0,-0.007,39.121,3.878,34.175,0.0,7.509,7.507,8466.923,0.7135,0,0,0,0,,,drift_segment,20200327_S03
20200327_1285,20200327,1285,1283,4.51,14.74,2.847,72.0,0.19315,3021.46,41.965,669.95,-0.05,0.0,0.009,0.00178,11.59,0.44,-0.21,-0.007,49.014,0.337,32.601,0.0,9.815,5.822,11815.001,0.6945,0,0,0,0,,,drift_segment,20200327_S03
20200327_1286,20200327,1286,1284,4.59,14.73,2.838,72.0,0.19267,3009.87,41.804,655.74,0.04,0.0,0.0,0.0013,3.22,0.08,-0.01,-0.009,50.812,0.169,30.577,0.0,9.322,5.435,12516.095,0.6529,0,0,0,0,,,drift_segment,20200327_S03
20200327_1287,20200327,1287,1285,4.56,14.73,2.83,72.0,0.19212,3001.38,41.686,658.2,0.01,0.0,0.0,0.00075,0.0,-0.03,0.0,-0.008,50.138,0.169,28.779,0.0,8.764,5.152,12132.722,0.6025,0,0,0,0,,,drift_segment,20200327_S03
20200327_1288,20200327,1288,1286,4.52,14.73,2.82,72.0,0.19145,2990.78,41.539,661.68,-0.03,0.0,0.0,0.00054,0.0,-0.04,0.0,-0.01,49.239,0.169,26.53,0.0,8.067,4.799,11641.988,0.6331,0,0,0,0,,,drift_segment,20200327_S03
20200327_1289,20200327,1289,1287,4.5,14.73,2.81,72.0,0.19077,2980.17,41.391,662.26,-0.05,0.0,0.0,0.0,0.0,-0.02,0.0,-0.01,48.789,0.169,24.282,0.0,7.369,4.445,11368.612,0.6315,0,0,0,0,,,drift_segment,20200327_S03
20200327_1290,20200327,1290,1288,4.49,14.72,2.802,72.0,0.19035,2969.67,41.245,661.4,-0.07,-0.01,0.0,0.0,0.0,-0.01,-0.01,-0.008,48.564,0.0,22.483,0.0,6.944,4.095,11186.997,0.6298,0,0,0,0,,,drift_segment,20200327_S03
20200327_1291,20200327,1291,1289,4.55,14.72,2.791,72.0,0.18961,2958.01,41.084,650.11,-0.04,-0.01,0.0,0.0,0.0,0.06,0.0,-0.011,49.913,0.0,20.01,0.0,6.177,3.707,11743.35,0.651,0,0,0,0,,,drift_segment,20200327_S03
20200327_1292,20200327,1292,1290,5.14,14.71,2.782,71.0,0.18912,2905.55,40.923,565.28,0.29,-0.02,0.0,0.0,-26.9,0.59,-0.01,-0.009,63.178,-0.169,17.987,-1.349,5.68,1.958,18641.222,0.6678,0,0,0,0,,,drift_segment,20200327_S03
20200327_1293,20200327,1293,1291,5.02,14.71,2.774,71.0,0.18858,2897.19,40.806,577.13,0.15,-0.02,0.0,0.0,-26.77,-0.12,0.0,-0.008,60.48,-0.169,16.188,-1.349,5.122,1.68,17077.748,0.6489,0,0,0,0,,,drift_segment,20200327_S03
20200327_1294,20200327,1294,1292,4.87,14.73,2.765,72.0,0.18771,2932.45,40.728,602.15,-0.15,0.0,0.0,0.0,14.99,-0.15,0.02,-0.009,57.108,0.169,14.164,0.0,4.231,2.855,15276.583,0.6638,0,0,0,0,,,drift_segment,20200327_S03
20200327_1295,20200327,1295,1293,4.85,14.73,2.757,72.0,0.18717,2923.96,40.611,602.88,-0.29,0.0,-0.004,-0.00053,6.51,-0.02,0.0,-0.008,56.658,0.169,12.366,0.0,3.673,2.572,15032.944,0.6439,0,0,0,0,,,drift_segment,20200327_S03
20200327_1296,20200327,1296,1294,5.15,14.73,2.749,71.0,0.18663,2874.99,40.493,558.25,0.0,0.0,-0.012,-0.00107,-30.95,0.3,0.0,-0.008,63.403,0.169,10.567,-1.349,3.115,0.939,18838.797,0.6269,0,0,0,0,,,drift_segment,20200327_S03
20200327_1297,20200327,1297,1295,5.37,14.73,2.74,72.0,0.18601,2905.93,40.36,541.14,0.0,0.0,-0.021,-0.00156,0.39,0.22,0.0,-0.009,68.349,0.169,8.544,0.0,2.488,1.971,21877.499,0.6302,0,0,0,0,,,drift_segment,20200327_S03
20200327_1298,20200327,1298,1296,5.45,14.74,2.749,72.0,0.1865,2917.46,40.52,535.31,0.0,0.01,-0.008,-0.00067,11.52,0.08,0.01,0.009,70.148,0.337,10.567,0.0,2.985,2.355,23067.573,0.642,0,0,0,0,,,drift_segment,20200327_S03
20200327_1299,20200327,1299,1297,7.47,14.74,2.757,71.0,0.18704,2885.31,40.638,386.25,1.59,0.01,0.0,0.0,-26.07,2.02,0.0,0.008,115.564,0.337,12.366,-1.349,3.543,1.284,62525.747,0.6433,0,0,0,0,,,drift_segment,20200327_S03
20200327_1300,20200327,1300,1298,7.42,14.71,2.761,72.0,0.1877,2924.23,40.614,394.1,0.0,-0.02,0.006,0.00066,12.85,-0.05,-0.03,0.004,114.44,-0.169,13.265,0.0,4.214,2.581,61029.32,0.632,0,0,0,0,,,drift_segment,20200327_S03
20200327_1301,20200327,1301,1299,7.42,14.71,2.762,70.0,0.18776,2844.03,40.629,383.29,0.0,-0.02,0.01,0.00073,-67.35,0.0,0.0,0.001,114.44,-0.169,13.49,-2.698,4.284,-0.092,61115.068,0.58,0,0,0,0,,,drift_segment,20200327_S03
20200327_1302,20200327,1302,1300,8.17,14.73,2.763,71.0,0.18758,2889.63,40.699,353.69,0.7,0.01,0.008,0.00053,-21.75,0.75,0.02,0.001,131.303,0.169,13.715,-1.349,4.092,1.427,80580.394,0.6493,0,0,0,0,,,drift_segment,20200327_S03
20200327_1303,20200327,1303,1301,5.88,14.73,2.755,72.0,0.18703,2921.84,40.581,496.91,-2.29,0.01,-0.002,-5e-05,10.46,-2.29,0.0,-0.008,79.816,0.169,11.916,0.0,3.534,2.501,29780.866,0.6683,0,0,0,0,,,drift_segment,20200327_S03
20200327_1304,20200327,1304,1302,9.14,14.72,2.747,72.0,0.18662,2911.38,40.436,318.53,0.76,0.0,-0.012,-0.00082,0.0,3.26,-0.01,-0.008,153.112,0.0,10.117,0.0,3.106,2.152,109574.044,0.6813,0,0,0,0,,,drift_segment,20200327_S03
20200327_1305,20200327,1305,1303,9.27,14.72,2.747,72.0,0.18662,2911.38,40.436,314.06,0.89,0.0,-0.012,-0.00082,0.0,0.13,0.0,0.0,156.034,0.0,10.117,0.0,3.106,2.152,113801.433,0.6493,0,0,0,0,,,drift_segment,20200327_S03
20200327_1306,20200327,1306,1304,8.43,14.71,2.752,73.0,0.18708,2955.18,40.482,350.56,0.05,-0.02,-0.005,0.0,43.8,-0.84,-0.01,0.005,137.148,-0.169,11.242,1.349,3.585,3.612,87722.398,0.6823,0,0,0,0,,,drift_segment,20200327_S03
20200327_1307,20200327,1307,1305,8.41,14.71,2.759,71.0,0.18756,2881.53,40.585,342.63,0.03,-0.02,0.004,0.00052,-33.81,-0.02,0.0,0.007,136.699,-0.169,12.815,-1.349,4.074,1.157,87191.357,0.6003,0,0,0,0,,,drift_segment,20200327_S03
20200327_1308,20200327,1308,1306,8.4,14.73,2.764,71.0,0.18764,2890.67,40.714,344.13,0.02,0.0,0.012,0.00061,-24.66,-0.01,0.02,0.005,136.474,0.169,13.94,-1.349,4.161,1.462,87047.498,0.5964,0,0,0,0,,,drift_segment,20200327_S03
20200327_1309,20200327,1309,1307,8.38,14.73,2.761,72.0,0.18744,2928.21,40.67,349.43,0.0,0.0,0.009,0.00048,12.87,-0.02,0.0,-0.003,136.024,0.169,13.265,0.0,3.952,2.713,86444.21,0.5932,0,0,0,0,,,drift_segment,20200327_S03
20200327_1310,20200327,1310,1308,7.56,14.74,2.757,72.0,0.18704,2925.95,40.638,387.03,0.0,0.01,0.003,0.0,5.31,-0.82,0.01,-0.004,117.588,0.337,12.366,0.0,3.543,2.638,64689.043,0.6143,0,0,0,0,,,drift_segment,20200327_S03
20200327_1311,20200327,1311,1309,7.56,14.74,2.752,72.0,0.1867,2920.64,40.564,386.33,0.0,0.01,-0.005,-0.00038,0.0,0.0,0.0,-0.005,117.588,0.337,11.242,0.0,3.194,2.461,64718.226,0.5828,0,0,0,0,,,drift_segment,20200327_S03
20200327_1312,20200327,1312,1310,7.54,14.74,2.747,72.0,0.18636,2915.34,40.491,386.65,0.0,0.0,-0.012,-0.00108,0.0,-0.02,0.0,-0.005,117.138,0.337,10.117,0.0,2.846,2.284,64255.918,0.5957,0,0,0,0,,,drift_segment,20200327_S03
20200327_1313,20200327,1313,1311,7.18,14.74,2.745,72.0,0.18623,2913.21,40.461,405.74,0.0,0.0,-0.013,-0.00081,-2.12,-0.36,0.0,-0.002,109.044,0.337,9.668,0.0,2.707,2.214,55698.09,0.6127,0,0,0,0,,,drift_segment,20200327_S03
20200327_1314,20200327,1314,1312,6.8,14.73,2.754,72.0,0.18697,2920.78,40.566,429.53,-0.02,-0.01,-0.003,0.0,5.45,-0.38,-0.01,0.009,100.501,0.169,11.691,0.0,3.464,2.466,47208.982,0.6495,0,0,0,0,,,drift_segment,20200327_S03
20200327_1315,20200327,1315,1313,6.82,14.73,2.761,72.0,0.18744,2928.21,40.67,429.36,0.02,-0.01,0.007,0.00071,14.99,0.02,0.0,0.007,100.95,0.169,13.265,0.0,3.952,2.713,47604.893,0.6266,0,0,0,0,,,drift_segment,20200327_S03
20200327_1316,20200327,1316,1314,6.78,14.74,2.765,71.0,0.18758,2893.68,40.756,426.8,0.0,0.0,0.012,0.00088,-19.53,-0.04,0.01,0.004,100.051,0.337,14.164,-1.349,4.1,1.563,46850.344,0.5995,0,0,0,0,,,drift_segment,20200327_S03
20200327_1317,20200327,1317,1315,6.16,14.74,2.763,71.0,0.18745,2891.59,40.727,469.41,0.0,0.0,0.01,0.00072,-21.62,-0.62,0.0,-0.002,86.111,0.337,13.715,-1.349,3.961,1.493,34729.028,0.6043,0,0,0,0,,,drift_segment,20200327_S03
20200327_1318,20200327,1318,1316,5.9,14.77,2.758,71.0,0.18673,2892.23,40.736,490.21,0.0,0.03,0.004,-0.00017,-1.45,-0.26,0.03,-0.005,80.266,0.843,12.591,-1.349,3.222,1.514,30351.136,0.6191,0,0,0,0,,,drift_segment,20200327_S03
20200327_1319,20200327,1319,1317,5.79,14.77,2.753,71.0,0.18639,2886.99,40.662,498.62,0.0,0.03,-0.004,-0.00057,-6.69,-0.11,0.0,-0.005,77.792,0.843,11.466,-1.349,2.874,1.339,28528.881,0.6113,0,0,0,0,,,drift_segment,20200327_S03
20200327_1320,20200327,1320,1318,4.86,14.74,2.747,71.0,0.18636,2874.85,40.491,591.53,-0.17,0.0,-0.011,-0.00076,-17.39,-0.93,-0.03,-0.006,56.883,0.337,10.117,-1.349,2.846,0.935,15213.532,0.6648,0,0,0,0,,,drift_segment,20200327_S03
20200327_1321,20200327,1321,1319,4.95,14.74,2.748,72.0,0.18643,2916.4,40.506,589.17,-0.08,0.0,-0.009,-0.00047,24.17,0.09,0.0,0.001,58.906,0.337,10.342,0.0,2.916,2.32,16286.207,0.6544,0,0,0,0,,,drift_segment,20200327_S03
20200327_1322,20200327,1322,1320,4.96,14.73,2.753,73.0,0.1869,2960.27,40.552,596.83,-0.07,-0.02,-0.002,0.00017,68.04,0.01,-0.01,0.005,59.131,0.169,11.466,1.349,3.394,3.782,16350.817,0.6472,0,0,0,0,,,drift_segment,20200327_S03
20200327_1323,20200327,1323,1321,5.01,14.73,2.757,71.0,0.18717,2883.35,40.611,575.52,-0.02,-0.02,0.004,0.00052,-8.88,0.05,0.0,0.004,60.255,0.169,12.366,-1.349,3.673,1.218,17016.345,0.6012,0,0,0,0,,,drift_segment,20200327_S03
20200327_1324,20200327,1324,1322,4.96,14.75,2.763,72.0,0.18732,2934.31,40.754,591.59,-0.07,0.0,0.01,0.00089,17.91,-0.05,0.02,0.006,59.131,0.506,13.715,0.0,3.83,2.917,16447.14,0.6625,0,0,0,0,,,drift_segment,20200327_S03
20200327_1325,20200327,1325,1323,5.03,14.75,2.76,71.0,0.18712,2890.41,40.71,574.63,0.0,0.0,0.009,0.00061,-31.15,0.07,0.0,-0.003,60.705,0.506,13.04,-1.349,3.621,1.453,17349.578,0.5998,0,0,0,0,,,drift_segment,20200327_S03
20200327_1326,20200327,1326,1324,7.24,14.76,2.755,72.0,0.18665,2927.79,40.664,404.39,0.3,0.01,0.002,0.0,2.42,2.21,0.01,-0.005,110.393,0.674,11.916,0.0,3.143,2.699,57172.043,0.6629,0,0,0,0,,,drift_segment,20200327_S03
20200327_1327,20200327,1327,1325,7.17,14.76,2.75,73.0,0.18631,2963.07,40.59,413.26,0.0,0.01,-0.005,-0.00034,37.69,-0.07,0.0,-0.005,108.819,0.674,10.792,1.349,2.795,3.875,55546.428,0.6416,0,0,0,0,,,drift_segment,20200327_S03
20200327_1328,20200327,1328,1326,6.94,14.78,2.75,71.0,0.18606,2885.79,40.645,415.82,-0.3,0.02,-0.006,-0.00045,-39.58,-0.23,0.02,0.0,103.648,1.012,10.792,-1.349,2.536,1.3,50609.247,0.6493,0,0,0,0,,,drift_segment,20200327_S03
20200327_1329,20200327,1329,1327,7.92,14.78,2.749,72.0,0.18599,2925.38,40.63,369.37,0.0,0.02,-0.006,-0.00032,-1.5,0.98,0.0,-0.001,125.682,1.012,10.567,0.0,2.467,2.619,74281.977,0.6235,0,0,0,0,,,drift_segment,20200327_S03
20200327_1330,20200327,1330,1328,8.92,14.75,2.751,72.0,0.18651,2921.56,40.577,327.53,1.0,-0.03,-0.002,0.00045,-3.81,1.0,-0.03,0.002,148.165,0.506,11.017,0.0,2.995,2.492,102854.887,0.669,0,0,0,0,,,drift_segment,20200327_S03
20200327_1331,20200327,1331,1329,8.38,14.75,2.756,72.0,0.18685,2926.87,40.651,349.27,0.46,-0.03,0.005,0.00083,0.73,-0.54,0.0,0.005,136.024,0.506,12.141,0.0,3.343,2.669,86657.569,0.6722,0,0,0,0,,,drift_segment,20200327_S03
20200327_1332,20200327,1332,1330,8.32,14.83,2.758,71.0,0.18597,2903.98,40.901,349.04,0.4,0.03,0.008,-2e-05,-21.39,-0.06,0.08,0.002,134.675,1.855,12.591,-1.349,2.446,1.906,85689.699,0.6791,0,0,0,0,,,drift_segment,20200327_S03
20200327_1333,20200327,1333,1331,8.1,14.83,2.757,72.0,0.18591,2943.81,40.886,363.43,0.18,0.03,0.006,-9e-05,22.25,-0.22,0.0,-0.001,129.729,1.855,12.366,0.0,2.377,3.233,79499.146,0.6631,0,0,0,0,,,drift_segment,20200327_S03
20200327_1334,20200327,1334,1332,8.12,14.8,2.753,72.0,0.18601,2933.6,40.744,361.28,0.2,0.0,0.0,2e-05,8.22,0.02,-0.03,-0.004,130.179,1.349,11.466,0.0,2.486,2.893,79820.154,0.6331,0,0,0,0,,,drift_segment,20200327_S03
20200327_1335,20200327,1335,1333,7.9,14.8,2.75,71.0,0.18581,2889.7,40.7,365.78,-0.03,0.0,-0.005,-0.0002,-36.44,-0.22,0.0,-0.003,125.232,1.349,10.792,-1.349,2.278,1.43,73956.679,0.6272,0,0,0,0,,,drift_segment,20200327_S03
20200327_1336,20200327,1336,1334,7.91,14.8,2.746,72.0,0.18554,2926.14,40.641,369.93,-0.02,0.0,-0.01,-0.00047,-0.73,0.01,0.0,-0.004,125.457,1.349,9.893,0.0,2.0,2.644,74203.602,0.6129,0,0,0,0,,,drift_segment,20200327_S03
20200327_1337,20200327,1337,1335,7.92,14.8,2.747,70.0,0.18561,2845.89,40.656,359.33,-0.01,0.0,-0.008,-0.00041,-87.7,0.01,0.0,0.001,125.682,1.349,10.117,-2.698,2.07,-0.03,74560.545,0.5894,0,0,0,0,,,drift_segment,20200327_S03
20200327_1338,20200327,1338,1336,7.91,14.8,2.755,71.0,0.18615,2894.95,40.774,365.99,-0.01,0.0,0.0,0.00014,-38.64,-0.01,0.0,0.008,125.457,1.349,11.916,-1.349,2.625,1.605,74187.3,0.5796,0,0,0,0,,,drift_segment,20200327_S03
20200327_1339,20200327,1339,1337,7.91,14.8,2.762,72.0,0.18662,2943.19,40.878,372.08,-0.01,0.0,0.009,0.00061,17.05,0.0,0.0,0.007,125.457,1.349,13.49,0.0,3.111,3.213,74096.953,0.6175,0,0,0,0,,,drift_segment,20200327_S03
20200327_1340,20200327,1340,1338,7.93,14.81,2.763,72.0,0.18656,2946.24,40.92,371.53,0.02,0.01,0.01,0.00055,22.99,0.02,0.01,0.001,125.907,1.518,13.715,0.0,3.051,3.314,74704.003,0.609,0,0,0,0,,,drift_segment,20200327_S03
20200327_1341,20200327,1341,1339,7.95,14.81,2.762,72.0,0.1865,2945.18,40.905,370.46,0.04,0.01,0.009,0.00048,19.04,0.02,0.0,-0.001,126.356,1.518,13.49,0.0,2.981,3.279,75242.291,0.6219,0,0,0,0,,,drift_segment,20200327_S03
20200327_1342,20200327,1342,1340,7.93,14.8,2.755,73.0,0.18615,2976.5,40.774,375.35,0.02,0.0,0.002,0.00014,45.19,-0.02,-0.01,-0.007,125.907,1.349,11.916,1.349,2.625,4.323,74628.697,0.6322,0,0,0,0,,,drift_segment,20200327_S03
20200327_1343,20200327,1343,1341,7.92,14.8,2.753,71.0,0.18601,2892.85,40.744,365.26,0.01,0.0,-0.002,0.0,-42.73,-0.01,0.0,-0.002,125.682,1.349,11.466,-1.349,2.486,1.535,74465.823,0.5592,0,0,0,0,,,drift_segment,20200327_S03
20200327_1344,20200327,1344,1342,7.91,14.78,2.749,71.0,0.18599,2884.75,40.63,364.7,0.0,-0.03,-0.006,0.0,-58.44,-0.01,-0.02,-0.004,125.457,1.012,10.567,-1.349,2.467,1.265,74064.092,0.597,0,0,0,0,,,drift_segment,20200327_S03
20200327_1345,20200327,1345,1343,7.89,14.78,2.747,72.0,0.18586,2923.25,40.601,370.5,-0.03,-0.03,-0.008,-0.00012,-21.63,-0.02,0.0,-0.002,125.007,1.012,10.117,0.0,2.328,2.548,73503.217,0.6318,0,0,0,0,,,drift_segment,20200327_S03
20200327_1346,20200327,1346,1344,7.91,14.81,2.749,72.0,0.18562,2931.31,40.713,370.58,0.0,0.0,-0.005,-0.00036,-9.3,0.02,0.03,0.002,125.457,1.518,10.567,0.0,2.08,2.817,74263.926,0.5991,0,0,0,0,,,drift_segment,20200327_S03
20200327_1347,20200327,1347,1345,7.9,14.81,2.753,72.0,0.18589,2935.58,40.772,371.59,-0.01,0.0,0.0,-3e-05,0.0,-0.01,0.0,0.004,125.232,1.518,11.466,0.0,2.357,2.959,73971.23,0.5807,0,0,0,0,,,drift_segment,20200327_S03
20200327_1348,20200327,1348,1346,7.9,14.84,2.76,72.0,0.18598,2949.0,40.958,373.29,-0.01,0.03,0.007,0.0001,17.69,0.0,0.03,0.007,125.232,2.024,13.04,0.0,2.456,3.406,74173.485,0.6383,0,0,0,0,,,drift_segment,20200327_S03
20200327_1349,20200327,1349,1347,7.93,14.84,2.759,72.0,0.18592,2947.94,40.944,371.74,0.02,0.03,0.006,3e-05,16.62,0.03,0.0,-0.001,125.907,2.024,12.815,0.0,2.387,3.371,74976.22,0.6236,0,0,0,0,,,drift_segment,20200327_S03
20200327_1350,20200327,1350,1348,7.94,14.83,2.758,72.0,0.18597,2944.88,40.901,370.89,0.03,0.02,0.005,9e-05,13.57,0.01,-0.01,-0.001,126.132,1.855,12.591,0.0,2.446,3.269,75166.005,0.6106,0,0,0,0,,,drift_segment,20200327_S03
20200327_1351,20200327,1351,1349,7.91,14.83,2.754,72.0,0.1857,2940.61,40.842,371.76,0.0,0.02,0.001,-0.00018,9.3,-0.03,0.0,-0.004,125.457,1.855,11.691,0.0,2.169,3.127,74394.177,0.5932,0,0,0,0,,,drift_segment,20200327_S03
20200327_1352,20200327,1352,1350,7.92,14.81,2.753,71.0,0.18589,2894.81,40.772,365.51,0.01,-0.02,-0.001,0.0,-40.77,0.01,-0.02,-0.001,125.682,1.518,11.466,-1.349,2.357,1.6,74548.317,0.5663,0,0,0,0,,,drift_segment,20200327_S03
20200327_1353,20200327,1353,1351,7.9,14.81,2.747,71.0,0.18548,2888.5,40.683,365.63,-0.01,-0.02,-0.011,-0.00041,-52.11,-0.02,0.0,-0.006,125.232,1.518,10.117,-1.349,1.941,1.39,74060.577,0.6074,0,0,0,0,,,drift_segment,20200327_S03
20200327_1354,20200327,1354,1352,7.89,14.81,2.747,71.0,0.18548,2888.5,40.683,366.1,-0.03,-0.02,-0.007,-0.00037,-20.45,-0.01,0.0,0.0,125.007,1.518,10.117,-1.349,1.941,1.39,73796.072,0.5937,0,0,0,0,,,drift_segment,20200327_S03
20200327_1355,20200327,1355,1353,7.91,14.81,2.753,71.0,0.18589,2894.81,40.772,365.97,0.0,-0.02,0.0,0.0001,-14.14,0.02,0.0,0.006,125.457,1.518,11.466,-1.349,2.357,1.6,74282.993,0.576,0,0,0,0,,,drift_segment,20200327_S03
20200327_1356,20200327,1356,1354,7.91,14.85,2.759,71.0,0.18579,2908.95,40.971,367.76,0.0,0.03,0.006,9e-05,8.28,0.0,0.04,0.006,125.457,2.192,12.815,-1.349,2.258,2.071,74574.249,0.6203,0,0,0,0,,,drift_segment,20200327_S03
20200327_1357,20200327,1357,1355,7.92,14.85,2.762,72.0,0.18599,2953.13,41.016,372.87,0.01,0.03,0.009,0.00048,52.46,0.01,0.0,0.003,125.682,2.192,13.49,0.0,2.465,3.544,74774.884,0.6159,0,0,0,0,,,drift_segment,20200327_S03
20200327_1358,20200327,1358,1356,7.92,14.84,2.758,73.0,0.18585,2987.8,40.929,377.25,0.01,0.01,0.005,0.00034,78.84,0.0,-0.01,-0.004,125.682,2.024,12.591,1.349,2.317,4.699,74674.299,0.6185,0,0,0,0,,,drift_segment,20200327_S03
20200327_1359,20200327,1359,1357,7.93,14.84,2.753,71.0,0.18551,2900.67,40.855,365.78,0.02,0.01,0.0,-0.00028,-9.34,0.01,0.0,-0.005,125.907,2.024,11.466,-1.349,1.971,1.795,75062.49,0.5784,0,0,0,0,,,drift_segment,20200327_S03
20200327_1360,20200327,1360,1358,7.91,14.82,2.747,72.0,0.18536,2931.16,40.711,370.56,0.0,-0.02,-0.01,-0.00049,0.0,-0.02,-0.02,-0.006,125.457,1.686,10.117,0.0,1.812,2.812,74360.954,0.6204,0,0,0,0,,,drift_segment,20200327_S03
20200327_1361,20200327,1361,1359,7.91,14.82,2.747,71.0,0.18536,2890.45,40.711,365.42,0.0,-0.02,-0.011,-0.00049,-43.76,0.0,0.0,0.0,125.457,1.686,10.117,-1.349,1.812,1.455,74408.001,0.5734,0,0,0,0,,,drift_segment,20200327_S03
20200327_1362,20200327,1362,1360,7.91,14.83,2.748,72.0,0.1853,2934.2,40.753,370.95,-0.01,0.0,-0.009,-0.00055,-4.27,0.0,0.01,0.001,125.457,1.855,10.342,0.0,1.753,2.913,74436.113,0.5928,0,0,0,0,,,drift_segment,20200327_S03
20200327_1363,20200327,1363,1361,7.9,14.83,2.757,73.0,0.18591,2984.7,40.886,377.81,-0.01,0.0,0.004,0.00034,50.34,-0.01,0.0,0.009,125.232,1.855,12.366,1.349,2.377,4.596,74067.681,0.6385,0,0,0,0,,,drift_segment,20200327_S03
20200327_1364,20200327,1364,1362,7.93,14.85,2.76,71.0,0.18586,2910.01,40.986,366.96,0.02,0.02,0.008,0.0003,-24.2,0.03,0.02,0.003,125.907,2.192,13.04,-1.349,2.327,2.107,75100.121,0.6273,0,0,0,0,,,drift_segment,20200327_S03
20200327_1365,20200327,1365,1363,7.91,14.85,2.763,72.0,0.18606,2954.2,41.031,373.48,0.0,0.02,0.013,0.0005,19.84,-0.02,0.0,0.003,125.457,2.192,13.715,0.0,2.535,3.58,74503.456,0.6156,0,0,0,0,,,drift_segment,20200327_S03
20200327_1366,20200327,1366,1364,7.93,14.83,2.76,72.0,0.18611,2947.02,40.931,371.63,0.02,0.0,0.008,0.00055,10.99,0.02,-0.02,-0.003,125.907,1.855,13.04,0.0,2.585,3.34,74887.236,0.6197,0,0,0,0,,,drift_segment,20200327_S03
20200327_1367,20200327,1367,1365,7.94,14.83,2.752,72.0,0.18557,2938.48,40.812,370.09,0.03,0.0,0.0,1e-05,2.45,0.01,0.0,-0.008,126.132,1.855,11.242,0.0,2.03,3.056,75205.825,0.5943,0,0,0,0,,,drift_segment,20200327_S03
20200327_1368,20200327,1368,1366,7.9,14.82,2.75,72.0,0.18556,2934.36,40.755,371.44,-0.01,-0.03,-0.007,-1e-05,-1.66,-0.04,-0.01,-0.002,125.232,1.686,10.792,0.0,2.02,2.918,74074.236,0.6296,0,0,0,0,,,drift_segment,20200327_S03
20200327_1369,20200327,1369,1367,7.9,14.82,2.745,72.0,0.18522,2929.02,40.681,370.76,-0.01,-0.03,-0.012,-0.00034,-7.0,0.0,0.0,-0.005,125.232,1.686,9.668,0.0,1.674,2.741,74110.882,0.612,0,0,0,0,,,drift_segment,20200327_S03
20200327_1370,20200327,1370,1368,7.89,14.85,2.746,72.0,0.18492,2936.02,40.778,372.12,-0.02,0.0,-0.011,-0.0004,0.0,-0.01,0.03,0.001,125.007,2.192,9.893,0.0,1.359,2.974,74085.654,0.6192,0,0,0,0,,,drift_segment,20200327_S03
20200327_1371,20200327,1371,1369,7.89,14.85,2.752,72.0,0.18532,2942.44,40.867,372.93,-0.02,0.0,0.0,4e-05,6.42,0.0,0.0,0.006,125.007,2.192,11.242,0.0,1.774,3.188,74042.683,0.5896,0,0,0,0,,,drift_segment,20200327_S03
20200327_1372,20200327,1372,1370,7.91,14.88,2.757,71.0,0.18528,2912.72,41.024,368.23,0.01,0.0,0.005,6e-05,-23.31,0.02,0.03,0.005,125.457,2.698,12.366,-1.349,1.735,2.197,74835.16,0.6037,0,0,0,0,,,drift_segment,20200327_S03
20200327_1373,20200327,1373,1371,7.93,14.88,2.762,71.0,0.18562,2918.0,41.099,367.97,0.03,0.0,0.01,0.0007,-18.03,0.02,0.0,0.005,125.907,2.698,13.49,-1.349,2.08,2.373,75337.302,0.6209,0,0,0,0,,,drift_segment,20200327_S03
20200327_1374,20200327,1374,1372,7.91,14.97,2.76,72.0,0.18437,2974.84,41.317,376.09,0.01,0.06,0.008,-0.0,34.47,-0.02,0.09,-0.002,125.457,4.216,13.04,0.0,0.797,4.267,75518.487,0.6797,0,0,0,0,,,drift_segment,20200327_S03
20200327_1375,20200327,1375,1373,7.92,14.97,2.757,71.0,0.18417,2930.33,41.272,369.99,0.02,0.06,0.005,-0.0002,-12.11,0.01,0.0,-0.003,125.682,4.216,12.366,-1.349,0.591,2.784,75851.92,0.6404,0,0,0,0,,,drift_segment,20200327_S03
20200327_1376,20200327,1376,1374,7.9,14.94,2.752,73.0,0.1842,3001.39,41.115,379.92,0.0,0.01,-0.002,-0.00017,50.28,-0.02,-0.03,-0.005,125.232,3.71,11.242,1.349,0.627,5.152,75011.415,0.6283,0,0,0,0,,,drift_segment,20200327_S03
20200327_1377,20200327,1377,1375,7.9,14.94,2.744,72.0,0.18367,2951.67,40.995,373.63,0.0,0.01,-0.013,-0.0007,0.0,0.0,0.0,-0.008,125.232,3.71,9.443,0.0,0.077,3.495,75112.056,0.6211,0,0,0,0,,,drift_segment,20200327_S03
20200327_1378,20200327,1378,1376,7.89,14.91,2.739,72.0,0.1837,2940.37,40.838,372.67,-0.01,-0.03,-0.017,-0.0005,-20.07,-0.01,-0.03,-0.005,125.007,3.204,8.319,0.0,0.112,3.119,74636.529,0.634,0,0,0,0,,,drift_segment,20200327_S03
20200327_1379,20200327,1379,1377,7.89,14.91,2.749,72.0,0.18437,2951.11,40.988,374.03,-0.01,-0.03,-0.005,0.0002,-12.56,0.0,0.0,0.01,125.007,3.204,10.567,0.0,0.801,3.477,74559.479,0.6291,0,0,0,0,,,drift_segment,20200327_S03
20200327_1380,20200327,1380,1378,7.89,14.93,2.754,72.0,0.18446,2960.44,41.117,375.21,-0.01,-0.01,0.001,0.0004,-3.22,0.0,0.02,0.005,125.007,3.541,11.691,0.0,0.891,3.788,74690.697,0.5992,0,0,0,0,,,drift_segment,20200327_S03
20200327_1381,20200327,1381,1379,7.9,14.93,2.757,72.0,0.18466,2963.66,41.162,375.15,0.0,-0.01,0.005,0.00067,0.0,0.01,0.0,0.003,125.232,3.541,12.366,0.0,1.098,3.895,74937.123,0.596,0,0,0,0,,,drift_segment,20200327_S03
20200327_1382,20200327,1382,1380,7.91,14.99,2.759,72.0,0.18406,2977.73,41.357,376.45,0.01,0.06,0.01,6e-05,17.29,0.01,0.06,0.002,125.457,4.553,12.815,0.0,0.475,4.364,75691.928,0.667,0,0,0,0,,,drift_segment,20200327_S03
20200327_1383,20200327,1383,1381,7.92,14.99,2.756,72.0,0.18386,2974.5,41.312,375.57,0.02,0.06,0.003,-0.0002,12.07,0.01,0.0,-0.003,125.682,4.553,12.141,0.0,0.27,4.256,75978.843,0.6281,0,0,0,0,,,drift_segment,20200327_S03
20200327_1384,20200327,1384,1382,7.91,15.07,2.753,72.0,0.18268,2987.12,41.488,377.64,0.01,0.13,-0.001,-0.00145,24.69,-0.01,0.08,-0.003,125.457,5.902,11.466,0.0,-0.937,4.677,76403.433,0.6825,0,0,0,0,,,drift_segment,20200327_S03
20200327_1385,20200327,1385,1383,7.9,15.07,2.748,72.0,0.18235,2981.69,41.412,377.43,0.0,0.13,-0.006,-0.00178,18.03,-0.01,0.0,-0.005,125.232,5.902,10.342,0.0,-1.278,4.496,76170.389,0.6705,0,0,0,0,,,drift_segment,20200327_S03
20200327_1386,20200327,1386,1384,7.9,14.93,2.747,71.0,0.18399,2911.9,41.013,368.6,-0.01,-0.01,-0.008,-0.00013,-51.76,0.0,-0.14,-0.001,125.232,3.541,10.117,-1.349,0.41,2.17,75053.159,0.6204,0,0,0,0,,,drift_segment,20200327_S03
20200327_1387,20200327,1387,1385,7.88,14.93,2.749,71.0,0.18413,2914.02,41.043,369.8,-0.03,-0.01,-0.005,7e-05,-48.4,-0.02,0.0,0.002,124.783,3.541,10.567,-1.349,0.547,2.24,74506.549,0.6115,0,0,0,0,,,drift_segment,20200327_S03
20200327_1388,20200327,1388,1386,7.88,14.94,2.754,72.0,0.18434,2962.42,41.145,375.94,-0.02,0.0,0.001,0.00035,2.32,0.0,0.01,0.005,124.783,3.71,11.691,0.0,0.764,3.854,74508.026,0.602,0,0,0,0,,,drift_segment,20200327_S03
20200327_1389,20200327,1389,1387,7.91,14.94,2.757,71.0,0.18454,2924.46,41.19,369.72,0.01,0.0,0.007,0.00041,-33.49,0.03,0.0,0.003,125.457,3.71,12.366,-1.349,0.971,2.588,75333.932,0.619,0,0,0,0,,,drift_segment,20200327_S03
20200327_1390,20200327,1390,1388,7.91,14.89,2.757,73.0,0.18516,2996.78,41.052,378.86,0.01,-0.05,0.008,0.00103,38.83,0.0,-0.05,0.0,125.457,2.867,12.366,1.349,1.607,4.999,74828.984,0.6421,0,0,0,0,,,drift_segment,20200327_S03
20200327_1391,20200327,1391,1389,7.92,14.89,2.755,72.0,0.18502,2953.58,41.022,372.93,0.02,-0.05,0.005,0.0009,-1.48,0.01,0.0,-0.002,125.682,2.867,11.916,0.0,1.469,3.559,75150.42,0.6172,0,0,0,0,,,drift_segment,20200327_S03
20200327_1392,20200327,1392,1390,7.89,14.95,2.75,72.0,0.18395,2960.1,41.112,375.17,-0.01,0.01,-0.004,-0.00018,2.15,-0.03,0.06,-0.005,125.007,3.878,10.792,0.0,0.363,3.776,74884.369,0.6446,0,0,0,0,,,drift_segment,20200327_S03
20200327_1393,20200327,1393,1391,7.89,14.95,2.748,72.0,0.18381,2957.95,41.083,374.9,-0.01,0.0,-0.007,-0.00013,-2.15,0.0,0.0,-0.002,125.007,3.878,10.342,0.0,0.225,3.705,74898.764,0.5994,0,0,0,0,,,drift_segment,20200327_S03
20200327_1394,20200327,1394,1392,7.9,14.93,2.749,72.0,0.18413,2955.07,41.043,374.06,0.0,-0.02,-0.006,0.00018,-2.88,0.01,-0.02,0.001,125.232,3.541,10.567,0.0,0.547,3.608,74991.481,0.601,0,0,0,0,,,drift_segment,20200327_S03
20200327_1395,20200327,1395,1393,7.89,14.99,2.745,72.0,0.18312,2962.62,41.148,375.49,-0.01,0.04,-0.007,-0.00082,4.68,-0.01,0.06,-0.004,125.007,4.553,9.668,0.0,-0.484,3.86,75254.443,0.6594,0,0,0,0,,,drift_segment,20200327_S03
20200327_1396,20200327,1396,1394,7.91,14.99,2.755,71.0,0.18379,2932.12,41.297,370.69,0.01,0.04,0.005,-0.00015,-22.95,0.02,0.0,0.01,125.457,4.553,11.916,-1.349,0.201,2.844,75764.723,0.655,0,0,0,0,,,drift_segment,20200327_S03
20200327_1397,20200327,1397,1395,7.9,15.07,2.756,72.0,0.18288,2990.37,41.533,378.53,0.0,0.12,0.007,-0.00093,35.31,-0.01,0.08,0.001,125.232,5.902,12.141,0.0,-0.733,4.785,76114.797,0.6925,0,0,0,0,,,drift_segment,20200327_S03
20200327_1398,20200327,1398,1396,7.9,15.07,2.756,72.0,0.18288,2990.37,41.533,378.53,0.0,0.13,0.007,-0.00093,37.46,0.0,0.0,0.0,125.232,5.902,12.141,0.0,-0.733,4.785,76114.797,0.6512,0,0,0,0,,,drift_segment,20200327_S03
20200327_1399,20200327,1399,1397,7.91,14.93,2.752,71.0,0.18433,2917.2,41.087,368.8,0.01,-0.01,0.0,0.00039,-35.71,0.01,-0.14,-0.004,125.457,3.541,11.242,-1.349,0.754,2.346,75283.95,0.6236,0,0,0,0,,,drift_segment,20200327_S03
20200327_1400,20200327,1400,1398,7.9,14.93,2.747,72.0,0.18399,2952.92,41.013,373.79,0.0,-0.01,-0.006,6e-05,0.0,-0.01,0.0,-0.005,125.232,3.541,10.117,0.0,0.41,3.537,75006.114,0.6016,0,0,0,0,,,drift_segment,20200327_S03
20200327_1401,20200327,1401,1399,7.89,14.94,2.748,70.0,0.18394,2873.86,41.055,364.24,-0.01,0.0,-0.005,-6e-05,-79.06,-0.01,0.01,0.001,125.007,3.71,10.342,-2.698,0.352,0.902,74914.499,0.6015,0,0,0,0,,,drift_segment,20200327_S03
20200327_1402,20200327,1402,1400,7.9,14.94,2.744,71.0,0.18367,2910.67,40.995,368.44,0.0,0.0,-0.009,-0.00048,-42.24,0.01,0.0,-0.004,125.232,3.71,9.443,-1.349,0.077,2.129,75159.131,0.6068,0,0,0,0,,,drift_segment,20200327_S03
20200327_1403,20200327,1403,1401,7.89,14.89,2.753,72.0,0.18489,2951.44,40.992,374.07,-0.01,-0.04,0.001,0.00056,0.0,-0.01,-0.05,0.009,125.007,2.867,11.466,0.0,1.331,3.487,74366.046,0.6465,0,0,0,0,,,drift_segment,20200327_S03
20200327_1404,20200327,1404,1402,7.88,14.89,2.757,72.0,0.18516,2955.72,41.052,375.09,-0.02,-0.04,0.007,0.00074,38.52,-0.01,0.0,0.004,124.783,2.867,12.366,0.0,1.607,3.63,74074.942,0.6345,0,0,0,0,,,drift_segment,20200327_S03
20200327_1405,20200327,1405,1403,7.91,14.95,2.757,72.0,0.18441,2967.63,41.217,375.18,0.02,0.06,0.007,-0.00047,48.97,0.03,0.06,0.0,125.457,3.878,12.366,0.0,0.844,4.027,75370.257,0.6714,0,0,0,0,,,drift_segment,20200327_S03
20200327_1406,20200327,1406,1404,7.9,14.95,2.753,73.0,0.18415,3004.49,41.157,380.31,0.01,0.06,0.001,-0.00101,85.83,-0.01,0.0,-0.004,125.232,3.878,11.466,1.349,0.569,5.256,75087.819,0.6426,0,0,0,0,,,drift_segment,20200327_S03
20200327_1407,20200327,1407,1405,7.9,14.74,2.75,71.0,0.18657,2877.98,40.535,364.3,0.0,-0.01,-0.002,0.00014,-44.64,0.0,-0.21,-0.003,125.232,0.337,10.792,-1.349,3.055,1.039,73464.997,0.5861,0,0,0,0,,,drift_segment,20200327_S03
20200327_1408,20200327,1408,1406,7.89,14.74,2.748,71.0,0.18643,2875.89,40.506,364.5,0.0,-0.01,-0.005,0.0,-48.86,-0.01,0.0,-0.002,125.007,0.337,10.342,-1.349,2.916,0.97,73215.841,0.5585,0,0,0,0,,,drift_segment,20200327_S03
20200327_1409,20200327,1409,1407,7.89,14.73,2.748,72.0,0.18656,2914.42,40.478,369.38,-0.01,-0.02,-0.004,0.00013,-10.33,0.0,-0.01,0.0,125.007,0.169,10.342,0.0,3.046,2.254,73087.489,0.567,0,0,0,0,,,drift_segment,20200327_S03
20200327_1410,20200327,1410,1408,7.89,14.73,2.752,72.0,0.18683,2918.66,40.537,369.92,-0.01,-0.02,0.0,0.0004,-6.09,0.0,0.0,0.004,125.007,0.169,11.242,0.0,3.325,2.395,73059.43,0.5707,0,0,0,0,,,drift_segment,20200327_S03
20200327_1411,20200327,1411,1409,7.9,14.75,2.752,72.0,0.18658,2922.62,40.592,369.95,0.0,0.0,0.002,0.00014,0.0,0.01,0.02,0.0,125.232,0.506,11.242,0.0,3.064,2.527,73485.985,0.5622,0,0,0,0,,,drift_segment,20200327_S03
20200327_1412,20200327,1412,1410,7.9,14.75,2.754,72.0,0.18671,2924.75,40.622,370.22,0.0,0.0,0.005,0.00028,6.09,0.0,0.0,0.002,125.232,0.506,11.691,0.0,3.204,2.598,73472.524,0.5663,0,0,0,0,,,drift_segment,20200327_S03
20200327_1413,20200327,1413,1411,7.89,15.07,2.754,72.0,0.18275,2988.2,41.503,378.73,-0.01,0.14,0.005,-0.00172,65.58,-0.01,0.32,0.0,125.007,5.902,11.691,0.0,-0.869,4.713,75859.992,0.6928,0,0,0,0,,,drift_segment,20200327_S03
20200327_1414,20200327,1414,1412,7.91,15.07,2.749,72.0,0.18242,2982.77,41.427,377.09,0.01,0.14,-0.003,-0.00206,60.15,0.02,0.0,-0.005,125.457,5.902,10.567,0.0,-1.21,4.532,76431.733,0.6691,0,0,0,0,,,drift_segment,20200327_S03
20200327_1415,20200327,1415,1413,7.91,14.93,2.748,72.0,0.18406,2953.99,41.028,373.45,0.01,0.0,-0.004,-0.00041,31.37,0.0,-0.14,-0.001,125.457,3.541,10.342,0.0,0.478,3.573,75265.376,0.6142,0,0,0,0,,,drift_segment,20200327_S03
20200327_1416,20200327,1416,1414,7.89,14.93,2.748,71.0,0.18406,2912.96,41.028,369.2,-0.01,0.0,-0.004,-2e-05,-10.44,-0.02,0.0,0.0,125.007,3.541,10.342,-1.349,0.478,2.205,74779.543,0.5847,0,0,0,0,,,drift_segment,20200327_S03
20200327_1417,20200327,1417,1415,7.9,14.94,2.749,71.0,0.184,2915.97,41.07,369.11,0.0,0.0,-0.003,-6e-05,-8.77,0.01,0.01,0.001,125.232,3.71,10.567,-1.349,0.421,2.306,75121.712,0.5757,0,0,0,0,,,drift_segment,20200327_S03
20200327_1418,20200327,1418,1416,7.91,14.94,2.756,71.0,0.18447,2923.4,41.175,369.58,0.01,0.0,0.007,0.00041,0.0,0.01,0.0,0.007,125.457,3.71,12.141,-1.349,0.902,2.553,75340.394,0.6221,0,0,0,0,,,drift_segment,20200327_S03
20200327_1419,20200327,1419,1417,7.9,14.89,2.759,71.0,0.18529,2916.79,41.082,369.21,0.0,-0.05,0.01,0.00123,-6.61,-0.01,-0.05,0.003,125.232,2.867,12.815,-1.349,1.745,2.333,74639.633,0.6329,0,0,0,0,,,drift_segment,20200327_S03
20200327_1420,20200327,1420,1418,7.9,14.89,2.754,71.0,0.18496,2911.5,41.007,368.54,0.0,-0.05,0.005,0.0009,-11.9,0.0,0.0,-0.005,125.232,2.867,11.691,-1.349,1.4,2.156,74671.746,0.6023,0,0,0,0,,,drift_segment,20200327_S03
20200327_1421,20200327,1421,1419,7.9,14.95,2.752,72.0,0.18408,2962.25,41.142,374.97,0.01,0.01,0.0,8e-05,38.85,0.0,0.06,-0.002,125.232,3.878,11.242,0.0,0.5,3.848,75136.754,0.6073,0,0,0,0,,,drift_segment,20200327_S03
20200327_1422,20200327,1422,1420,7.89,14.95,2.744,73.0,0.18355,2994.66,41.023,379.55,-0.01,0.0,-0.009,-0.00011,64.67,-0.01,0.0,-0.008,125.007,3.878,9.443,1.349,-0.049,4.928,74886.742,0.6487,0,0,0,0,,,drift_segment,20200327_S03
20200327_1423,20200327,1423,1421,7.89,14.93,2.741,71.0,0.18359,2905.54,40.923,368.26,-0.01,-0.02,-0.013,-7e-05,-24.45,0.0,-0.02,-0.003,125.007,3.541,8.768,-1.349,-0.003,1.958,74833.215,0.6109,0,0,0,0,,,drift_segment,20200327_S03
20200327_1424,20200327,1424,1422,7.87,14.99,2.748,72.0,0.18332,2965.86,41.193,376.86,-0.03,0.04,-0.006,-0.00033,5.42,-0.02,0.06,0.007,124.558,4.553,10.342,0.0,-0.278,3.968,74699.377,0.6782,0,0,0,0,,,drift_segment,20200327_S03
20200327_1425,20200327,1425,1423,7.88,14.99,2.753,71.0,0.18366,2929.99,41.267,371.83,-0.01,0.04,0.0,0.0,-30.45,0.01,0.0,0.005,124.783,4.553,11.466,-1.349,0.064,2.773,74977.175,0.6221,0,0,0,0,,,drift_segment,20200327_S03
20200327_1426,20200327,1426,1424,7.89,15.07,2.759,72.0,0.18308,2993.63,41.578,379.42,0.0,0.12,0.007,-0.00058,33.19,0.01,0.08,0.006,125.007,5.902,12.815,0.0,-0.528,4.894,75827.702,0.6986,0,0,0,0,,,drift_segment,20200327_S03
20200327_1427,20200327,1427,1425,7.91,15.07,2.759,73.0,0.18308,3035.2,41.578,383.72,0.02,0.13,0.007,-0.00058,74.93,0.02,0.0,0.0,125.457,5.902,12.815,1.349,-0.528,6.279,76321.906,0.675,0,0,0,0,,,drift_segment,20200327_S03
20200327_1428,20200327,1428,1426,7.9,14.93,2.757,71.0,0.18466,2922.5,41.162,369.94,0.01,-0.01,0.005,0.00079,-32.39,-0.01,-0.14,-0.002,125.232,3.541,12.366,-1.349,1.098,2.523,74984.095,0.6365,0,0,0,0,,,drift_segment,20200327_S03
20200327_1429,20200327,1429,1427,7.9,14.93,2.754,72.0,0.18446,2960.44,41.117,374.74,0.0,-0.01,0.001,0.00026,0.17,0.0,0.0,-0.003,125.232,3.541,11.691,0.0,0.891,3.788,74956.725,0.5782,0,0,0,0,,,drift_segment,20200327_S03
20200327_1430,20200327,1430,1428,7.89,14.94,2.752,72.0,0.1842,2960.27,41.115,375.19,-0.01,0.0,-0.002,-0.00014,0.0,-0.01,0.01,-0.002,125.007,3.71,11.242,0.0,0.627,3.782,74787.279,0.5921,0,0,0,0,,,drift_segment,20200327_S03
20200327_1431,20200327,1431,1429,7.88,14.94,2.747,72.0,0.18387,2954.89,41.04,374.99,-0.03,0.0,-0.009,-0.00059,-5.38,-0.01,0.0,-0.005,124.783,3.71,10.117,0.0,0.283,3.603,74557.138,0.6331,0,0,0,0,,,drift_segment,20200327_S03
20200327_1432,20200327,1432,1430,7.91,14.89,2.747,72.0,0.18449,2945.0,40.903,372.31,0.0,-0.04,-0.009,0.0,-9.89,0.03,-0.05,0.0,125.457,2.867,10.117,0.0,0.917,3.273,74940.138,0.6374,0,0,0,0,,,drift_segment,20200327_S03
20200327_1433,20200327,1433,1431,7.92,14.89,2.75,72.0,0.18469,2948.22,40.948,372.25,0.01,-0.04,-0.006,0.00014,0.0,0.01,0.0,0.003,125.682,2.867,10.792,0.0,1.124,3.38,75184.799,0.6131,0,0,0,0,,,drift_segment,20200327_S03
20200327_1434,20200327,1434,1432,7.91,14.95,2.756,72.0,0.18435,2966.56,41.202,375.04,-0.01,0.06,0.002,-0.0002,18.34,-0.01,0.06,0.006,125.457,3.878,12.141,0.0,0.775,3.992,75376.715,0.6608,0,0,0,0,,,drift_segment,20200327_S03
20200327_1435,20200327,1435,1433,7.92,14.95,2.759,72.0,0.18455,2969.79,41.247,374.97,0.0,0.06,0.007,-0.00014,24.78,0.01,0.0,0.003,125.682,3.878,12.815,0.0,0.981,4.099,75624.813,0.6366,0,0,0,0,,,drift_segment,20200327_S03
20200327_1436,20200327,1436,1434,7.93,14.74,2.765,71.0,0.18758,2893.68,40.756,364.9,0.01,0.0,0.013,0.002,-30.28,0.01,-0.21,0.006,125.907,0.337,14.164,-1.349,4.1,1.563,74163.145,0.6253,0,0,0,0,,,drift_segment,20200327_S03
20200327_1437,20200327,1437,1435,7.93,14.74,2.76,71.0,0.18725,2888.45,40.682,364.24,0.01,0.0,0.008,0.00166,-5.23,0.0,0.0,-0.005,125.907,0.337,13.04,-1.349,3.752,1.388,74192.185,0.5686,0,0,0,0,,,drift_segment,20200327_S03
20200327_1438,20200327,1438,1436,7.95,14.73,2.757,72.0,0.18717,2923.96,40.611,367.79,0.03,0.0,0.005,0.00158,35.51,0.02,-0.01,-0.003,126.356,0.169,12.366,0.0,3.673,2.572,74612.027,0.6088,0,0,0,0,,,drift_segment,20200327_S03
20200327_1439,20200327,1439,1437,7.94,14.73,2.752,71.0,0.18683,2878.12,40.537,362.48,0.03,0.0,0.0,0.00124,0.0,-0.01,0.0,-0.005,126.132,0.169,11.242,-1.349,3.325,1.044,74427.081,0.5653,0,0,0,0,,,drift_segment,20200327_S03
20200330_44,20200330,44,43,2.33,14.55,2.701,70.0,0.18564,2750.97,39.3,1180.67,-0.04,-0.04,0.0,0.00057,-84.43,-0.04,-0.04,0.001,0.0,-2.867,-0.225,-2.698,2.098,-3.194,14.78,0.5895,0,0,1,1,0.9634,0.0017,day_relative,
20200330_290,20200330,290,289,2.38,14.52,2.707,73.0,0.18643,2869.31,39.306,1205.59,0.0,-0.04,0.003,0.00046,30.09,-0.01,-0.04,-0.002,1.124,-3.373,1.124,1.349,2.917,0.75,9.014,0.5267,0,0,0,0,0.9388,0.0051,day_relative,
20200330_328,20200330,328,327,2.37,14.59,2.7,70.0,0.18506,2757.51,39.393,1163.51,0.01,0.0,0.0,-7e-05,-79.84,0.01,0.02,0.0,0.899,-2.192,-0.45,-2.698,1.505,-2.976,9.776,0.4817,0,0,0,0,0.9127,0.016,day_relative,
20200330_364,20200330,364,363,2.37,14.56,2.7,70.0,0.18544,2751.84,39.312,1161.11,0.0,0.0,0.0,0.0,-75.16,-0.01,-0.01,0.003,0.899,-2.698,-0.45,-2.698,1.897,-3.165,10.602,0.4978,0,0,0,0,0.9323,0.0078,day_relative,
20200330_368,20200330,368,367,2.39,14.56,2.712,72.0,0.18626,2843.04,39.487,1189.56,0.02,0.0,0.004,0.00053,13.48,0.02,0.01,0.011,1.349,-2.698,2.248,0.0,2.743,-0.125,7.705,0.5445,0,0,0,0,0.9096,0.0187,day_relative,
20200330_369,20200330,369,368,2.39,14.56,2.712,73.0,0.18626,2882.53,39.487,1206.08,0.02,0.0,0.004,0.00053,52.96,0.0,0.0,0.0,1.349,-2.698,2.248,1.349,2.743,1.191,11.185,0.5071,0,0,0,0,0.9206,0.0133,day_relative,
20200330_370,20200330,370,369,2.38,14.53,2.711,71.0,0.18658,2796.75,39.391,1175.1,0.01,-0.03,0.003,0.00085,-39.7,-0.01,-0.03,-0.001,1.124,-3.204,2.023,-1.349,3.068,-1.668,8.96,0.516,0,0,0,0,0.9324,0.0065,day_relative,
20200330_371,20200330,371,370,2.38,14.53,2.711,71.0,0.18658,2796.75,39.391,1175.1,0.01,-0.03,0.003,0.00085,-39.7,0.0,0.0,0.0,1.124,-3.204,2.023,-1.349,3.068,-1.668,8.96,0.4816,0,0,0,0,0.913,0.0146,day_relative,
20200330_444,20200330,444,443,2.35,14.53,2.712,71.0,0.18665,2797.78,39.405,1190.54,-0.02,-0.02,0.001,0.00089,-32.83,-0.02,-0.07,0.0,0.45,-3.204,2.248,-1.349,3.138,-1.634,12.566,0.5388,0,0,0,0,0.9545,0.0037,day_relative,
20200330_445,20200330,445,444,2.35,14.53,2.712,71.0,0.18665,2797.78,39.405,1190.54,-0.02,-0.02,0.001,0.00089,-13.48,0.0,0.0,0.0,0.45,-3.204,2.248,-1.349,3.138,-1.634,12.566,0.4798,0,0,0,0,0.9267,0.0105,day_relative,
20200330_446,20200330,446,445,2.38,14.55,2.711,71.0,0.18632,2800.6,39.445,1176.72,0.03,-0.01,0.0,0.00057,-10.66,0.03,0.02,-0.001,1.124,-2.867,2.023,-1.349,2.804,-1.54,8.078,0.5186,0,0,0,0,0.9121,0.0173,day_relative,
20200330_454,20200330,454,453,2.35,14.54,2.696,73.0,0.18542,2861.59,39.2,1217.7,-0.01,-0.02,-0.004,0.0,31.12,-0.01,-0.03,-0.002,0.45,-3.035,-1.349,1.349,1.876,0.493,10.847,0.489,0,0,0,0,0.9244,0.0119,day_relative,
20200330_464,20200330,464,463,2.34,14.58,2.708,70.0,0.18573,2763.78,39.483,1181.1,-0.01,-0.01,0.0,0.0,-74.31,-0.04,-0.01,-0.002,0.225,-2.361,1.349,-2.698,2.199,-2.767,12.495,0.5348,0,0,0,0,0.9319,0.0092,day_relative,
20200330_528,20200330,528,527,2.33,14.55,2.701,70.0,0.18564,2750.97,39.3,1180.67,-0.04,-0.04,0.0,0.00057,-84.43,-0.04,-0.04,0.001,0.0,-2.867,-0.225,-2.698,2.098,-3.194,14.78,0.5895,0,0,1,1,0.9634,0.0017,day_relative,
20200330_689,20200330,689,688,2.38,14.52,2.707,73.0,0.18643,2869.31,39.306,1205.59,0.0,-0.04,0.003,0.00046,30.09,-0.01,-0.04,-0.002,1.124,-3.373,1.124,1.349,2.917,0.75,9.014,0.5267,0,0,0,0,0.9388,0.0051,day_relative,
20200330_727,20200330,727,726,2.37,14.59,2.7,70.0,0.18506,2757.51,39.393,1163.51,0.01,0.0,0.0,-7e-05,-79.84,0.01,0.02,0.0,0.899,-2.192,-0.45,-2.698,1.505,-2.976,9.776,0.4817,0,0,0,0,0.9127,0.016,day_relative,
20200330_763,20200330,763,762,2.37,14.56,2.7,70.0,0.18544,2751.84,39.312,1161.11,0.0,0.0,0.0,0.0,-75.16,-0.01,-0.01,0.003,0.899,-2.698,-0.45,-2.698,1.897,-3.165,10.602,0.4978,0,0,0,0,0.9323,0.0078,day_relative,
20200330_767,20200330,767,766,2.39,14.56,2.712,72.0,0.18626,2843.04,39.487,1189.56,0.02,0.0,0.004,0.00053,13.48,0.02,0.01,0.011,1.349,-2.698,2.248,0.0,2.743,-0.125,7.705,0.5445,0,0,0,0,0.9096,0.0187,day_relative,
20200330_768,20200330,768,767,2.39,14.56,2.712,73.0,0.18626,2882.53,39.487,1206.08,0.02,0.0,0.004,0.00053,52.96,0.0,0.0,0.0,1.349,-2.698,2.248,1.349,2.743,1.191,11.185,0.5071,0,0,0,0,0.9206,0.0133,day_relative,
20200330_769,20200330,769,768,2.38,14.53,2.711,71.0,0.18658,2796.75,39.391,1175.1,0.01,-0.03,0.003,0.00085,-39.7,-0.01,-0.03,-0.001,1.124,-3.204,2.023,-1.349,3.068,-1.668,8.96,0.516,0,0,0,0,0.9324,0.0065,day_relative,
20200330_770,20200330,770,769,2.38,14.53,2.711,71.0,0.18658,2796.75,39.391,1175.1,0.01,-0.03,0.003,0.00085,-39.7,0.0,0.0,0.0,1.124,-3.204,2.023,-1.349,3.068,-1.668,8.96,0.4816,0,0,0,0,0.913,0.0146,day_relative,
20200330_843,20200330,843,842,2.35,14.53,2.712,71.0,0.18665,2797.78,39.405,1190.54,-0.02,-0.02,0.001,0.00089,-32.83,-0.02,-0.07,0.0,0.45,-3.204,2.248,-1.349,3.138,-1.634,12.566,0.5388,0,0,0,0,0.9545,0.0037,day_relative,
20200330_844,20200330,844,843,2.35,14.53,2.712,71.0,0.18665,2797.78,39.405,1190.54,-0.02,-0.02,0.001,0.00089,-13.48,0.0,0.0,0.0,0.45,-3.204,2.248,-1.349,3.138,-1.634,12.566,0.4798,0,0,0,0,0.9267,0.0105,day_relative,
20200330_845,20200330,845,844,2.38,14.55,2.711,71.0,0.18632,2800.6,39.445,1176.72,0.03,-0.01,0.0,0.00057,-10.66,0.03,0.02,-0.001,1.124,-2.867,2.023,-1.349,2.804,-1.54,8.078,0.5186,0,0,0,0,0.9121,0.0173,day_relative,
20200330_853,20200330,853,852,2.35,14.54,2.696,73.0,0.18542,2861.59,39.2,1217.7,-0.01,-0.02,-0.004,0.0,31.12,-0.01,-0.03,-0.002,0.45,-3.035,-1.349,1.349,1.876,0.493,10.847,0.489,0,0,0,0,0.9244,0.0119,day_relative,
20200330_863,20200330,863,862,2.34,14.58,2.708,70.0,0.18573,2763.78,39.483,1181.1,-0.01,-0.01,0.0,0.0,-74.31,-0.04,-0.01,-0.002,0.225,-2.361,1.349,-2.698,2.199,-2.767,12.495,0.5348,0,0,0,0,0.9319,0.0092,day_relative,
20200330_927,20200330,927,926,2.33,14.55,2.701,70.0,0.18564,2750.97,39.3,1180.67,-0.04,-0.04,0.0,0.00057,-84.43,-0.04,-0.04,0.001,0.0,-2.867,-0.225,-2.698,2.098,-3.194,14.78,0.5895,0,0,1,1,0.9634,0.0017,day_relative,
20200330_1223,20200330,1223,1222,2.33,14.55,2.701,70.0,0.18564,2750.97,39.3,1180.67,-0.04,-0.04,0.0,0.00057,-84.43,-0.04,-0.04,0.001,0.0,-2.867,-0.225,-2.698,2.098,-3.194,14.78,0.5895,0,0,1,1,0.9634,0.0017,day_relative,
20200331_904,20200331,904,903,2.3,14.97,2.7,72.0,0.18036,2910.17,40.419,1265.29,-0.01,0.06,0.0,-0.00102,25.47,-0.01,0.09,0.001,-0.675,4.216,-0.45,0.0,-3.321,2.112,19.917,0.5837,1,1,1,3,0.9758,0.0256,point_anomaly,
20200331_905,20200331,905,904,2.3,14.97,2.7,72.0,0.18036,2910.17,40.419,1265.29,-0.01,0.06,0.0,-0.00102,18.57,0.0,0.0,0.0,-0.675,4.216,-0.45,0.0,-3.321,2.112,19.917,0.5385,1,1,0,2,0.9681,0.035,point_anomaly,
20200331_906,20200331,906,905,2.32,14.94,2.705,71.0,0.18106,2869.3,40.413,1236.77,0.0,0.01,0.0,-0.00033,-22.3,0.02,-0.03,0.005,-0.225,3.71,0.674,-1.349,-2.605,0.75,21.674,0.5044,1,1,0,2,0.9549,0.0444,point_anomaly,
20200331_907,20200331,907,906,2.32,14.94,2.705,71.0,0.18106,2869.3,40.413,1236.77,0.0,0.01,0.0,-0.00033,-40.87,0.0,0.0,0.0,-0.225,3.71,0.674,-1.349,-2.605,0.75,21.674,0.4623,1,1,0,2,0.9212,0.0737,point_anomaly,
20200331_908,20200331,908,907,2.34,14.91,2.713,72.0,0.18196,2912.46,40.451,1244.64,0.0,-0.03,0.006,0.0009,2.29,0.02,-0.03,0.008,0.225,3.204,2.473,0.0,-1.679,2.188,26.775,0.588,0,1,1,2,0.9684,0.034,point_anomaly,
20200331_910,20200331,910,909,2.34,14.93,2.71,73.0,0.18151,2953.6,40.46,1262.22,0.0,-0.01,0.003,0.00046,40.46,0.0,0.02,-0.003,0.225,3.541,1.799,1.349,-2.136,3.56,31.427,0.563,1,1,1,3,0.9737,0.0283,point_anomaly,
20200331_911,20200331,911,910,2.34,14.93,2.71,72.0,0.18151,2913.14,40.46,1244.93,0.0,-0.01,0.003,0.00046,0.0,0.0,0.0,0.0,0.225,3.541,1.799,0.0,-2.136,2.211,27.82,0.496,1,1,0,2,0.9491,0.0498,point_anomaly,
20200331_912,20200331,912,911,2.35,14.99,2.707,72.0,0.18059,2921.61,40.578,1243.24,0.01,0.06,0.0,-6e-05,8.47,0.01,0.06,-0.003,0.45,4.553,1.124,0.0,-3.088,2.493,44.015,0.5986,1,1,1,3,0.9847,0.0162,point_anomaly,
20200331_913,20200331,913,912,2.35,14.99,2.707,72.0,0.18059,2921.61,40.578,1243.24,0.01,0.06,0.0,-6e-05,8.47,0.0,0.0,0.0,0.45,4.553,1.124,0.0,-3.088,2.493,44.015,0.5547,1,1,1,3,0.9806,0.0209,point_anomaly,
20200331_914,20200331,914,913,2.31,15.07,2.699,72.0,0.1791,2928.52,40.674,1267.76,-0.03,0.13,-0.001,-0.00155,15.38,-0.04,0.08,-0.008,-0.45,5.902,-0.674,0.0,-4.618,2.724,45.179,0.6827,1,1,1,3,0.9889,0.0094,point_anomaly,
20200331_915,20200331,915,914,2.31,15.07,2.699,72.0,0.1791,2928.52,40.674,1267.76,-0.03,0.13,-0.001,-0.00155,15.38,0.0,0.0,0.0,-0.45,5.902,-0.674,0.0,-4.618,2.724,45.179,0.6099,1,1,1,3,0.9871,0.0114,point_anomaly,
20200331_916,20200331,916,915,2.33,14.93,2.697,72.0,0.18064,2899.17,40.266,1244.28,0.0,-0.01,-0.003,0.0,-5.17,0.02,-0.14,-0.002,0.0,3.541,-1.124,0.0,-3.031,1.745,23.489,0.5599,1,1,1,3,0.9705,0.0323,point_anomaly,
20200331_917,20200331,917,916,2.33,14.93,2.697,72.0,0.18064,2899.17,40.266,1244.28,0.0,-0.01,-0.003,0.0,-5.17,0.0,0.0,0.0,0.0,3.541,-1.124,0.0,-3.031,1.745,23.489,0.4865,1,1,0,2,0.9419,0.0559,point_anomaly,
20200331_918,20200331,918,917,2.36,14.94,2.7,72.0,0.18072,2904.34,40.338,1230.65,0.03,0.0,0.0,0.0,0.0,0.03,0.01,0.003,0.674,3.71,-0.45,0.0,-2.949,1.918,36.974,0.5311,1,1,0,2,0.9688,0.033,point_anomaly,
20200331_919,20200331,919,918,2.36,14.94,2.7,72.0,0.18072,2904.34,40.338,1230.65,0.03,0.0,0.0,0.0,0.0,0.0,0.0,0.0,0.674,3.71,-0.45,0.0,-2.949,1.918,36.974,0.4935,1,1,0,2,0.9534,0.0458,point_anomaly,
20200331_922,20200331,922,921,2.35,14.95,2.706,72.0,0.181,2912.74,40.455,1239.46,0.01,0.06,0.004,-0.00046,40.45,0.02,0.06,0.004,0.45,3.878,0.899,0.0,-2.66,2.198,34.153,0.6032,1,1,1,3,0.9802,0.0215,point_anomaly,
20200331_923,20200331,923,922,2.35,14.95,2.706,71.0,0.181,2872.28,40.455,1222.25,0.01,0.06,0.004,-0.00046,2.58,0.0,0.0,0.0,0.45,3.878,0.899,-1.349,-2.66,0.849,35.607,0.5359,1,1,0,2,0.9709,0.0316,point_anomaly,
20200331_940,20200331,940,939,2.4,14.8,2.697,73.0,0.18223,2913.84,39.916,1214.1,0.06,0.0,-0.003,-0.0002,36.72,0.06,0.0,-0.003,1.574,1.349,-1.124,1.349,-1.401,2.234,32.381,0.5892,0,1,1,2,0.8929,0.0976,point_anomaly,
20200331_972,20200331,972,971,2.38,14.82,2.698,72.0,0.18205,2878.87,39.984,1209.61,0.06,-0.03,-0.006,0.0,0.0,0.06,-0.01,-0.001,1.124,1.686,-0.899,0.0,-1.584,1.069,22.966,0.5588,0,1,1,2,0.824,0.1622,point_anomaly,
20200331_978,20200331,978,977,2.37,14.97,2.706,72.0,0.18076,2916.64,40.509,1230.65,0.02,0.06,0.002,-0.00019,20.28,0.02,0.09,-0.001,0.899,4.216,0.899,0.0,-2.909,2.328,49.488,0.611,1,1,1,3,0.9863,0.0128,point_anomaly,
20200331_979,20200331,979,978,2.37,14.97,2.706,72.0,0.18076,2916.64,40.509,1230.65,0.02,0.06,0.002,-0.00019,20.28,0.0,0.0,0.0,0.899,4.216,0.899,0.0,-2.909,2.328,49.488,0.5569,1,1,1,3,0.9823,0.0195,point_anomaly,
20200331_980,20200331,980,979,2.34,14.94,2.699,72.0,0.18066,2903.26,40.323,1240.71,-0.01,0.01,0.0,-0.00011,6.9,-0.03,-0.03,-0.007,0.225,3.71,-0.674,0.0,-3.017,1.882,28.208,0.5455,1,1,0,2,0.9719,0.0293,point_anomaly,
20200331_981,20200331,981,980,2.34,14.94,2.699,72.0,0.18066,2903.26,40.323,1240.71,-0.01,0.01,0.0,-0.00011,6.9,0.0,0.0,0.0,0.225,3.71,-0.674,0.0,-3.017,1.882,28.208,0.4852,1,1,0,2,0.9447,0.0532,point_anomaly,
20200331_984,20200331,984,983,2.28,14.93,2.693,72.0,0.18038,2894.87,40.206,1269.68,-0.01,-0.01,-0.006,0.0,0.0,-0.09,0.02,-0.005,-1.124,3.541,-2.023,0.0,-3.306,1.602,14.557,0.6155,1,0,1,2,0.971,0.031,point_anomaly,
20200331_986,20200331,986,985,2.28,14.99,2.7,71.0,0.18012,2873.58,40.473,1260.34,-0.01,0.06,0.0,-0.00026,-21.28,0.0,0.06,0.007,-1.124,4.553,-0.45,-1.349,-3.568,0.893,19.449,0.6034,1,1,1,3,0.9776,0.0249,point_anomaly,
20200331_987,20200331,987,986,2.28,14.99,2.7,71.0,0.18012,2873.58,40.473,1260.34,-0.01,0.06,0.0,-0.00026,-16.41,0.0,0.0,0.0,-1.124,4.553,-0.45,-1.349,-3.568,0.893,19.449,0.5433,1,1,0,2,0.9716,0.0303,point_anomaly,
20200331_988,20200331,988,987,2.29,15.07,2.701,71.0,0.17923,2889.99,40.704,1262.0,0.0,0.13,0.0,-0.00114,0.0,0.01,0.08,0.001,-0.899,5.902,-0.225,-1.349,-4.482,1.439,37.477,0.6155,1,1,1,3,0.986,0.0135,point_anomaly,
20200331_989,20200331,989,988,2.29,15.07,2.701,71.0,0.17923,2889.99,40.704,1262.0,0.0,0.13,0.0,-0.00114,0.0,0.0,0.0,0.0,-0.899,5.902,-0.225,-1.349,-4.482,1.439,37.477,0.5767,1,1,1,3,0.9834,0.0175,point_anomaly,
20200331_996,20200331,996,995,2.31,14.95,2.703,73.0,0.1808,2949.92,40.41,1277.02,0.01,0.06,0.0,-0.0008,80.82,0.04,0.06,-0.001,-0.45,3.878,0.225,1.349,-2.867,3.437,22.763,0.6141,1,1,1,3,0.9777,0.0242,point_anomaly,
20200331_997,20200331,997,996,2.31,14.95,2.703,71.0,0.1808,2869.1,40.41,1242.03,0.01,0.06,0.0,-0.0008,2.41,0.0,0.0,0.0,-0.45,3.878,0.225,-1.349,-2.867,0.743,20.119,0.5123,1,1,0,2,0.9591,0.0424,point_anomaly,
20200331_1004,20200331,1004,1003,1.74,14.72,2.702,71.0,0.18356,2823.91,39.773,1622.94,-0.61,-0.01,0.001,0.00019,-38.54,-0.61,0.0,-0.001,-13.265,0.0,0.0,-1.349,-0.034,-0.763,800.204,0.5241,1,1,0,2,0.9849,0.0155,point_anomaly,
20200331_1005,20200331,1005,1004,1.74,14.71,2.702,72.0,0.18368,2861.74,39.746,1644.68,-0.61,-0.02,0.001,0.00032,-0.71,0.0,-0.01,0.0,-13.265,-0.169,0.0,0.0,0.094,0.498,812.392,0.4622,1,1,0,2,0.9439,0.0545,point_anomaly,
20200331_1006,20200331,1006,1005,2.21,14.71,2.69,70.0,0.18287,2769.89,39.57,1253.35,-0.14,-0.02,-0.012,-0.00063,-94.68,0.47,0.0,-0.012,-2.698,-0.169,-2.698,-2.698,-0.744,-2.563,41.832,0.6785,0,1,1,2,0.9469,0.0505,point_anomaly,
20200331_1010,20200331,1010,1009,2.48,14.73,2.708,72.0,0.18384,2872.0,39.889,1158.06,0.08,0.0,0.0,0.00012,7.42,0.13,0.0,0.007,3.373,0.169,1.349,0.0,0.256,0.84,61.489,0.5704,0,1,1,2,0.9785,0.0236,point_anomaly,
20200331_1026,20200331,1026,1025,2.57,14.74,2.708,72.0,0.18372,2873.95,39.916,1118.27,0.09,0.0,0.006,0.00041,46.2,0.11,0.0,0.006,5.396,0.337,1.349,0.0,0.128,0.905,151.883,0.6008,1,1,1,3,0.9955,0.004,point_anomaly,
20200331_1027,20200331,1027,1026,2.57,14.73,2.708,73.0,0.18384,2911.89,39.889,1133.03,0.09,-0.01,0.006,0.00053,79.78,0.0,-0.01,0.0,5.396,0.169,1.349,1.349,0.256,2.169,149.9,0.5835,1,1,1,3,0.9942,0.0061,point_anomaly,
20200331_1032,20200331,1032,1031,2.55,14.77,2.698,73.0,0.18267,2909.01,39.849,1140.79,0.07,0.03,-0.004,-0.00056,43.38,0.07,0.0,-0.004,4.946,0.843,-0.899,1.349,-0.951,2.073,146.031,0.6293,1,1,1,3,0.9963,0.0027,point_anomaly,
20200331_1033,20200331,1033,1032,2.55,14.74,2.698,71.0,0.18304,2823.56,39.769,1107.28,0.07,0.0,-0.004,-0.00015,-42.07,0.0,-0.03,0.0,4.946,0.337,-0.899,-1.349,-0.569,-0.774,136.001,0.5374,1,1,0,2,0.9853,0.0148,point_anomaly,
20200331_1040,20200331,1040,1039,2.49,14.76,2.702,72.0,0.18306,2871.47,39.882,1153.2,0.02,0.01,0.001,0.0,3.01,0.03,0.0,0.001,3.597,0.674,0.0,0.0,-0.545,0.822,77.774,0.4627,1,1,0,2,0.9326,0.0626,point_anomaly,
20200331_1041,20200331,1041,1040,2.49,14.78,2.702,71.0,0.18281,2835.42,39.936,1138.72,0.02,0.02,0.001,-0.00018,-33.04,0.0,0.02,0.0,3.597,1.012,0.0,-1.349,-0.8,-0.379,86.163,0.4742,1,1,0,2,0.9454,0.0518,point_anomaly,
20200331_1045,20200331,1045,1044,2.47,14.83,2.698,73.0,0.18193,2920.83,40.011,1182.52,0.0,0.03,-0.001,-0.00082,46.9,0.0,0.08,0.0,3.148,1.855,-0.899,1.349,-1.71,2.467,86.279,0.5669,0,1,1,2,0.9755,0.0266,point_anomaly,
20200331_1070,20200331,1070,1069,2.4,14.85,2.713,70.0,0.18269,2820.16,40.288,1175.07,-0.01,0.03,0.009,0.00038,-58.9,0.0,0.0,0.005,1.574,2.192,2.473,-2.698,-0.924,-0.888,49.523,0.5705,0,1,1,2,0.945,0.0525,point_anomaly,
20200331_1072,20200331,1072,1071,2.48,14.84,2.704,72.0,0.18221,2889.17,40.127,1164.99,0.01,0.01,0.0,-0.0001,10.11,0.08,0.0,-0.009,3.373,2.024,0.45,0.0,-1.421,1.412,93.056,0.5533,0,1,1,2,0.9795,0.0229,point_anomaly,
20200331_1078,20200331,1078,1077,2.5,14.85,2.699,72.0,0.18175,2885.77,40.08,1154.31,0.02,0.02,0.0,-0.00034,3.7,0.02,0.0,0.0,3.822,2.192,-0.674,0.0,-1.893,1.299,118.429,0.4964,1,1,0,2,0.9657,0.0384,point_anomaly,
20200331_1079,20200331,1079,1078,2.5,14.83,2.699,72.0,0.182,2881.88,40.026,1152.75,0.02,0.0,0.0,-9e-05,-0.19,0.0,-0.02,0.0,3.822,1.855,-0.674,0.0,-1.641,1.169,111.183,0.4759,1,1,0,2,0.9503,0.0485,point_anomaly,
20200331_1082,20200331,1082,1081,2.49,14.82,2.704,71.0,0.18246,2845.2,40.073,1142.65,0.0,-0.03,0.0,0.0004,-36.87,0.02,0.0,0.003,3.597,1.686,0.45,-1.349,-1.168,-0.053,98.241,0.4976,1,1,0,2,0.9631,0.04,point_anomaly,
20200331_1083,20200331,1083,1082,2.49,14.85,2.704,72.0,0.18209,2891.12,40.154,1161.09,0.0,0.0,0.0,3e-05,9.04,0.0,0.03,0.0,3.597,2.192,0.45,0.0,-1.547,1.477,105.973,0.4661,1,1,0,2,0.9386,0.0585,point_anomaly,
20200331_1086,20200331,1086,1085,2.51,14.88,2.708,72.0,0.18199,2901.24,40.295,1155.87,0.02,0.0,0.003,0.0,10.13,0.04,0.0,-0.001,4.047,2.698,1.349,0.0,-1.648,1.815,138.167,0.5471,1,1,0,2,0.9878,0.0108,point_anomaly,
20200331_1087,20200331,1087,1086,2.51,14.97,2.708,70.0,0.1809,2837.71,40.539,1130.56,0.02,0.06,0.003,-0.00039,-58.75,0.0,0.09,0.0,4.047,4.216,1.349,-2.698,-2.772,-0.303,188.087,0.6541,1,1,1,3,0.9961,0.0034,point_anomaly,
20200331_1088,20200331,1088,1087,2.5,14.97,2.705,71.0,0.18069,2875.06,40.494,1150.03,0.03,0.06,0.0,-0.00039,-21.4,-0.01,0.0,-0.003,3.822,4.216,0.674,-1.349,-2.977,0.942,168.143,0.6132,1,1,1,3,0.9949,0.0047,point_anomaly,
20200331_1089,20200331,1089,1088,2.5,14.94,2.705,72.0,0.18106,2909.71,40.413,1163.89,0.03,0.01,0.0,0.0,13.25,0.0,-0.03,0.0,3.822,3.71,0.674,0.0,-2.605,2.097,152.008,0.5623,1,1,1,3,0.9898,0.0087,point_anomaly,
20200331_1090,20200331,1090,1089,2.46,14.94,2.703,72.0,0.18092,2907.56,40.383,1181.94,0.0,0.01,0.0,0.0,6.32,-0.04,0.0,-0.002,2.923,3.71,0.225,0.0,-2.742,2.025,109.844,0.5566,1,1,1,3,0.9859,0.0141,point_anomaly,
20200331_1092,20200331,1092,1091,2.46,14.91,2.7,73.0,0.18109,2938.76,40.257,1194.62,0.0,-0.03,0.0,0.00024,31.2,0.0,0.0,-0.003,2.923,3.204,-0.45,1.349,-2.575,3.065,102.653,0.5723,0,1,1,2,0.9801,0.0222,point_anomaly,
20200331_1093,20200331,1093,1092,2.46,14.93,2.7,71.0,0.18084,2862.08,40.311,1163.45,0.0,-0.01,0.0,0.00013,-47.63,0.0,0.02,0.0,2.923,3.541,-0.45,-1.349,-2.824,0.509,109.771,0.5156,1,1,0,2,0.9719,0.0293,point_anomaly,
20200331_1094,20200331,1094,1093,2.46,14.93,2.698,71.0,0.18071,2859.96,40.281,1162.59,0.0,-0.01,-0.002,-0.00013,-49.75,0.0,0.0,-0.002,2.923,3.541,-0.899,-1.349,-2.962,0.439,111.158,0.5278,1,1,0,2,0.9755,0.0266,point_anomaly,
20200331_1095,20200331,1095,1094,2.46,14.99,2.698,72.0,0.17999,2911.9,40.443,1183.7,0.0,0.06,-0.002,-0.00086,3.06,0.0,0.06,0.0,2.923,4.553,-0.899,0.0,-3.705,2.17,132.451,0.6132,1,1,1,3,0.9943,0.0054,point_anomaly,
20200331_1096,20200331,1096,1095,2.5,14.99,2.697,72.0,0.17992,2910.82,40.428,1164.33,0.01,0.06,-0.003,-0.00092,0.03,0.04,0.0,-0.001,3.822,4.553,-1.124,0.0,-3.773,2.134,179.433,0.6296,1,1,1,3,0.9967,0.002,point_anomaly,
20200331_1097,20200331,1097,1096,2.5,15.07,2.697,72.0,0.17896,2926.35,40.644,1170.54,0.01,0.13,-0.003,-0.00188,15.56,0.0,0.08,0.0,3.822,5.902,-1.124,0.0,-4.754,2.651,219.988,0.6656,1,1,1,3,0.9987,0.0007,point_anomaly,
20200331_1098,20200331,1098,1097,2.49,15.07,2.703,72.0,0.17936,2932.86,40.734,1177.86,0.0,0.13,0.0,-0.00148,24.02,-0.01,0.0,0.006,3.597,5.902,0.225,0.0,-4.346,2.868,202.397,0.659,1,1,1,3,0.9984,0.0013,point_anomaly,
20200331_1099,20200331,1099,1098,2.49,14.93,2.703,72.0,0.18104,2905.62,40.356,1166.91,0.0,-0.01,0.0,0.0,-3.22,0.0,-0.14,0.0,3.597,3.541,0.225,0.0,-2.618,1.96,136.956,0.5599,1,1,1,3,0.9866,0.0121,point_anomaly,
20200331_1100,20200331,1100,1099,2.49,14.93,2.706,72.0,0.18125,2908.84,40.401,1168.21,0.0,-0.01,0.003,0.0002,0.0,0.0,0.0,0.003,3.597,3.541,0.899,0.0,-2.411,2.068,136.425,0.542,1,1,0,2,0.9827,0.0188,point_anomaly,
20200331_1101,20200331,1101,1100,2.49,14.94,2.706,72.0,0.18112,2910.79,40.428,1168.99,0.0,0.0,0.003,8e-05,5.17,0.0,0.01,0.0,3.597,3.71,0.899,0.0,-2.536,2.133,140.596,0.5396,1,1,0,2,0.9839,0.0168,point_anomaly,
20200331_1102,20200331,1102,1101,2.48,14.94,2.709,71.0,0.18133,2873.54,40.472,1158.69,-0.01,0.0,0.006,0.0002,0.0,-0.01,0.0,0.003,3.373,3.71,1.574,-1.349,-2.33,0.891,132.717,0.5728,1,1,1,3,0.9887,0.0101,point_anomaly,
20200331_1103,20200331,1103,1102,2.48,14.89,2.709,71.0,0.18193,2863.93,40.337,1154.81,-0.01,-0.04,0.006,0.00069,-9.62,0.0,-0.05,0.0,3.373,2.867,1.574,-1.349,-1.704,0.571,113.367,0.5679,0,1,1,2,0.9833,0.0182,point_anomaly,
20200331_1104,20200331,1104,1103,2.51,14.89,2.703,71.0,0.18153,2857.58,40.248,1138.48,0.02,-0.04,0.0,0.00021,-11.51,0.03,0.0,-0.006,4.047,2.867,0.225,-1.349,-2.118,0.359,145.509,0.5781,1,1,1,3,0.9917,0.0081,point_anomaly,
20200331_1105,20200331,1105,1104,2.51,14.95,2.703,71.0,0.1808,2869.1,40.41,1143.07,0.02,0.06,0.0,-0.00073,5.17,0.0,0.06,0.0,4.047,3.878,0.225,-1.349,-2.867,0.743,171.72,0.5973,1,1,1,3,0.9935,0.0067,point_anomaly,
20200331_1106,20200331,1106,1105,2.44,14.95,2.696,71.0,0.18033,2861.67,40.305,1172.82,-0.04,0.06,-0.006,-0.0016,0.0,-0.07,0.0,-0.007,2.473,3.878,-1.349,-1.349,-3.348,0.496,101.336,0.6679,1,1,1,3,0.9924,0.0074,point_anomaly,
20200331_1108,20200331,1108,1107,2.49,14.74,2.702,73.0,0.18331,2907.41,39.827,1167.63,0.01,0.0,0.004,0.00016,46.02,0.05,0.0,0.006,3.597,0.337,0.0,1.349,-0.29,2.02,74.652,0.5557,1,1,1,3,0.9819,0.0202,point_anomaly,
20200331_1109,20200331,1109,1108,2.49,14.73,2.702,71.0,0.18344,2825.83,39.8,1134.87,0.01,0.0,0.004,0.00027,-35.38,0.0,-0.01,0.0,3.597,0.169,0.0,-1.349,-0.162,-0.699,72.015,0.4484,1,1,0,2,0.9123,0.0814,point_anomaly,
20200331_1116,20200331,1116,1115,2.52,14.73,2.705,72.0,0.18364,2868.81,39.845,1138.42,0.03,0.0,0.001,0.00012,4.42,0.06,0.0,0.001,4.272,0.169,0.674,0.0,0.047,0.734,95.113,0.5024,0,0,0,0,,,drift_segment,20200331_S04
20200331_1117,20200331,1117,1116,2.52,14.74,2.705,72.0,0.18351,2870.76,39.872,1139.19,0.03,0.01,0.001,0.0,6.37,0.0,0.01,0.0,4.272,0.337,0.674,0.0,-0.081,0.799,98.212,0.4572,0,0,0,0,,,drift_segment,20200331_S04
20200331_1118,20200331,1118,1117,2.49,14.74,2.706,71.0,0.18358,2831.94,39.886,1137.32,0.0,0.01,0.002,7e-05,-32.46,-0.03,0.0,0.001,3.597,0.337,0.899,-1.349,-0.011,-0.495,74.017,0.468,0,0,0,0,,,drift_segment,20200331_S04
20200331_1119,20200331,1119,1118,2.49,14.74,2.706,72.0,0.18358,2871.82,39.886,1153.34,0.0,0.0,0.002,7e-05,10.43,0.0,0.0,0.0,3.597,0.337,0.899,0.0,-0.011,0.834,71.559,0.4224,0,0,0,0,,,drift_segment,20200331_S04
20200331_1120,20200331,1120,1119,2.49,14.74,2.699,72.0,0.18311,2864.39,39.783,1150.36,0.0,0.0,0.0,-0.00012,0.0,0.0,0.0,-0.007,3.597,0.337,-0.674,0.0,-0.499,0.586,73.785,0.452,0,0,0,0,,,drift_segment,20200331_S04
20200331_1121,20200331,1121,1120,2.49,14.73,2.699,71.0,0.18323,2822.7,39.756,1133.61,0.0,-0.01,0.0,7e-05,-41.7,0.0,-0.01,0.0,3.597,0.169,-0.674,-1.349,-0.372,-0.803,73.606,0.432,0,0,0,0,,,drift_segment,20200331_S04
20200331_1122,20200331,1122,1121,2.5,14.73,2.698,72.0,0.18316,2861.39,39.742,1144.56,0.01,-0.01,-0.001,0.0,-3.0,0.01,0.0,-0.001,3.822,0.169,-0.899,0.0,-0.441,0.486,80.248,0.4367,0,0,0,0,,,drift_segment,20200331_S04
20200331_1123,20200331,1123,1122,2.5,14.74,2.698,70.0,0.18304,2783.8,39.769,1113.52,0.01,0.0,-0.001,-7e-05,-77.59,0.0,0.01,0.0,3.822,0.337,-0.899,-2.698,-0.569,-2.1,93.215,0.5142,0,0,0,0,,,drift_segment,20200331_S04
20200331_1124,20200331,1124,1123,2.48,14.74,2.694,71.0,0.18277,2819.38,39.71,1136.85,-0.01,0.0,-0.004,-0.00027,-42.01,-0.02,0.0,-0.004,3.373,0.337,-1.799,-1.349,-0.848,-0.914,72.796,0.5136,0,0,0,0,,,drift_segment,20200331_S04
20200331_1125,20200331,1125,1124,2.48,14.77,2.694,72.0,0.1824,2864.91,39.79,1155.2,-0.01,0.03,-0.004,-0.00047,42.21,0.0,0.03,0.0,3.373,0.843,-1.799,0.0,-1.229,0.603,78.445,0.5009,0,0,0,0,,,drift_segment,20200331_S04
20200331_1126,20200331,1126,1125,2.48,14.77,2.701,72.0,0.18287,2872.35,39.894,1158.21,-0.01,0.03,0.007,0.0001,52.97,0.0,0.0,0.007,3.373,0.843,-0.225,0.0,-0.742,0.852,72.645,0.5244,0,0,0,0,,,drift_segment,20200331_S04
20200331_1127,20200331,1127,1126,2.48,14.74,2.701,72.0,0.18324,2866.52,39.813,1155.85,-0.01,0.0,0.007,0.00085,82.72,0.0,-0.03,0.0,3.373,0.337,-0.225,0.0,-0.36,0.657,64.606,0.4742,0,0,0,0,,,drift_segment,20200331_S04
20200331_1128,20200331,1128,1127,2.49,14.74,2.542,73.0,0.17246,2735.24,37.469,1098.49,0.0,0.0,0.0,-0.00012,0.0,0.01,0.0,-0.159,3.597,0.337,-35.973,1.349,-11.441,-3.718,1468.11,0.6147,0,0,0,0,,,drift_segment,20200331_S04
20200331_1129,20200331,1129,1128,2.49,14.73,2.542,71.0,0.17257,2658.5,37.444,1067.67,0.0,-0.02,0.0,0.00012,0.0,0.0,-0.01,0.0,3.597,0.169,-35.973,-1.349,-11.32,-6.276,1467.265,0.5666,0,0,0,0,,,drift_segment,20200331_S04
20200331_1130,20200331,1130,1129,2.49,14.73,2.481,71.0,0.16843,2594.7,36.545,1042.05,0.0,-0.02,0.0,0.0,-40.12,0.0,0.0,-0.061,3.597,0.169,-49.688,-1.349,-15.575,-8.402,2702.442,0.6177,0,0,0,0,,,drift_segment,20200331_S04
20200331_1131,20200331,1131,1130,2.49,14.75,2.481,72.0,0.1682,2634.82,36.595,1058.16,0.0,0.0,0.0,0.0,2.09,0.0,0.02,0.0,3.597,0.506,-49.688,0.0,-15.809,-7.065,2705.325,0.5565,0,0,0,0,,,drift_segment,20200331_S04
20200331_1132,20200331,1132,1131,10.54,14.75,2.476,72.0,0.16786,2629.51,36.521,249.48,1.47,0.0,0.0,0.0,-1.78,8.05,0.0,-0.005,184.588,0.506,-50.812,0.0,-16.157,-7.242,167042.471,0.6547,0,0,0,0,,,drift_segment,20200331_S04
20200331_1133,20200331,1133,1132,10.54,14.76,2.476,72.0,0.16775,2631.29,36.546,249.65,1.47,0.01,0.0,0.0,1.78,0.0,0.01,0.0,184.588,0.674,-50.812,0.0,-16.274,-7.183,167163.912,0.6074,0,0,0,0,,,drift_segment,20200331_S04
20200331_1134,20200331,1134,1133,9.27,14.76,2.474,72.0,0.16762,2629.17,36.516,283.62,0.2,0.01,0.0,0.0,0.0,-1.27,0.0,-0.002,156.034,0.674,-51.262,0.0,-16.413,-7.254,120912.92,0.6541,0,0,0,0,,,drift_segment,20200331_S04
20200331_1135,20200331,1135,1134,9.27,14.78,2.474,72.0,0.16739,2632.73,36.566,284.01,0.2,0.02,0.0,0.0,6.38,0.0,0.02,0.0,156.034,1.012,-51.262,0.0,-16.646,-7.135,121118.872,0.6179,0,0,0,0,,,drift_segment,20200331_S04
20200331_1136,20200331,1136,1135,9.07,14.78,2.468,72.0,0.16698,2626.35,36.477,289.56,0.0,0.02,0.0,-0.00034,0.0,-0.2,0.0,-0.006,151.538,1.012,-52.611,0.0,-17.063,-7.348,114745.078,0.6394,0,0,0,0,,,drift_segment,20200331_S04
20200331_1137,20200331,1137,1136,9.07,14.75,2.468,72.0,0.16732,2621.02,36.403,288.98,0.0,-0.03,0.0,0.0,-1.78,0.0,-0.03,0.0,151.538,0.506,-52.611,0.0,-16.715,-7.525,114444.981,0.5803,0,0,0,0,,,drift_segment,20200331_S04
20200331_1138,20200331,1138,1137,9.01,14.75,2.464,71.0,0.16705,2580.42,36.344,286.4,-0.04,-0.03,-0.004,-0.00027,-42.37,-0.06,0.0,-0.004,150.189,0.506,-53.51,-1.349,-16.993,-8.878,112716.487,0.6614,0,0,0,0,,,drift_segment,20200331_S04
20200331_1139,20200331,1139,1138,9.01,14.83,2.464,71.0,0.16615,2594.42,36.541,287.95,-0.04,0.03,-0.004,-0.00117,-28.38,0.0,0.08,0.0,150.189,1.855,-53.51,-1.349,-17.919,-8.412,113511.408,0.6513,0,0,0,0,,,drift_segment,20200331_S04
20200331_1140,20200331,1140,1139,9.05,14.83,2.467,71.0,0.16635,2597.58,36.586,287.03,0.01,0.03,-0.001,-0.00097,-25.22,0.04,0.0,0.003,151.088,1.855,-52.836,-1.349,-17.711,-8.307,114692.445,0.633,0,0,0,0,,,drift_segment,20200331_S04
20200331_1141,20200331,1141,1140,9.05,14.8,2.467,71.0,0.16669,2592.32,36.512,286.44,0.01,0.0,-0.001,-0.00063,-30.47,0.0,-0.03,0.0,151.088,1.349,-52.836,-1.349,-17.365,-8.482,114392.058,0.5927,0,0,0,0,,,drift_segment,20200331_S04
20200331_1142,20200331,1142,1141,9.04,14.8,2.496,71.0,0.16865,2622.8,36.941,290.13,0.03,0.0,0.0,0.0,0.0,-0.01,0.0,0.029,150.863,1.349,-46.316,-1.349,-15.352,-7.466,112978.44,0.6393,0,0,0,0,,,drift_segment,20200331_S04
20200331_1143,20200331,1143,1142,9.04,14.8,2.496,72.0,0.16865,2659.74,36.941,294.22,0.03,0.0,0.0,0.0,0.0,0.0,0.0,0.0,150.863,1.349,-46.316,0.0,-15.352,-6.235,112920.205,0.5801,0,0,0,0,,,drift_segment,20200331_S04
20200331_1144,20200331,1144,1143,8.98,14.8,2.54,73.0,0.17162,2744.22,37.592,305.59,0.0,0.0,0.0,0.0,75.18,-0.06,0.0,0.044,149.514,1.349,-36.423,1.349,-12.298,-3.419,109454.265,0.6607,0,0,0,0,,,drift_segment,20200331_S04
20200331_1145,20200331,1145,1144,8.98,14.8,2.54,71.0,0.17162,2669.03,37.592,297.22,0.0,0.0,0.0,0.0,-70.15,0.0,0.0,0.0,149.514,1.349,-36.423,-1.349,-12.298,-5.925,109564.156,0.5769,0,0,0,0,,,drift_segment,20200331_S04
20200331_1146,20200331,1146,1145,8.95,14.8,2.605,72.0,0.17601,2775.89,38.554,310.16,0.0,0.0,0.0,0.00012,31.67,-0.03,0.0,0.065,148.84,1.349,-21.809,0.0,-7.786,-2.364,106738.383,0.6304,0,0,0,0,,,drift_segment,20200331_S04
20200331_1147,20200331,1147,1146,8.95,14.81,2.605,71.0,0.17589,2739.18,38.58,306.05,0.0,0.01,0.0,-0.00012,-36.7,0.0,0.01,0.0,148.84,1.518,-21.809,-1.349,-7.908,-3.587,106893.165,0.5857,0,0,0,0,,,drift_segment,20200331_S04
20200331_1148,20200331,1148,1147,8.79,14.81,2.673,72.0,0.18049,2850.27,39.587,324.26,0.0,0.01,0.0,0.0,0.0,-0.16,0.0,0.068,145.242,1.518,-6.52,0.0,-3.192,0.116,100418.889,0.6224,0,0,0,0,,,drift_segment,20200331_S04
20200331_1149,20200331,1149,1148,8.79,14.8,2.673,73.0,0.18061,2887.91,39.56,328.54,0.0,0.0,0.0,0.0,29.73,0.0,-0.01,0.0,145.242,1.349,-6.52,1.349,-3.066,1.37,100273.46,0.5508,0,0,0,0,,,drift_segment,20200331_S04
20200331_1150,20200331,1150,1149,8.58,14.8,2.72,71.0,0.18378,2858.18,40.256,333.12,0.0,0.0,0.0,0.0,-29.73,-0.21,0.0,0.047,140.521,1.349,4.047,-1.349,0.196,0.379,93343.444,0.608,0,0,0,0,,,drift_segment,20200331_S04
20200331_1151,20200331,1151,1150,8.58,14.78,2.72,72.0,0.18403,2894.52,40.202,337.36,0.0,-0.03,0.0,0.0,0.0,0.0,-0.02,0.0,140.521,1.012,4.047,0.0,0.451,1.59,93106.369,0.5276,0,0,0,0,,,drift_segment,20200331_S04
20200331_1152,20200331,1152,1151,8.25,14.78,2.745,72.0,0.18572,2921.12,40.571,354.08,0.0,-0.03,0.0,0.00038,0.0,-0.33,0.0,0.025,133.101,1.012,9.668,0.0,2.189,2.477,83321.619,0.6421,0,0,0,0,,,drift_segment,20200331_S04
20200331_1153,20200331,1153,1152,8.25,14.81,2.745,72.0,0.18535,2927.05,40.653,354.79,0.0,0.0,0.0,0.0,5.93,0.0,0.03,0.0,133.101,1.518,9.668,0.0,1.802,2.675,83583.426,0.548,0,0,0,0,,,drift_segment,20200331_S04
20200331_1154,20200331,1154,1153,7.92,14.81,2.751,72.0,0.18575,2933.45,40.742,370.38,0.0,0.0,0.003,0.00038,12.33,-0.33,0.0,0.006,125.682,1.518,11.017,0.0,2.218,2.888,74515.037,0.6163,0,0,0,0,,,drift_segment,20200331_S04
20200331_1155,20200331,1155,1154,7.92,14.84,2.751,72.0,0.18538,2939.39,40.825,371.13,0.0,0.03,0.003,0.0,16.61,0.0,0.03,0.0,125.682,2.024,11.017,0.0,1.833,3.086,74762.973,0.5789,0,0,0,0,,,drift_segment,20200331_S04
20200331_1156,20200331,1156,1155,7.61,14.84,2.756,72.0,0.18571,2944.73,40.899,386.96,0.0,0.03,0.008,0.00034,21.95,-0.31,0.0,0.005,118.712,2.024,12.141,0.0,2.179,3.264,66715.495,0.642,0,0,0,0,,,drift_segment,20200331_S04
20200331_1157,20200331,1157,1156,7.61,14.83,2.756,72.0,0.18584,2942.75,40.871,386.69,0.0,0.02,0.008,0.00046,15.7,0.0,-0.01,0.0,118.712,1.855,12.141,0.0,2.307,3.198,66637.328,0.5901,0,0,0,0,,,drift_segment,20200331_S04
20200331_1158,20200331,1158,1157,7.33,14.83,2.748,71.0,0.1853,2893.45,40.753,394.74,0.0,0.02,0.0,-5e-05,-33.6,-0.28,0.0,-0.008,112.417,1.855,10.342,-1.349,1.753,1.555,59881.975,0.6075,0,0,0,0,,,drift_segment,20200331_S04
20200331_1159,20200331,1159,1158,7.33,14.81,2.748,71.0,0.18555,2889.55,40.698,394.21,0.0,-0.02,0.0,0.00025,-34.71,0.0,-0.02,0.0,112.417,1.518,10.342,-1.349,2.01,1.425,59733.993,0.5428,0,0,0,0,,,drift_segment,20200331_S04
20200331_1160,20200331,1160,1159,7.18,14.81,2.741,72.0,0.18508,2922.78,40.594,407.07,0.0,-0.02,0.0,0.0,0.0,-0.15,0.0,-0.007,109.044,1.518,8.768,0.0,1.525,2.532,56223.262,0.6097,0,0,0,0,,,drift_segment,20200331_S04
20200331_1161,20200331,1161,1160,7.18,14.81,2.741,71.0,0.18508,2882.19,40.594,401.42,0.0,-0.02,0.0,0.0,-34.59,0.0,0.0,0.0,109.044,1.518,8.768,-1.349,1.525,1.179,56264.309,0.5206,0,0,0,0,,,drift_segment,20200331_S04
20200331_1162,20200331,1162,1161,7.05,14.81,2.735,73.0,0.18467,2956.89,40.505,419.42,0.0,-0.02,0.0,0.0,42.08,-0.13,0.0,-0.006,106.121,1.518,7.419,1.349,1.109,3.669,53268.414,0.6262,0,0,0,0,,,drift_segment,20200331_S04
20200331_1163,20200331,1163,1162,7.05,14.85,2.735,72.0,0.18418,2924.26,40.615,414.79,0.0,0.03,0.0,0.0,18.0,0.0,0.04,0.0,106.121,2.192,7.419,0.0,0.598,2.582,53583.527,0.5634,0,0,0,0,,,drift_segment,20200331_S04
20200331_1164,20200331,1164,1163,7.0,14.85,2.728,72.0,0.1837,2916.78,40.511,416.68,0.0,0.03,0.0,-0.00012,10.51,-0.05,0.0,-0.007,104.997,2.192,5.846,0.0,0.113,2.332,52512.797,0.6035,0,0,0,0,,,drift_segment,20200331_S04
20200331_1165,20200331,1165,1164,7.0,14.84,2.728,72.0,0.18383,2914.81,40.484,416.4,0.0,0.01,0.0,0.00012,8.55,0.0,-0.01,0.0,104.997,2.024,5.846,0.0,0.241,2.267,52443.382,0.5318,0,0,0,0,,,drift_segment,20200331_S04
20200331_1166,20200331,1166,1165,6.93,14.84,2.72,72.0,0.18329,2906.27,40.365,419.37,0.0,0.01,0.0,-0.00025,3.92,-0.07,0.0,-0.008,103.423,2.024,4.047,0.0,-0.313,1.982,50956.532,0.5928,0,0,0,0,,,drift_segment,20200331_S04
20200331_1167,20200331,1167,1166,6.93,14.82,2.72,72.0,0.18354,2902.35,40.31,418.81,0.0,-0.02,0.0,0.00025,0.0,0.0,-0.02,0.0,103.423,1.686,4.047,0.0,-0.059,1.851,50819.921,0.5288,0,0,0,0,,,drift_segment,20200331_S04
20200331_1168,20200331,1168,1167,6.89,14.82,2.707,72.0,0.18266,2888.48,40.118,419.23,0.0,-0.02,0.0,0.0,-1.95,-0.04,0.0,-0.013,102.524,1.686,1.124,0.0,-0.96,1.389,50059.077,0.5447,0,0,0,0,,,drift_segment,20200331_S04
20200331_1169,20200331,1169,1168,6.89,14.83,2.707,72.0,0.18254,2890.43,40.145,419.51,0.0,0.0,0.0,0.0,1.95,0.0,0.01,0.0,102.524,1.855,1.124,0.0,-1.087,1.454,50126.805,0.4625,0,0,0,0,,,drift_segment,20200331_S04
20200331_1170,20200331,1170,1169,6.89,14.83,2.699,72.0,0.182,2881.88,40.026,418.27,0.0,0.0,0.0,0.0,0.0,0.0,0.0,-0.008,102.524,1.855,-0.674,0.0,-1.641,1.169,50205.168,0.4971,0,0,0,0,,,drift_segment,20200331_S04
20200331_1171,20200331,1171,1170,6.65,14.85,2.694,72.0,0.18141,2880.42,40.006,433.15,-0.13,0.02,0.0,0.0,0.0,-0.24,0.02,-0.005,97.128,2.192,-1.799,0.0,-2.238,1.121,45285.147,0.6271,0,0,0,0,,,drift_segment,20200331_S04
20200331_1172,20200331,1172,1171,6.68,14.85,2.685,71.0,0.18081,2830.93,39.872,423.79,-0.06,0.02,0.0,0.0,-44.65,0.03,0.0,-0.009,97.803,2.192,-3.822,-1.349,-2.861,-0.529,46042.914,0.6375,0,0,0,0,,,drift_segment,20200331_S04
20200331_1173,20200331,1173,1172,6.7,14.83,2.677,71.0,0.18051,2818.69,39.7,420.7,-0.02,0.0,0.0,0.0,-32.23,0.02,-0.02,-0.008,98.252,1.855,-5.621,-1.349,-3.165,-0.937,46424.775,0.6008,0,0,0,0,,,drift_segment,20200331_S04
20200331_1174,20200331,1174,1173,6.74,14.83,2.67,72.0,0.18004,2850.92,39.596,422.99,0.04,0.0,0.0,0.0,11.82,0.04,0.0,-0.007,99.152,1.855,-7.195,0.0,-3.65,0.137,47317.237,0.612,0,0,0,0,,,drift_segment,20200331_S04
20200331_1175,20200331,1175,1174,6.72,14.82,2.663,71.0,0.17969,2802.06,39.466,416.97,0.04,-0.03,0.0,0.0,-37.04,-0.02,-0.01,-0.007,98.702,1.686,-8.768,-1.349,-4.01,-1.491,46959.98,0.6432,0,0,0,0,,,drift_segment,20200331_S04
20200331_1176,20200331,1176,1175,6.78,14.82,2.658,73.0,0.17935,2875.58,39.392,424.13,0.13,-0.03,0.0,0.0,36.48,0.06,0.0,-0.005,100.051,1.686,-9.893,1.349,-4.357,0.959,48231.41,0.6612,0,0,0,0,,,drift_segment,20200331_S04
20200331_1177,20200331,1177,1176,6.58,14.85,2.65,72.0,0.17845,2833.38,39.352,430.6,-0.06,0.0,-0.007,0.0,0.0,-0.2,0.03,-0.008,95.554,2.192,-11.691,0.0,-5.282,-0.447,44390.858,0.678,0,0,0,0,,,drift_segment,20200331_S04
20200331_1178,20200331,1178,1177,6.61,14.85,2.648,72.0,0.17832,2831.24,39.323,428.33,-0.03,0.0,-0.007,0.0,-7.86,0.03,0.0,-0.002,96.229,2.192,-12.141,0.0,-5.42,-0.519,45037.013,0.6092,0,0,0,0,,,drift_segment,20200331_S04
20200331_1179,20200331,1179,1178,6.56,14.88,2.65,72.0,0.17809,2839.1,39.432,432.79,-0.08,0.0,-0.005,-7e-05,-1.07,-0.05,0.03,0.002,95.105,2.698,-11.691,0.0,-5.652,-0.257,44172.45,0.6422,0,0,0,0,,,drift_segment,20200331_S04
20200331_1180,20200331,1180,1179,6.57,14.88,2.651,72.0,0.17816,2840.18,39.447,432.29,-0.07,0.0,-0.003,7e-05,1.07,0.01,0.0,0.001,95.329,2.698,-11.466,0.0,-5.583,-0.221,44362.365,0.591,0,0,0,0,,,drift_segment,20200331_S04
20200331_1181,20200331,1181,1180,6.64,14.97,2.654,72.0,0.17729,2860.59,39.73,430.81,0.01,0.06,0.001,-0.00065,20.41,0.07,0.09,0.003,96.903,4.216,-10.792,0.0,-6.477,0.46,46348.606,0.6724,0,0,0,0,,,drift_segment,20200331_S04
20200331_1182,20200331,1182,1181,6.63,14.97,2.657,71.0,0.17749,2824.05,39.775,425.95,0.0,0.06,0.005,-0.00038,-15.06,-0.01,0.0,0.003,96.678,4.216,-10.117,-1.349,-6.271,-0.758,46134.058,0.6586,0,0,0,0,,,drift_segment,20200331_S04
20200331_1183,20200331,1183,1182,6.67,14.94,2.655,72.0,0.17771,2855.93,39.666,428.18,0.03,0.01,0.002,-7e-05,16.83,0.04,-0.03,-0.002,97.578,3.71,-10.567,0.0,-6.043,0.304,46767.168,0.6307,0,0,0,0,,,drift_segment,20200331_S04
20200331_1184,20200331,1184,1183,6.73,14.94,2.656,72.0,0.17778,2857.01,39.681,424.52,0.09,0.01,0.002,1e-05,16.83,0.06,0.0,0.001,98.927,3.71,-10.342,0.0,-5.974,0.34,48022.815,0.6495,0,0,0,0,,,drift_segment,20200331_S04
20200331_1185,20200331,1185,1184,6.7,14.91,2.652,71.0,0.17787,2807.43,39.541,419.02,0.03,-0.03,-0.002,0.00016,-40.61,-0.03,-0.03,-0.004,98.252,3.204,-11.242,-1.349,-5.882,-1.312,47283.95,0.6515,0,0,0,0,,,drift_segment,20200331_S04
20200331_1186,20200331,1186,1185,6.63,14.91,2.653,72.0,0.17793,2848.05,39.556,429.57,-0.04,-0.03,-0.001,0.00045,-7.88,-0.07,0.0,0.001,96.678,3.204,-11.017,0.0,-5.813,0.042,45764.068,0.6385,0,0,0,0,,,drift_segment,20200331_S04
20200331_1187,20200331,1187,1186,6.64,14.93,2.643,70.0,0.17703,2762.2,39.46,415.99,-0.06,-0.01,-0.011,-0.00046,-85.85,0.01,0.02,-0.01,96.903,3.541,-13.265,-2.698,-6.746,-2.82,46332.252,0.7043,0,0,0,0,,,drift_segment,20200331_S04
20200331_1188,20200331,1188,1187,6.67,14.93,2.654,71.0,0.17776,2813.32,39.624,421.79,-0.03,-0.01,0.0,5e-05,-39.62,0.03,0.0,0.011,97.578,3.541,-10.792,-1.349,-5.989,-1.116,46753.615,0.646,0,0,0,0,,,drift_segment,20200331_S04
20200331_1189,20200331,1189,1188,6.7,14.99,2.654,72.0,0.17705,2864.41,39.783,427.52,-0.03,0.06,0.0,-0.00038,16.36,0.03,0.06,0.0,98.252,4.553,-10.792,0.0,-6.72,0.587,47745.554,0.6606,0,0,0,0,,,drift_segment,20200331_S04
20200331_1190,20200331,1190,1189,6.74,14.99,2.655,72.0,0.17712,2865.49,39.798,425.15,0.0,0.06,0.002,-0.00012,17.92,0.04,0.0,0.001,99.152,4.553,-10.567,0.0,-6.652,0.623,48584.498,0.6347,0,0,0,0,,,drift_segment,20200331_S04
20200331_1191,20200331,1191,1190,6.82,15.07,2.656,72.0,0.17624,2881.87,40.026,422.56,0.08,0.13,0.003,-0.001,33.82,0.08,0.08,0.001,100.95,5.902,-10.342,0.0,-7.549,1.169,50846.992,0.7228,0,0,0,0,,,drift_segment,20200331_S04
20200331_1192,20200331,1192,1191,6.74,15.07,2.653,71.0,0.17605,2838.63,39.981,421.16,-0.04,0.13,0.0,-0.0012,-8.94,-0.08,0.0,-0.003,99.152,5.902,-11.017,-1.349,-7.754,-0.272,49190.258,0.7017,0,0,0,0,,,drift_segment,20200331_S04
20200331_1193,20200331,1193,1192,6.78,14.93,2.654,72.0,0.17776,2852.94,39.624,420.79,-0.04,-0.01,0.0,0.00033,5.37,0.04,-0.14,0.001,100.051,3.541,-10.792,0.0,-5.989,0.205,49056.219,0.6474,0,0,0,0,,,drift_segment,20200331_S04
20200331_1194,20200331,1194,1193,6.91,14.93,2.649,72.0,0.17743,2847.57,39.55,412.09,0.06,-0.01,-0.004,4e-05,-4.06,0.13,0.0,-0.005,102.974,3.541,-11.916,0.0,-6.333,0.026,51972.027,0.6654,0,0,0,0,,,drift_segment,20200331_S04
20200331_1195,20200331,1195,1194,6.9,14.94,2.648,71.0,0.17724,2808.84,39.561,407.08,0.05,0.0,-0.005,-0.00019,-42.79,-0.01,0.01,-0.001,102.749,3.71,-12.141,-1.349,-6.524,-1.265,51874.617,0.6402,0,0,0,0,,,drift_segment,20200331_S04
20200331_1196,20200331,1196,1195,6.94,14.94,2.651,72.0,0.17744,2851.63,39.606,410.9,0.09,0.0,-0.002,0.0,4.06,0.04,0.0,0.003,103.648,3.71,-11.466,0.0,-6.318,0.161,52677.566,0.6441,0,0,0,0,,,drift_segment,20200331_S04
20200331_1197,20200331,1197,1196,6.92,14.89,2.652,70.0,0.17811,2764.18,39.488,399.45,0.07,-0.04,0.0,0.00058,-83.39,-0.02,-0.05,0.001,103.199,2.867,-11.242,-2.698,-5.637,-2.754,51955.887,0.6954,0,0,0,0,,,drift_segment,20200331_S04
20200331_1198,20200331,1198,1197,6.88,14.89,2.654,71.0,0.17824,2805.78,39.518,407.82,0.03,-0.04,0.002,0.00048,-41.79,-0.04,0.0,0.002,102.299,2.867,-10.792,-1.349,-5.499,-1.367,50999.001,0.6469,0,0,0,0,,,drift_segment,20200331_S04
20200331_1199,20200331,1199,1198,6.85,14.95,2.652,72.0,0.17739,2854.61,39.647,416.73,0.0,0.06,0.0,-0.00071,36.91,-0.03,0.06,-0.002,101.625,3.878,-11.242,0.0,-6.371,0.26,50741.611,0.6487,0,0,0,0,,,drift_segment,20200331_S04
20200331_1200,20200331,1200,1199,6.85,14.95,2.654,72.0,0.17753,2856.77,39.677,417.05,0.0,0.06,0.002,-0.00072,43.53,0.0,0.0,0.002,101.625,3.878,-10.792,0.0,-6.233,0.332,50711.674,0.6098,0,0,0,0,,,drift_segment,20200331_S04
20200331_1201,20200331,1201,1200,6.83,14.74,2.655,72.0,0.18012,2817.7,39.135,412.55,-0.02,-0.01,0.003,0.00053,4.46,-0.02,-0.21,0.001,101.175,0.337,-10.567,0.0,-3.566,-0.97,48848.995,0.6124,0,0,0,0,,,drift_segment,20200331_S04
20200331_1202,20200331,1202,1201,6.84,14.74,2.652,73.0,0.17992,2853.61,39.09,417.19,-0.01,-0.01,0.0,0.00033,40.37,0.01,0.0,-0.003,101.4,0.337,-11.242,1.349,-3.775,0.227,49074.701,0.5646,0,0,0,0,,,drift_segment,20200331_S04
20200331_1203,20200331,1203,1202,6.83,14.73,2.652,71.0,0.18004,2773.54,39.064,406.08,-0.02,-0.02,0.0,0.00045,-39.7,-0.01,-0.01,0.0,101.175,0.169,-11.242,-1.349,-3.649,-2.442,48865.774,0.5851,0,0,0,0,,,drift_segment,20200331_S04
20200331_1204,20200331,1204,1203,6.83,14.73,2.65,71.0,0.1799,2771.45,39.034,405.78,-0.02,-0.02,-0.002,0.00031,-45.82,0.0,0.0,-0.002,101.175,0.169,-11.691,-1.349,-3.789,-2.511,48895.899,0.5926,0,0,0,0,,,drift_segment,20200331_S04
20200331_1205,20200331,1205,1204,7.02,14.75,2.649,72.0,0.17959,2813.24,39.073,400.75,0.11,0.0,-0.002,0.0,-4.03,0.19,0.02,-0.001,105.447,0.506,-11.916,0.0,-4.109,-1.119,53179.346,0.6349,0,0,0,0,,,drift_segment,20200331_S04
20200331_1206,20200331,1206,1205,7.01,14.75,2.649,72.0,0.17959,2813.24,39.073,401.32,0.07,0.0,-0.001,0.0,0.0,-0.01,0.0,0.0,105.222,0.506,-11.916,0.0,-4.109,-1.119,52955.388,0.5801,0,0,0,0,,,drift_segment,20200331_S04
20200331_1207,20200331,1207,1206,7.03,14.76,2.643,72.0,0.17907,2808.77,39.011,399.54,0.08,0.01,-0.006,-0.00053,-4.47,0.02,0.01,-0.006,105.672,0.674,-13.265,0.0,-4.652,-1.268,53569.349,0.6411,0,0,0,0,,,drift_segment,20200331_S04
20200331_1208,20200331,1208,1207,6.97,14.76,2.651,72.0,0.17961,2817.27,39.129,404.2,0.0,0.01,0.002,0.00018,8.5,-0.06,0.0,0.008,104.323,0.674,-11.466,0.0,-4.095,-0.984,52101.925,0.6133,0,0,0,0,,,drift_segment,20200331_S04
20200331_1209,20200331,1209,1208,6.94,14.78,2.652,72.0,0.17943,2822.15,39.197,406.65,-0.04,0.02,0.003,0.0002,13.38,-0.03,0.02,0.001,103.648,1.012,-11.242,0.0,-4.275,-0.822,51559.5,0.622,0,0,0,0,,,drift_segment,20200331_S04
20200331_1210,20200331,1210,1209,6.91,14.78,2.649,72.0,0.17923,2818.96,39.152,407.95,-0.07,0.02,0.0,0.0,10.19,-0.03,0.0,-0.003,102.974,1.012,-11.916,0.0,-4.483,-0.928,50945.191,0.6123,0,0,0,0,,,drift_segment,20200331_S04
20200331_1211,20200331,1211,1210,6.95,14.75,2.643,72.0,0.17919,2806.87,38.984,403.87,-0.02,-0.03,-0.008,-4e-05,0.0,0.04,-0.03,-0.006,103.873,0.506,-13.265,0.0,-4.527,-1.331,51716.649,0.6352,0,0,0,0,,,drift_segment,20200331_S04
20200331_1212,20200331,1212,1211,8.16,14.75,2.643,71.0,0.17919,2767.88,38.984,339.2,1.21,-0.03,-0.009,-4e-05,-38.98,1.21,0.0,0.0,131.078,0.506,-13.265,-1.349,-4.527,-2.63,81977.432,0.689,0,0,0,0,,,drift_segment,20200331_S04
20200331_1213,20200331,1213,1212,7.15,14.83,2.657,71.0,0.17916,2797.64,39.403,391.28,0.2,0.03,0.005,-6e-05,-9.23,-1.01,0.08,0.014,108.37,1.855,-10.117,-1.349,-4.55,-1.639,56622.58,0.7248,0,0,0,0,,,drift_segment,20200331_S04
20200331_1214,20200331,1214,1213,6.98,14.83,2.656,71.0,0.1791,2796.58,39.388,400.66,0.04,0.03,0.004,-9e-05,-1.05,-0.17,0.0,-0.001,104.548,1.855,-10.342,-1.349,-4.619,-1.674,52771.485,0.6599,0,0,0,0,,,drift_segment,20200331_S04
20200331_1215,20200331,1215,1214,6.95,14.8,2.659,71.0,0.17966,2794.08,39.353,402.03,0.04,0.0,0.003,0.00048,-3.56,-0.03,-0.03,0.003,103.873,1.349,-9.668,-1.349,-4.038,-1.757,51853.244,0.6384,0,0,0,0,,,drift_segment,20200331_S04
20200331_1216,20200331,1216,1215,6.86,14.8,2.659,71.0,0.17966,2794.08,39.353,407.3,-0.02,0.0,0.002,0.00048,-3.56,-0.09,0.0,0.0,101.85,1.349,-9.668,-1.349,-4.038,-1.757,49879.147,0.6231,0,0,0,0,,,drift_segment,20200331_S04
20200331_1217,20200331,1217,1216,6.85,14.8,2.658,72.0,0.17959,2832.36,39.338,413.48,-0.02,0.0,0.0,0.0,34.73,-0.01,0.0,-0.001,101.625,1.349,-9.893,0.0,-4.108,-0.481,49637.599,0.5547,0,0,0,0,,,drift_segment,20200331_S04
20200331_1218,20200331,1218,1217,6.87,14.8,2.651,73.0,0.17912,2864.14,39.235,416.91,0.0,0.0,-0.008,-0.00054,32.42,0.02,0.0,-0.007,102.074,1.349,-11.466,1.349,-4.593,0.578,50141.306,0.6186,0,0,0,0,,,drift_segment,20200331_S04
20200331_1219,20200331,1219,1218,6.88,14.8,2.648,71.0,0.17892,2782.52,39.19,404.44,0.01,0.0,-0.011,-0.00074,-49.85,0.01,0.0,-0.003,102.299,1.349,-12.141,-1.349,-4.802,-2.143,50478.801,0.6233,0,0,0,0,,,drift_segment,20200331_S04
20200331_1220,20200331,1220,1219,6.87,14.8,2.659,72.0,0.17966,2833.43,39.353,412.44,0.01,0.0,0.0,0.0,0.0,-0.01,0.0,0.011,102.074,1.349,-9.668,0.0,-4.038,-0.446,50057.515,0.594,0,0,0,0,,,drift_segment,20200331_S04
20200331_1221,20200331,1221,1220,6.87,14.81,2.693,71.0,0.18184,2831.72,39.883,412.19,0.02,0.01,0.0,0.0,-32.42,0.0,0.01,0.034,102.074,1.518,-2.023,-1.349,-1.804,-0.503,49736.7,0.5801,0,0,0,0,,,drift_segment,20200331_S04
20200331_1222,20200331,1222,1221,6.8,14.81,2.738,72.0,0.18488,2919.58,40.55,429.35,0.0,0.01,0.0,0.0,0.0,-0.07,0.0,0.045,100.501,1.518,8.094,0.0,1.317,2.426,47817.322,0.6208,0,0,0,0,,,drift_segment,20200331_S04
20200331_1223,20200331,1223,1222,4.4,14.8,2.78,73.0,0.18784,3003.51,41.144,682.62,0.0,0.0,0.0,0.0,60.34,-2.4,-0.01,0.042,46.541,1.349,17.537,1.349,4.36,5.223,10426.997,0.6651,0,0,0,0,,,drift_segment,20200331_S04
20200331_1224,20200331,1224,1223,4.4,14.8,2.802,71.0,0.18932,2944.34,41.47,669.17,0.0,0.0,0.01,0.00118,0.0,0.0,0.0,0.022,46.541,1.349,22.483,-1.349,5.887,3.251,10562.374,0.6256,0,0,0,0,,,drift_segment,20200331_S04
20200331_1225,20200331,1225,1224,4.29,14.78,2.811,72.0,0.19019,2991.35,41.547,697.29,0.0,-0.03,0.019,0.00205,18.84,-0.11,-0.02,0.009,44.067,1.012,24.507,0.0,6.776,4.818,9502.857,0.6682,0,0,0,0,,,drift_segment,20200331_S04
20200331_1226,20200331,1226,1225,4.11,14.78,2.811,72.0,0.19019,2991.35,41.547,727.82,0.0,-0.03,0.019,0.00205,18.84,-0.18,0.0,0.0,40.02,1.012,24.507,0.0,6.776,4.818,7927.805,0.6296,0,0,0,0,,,drift_segment,20200331_S04
20200331_1227,20200331,1227,1226,3.53,14.81,2.807,72.0,0.18953,2993.16,41.572,847.92,-0.33,0.0,0.015,0.00139,20.65,-0.58,0.03,-0.004,26.98,1.518,23.607,0.0,6.103,4.878,3916.846,0.686,0,0,0,0,,,drift_segment,20200331_S04
20200331_1228,20200331,1228,1227,3.81,14.81,2.799,71.0,0.18899,2943.18,41.453,772.49,0.0,0.0,0.007,0.00085,-29.33,0.28,0.0,-0.008,33.275,1.518,21.809,-1.349,5.548,3.212,5632.797,0.6452,0,0,0,0,,,drift_segment,20200331_S04
20200331_1229,20200331,1229,1228,3.86,14.84,2.792,72.0,0.18814,2983.2,41.433,772.85,0.12,0.03,0.0,0.0,27.64,0.05,0.03,-0.007,34.4,2.024,20.235,0.0,4.671,4.546,5999.001,0.6745,0,0,0,0,,,drift_segment,20200331_S04
20200331_1230,20200331,1230,1229,3.72,14.84,2.782,72.0,0.18747,2972.51,41.285,799.06,-0.01,0.03,0.0,0.0,16.95,-0.14,0.0,-0.01,31.252,2.024,17.987,0.0,3.979,4.19,4969.861,0.6468,0,0,0,0,,,drift_segment,20200331_S04
20200331_1231,20200331,1231,1230,3.7,14.83,2.775,71.0,0.18712,2921.88,41.153,789.7,-0.02,0.02,0.0,0.0,-21.3,-0.02,-0.01,-0.007,30.802,1.855,16.413,-1.349,3.624,2.502,4794.689,0.6237,0,0,0,0,,,drift_segment,20200331_S04
20200331_1232,20200331,1232,1231,3.7,14.83,2.768,72.0,0.18665,2955.56,41.049,798.8,0.0,0.02,0.0,0.0,16.33,0.0,0.0,-0.007,30.802,1.855,14.839,0.0,3.139,3.625,4753.008,0.593,0,0,0,0,,,drift_segment,20200331_S04
20200331_1233,20200331,1233,1232,3.73,14.81,2.757,70.0,0.18616,2858.18,40.831,766.27,0.03,-0.02,-0.007,0.0,-81.05,0.03,-0.02,-0.011,31.477,1.518,12.366,-2.698,2.635,0.379,4903.165,0.6582,0,0,0,0,,,drift_segment,20200331_S04
20200331_1234,20200331,1234,1233,3.74,14.81,2.75,71.0,0.18569,2891.65,40.728,773.17,0.04,-0.02,-0.014,-0.00047,-33.26,0.01,0.0,-0.007,31.702,1.518,10.792,-1.349,2.149,1.495,4937.089,0.6345,0,0,0,0,,,drift_segment,20200331_S04
20200331_1235,20200331,1235,1234,3.6,14.81,2.743,72.0,0.18521,2924.92,40.624,812.48,-0.1,-0.02,-0.021,-0.00095,0.0,-0.14,0.0,-0.007,28.554,1.518,9.218,0.0,1.664,2.604,4013.601,0.6695,0,0,0,0,,,drift_segment,20200331_S04
20200331_1236,20200331,1236,1235,3.64,14.81,2.74,72.0,0.18501,2921.72,40.579,802.67,-0.06,-0.02,-0.024,-0.00115,-3.2,0.04,0.0,-0.003,29.453,1.518,8.544,0.0,1.456,2.497,4257.569,0.6504,0,0,0,0,,,drift_segment,20200331_S04
20200331_1237,20200331,1237,1236,3.64,14.85,2.749,72.0,0.18512,2939.23,40.823,807.48,-0.03,0.03,-0.015,-0.00104,13.27,0.0,0.04,0.009,29.453,2.192,10.567,0.0,1.566,3.081,4351.79,0.6546,0,0,0,0,,,drift_segment,20200331_S04
20200331_1238,20200331,1238,1237,3.64,14.85,2.764,73.0,0.18613,2996.31,41.045,823.16,-0.01,0.03,0.004,0.0,70.36,0.0,0.0,0.015,29.453,2.192,13.94,1.349,2.604,4.983,4387.016,0.651,0,0,0,0,,,drift_segment,20200331_S04
20200331_1239,20200331,1239,1238,3.73,14.84,2.776,71.0,0.18706,2924.9,41.196,784.16,0.09,0.01,0.016,0.00095,-14.33,0.09,-0.01,0.012,31.477,2.024,16.638,-1.349,3.563,2.603,5018.924,0.6957,0,0,0,0,,,drift_segment,20200331_S04
20200331_1240,20200331,1240,1239,3.71,14.84,2.777,71.0,0.18713,2925.96,41.211,788.67,0.07,0.01,0.017,0.00102,-13.27,-0.02,0.0,0.001,31.027,2.024,16.862,-1.349,3.633,2.638,4890.704,0.6405,0,0,0,0,,,drift_segment,20200331_S04
20200331_1241,20200331,1241,1240,3.65,14.82,2.776,72.0,0.18731,2962.1,41.14,811.54,0.0,-0.02,0.016,0.00121,22.87,-0.06,-0.02,-0.001,29.678,1.686,16.638,0.0,3.823,3.843,4446.698,0.6311,0,0,0,0,,,drift_segment,20200331_S04
20200331_1242,20200331,1242,1241,3.67,14.82,2.77,72.0,0.18691,2955.7,41.051,805.37,0.02,-0.02,0.01,0.0008,16.47,0.02,0.0,-0.006,30.128,1.686,15.289,0.0,3.407,3.63,4546.436,0.6278,0,0,0,0,,,drift_segment,20200331_S04
20200331_1243,20200331,1243,1242,3.64,14.83,2.76,72.0,0.18611,2947.02,40.931,809.62,-0.01,0.0,0.0,0.0,8.86,-0.03,0.01,-0.01,29.453,1.855,13.04,0.0,2.585,3.34,4340.053,0.6171,0,0,0,0,,,drift_segment,20200331_S04
20200331_1244,20200331,1244,1243,3.59,14.83,2.754,72.0,0.1857,2940.61,40.842,819.11,-0.06,0.0,-0.006,-0.0004,7.47,-0.05,0.0,-0.006,28.329,1.855,11.691,0.0,2.169,3.127,4014.217,0.6495,0,0,0,0,,,drift_segment,20200331_S04
20200331_1245,20200331,1245,1244,3.67,14.85,2.748,72.0,0.18505,2938.16,40.808,800.59,0.02,0.02,-0.012,-0.00106,5.02,0.08,0.02,-0.006,30.128,2.192,10.342,0.0,1.497,3.045,4542.012,0.6571,0,0,0,0,,,drift_segment,20200331_S04
20200331_1246,20200331,1246,1245,3.65,14.85,2.74,72.0,0.18451,2929.61,40.689,802.63,0.0,0.02,-0.015,-0.00126,-3.53,-0.02,0.0,-0.008,29.678,2.192,8.544,0.0,0.944,2.76,4401.668,0.6226,0,0,0,0,,,drift_segment,20200331_S04
20200331_1247,20200331,1247,1246,3.65,14.83,2.747,72.0,0.18523,2933.14,40.738,803.6,0.0,0.0,-0.007,-0.00047,3.53,0.0,-0.02,0.007,29.678,1.855,10.117,0.0,1.684,2.878,4371.019,0.6062,0,0,0,0,,,drift_segment,20200331_S04
20200331_1248,20200331,1248,1247,3.69,14.83,2.755,71.0,0.18577,2900.82,40.857,786.13,0.05,0.0,0.001,7e-05,-28.79,0.04,0.0,0.008,30.577,1.855,11.916,-1.349,2.238,1.801,4658.067,0.6201,0,0,0,0,,,drift_segment,20200331_S04
20200331_1249,20200331,1249,1248,3.64,14.82,2.763,71.0,0.18644,2907.28,40.948,798.7,0.0,-0.03,0.009,0.00082,-22.32,-0.05,-0.01,0.008,29.453,1.686,13.715,-1.349,2.922,2.016,4341.666,0.6376,0,0,0,0,,,drift_segment,20200331_S04
20200331_1250,20200331,1250,1249,3.63,14.82,2.766,71.0,0.18664,2910.44,40.992,801.77,-0.01,-0.03,0.011,0.00119,-19.17,-0.01,0.0,0.003,29.228,1.686,14.389,-1.349,3.129,2.121,4290.195,0.6092,0,0,0,0,,,drift_segment,20200331_S04
20200331_1251,20200331,1251,1250,3.37,14.85,2.748,71.0,0.18505,2897.35,40.808,859.75,-0.26,0.0,-0.007,-0.0004,-32.25,-0.26,0.03,-0.018,23.383,2.192,10.342,-1.349,1.497,1.685,2821.621,0.681,0,0,0,0,,,drift_segment,20200331_S04
20200331_1252,20200331,1252,1251,6.05,14.85,2.754,71.0,0.18545,2903.68,40.897,479.95,2.68,0.0,-0.001,0.0,-12.29,2.68,0.0,0.006,83.638,2.192,11.691,-1.349,1.912,1.896,33392.637,0.6482,0,0,0,0,,,drift_segment,20200331_S04
20200331_1253,20200331,1253,1252,3.07,14.88,2.764,72.0,0.18575,2961.24,41.128,964.57,0.0,0.0,0.009,0.0003,45.26,-2.98,0.03,0.01,16.638,2.698,13.94,0.0,2.218,3.814,1608.034,0.6728,0,0,0,0,,,drift_segment,20200331_S04
20200331_1254,20200331,1254,1253,3.01,14.88,2.762,73.0,0.18562,3000.19,41.099,996.74,0.0,0.0,0.007,0.00057,65.61,-0.06,0.0,-0.002,15.289,2.698,13.49,1.349,2.08,5.113,1386.812,0.6391,0,0,0,0,,,drift_segment,20200331_S04
20200331_1255,20200331,1255,1254,2.91,14.97,2.761,71.0,0.18444,2934.58,41.332,1008.45,-0.03,0.06,0.007,-0.00021,0.0,-0.1,0.09,-0.001,13.04,4.216,13.265,-1.349,0.865,2.926,1166.924,0.7006,0,0,0,0,,,drift_segment,20200331_S04
20200331_1256,20200331,1256,1255,2.88,14.97,2.755,72.0,0.18403,2969.45,41.242,1031.06,-0.03,0.06,0.001,-0.00061,15.63,-0.03,0.0,-0.006,12.366,4.216,11.916,0.0,0.454,4.088,1045.375,0.6567,0,0,0,0,,,drift_segment,20200331_S04
20200331_1257,20200331,1257,1256,2.94,14.94,2.749,71.0,0.184,2915.97,41.07,991.83,0.03,0.01,-0.006,-0.00064,-45.26,0.06,-0.03,-0.006,13.715,3.71,10.567,-1.349,0.421,2.306,1178.532,0.6546,0,0,0,0,,,drift_segment,20200331_S04
20200331_1258,20200331,1258,1257,2.89,14.94,2.746,72.0,0.1838,2953.82,41.025,1022.08,-0.02,0.01,-0.011,-0.00063,-13.07,-0.05,0.0,-0.003,12.591,3.71,9.893,0.0,0.214,3.567,1010.751,0.6438,0,0,0,0,,,drift_segment,20200331_S04
20200331_1259,20200331,1259,1258,2.79,14.91,2.747,73.0,0.18424,2989.92,40.958,1071.65,-0.12,-0.03,-0.008,0.0,23.03,-0.1,-0.03,0.001,10.342,3.204,10.117,1.349,0.663,4.77,721.462,0.6854,0,0,0,0,,,drift_segment,20200331_S04
20200331_1260,20200331,1260,1259,2.89,14.91,2.753,71.0,0.18464,2914.35,41.047,1008.43,-0.02,-0.03,0.0,0.00061,-39.46,0.1,0.0,0.006,12.591,3.204,11.466,-1.349,1.077,2.252,1012.506,0.6384,0,0,0,0,,,drift_segment,20200331_S04
20200331_1261,20200331,1261,1260,2.86,14.93,2.76,72.0,0.18486,2966.89,41.207,1037.37,-0.08,-0.01,0.011,0.00086,13.07,-0.03,0.02,0.007,11.916,3.541,13.04,0.0,1.304,4.003,973.112,0.6739,0,0,0,0,,,drift_segment,20200331_S04
20200331_1262,20200331,1262,1261,3.14,14.93,2.76,72.0,0.18486,2966.89,41.207,944.87,0.05,-0.01,0.013,0.00094,38.37,0.28,0.0,0.0,18.212,3.541,13.04,0.0,1.304,4.003,1923.243,0.6539,0,0,0,0,,,drift_segment,20200331_S04
20200331_1263,20200331,1263,1262,3.09,14.99,2.757,72.0,0.18392,2975.57,41.327,962.97,-0.05,0.06,0.011,0.00012,47.05,-0.05,0.06,-0.003,17.087,4.553,12.366,0.0,0.338,4.292,1791.601,0.7043,0,0,0,0,,,drift_segment,20200331_S04
20200331_1264,20200331,1264,1263,3.27,14.99,2.702,72.0,0.18025,2916.21,40.503,891.81,0.0,0.06,-0.045,-0.00367,-12.31,0.18,0.0,-0.055,21.134,4.553,0.0,0.0,-3.431,2.314,2532.977,0.699,0,0,0,0,,,drift_segment,20200331_S04
20200331_1265,20200331,1265,1264,8.18,15.07,2.699,72.0,0.1791,2928.52,40.674,358.01,3.05,0.13,-0.054,-0.00483,0.0,4.91,0.08,-0.003,131.528,5.902,-0.674,0.0,-4.618,2.724,84388.369,0.7446,0,0,0,0,,,drift_segment,20200331_S04
20200331_1266,20200331,1266,1265,8.91,15.07,2.691,72.0,0.17857,2919.84,40.553,327.7,3.77,0.13,-0.066,-0.00536,-24.77,0.73,0.0,-0.008,147.94,5.902,-2.473,0.0,-5.163,2.434,106413.789,0.7484,0,0,0,0,,,drift_segment,20200331_S04
20200331_1267,20200331,1267,1266,6.2,14.93,2.713,72.0,0.18171,2916.37,40.505,470.38,1.06,-0.01,-0.044,-0.00221,-28.25,-2.71,-0.14,0.022,87.011,3.541,2.473,0.0,-1.93,2.319,36750.887,0.7182,0,0,0,0,,,drift_segment,20200331_S04
20200331_1268,20200331,1268,1267,6.0,14.93,2.729,71.0,0.18279,2892.82,40.744,482.14,0.86,-0.01,-0.028,-0.00114,-51.79,-0.2,0.0,0.016,82.514,3.541,6.07,-1.349,-0.829,1.534,33048.818,0.6887,0,0,0,0,,,drift_segment,20200331_S04
20200331_1269,20200331,1269,1268,5.91,14.94,2.776,71.0,0.18581,2944.61,41.473,498.24,0.77,0.0,0.0,0.0,0.0,-0.09,0.01,0.047,80.49,3.71,16.638,-1.349,2.277,3.26,31410.08,0.6831,0,0,0,0,,,drift_segment,20200331_S04
20200331_1270,20200331,1270,1269,5.13,14.94,2.818,72.0,0.18862,3031.27,42.101,590.89,-0.01,0.0,0.0,0.0,24.62,-0.78,0.0,0.042,62.953,3.71,26.081,0.0,5.165,6.148,19592.22,0.6634,0,0,0,0,,,drift_segment,20200331_S04
20200331_1271,20200331,1271,1270,5.14,14.89,2.844,71.0,0.191,3006.65,42.347,584.95,0.0,-0.04,0.006,0.0001,-3.22,0.01,-0.05,0.026,63.178,2.867,31.926,-1.349,7.609,5.328,19727.864,0.6689,0,0,0,0,,,drift_segment,20200331_S04
20200331_1272,20200331,1272,1271,5.14,14.89,2.857,73.0,0.19187,3105.47,42.541,604.18,0.01,-0.04,0.019,0.00087,95.6,0.0,0.0,0.013,63.178,2.867,34.849,1.349,8.506,8.622,19807.497,0.6681,0,0,0,0,,,drift_segment,20200331_S04
20200331_1273,20200331,1273,1272,5.09,14.95,2.861,72.0,0.19137,3079.58,42.772,605.03,0.0,0.06,0.023,0.0,69.71,-0.05,0.06,0.004,62.054,3.878,35.748,0.0,7.99,7.759,19459.242,0.689,0,0,0,0,,,drift_segment,20200331_S04
20200331_1274,20200331,1274,1273,4.07,14.95,2.854,72.0,0.1909,3072.05,42.667,754.8,-0.52,0.06,0.016,-0.00047,62.18,-1.02,0.0,-0.007,39.121,3.878,34.175,0.0,7.509,7.507,8466.923,0.7135,0,0,0,0,,,drift_segment,20200331_S04
20200331_1275,20200331,1275,1274,4.51,14.74,2.847,72.0,0.19315,3021.46,41.965,669.95,-0.05,0.0,0.009,0.00178,11.59,0.44,-0.21,-0.007,49.014,0.337,32.601,0.0,9.815,5.822,11815.001,0.6945,0,0,0,0,,,drift_segment,20200331_S04
20200331_1276,20200331,1276,1275,4.59,14.73,2.838,72.0,0.19267,3009.87,41.804,655.74,0.04,0.0,0.0,0.0013,3.22,0.08,-0.01,-0.009,50.812,0.169,30.577,0.0,9.322,5.435,12516.095,0.6529,0,0,0,0,,,drift_segment,20200331_S04
20200331_1277,20200331,1277,1276,4.56,14.73,2.83,72.0,0.19212,3001.38,41.686,658.2,0.01,0.0,0.0,0.00075,0.0,-0.03,0.0,-0.008,50.138,0.169,28.779,0.0,8.764,5.152,12132.722,0.6025,0,0,0,0,,,drift_segment,20200331_S04
20200331_1278,20200331,1278,1277,4.52,14.73,2.82,72.0,0.19145,2990.78,41.539,661.68,-0.03,0.0,0.0,0.00054,0.0,-0.04,0.0,-0.01,49.239,0.169,26.53,0.0,8.067,4.799,11641.988,0.6331,0,0,0,0,,,drift_segment,20200331_S04
20200331_1279,20200331,1279,1278,4.5,14.73,2.81,72.0,0.19077,2980.17,41.391,662.26,-0.05,0.0,0.0,0.0,0.0,-0.02,0.0,-0.01,48.789,0.169,24.282,0.0,7.369,4.445,11368.612,0.6315,0,0,0,0,,,drift_segment,20200331_S04
20200331_1280,20200331,1280,1279,4.49,14.72,2.802,72.0,0.19035,2969.67,41.245,661.4,-0.07,-0.01,0.0,0.0,0.0,-0.01,-0.01,-0.008,48.564,0.0,22.483,0.0,6.944,4.095,11186.997,0.6298,0,0,0,0,,,drift_segment,20200331_S04
20200331_1281,20200331,1281,1280,4.55,14.72,2.791,72.0,0.18961,2958.01,41.084,650.11,-0.04,-0.01,0.0,0.0,0.0,0.06,0.0,-0.011,49.913,0.0,20.01,0.0,6.177,3.707,11743.35,0.651,0,0,0,0,,,drift_segment,20200331_S04
20200331_1282,20200331,1282,1281,5.14,14.71,2.782,71.0,0.18912,2905.55,40.923,565.28,0.29,-0.02,0.0,0.0,-26.9,0.59,-0.01,-0.009,63.178,-0.169,17.987,-1.349,5.68,1.958,18641.222,0.6678,0,0,0,0,,,drift_segment,20200331_S04
20200331_1283,20200331,1283,1282,5.02,14.71,2.774,71.0,0.18858,2897.19,40.806,577.13,0.15,-0.02,0.0,0.0,-26.77,-0.12,0.0,-0.008,60.48,-0.169,16.188,-1.349,5.122,1.68,17077.748,0.6489,0,0,0,0,,,drift_segment,20200331_S04
20200331_1284,20200331,1284,1283,4.87,14.73,2.765,72.0,0.18771,2932.45,40.728,602.15,-0.15,0.0,0.0,0.0,14.99,-0.15,0.02,-0.009,57.108,0.169,14.164,0.0,4.231,2.855,15276.583,0.6638,0,0,0,0,,,drift_segment,20200331_S04
20200331_1285,20200331,1285,1284,4.85,14.73,2.757,72.0,0.18717,2923.96,40.611,602.88,-0.29,0.0,-0.004,-0.00053,6.51,-0.02,0.0,-0.008,56.658,0.169,12.366,0.0,3.673,2.572,15032.944,0.6439,0,0,0,0,,,drift_segment,20200331_S04
20200331_1286,20200331,1286,1285,5.15,14.73,2.749,71.0,0.18663,2874.99,40.493,558.25,0.0,0.0,-0.012,-0.00107,-30.95,0.3,0.0,-0.008,63.403,0.169,10.567,-1.349,3.115,0.939,18838.797,0.6269,0,0,0,0,,,drift_segment,20200331_S04
20200331_1287,20200331,1287,1286,5.37,14.73,2.74,72.0,0.18601,2905.93,40.36,541.14,0.0,0.0,-0.021,-0.00156,0.39,0.22,0.0,-0.009,68.349,0.169,8.544,0.0,2.488,1.971,21877.499,0.6302,0,0,0,0,,,drift_segment,20200331_S04
20200331_1288,20200331,1288,1287,5.45,14.74,2.749,72.0,0.1865,2917.46,40.52,535.31,0.0,0.01,-0.008,-0.00067,11.52,0.08,0.01,0.009,70.148,0.337,10.567,0.0,2.985,2.355,23067.573,0.642,0,0,0,0,,,drift_segment,20200331_S04
20200331_1289,20200331,1289,1288,7.47,14.74,2.757,71.0,0.18704,2885.31,40.638,386.25,1.59,0.01,0.0,0.0,-26.07,2.02,0.0,0.008,115.564,0.337,12.366,-1.349,3.543,1.284,62525.747,0.6433,0,0,0,0,,,drift_segment,20200331_S04
20200331_1290,20200331,1290,1289,7.42,14.71,2.761,72.0,0.1877,2924.23,40.614,394.1,0.0,-0.02,0.006,0.00066,12.85,-0.05,-0.03,0.004,114.44,-0.169,13.265,0.0,4.214,2.581,61029.32,0.632,0,0,0,0,,,drift_segment,20200331_S04
20200331_1291,20200331,1291,1290,7.42,14.71,2.762,70.0,0.18776,2844.03,40.629,383.29,0.0,-0.02,0.01,0.00073,-67.35,0.0,0.0,0.001,114.44,-0.169,13.49,-2.698,4.284,-0.092,61115.068,0.58,0,0,0,0,,,drift_segment,20200331_S04
20200331_1292,20200331,1292,1291,8.17,14.73,2.763,71.0,0.18758,2889.63,40.699,353.69,0.7,0.01,0.008,0.00053,-21.75,0.75,0.02,0.001,131.303,0.169,13.715,-1.349,4.092,1.427,80580.394,0.6493,0,0,0,0,,,drift_segment,20200331_S04
20200331_1293,20200331,1293,1292,5.88,14.73,2.755,72.0,0.18703,2921.84,40.581,496.91,-2.29,0.01,-0.002,-5e-05,10.46,-2.29,0.0,-0.008,79.816,0.169,11.916,0.0,3.534,2.501,29780.866,0.6683,0,0,0,0,,,drift_segment,20200331_S04
20200331_1294,20200331,1294,1293,9.14,14.72,2.747,72.0,0.18662,2911.38,40.436,318.53,0.76,0.0,-0.012,-0.00082,0.0,3.26,-0.01,-0.008,153.112,0.0,10.117,0.0,3.106,2.152,109574.044,0.6813,0,0,0,0,,,drift_segment,20200331_S04
20200331_1295,20200331,1295,1294,9.27,14.72,2.747,72.0,0.18662,2911.38,40.436,314.06,0.89,0.0,-0.012,-0.00082,0.0,0.13,0.0,0.0,156.034,0.0,10.117,0.0,3.106,2.152,113801.433,0.6493,0,0,0,0,,,drift_segment,20200331_S04
20200331_1296,20200331,1296,1295,8.43,14.71,2.752,73.0,0.18708,2955.18,40.482,350.56,0.05,-0.02,-0.005,0.0,43.8,-0.84,-0.01,0.005,137.148,-0.169,11.242,1.349,3.585,3.612,87722.398,0.6823,0,0,0,0,,,drift_segment,20200331_S04
20200331_1297,20200331,1297,1296,8.41,14.71,2.759,71.0,0.18756,2881.53,40.585,342.63,0.03,-0.02,0.004,0.00052,-33.81,-0.02,0.0,0.007,136.699,-0.169,12.815,-1.349,4.074,1.157,87191.357,0.6003,0,0,0,0,,,drift_segment,20200331_S04
20200331_1298,20200331,1298,1297,8.4,14.73,2.764,71.0,0.18764,2890.67,40.714,344.13,0.02,0.0,0.012,0.00061,-24.66,-0.01,0.02,0.005,136.474,0.169,13.94,-1.349,4.161,1.462,87047.498,0.5964,0,0,0,0,,,drift_segment,20200331_S04
20200331_1299,20200331,1299,1298,8.38,14.73,2.761,72.0,0.18744,2928.21,40.67,349.43,0.0,0.0,0.009,0.00048,12.87,-0.02,0.0,-0.003,136.024,0.169,13.265,0.0,3.952,2.713,86444.21,0.5932,0,0,0,0,,,drift_segment,20200331_S04
20200331_1300,20200331,1300,1299,7.56,14.74,2.757,72.0,0.18704,2925.95,40.638,387.03,0.0,0.01,0.003,0.0,5.31,-0.82,0.01,-0.004,117.588,0.337,12.366,0.0,3.543,2.638,64689.043,0.6143,0,0,0,0,,,drift_segment,20200331_S04
20200331_1301,20200331,1301,1300,7.56,14.74,2.752,72.0,0.1867,2920.64,40.564,386.33,0.0,0.01,-0.005,-0.00038,0.0,0.0,0.0,-0.005,117.588,0.337,11.242,0.0,3.194,2.461,64718.226,0.5828,0,0,0,0,,,drift_segment,20200331_S04
20200331_1302,20200331,1302,1301,7.54,14.74,2.747,72.0,0.18636,2915.34,40.491,386.65,0.0,0.0,-0.012,-0.00108,0.0,-0.02,0.0,-0.005,117.138,0.337,10.117,0.0,2.846,2.284,64255.918,0.5957,0,0,0,0,,,drift_segment,20200331_S04
20200331_1303,20200331,1303,1302,7.18,14.74,2.745,72.0,0.18623,2913.21,40.461,405.74,0.0,0.0,-0.013,-0.00081,-2.12,-0.36,0.0,-0.002,109.044,0.337,9.668,0.0,2.707,2.214,55698.09,0.6127,0,0,0,0,,,drift_segment,20200331_S04
20200331_1304,20200331,1304,1303,6.8,14.73,2.754,72.0,0.18697,2920.78,40.566,429.53,-0.02,-0.01,-0.003,0.0,5.45,-0.38,-0.01,0.009,100.501,0.169,11.691,0.0,3.464,2.466,47208.982,0.6495,0,0,0,0,,,drift_segment,20200331_S04
20200331_1305,20200331,1305,1304,6.82,14.73,2.761,72.0,0.18744,2928.21,40.67,429.36,0.02,-0.01,0.007,0.00071,14.99,0.02,0.0,0.007,100.95,0.169,13.265,0.0,3.952,2.713,47604.893,0.6266,0,0,0,0,,,drift_segment,20200331_S04
20200331_1306,20200331,1306,1305,6.78,14.74,2.765,71.0,0.18758,2893.68,40.756,426.8,0.0,0.0,0.012,0.00088,-19.53,-0.04,0.01,0.004,100.051,0.337,14.164,-1.349,4.1,1.563,46850.344,0.5995,0,0,0,0,,,drift_segment,20200331_S04
20200331_1307,20200331,1307,1306,6.16,14.74,2.763,71.0,0.18745,2891.59,40.727,469.41,0.0,0.0,0.01,0.00072,-21.62,-0.62,0.0,-0.002,86.111,0.337,13.715,-1.349,3.961,1.493,34729.028,0.6043,0,0,0,0,,,drift_segment,20200331_S04
20200331_1308,20200331,1308,1307,5.9,14.77,2.758,71.0,0.18673,2892.23,40.736,490.21,0.0,0.03,0.004,-0.00017,-1.45,-0.26,0.03,-0.005,80.266,0.843,12.591,-1.349,3.222,1.514,30351.136,0.6191,0,0,0,0,,,drift_segment,20200331_S04
20200331_1309,20200331,1309,1308,5.79,14.77,2.753,71.0,0.18639,2886.99,40.662,498.62,0.0,0.03,-0.004,-0.00057,-6.69,-0.11,0.0,-0.005,77.792,0.843,11.466,-1.349,2.874,1.339,28528.881,0.6113,0,0,0,0,,,drift_segment,20200331_S04
20200331_1310,20200331,1310,1309,4.86,14.74,2.747,71.0,0.18636,2874.85,40.491,591.53,-0.17,0.0,-0.011,-0.00076,-17.39,-0.93,-0.03,-0.006,56.883,0.337,10.117,-1.349,2.846,0.935,15213.532,0.6648,0,0,0,0,,,drift_segment,20200331_S04
20200331_1311,20200331,1311,1310,4.95,14.74,2.748,72.0,0.18643,2916.4,40.506,589.17,-0.08,0.0,-0.009,-0.00047,24.17,0.09,0.0,0.001,58.906,0.337,10.342,0.0,2.916,2.32,16286.207,0.6544,0,0,0,0,,,drift_segment,20200331_S04
20200331_1312,20200331,1312,1311,4.96,14.73,2.753,73.0,0.1869,2960.27,40.552,596.83,-0.07,-0.02,-0.002,0.00017,68.04,0.01,-0.01,0.005,59.131,0.169,11.466,1.349,3.394,3.782,16350.817,0.6472,0,0,0,0,,,drift_segment,20200331_S04
20200331_1313,20200331,1313,1312,5.01,14.73,2.757,71.0,0.18717,2883.35,40.611,575.52,-0.02,-0.02,0.004,0.00052,-8.88,0.05,0.0,0.004,60.255,0.169,12.366,-1.349,3.673,1.218,17016.345,0.6012,0,0,0,0,,,drift_segment,20200331_S04
20200331_1314,20200331,1314,1313,4.96,14.75,2.763,72.0,0.18732,2934.31,40.754,591.59,-0.07,0.0,0.01,0.00089,17.91,-0.05,0.02,0.006,59.131,0.506,13.715,0.0,3.83,2.917,16447.14,0.6625,0,0,0,0,,,drift_segment,20200331_S04
20200331_1315,20200331,1315,1314,5.03,14.75,2.76,71.0,0.18712,2890.41,40.71,574.63,0.0,0.0,0.009,0.00061,-31.15,0.07,0.0,-0.003,60.705,0.506,13.04,-1.349,3.621,1.453,17349.578,0.5998,0,0,0,0,,,drift_segment,20200331_S04
20200331_1316,20200331,1316,1315,7.24,14.76,2.755,72.0,0.18665,2927.79,40.664,404.39,0.3,0.01,0.002,0.0,2.42,2.21,0.01,-0.005,110.393,0.674,11.916,0.0,3.143,2.699,57172.043,0.6629,0,0,0,0,,,drift_segment,20200331_S04
20200331_1317,20200331,1317,1316,7.17,14.76,2.75,73.0,0.18631,2963.07,40.59,413.26,0.0,0.01,-0.005,-0.00034,37.69,-0.07,0.0,-0.005,108.819,0.674,10.792,1.349,2.795,3.875,55546.428,0.6416,0,0,0,0,,,drift_segment,20200331_S04
20200331_1318,20200331,1318,1317,6.94,14.78,2.75,71.0,0.18606,2885.79,40.645,415.82,-0.3,0.02,-0.006,-0.00045,-39.58,-0.23,0.02,0.0,103.648,1.012,10.792,-1.349,2.536,1.3,50609.247,0.6493,0,0,0,0,,,drift_segment,20200331_S04
20200331_1319,20200331,1319,1318,7.92,14.78,2.749,72.0,0.18599,2925.38,40.63,369.37,0.0,0.02,-0.006,-0.00032,-1.5,0.98,0.0,-0.001,125.682,1.012,10.567,0.0,2.467,2.619,74281.977,0.6235,0,0,0,0,,,drift_segment,20200331_S04
20200331_1320,20200331,1320,1319,8.92,14.75,2.751,72.0,0.18651,2921.56,40.577,327.53,1.0,-0.03,-0.002,0.00045,-3.81,1.0,-0.03,0.002,148.165,0.506,11.017,0.0,2.995,2.492,102854.887,0.669,0,0,0,0,,,drift_segment,20200331_S04
20200331_1321,20200331,1321,1320,8.38,14.75,2.756,72.0,0.18685,2926.87,40.651,349.27,0.46,-0.03,0.005,0.00083,0.73,-0.54,0.0,0.005,136.024,0.506,12.141,0.0,3.343,2.669,86657.569,0.6722,0,0,0,0,,,drift_segment,20200331_S04
20200331_1322,20200331,1322,1321,8.32,14.83,2.758,71.0,0.18597,2903.98,40.901,349.04,0.4,0.03,0.008,-2e-05,-21.39,-0.06,0.08,0.002,134.675,1.855,12.591,-1.349,2.446,1.906,85689.699,0.6791,0,0,0,0,,,drift_segment,20200331_S04
20200331_1323,20200331,1323,1322,8.1,14.83,2.757,72.0,0.18591,2943.81,40.886,363.43,0.18,0.03,0.006,-9e-05,22.25,-0.22,0.0,-0.001,129.729,1.855,12.366,0.0,2.377,3.233,79499.146,0.6631,0,0,0,0,,,drift_segment,20200331_S04
20200331_1324,20200331,1324,1323,8.12,14.8,2.753,72.0,0.18601,2933.6,40.744,361.28,0.2,0.0,0.0,2e-05,8.22,0.02,-0.03,-0.004,130.179,1.349,11.466,0.0,2.486,2.893,79820.154,0.6331,0,0,0,0,,,drift_segment,20200331_S04
20200331_1325,20200331,1325,1324,7.9,14.8,2.75,71.0,0.18581,2889.7,40.7,365.78,-0.03,0.0,-0.005,-0.0002,-36.44,-0.22,0.0,-0.003,125.232,1.349,10.792,-1.349,2.278,1.43,73956.679,0.6272,0,0,0,0,,,drift_segment,20200331_S04
20200331_1326,20200331,1326,1325,7.91,14.8,2.746,72.0,0.18554,2926.14,40.641,369.93,-0.02,0.0,-0.01,-0.00047,-0.73,0.01,0.0,-0.004,125.457,1.349,9.893,0.0,2.0,2.644,74203.602,0.6129,0,0,0,0,,,drift_segment,20200331_S04
20200331_1327,20200331,1327,1326,7.92,14.8,2.747,70.0,0.18561,2845.89,40.656,359.33,-0.01,0.0,-0.008,-0.00041,-87.7,0.01,0.0,0.001,125.682,1.349,10.117,-2.698,2.07,-0.03,74560.545,0.5894,0,0,0,0,,,drift_segment,20200331_S04
20200331_1328,20200331,1328,1327,7.91,14.8,2.755,71.0,0.18615,2894.95,40.774,365.99,-0.01,0.0,0.0,0.00014,-38.64,-0.01,0.0,0.008,125.457,1.349,11.916,-1.349,2.625,1.605,74187.3,0.5796,0,0,0,0,,,drift_segment,20200331_S04
20200331_1329,20200331,1329,1328,7.91,14.8,2.762,72.0,0.18662,2943.19,40.878,372.08,-0.01,0.0,0.009,0.00061,17.05,0.0,0.0,0.007,125.457,1.349,13.49,0.0,3.111,3.213,74096.953,0.6175,0,0,0,0,,,drift_segment,20200331_S04
20200331_1330,20200331,1330,1329,7.93,14.81,2.763,72.0,0.18656,2946.24,40.92,371.53,0.02,0.01,0.01,0.00055,22.99,0.02,0.01,0.001,125.907,1.518,13.715,0.0,3.051,3.314,74704.003,0.609,0,0,0,0,,,drift_segment,20200331_S04
20200331_1331,20200331,1331,1330,7.95,14.81,2.762,72.0,0.1865,2945.18,40.905,370.46,0.04,0.01,0.009,0.00048,19.04,0.02,0.0,-0.001,126.356,1.518,13.49,0.0,2.981,3.279,75242.291,0.6219,0,0,0,0,,,drift_segment,20200331_S04
20200331_1332,20200331,1332,1331,7.93,14.8,2.755,73.0,0.18615,2976.5,40.774,375.35,0.02,0.0,0.002,0.00014,45.19,-0.02,-0.01,-0.007,125.907,1.349,11.916,1.349,2.625,4.323,74628.697,0.6322,0,0,0,0,,,drift_segment,20200331_S04
20200331_1333,20200331,1333,1332,7.92,14.8,2.753,71.0,0.18601,2892.85,40.744,365.26,0.01,0.0,-0.002,0.0,-42.73,-0.01,0.0,-0.002,125.682,1.349,11.466,-1.349,2.486,1.535,74465.823,0.5592,0,0,0,0,,,drift_segment,20200331_S04
20200331_1334,20200331,1334,1333,7.91,14.78,2.749,71.0,0.18599,2884.75,40.63,364.7,0.0,-0.03,-0.006,0.0,-58.44,-0.01,-0.02,-0.004,125.457,1.012,10.567,-1.349,2.467,1.265,74064.092,0.597,0,0,0,0,,,drift_segment,20200331_S04
20200331_1335,20200331,1335,1334,7.89,14.78,2.747,72.0,0.18586,2923.25,40.601,370.5,-0.03,-0.03,-0.008,-0.00012,-21.63,-0.02,0.0,-0.002,125.007,1.012,10.117,0.0,2.328,2.548,73503.217,0.6318,0,0,0,0,,,drift_segment,20200331_S04
20200331_1336,20200331,1336,1335,7.91,14.81,2.749,72.0,0.18562,2931.31,40.713,370.58,0.0,0.0,-0.005,-0.00036,-9.3,0.02,0.03,0.002,125.457,1.518,10.567,0.0,2.08,2.817,74263.926,0.5991,0,0,0,0,,,drift_segment,20200331_S04
20200331_1337,20200331,1337,1336,7.9,14.81,2.753,72.0,0.18589,2935.58,40.772,371.59,-0.01,0.0,0.0,-3e-05,0.0,-0.01,0.0,0.004,125.232,1.518,11.466,0.0,2.357,2.959,73971.23,0.5807,0,0,0,0,,,drift_segment,20200331_S04
20200331_1338,20200331,1338,1337,7.9,14.84,2.76,72.0,0.18598,2949.0,40.958,373.29,-0.01,0.03,0.007,0.0001,17.69,0.0,0.03,0.007,125.232,2.024,13.04,0.0,2.456,3.406,74173.485,0.6383,0,0,0,0,,,drift_segment,20200331_S04
20200331_1339,20200331,1339,1338,7.93,14.84,2.759,72.0,0.18592,2947.94,40.944,371.74,0.02,0.03,0.006,3e-05,16.62,0.03,0.0,-0.001,125.907,2.024,12.815,0.0,2.387,3.371,74976.22,0.6236,0,0,0,0,,,drift_segment,20200331_S04
20200331_1340,20200331,1340,1339,7.94,14.83,2.758,72.0,0.18597,2944.88,40.901,370.89,0.03,0.02,0.005,9e-05,13.57,0.01,-0.01,-0.001,126.132,1.855,12.591,0.0,2.446,3.269,75166.005,0.6106,0,0,0,0,,,drift_segment,20200331_S04
20200331_1341,20200331,1341,1340,7.91,14.83,2.754,72.0,0.1857,2940.61,40.842,371.76,0.0,0.02,0.001,-0.00018,9.3,-0.03,0.0,-0.004,125.457,1.855,11.691,0.0,2.169,3.127,74394.177,0.5932,0,0,0,0,,,drift_segment,20200331_S04
20200331_1342,20200331,1342,1341,7.92,14.81,2.753,71.0,0.18589,2894.81,40.772,365.51,0.01,-0.02,-0.001,0.0,-40.77,0.01,-0.02,-0.001,125.682,1.518,11.466,-1.349,2.357,1.6,74548.317,0.5663,0,0,0,0,,,drift_segment,20200331_S04
20200331_1343,20200331,1343,1342,7.9,14.81,2.747,71.0,0.18548,2888.5,40.683,365.63,-0.01,-0.02,-0.011,-0.00041,-52.11,-0.02,0.0,-0.006,125.232,1.518,10.117,-1.349,1.941,1.39,74060.577,0.6074,0,0,0,0,,,drift_segment,20200331_S04
20200331_1344,20200331,1344,1343,7.89,14.81,2.747,71.0,0.18548,2888.5,40.683,366.1,-0.03,-0.02,-0.007,-0.00037,-20.45,-0.01,0.0,0.0,125.007,1.518,10.117,-1.349,1.941,1.39,73796.072,0.5937,0,0,0,0,,,drift_segment,20200331_S04
20200331_1345,20200331,1345,1344,7.91,14.81,2.753,71.0,0.18589,2894.81,40.772,365.97,0.0,-0.02,0.0,0.0001,-14.14,0.02,0.0,0.006,125.457,1.518,11.466,-1.349,2.357,1.6,74282.993,0.576,0,0,0,0,,,drift_segment,20200331_S04
20200331_1346,20200331,1346,1345,7.91,14.85,2.759,71.0,0.18579,2908.95,40.971,367.76,0.0,0.03,0.006,9e-05,8.28,0.0,0.04,0.006,125.457,2.192,12.815,-1.349,2.258,2.071,74574.249,0.6203,0,0,0,0,,,drift_segment,20200331_S04
20200331_1347,20200331,1347,1346,7.92,14.85,2.762,72.0,0.18599,2953.13,41.016,372.87,0.01,0.03,0.009,0.00048,52.46,0.01,0.0,0.003,125.682,2.192,13.49,0.0,2.465,3.544,74774.884,0.6159,0,0,0,0,,,drift_segment,20200331_S04
20200331_1348,20200331,1348,1347,7.92,14.84,2.758,73.0,0.18585,2987.8,40.929,377.25,0.01,0.01,0.005,0.00034,78.84,0.0,-0.01,-0.004,125.682,2.024,12.591,1.349,2.317,4.699,74674.299,0.6185,0,0,0,0,,,drift_segment,20200331_S04
20200331_1349,20200331,1349,1348,7.93,14.84,2.753,71.0,0.18551,2900.67,40.855,365.78,0.02,0.01,0.0,-0.00028,-9.34,0.01,0.0,-0.005,125.907,2.024,11.466,-1.349,1.971,1.795,75062.49,0.5784,0,0,0,0,,,drift_segment,20200331_S04
20200331_1350,20200331,1350,1349,7.91,14.82,2.747,72.0,0.18536,2931.16,40.711,370.56,0.0,-0.02,-0.01,-0.00049,0.0,-0.02,-0.02,-0.006,125.457,1.686,10.117,0.0,1.812,2.812,74360.954,0.6204,0,0,0,0,,,drift_segment,20200331_S04
20200331_1351,20200331,1351,1350,7.91,14.82,2.747,71.0,0.18536,2890.45,40.711,365.42,0.0,-0.02,-0.011,-0.00049,-43.76,0.0,0.0,0.0,125.457,1.686,10.117,-1.349,1.812,1.455,74408.001,0.5734,0,0,0,0,,,drift_segment,20200331_S04
20200331_1352,20200331,1352,1351,7.91,14.83,2.748,72.0,0.1853,2934.2,40.753,370.95,-0.01,0.0,-0.009,-0.00055,-4.27,0.0,0.01,0.001,125.457,1.855,10.342,0.0,1.753,2.913,74436.113,0.5928,0,0,0,0,,,drift_segment,20200331_S04
20200331_1353,20200331,1353,1352,7.9,14.83,2.757,73.0,0.18591,2984.7,40.886,377.81,-0.01,0.0,0.004,0.00034,50.34,-0.01,0.0,0.009,125.232,1.855,12.366,1.349,2.377,4.596,74067.681,0.6385,0,0,0,0,,,drift_segment,20200331_S04
20200331_1354,20200331,1354,1353,7.93,14.85,2.76,71.0,0.18586,2910.01,40.986,366.96,0.02,0.02,0.008,0.0003,-24.2,0.03,0.02,0.003,125.907,2.192,13.04,-1.349,2.327,2.107,75100.121,0.6273,0,0,0,0,,,drift_segment,20200331_S04
20200331_1355,20200331,1355,1354,7.91,14.85,2.763,72.0,0.18606,2954.2,41.031,373.48,0.0,0.02,0.013,0.0005,19.84,-0.02,0.0,0.003,125.457,2.192,13.715,0.0,2.535,3.58,74503.456,0.6156,0,0,0,0,,,drift_segment,20200331_S04
20200331_1356,20200331,1356,1355,7.93,14.83,2.76,72.0,0.18611,2947.02,40.931,371.63,0.02,0.0,0.008,0.00055,10.99,0.02,-0.02,-0.003,125.907,1.855,13.04,0.0,2.585,3.34,74887.236,0.6197,0,0,0,0,,,drift_segment,20200331_S04
20200331_1357,20200331,1357,1356,7.94,14.83,2.752,72.0,0.18557,2938.48,40.812,370.09,0.03,0.0,0.0,1e-05,2.45,0.01,0.0,-0.008,126.132,1.855,11.242,0.0,2.03,3.056,75205.825,0.5943,0,0,0,0,,,drift_segment,20200331_S04
20200331_1358,20200331,1358,1357,7.9,14.82,2.75,72.0,0.18556,2934.36,40.755,371.44,-0.01,-0.03,-0.007,-1e-05,-1.66,-0.04,-0.01,-0.002,125.232,1.686,10.792,0.0,2.02,2.918,74074.236,0.6296,0,0,0,0,,,drift_segment,20200331_S04
20200331_1359,20200331,1359,1358,7.9,14.82,2.745,72.0,0.18522,2929.02,40.681,370.76,-0.01,-0.03,-0.012,-0.00034,-7.0,0.0,0.0,-0.005,125.232,1.686,9.668,0.0,1.674,2.741,74110.882,0.612,0,0,0,0,,,drift_segment,20200331_S04
20200331_1360,20200331,1360,1359,7.89,14.85,2.746,72.0,0.18492,2936.02,40.778,372.12,-0.02,0.0,-0.011,-0.0004,0.0,-0.01,0.03,0.001,125.007,2.192,9.893,0.0,1.359,2.974,74085.654,0.6192,0,0,0,0,,,drift_segment,20200331_S04
20200331_1361,20200331,1361,1360,7.89,14.85,2.752,72.0,0.18532,2942.44,40.867,372.93,-0.02,0.0,0.0,4e-05,6.42,0.0,0.0,0.006,125.007,2.192,11.242,0.0,1.774,3.188,74042.683,0.5896,0,0,0,0,,,drift_segment,20200331_S04
20200331_1362,20200331,1362,1361,7.91,14.88,2.757,71.0,0.18528,2912.72,41.024,368.23,0.01,0.0,0.005,6e-05,-23.31,0.02,0.03,0.005,125.457,2.698,12.366,-1.349,1.735,2.197,74835.16,0.6037,0,0,0,0,,,drift_segment,20200331_S04
20200331_1363,20200331,1363,1362,7.93,14.88,2.762,71.0,0.18562,2918.0,41.099,367.97,0.03,0.0,0.01,0.0007,-18.03,0.02,0.0,0.005,125.907,2.698,13.49,-1.349,2.08,2.373,75337.302,0.6209,0,0,0,0,,,drift_segment,20200331_S04
20200331_1364,20200331,1364,1363,7.91,14.97,2.76,72.0,0.18437,2974.84,41.317,376.09,0.01,0.06,0.008,-0.0,34.47,-0.02,0.09,-0.002,125.457,4.216,13.04,0.0,0.797,4.267,75518.487,0.6797,0,0,0,0,,,drift_segment,20200331_S04
20200331_1365,20200331,1365,1364,7.92,14.97,2.757,71.0,0.18417,2930.33,41.272,369.99,0.02,0.06,0.005,-0.0002,-12.11,0.01,0.0,-0.003,125.682,4.216,12.366,-1.349,0.591,2.784,75851.92,0.6404,0,0,0,0,,,drift_segment,20200331_S04
20200331_1366,20200331,1366,1365,7.9,14.94,2.752,73.0,0.1842,3001.39,41.115,379.92,0.0,0.01,-0.002,-0.00017,50.28,-0.02,-0.03,-0.005,125.232,3.71,11.242,1.349,0.627,5.152,75011.415,0.6283,0,0,0,0,,,drift_segment,20200331_S04
20200331_1367,20200331,1367,1366,7.9,14.94,2.744,72.0,0.18367,2951.67,40.995,373.63,0.0,0.01,-0.013,-0.0007,0.0,0.0,0.0,-0.008,125.232,3.71,9.443,0.0,0.077,3.495,75112.056,0.6211,0,0,0,0,,,drift_segment,20200331_S04
20200331_1368,20200331,1368,1367,7.89,14.91,2.739,72.0,0.1837,2940.37,40.838,372.67,-0.01,-0.03,-0.017,-0.0005,-20.07,-0.01,-0.03,-0.005,125.007,3.204,8.319,0.0,0.112,3.119,74636.529,0.634,0,0,0,0,,,drift_segment,20200331_S04
20200331_1369,20200331,1369,1368,7.89,14.91,2.749,72.0,0.18437,2951.11,40.988,374.03,-0.01,-0.03,-0.005,0.0002,-12.56,0.0,0.0,0.01,125.007,3.204,10.567,0.0,0.801,3.477,74559.479,0.6291,0,0,0,0,,,drift_segment,20200331_S04
20200331_1370,20200331,1370,1369,7.89,14.93,2.754,72.0,0.18446,2960.44,41.117,375.21,-0.01,-0.01,0.001,0.0004,-3.22,0.0,0.02,0.005,125.007,3.541,11.691,0.0,0.891,3.788,74690.697,0.5992,0,0,0,0,,,drift_segment,20200331_S04
20200331_1371,20200331,1371,1370,7.9,14.93,2.757,72.0,0.18466,2963.66,41.162,375.15,0.0,-0.01,0.005,0.00067,0.0,0.01,0.0,0.003,125.232,3.541,12.366,0.0,1.098,3.895,74937.123,0.596,0,0,0,0,,,drift_segment,20200331_S04
20200331_1372,20200331,1372,1371,7.91,14.99,2.759,72.0,0.18406,2977.73,41.357,376.45,0.01,0.06,0.01,6e-05,17.29,0.01,0.06,0.002,125.457,4.553,12.815,0.0,0.475,4.364,75691.928,0.667,0,0,0,0,,,drift_segment,20200331_S04
20200331_1373,20200331,1373,1372,7.92,14.99,2.756,72.0,0.18386,2974.5,41.312,375.57,0.02,0.06,0.003,-0.0002,12.07,0.01,0.0,-0.003,125.682,4.553,12.141,0.0,0.27,4.256,75978.843,0.6281,0,0,0,0,,,drift_segment,20200331_S04
20200331_1374,20200331,1374,1373,7.91,15.07,2.753,72.0,0.18268,2987.12,41.488,377.64,0.01,0.13,-0.001,-0.00145,24.69,-0.01,0.08,-0.003,125.457,5.902,11.466,0.0,-0.937,4.677,76403.433,0.6825,0,0,0,0,,,drift_segment,20200331_S04
20200331_1375,20200331,1375,1374,7.9,15.07,2.748,72.0,0.18235,2981.69,41.412,377.43,0.0,0.13,-0.006,-0.00178,18.03,-0.01,0.0,-0.005,125.232,5.902,10.342,0.0,-1.278,4.496,76170.389,0.6705,0,0,0,0,,,drift_segment,20200331_S04
20200331_1376,20200331,1376,1375,7.9,14.93,2.747,71.0,0.18399,2911.9,41.013,368.6,-0.01,-0.01,-0.008,-0.00013,-51.76,0.0,-0.14,-0.001,125.232,3.541,10.117,-1.349,0.41,2.17,75053.159,0.6204,0,0,0,0,,,drift_segment,20200331_S04
20200331_1377,20200331,1377,1376,7.88,14.93,2.749,71.0,0.18413,2914.02,41.043,369.8,-0.03,-0.01,-0.005,7e-05,-48.4,-0.02,0.0,0.002,124.783,3.541,10.567,-1.349,0.547,2.24,74506.549,0.6115,0,0,0,0,,,drift_segment,20200331_S04
20200331_1378,20200331,1378,1377,7.88,14.94,2.754,72.0,0.18434,2962.42,41.145,375.94,-0.02,0.0,0.001,0.00035,2.32,0.0,0.01,0.005,124.783,3.71,11.691,0.0,0.764,3.854,74508.026,0.602,0,0,0,0,,,drift_segment,20200331_S04
20200331_1379,20200331,1379,1378,7.91,14.94,2.757,71.0,0.18454,2924.46,41.19,369.72,0.01,0.0,0.007,0.00041,-33.49,0.03,0.0,0.003,125.457,3.71,12.366,-1.349,0.971,2.588,75333.932,0.619,0,0,0,0,,,drift_segment,20200331_S04
20200331_1380,20200331,1380,1379,7.91,14.89,2.757,73.0,0.18516,2996.78,41.052,378.86,0.01,-0.05,0.008,0.00103,38.83,0.0,-0.05,0.0,125.457,2.867,12.366,1.349,1.607,4.999,74828.984,0.6421,0,0,0,0,,,drift_segment,20200331_S04
20200331_1381,20200331,1381,1380,7.92,14.89,2.755,72.0,0.18502,2953.58,41.022,372.93,0.02,-0.05,0.005,0.0009,-1.48,0.01,0.0,-0.002,125.682,2.867,11.916,0.0,1.469,3.559,75150.42,0.6172,0,0,0,0,,,drift_segment,20200331_S04
20200331_1382,20200331,1382,1381,7.89,14.95,2.75,72.0,0.18395,2960.1,41.112,375.17,-0.01,0.01,-0.004,-0.00018,2.15,-0.03,0.06,-0.005,125.007,3.878,10.792,0.0,0.363,3.776,74884.369,0.6446,0,0,0,0,,,drift_segment,20200331_S04
20200331_1383,20200331,1383,1382,7.89,14.95,2.748,72.0,0.18381,2957.95,41.083,374.9,-0.01,0.0,-0.007,-0.00013,-2.15,0.0,0.0,-0.002,125.007,3.878,10.342,0.0,0.225,3.705,74898.764,0.5994,0,0,0,0,,,drift_segment,20200331_S04
20200331_1384,20200331,1384,1383,7.9,14.93,2.749,72.0,0.18413,2955.07,41.043,374.06,0.0,-0.02,-0.006,0.00018,-2.88,0.01,-0.02,0.001,125.232,3.541,10.567,0.0,0.547,3.608,74991.481,0.601,0,0,0,0,,,drift_segment,20200331_S04
20200331_1385,20200331,1385,1384,7.89,14.99,2.745,72.0,0.18312,2962.62,41.148,375.49,-0.01,0.04,-0.007,-0.00082,4.68,-0.01,0.06,-0.004,125.007,4.553,9.668,0.0,-0.484,3.86,75254.443,0.6594,0,0,0,0,,,drift_segment,20200331_S04
20200331_1386,20200331,1386,1385,7.91,14.99,2.755,71.0,0.18379,2932.12,41.297,370.69,0.01,0.04,0.005,-0.00015,-22.95,0.02,0.0,0.01,125.457,4.553,11.916,-1.349,0.201,2.844,75764.723,0.655,0,0,0,0,,,drift_segment,20200331_S04
20200331_1387,20200331,1387,1386,7.9,15.07,2.756,72.0,0.18288,2990.37,41.533,378.53,0.0,0.12,0.007,-0.00093,35.31,-0.01,0.08,0.001,125.232,5.902,12.141,0.0,-0.733,4.785,76114.797,0.6925,0,0,0,0,,,drift_segment,20200331_S04
20200331_1388,20200331,1388,1387,7.9,15.07,2.756,72.0,0.18288,2990.37,41.533,378.53,0.0,0.13,0.007,-0.00093,37.46,0.0,0.0,0.0,125.232,5.902,12.141,0.0,-0.733,4.785,76114.797,0.6512,0,0,0,0,,,drift_segment,20200331_S04
20200331_1389,20200331,1389,1388,7.91,14.93,2.752,71.0,0.18433,2917.2,41.087,368.8,0.01,-0.01,0.0,0.00039,-35.71,0.01,-0.14,-0.004,125.457,3.541,11.242,-1.349,0.754,2.346,75283.95,0.6236,0,0,0,0,,,drift_segment,20200331_S04
20200331_1390,20200331,1390,1389,7.9,14.93,2.747,72.0,0.18399,2952.92,41.013,373.79,0.0,-0.01,-0.006,6e-05,0.0,-0.01,0.0,-0.005,125.232,3.541,10.117,0.0,0.41,3.537,75006.114,0.6016,0,0,0,0,,,drift_segment,20200331_S04
20200331_1391,20200331,1391,1390,7.89,14.94,2.748,70.0,0.18394,2873.86,41.055,364.24,-0.01,0.0,-0.005,-6e-05,-79.06,-0.01,0.01,0.001,125.007,3.71,10.342,-2.698,0.352,0.902,74914.499,0.6015,0,0,0,0,,,drift_segment,20200331_S04
20200331_1392,20200331,1392,1391,7.9,14.94,2.744,71.0,0.18367,2910.67,40.995,368.44,0.0,0.0,-0.009,-0.00048,-42.24,0.01,0.0,-0.004,125.232,3.71,9.443,-1.349,0.077,2.129,75159.131,0.6068,0,0,0,0,,,drift_segment,20200331_S04
20200331_1393,20200331,1393,1392,7.89,14.89,2.753,72.0,0.18489,2951.44,40.992,374.07,-0.01,-0.04,0.001,0.00056,0.0,-0.01,-0.05,0.009,125.007,2.867,11.466,0.0,1.331,3.487,74366.046,0.6465,0,0,0,0,,,drift_segment,20200331_S04
20200331_1394,20200331,1394,1393,7.88,14.89,2.757,72.0,0.18516,2955.72,41.052,375.09,-0.02,-0.04,0.007,0.00074,38.52,-0.01,0.0,0.004,124.783,2.867,12.366,0.0,1.607,3.63,74074.942,0.6345,0,0,0,0,,,drift_segment,20200331_S04
20200331_1395,20200331,1395,1394,7.91,14.95,2.757,72.0,0.18441,2967.63,41.217,375.18,0.02,0.06,0.007,-0.00047,48.97,0.03,0.06,0.0,125.457,3.878,12.366,0.0,0.844,4.027,75370.257,0.6714,0,0,0,0,,,drift_segment,20200331_S04
20200331_1396,20200331,1396,1395,7.9,14.95,2.753,73.0,0.18415,3004.49,41.157,380.31,0.01,0.06,0.001,-0.00101,85.83,-0.01,0.0,-0.004,125.232,3.878,11.466,1.349,0.569,5.256,75087.819,0.6426,0,0,0,0,,,drift_segment,20200331_S04
20200331_1397,20200331,1397,1396,7.9,14.74,2.75,71.0,0.18657,2877.98,40.535,364.3,0.0,-0.01,-0.002,0.00014,-44.64,0.0,-0.21,-0.003,125.232,0.337,10.792,-1.349,3.055,1.039,73464.997,0.5861,0,0,0,0,,,drift_segment,20200331_S04
20200331_1398,20200331,1398,1397,7.89,14.74,2.748,71.0,0.18643,2875.89,40.506,364.5,0.0,-0.01,-0.005,0.0,-48.86,-0.01,0.0,-0.002,125.007,0.337,10.342,-1.349,2.916,0.97,73215.841,0.5585,0,0,0,0,,,drift_segment,20200331_S04
20200331_1399,20200331,1399,1398,7.89,14.73,2.748,72.0,0.18656,2914.42,40.478,369.38,-0.01,-0.02,-0.004,0.00013,-10.33,0.0,-0.01,0.0,125.007,0.169,10.342,0.0,3.046,2.254,73087.489,0.567,0,0,0,0,,,drift_segment,20200331_S04
20200331_1400,20200331,1400,1399,7.89,14.73,2.752,72.0,0.18683,2918.66,40.537,369.92,-0.01,-0.02,0.0,0.0004,-6.09,0.0,0.0,0.004,125.007,0.169,11.242,0.0,3.325,2.395,73059.43,0.5707,0,0,0,0,,,drift_segment,20200331_S04
20200331_1401,20200331,1401,1400,7.9,14.75,2.752,72.0,0.18658,2922.62,40.592,369.95,0.0,0.0,0.002,0.00014,0.0,0.01,0.02,0.0,125.232,0.506,11.242,0.0,3.064,2.527,73485.985,0.5622,0,0,0,0,,,drift_segment,20200331_S04
20200331_1402,20200331,1402,1401,7.9,14.75,2.754,72.0,0.18671,2924.75,40.622,370.22,0.0,0.0,0.005,0.00028,6.09,0.0,0.0,0.002,125.232,0.506,11.691,0.0,3.204,2.598,73472.524,0.5663,0,0,0,0,,,drift_segment,20200331_S04
20200331_1403,20200331,1403,1402,7.89,15.07,2.754,72.0,0.18275,2988.2,41.503,378.73,-0.01,0.14,0.005,-0.00172,65.58,-0.01,0.32,0.0,125.007,5.902,11.691,0.0,-0.869,4.713,75859.992,0.6928,0,0,0,0,,,drift_segment,20200331_S04
20200331_1404,20200331,1404,1403,7.91,15.07,2.749,72.0,0.18242,2982.77,41.427,377.09,0.01,0.14,-0.003,-0.00206,60.15,0.02,0.0,-0.005,125.457,5.902,10.567,0.0,-1.21,4.532,76431.733,0.6691,0,0,0,0,,,drift_segment,20200331_S04
20200331_1405,20200331,1405,1404,7.91,14.93,2.748,72.0,0.18406,2953.99,41.028,373.45,0.01,0.0,-0.004,-0.00041,31.37,0.0,-0.14,-0.001,125.457,3.541,10.342,0.0,0.478,3.573,75265.376,0.6142,0,0,0,0,,,drift_segment,20200331_S04
20200331_1406,20200331,1406,1405,7.89,14.93,2.748,71.0,0.18406,2912.96,41.028,369.2,-0.01,0.0,-0.004,-2e-05,-10.44,-0.02,0.0,0.0,125.007,3.541,10.342,-1.349,0.478,2.205,74779.543,0.5847,0,0,0,0,,,drift_segment,20200331_S04
20200331_1407,20200331,1407,1406,7.9,14.94,2.749,71.0,0.184,2915.97,41.07,369.11,0.0,0.0,-0.003,-6e-05,-8.77,0.01,0.01,0.001,125.232,3.71,10.567,-1.349,0.421,2.306,75121.712,0.5757,0,0,0,0,,,drift_segment,20200331_S04
20200331_1408,20200331,1408,1407,7.91,14.94,2.756,71.0,0.18447,2923.4,41.175,369.58,0.01,0.0,0.007,0.00041,0.0,0.01,0.0,0.007,125.457,3.71,12.141,-1.349,0.902,2.553,75340.394,0.6221,0,0,0,0,,,drift_segment,20200331_S04
20200331_1409,20200331,1409,1408,7.9,14.89,2.759,71.0,0.18529,2916.79,41.082,369.21,0.0,-0.05,0.01,0.00123,-6.61,-0.01,-0.05,0.003,125.232,2.867,12.815,-1.349,1.745,2.333,74639.633,0.6329,0,0,0,0,,,drift_segment,20200331_S04
20200331_1410,20200331,1410,1409,7.9,14.89,2.754,71.0,0.18496,2911.5,41.007,368.54,0.0,-0.05,0.005,0.0009,-11.9,0.0,0.0,-0.005,125.232,2.867,11.691,-1.349,1.4,2.156,74671.746,0.6023,0,0,0,0,,,drift_segment,20200331_S04
20200331_1411,20200331,1411,1410,7.9,14.95,2.752,72.0,0.18408,2962.25,41.142,374.97,0.01,0.01,0.0,8e-05,38.85,0.0,0.06,-0.002,125.232,3.878,11.242,0.0,0.5,3.848,75136.754,0.6073,0,0,0,0,,,drift_segment,20200331_S04
20200331_1412,20200331,1412,1411,7.89,14.95,2.744,73.0,0.18355,2994.66,41.023,379.55,-0.01,0.0,-0.009,-0.00011,64.67,-0.01,0.0,-0.008,125.007,3.878,9.443,1.349,-0.049,4.928,74886.742,0.6487,0,0,0,0,,,drift_segment,20200331_S04
20200331_1413,20200331,1413,1412,7.89,14.93,2.741,71.0,0.18359,2905.54,40.923,368.26,-0.01,-0.02,-0.013,-7e-05,-24.45,0.0,-0.02,-0.003,125.007,3.541,8.768,-1.349,-0.003,1.958,74833.215,0.6109,0,0,0,0,,,drift_segment,20200331_S04
20200331_1414,20200331,1414,1413,7.87,14.99,2.748,72.0,0.18332,2965.86,41.193,376.86,-0.03,0.04,-0.006,-0.00033,5.42,-0.02,0.06,0.007,124.558,4.553,10.342,0.0,-0.278,3.968,74699.377,0.6782,0,0,0,0,,,drift_segment,20200331_S04
20200331_1415,20200331,1415,1414,7.88,14.99,2.753,71.0,0.18366,2929.99,41.267,371.83,-0.01,0.04,0.0,0.0,-30.45,0.01,0.0,0.005,124.783,4.553,11.466,-1.349,0.064,2.773,74977.175,0.6221,0,0,0,0,,,drift_segment,20200331_S04
20200331_1416,20200331,1416,1415,7.89,15.07,2.759,72.0,0.18308,2993.63,41.578,379.42,0.0,0.12,0.007,-0.00058,33.19,0.01,0.08,0.006,125.007,5.902,12.815,0.0,-0.528,4.894,75827.702,0.6986,0,0,0,0,,,drift_segment,20200331_S04
20200331_1417,20200331,1417,1416,7.91,15.07,2.759,73.0,0.18308,3035.2,41.578,383.72,0.02,0.13,0.007,-0.00058,74.93,0.02,0.0,0.0,125.457,5.902,12.815,1.349,-0.528,6.279,76321.906,0.675,0,0,0,0,,,drift_segment,20200331_S04
20200331_1418,20200331,1418,1417,7.9,14.93,2.757,71.0,0.18466,2922.5,41.162,369.94,0.01,-0.01,0.005,0.00079,-32.39,-0.01,-0.14,-0.002,125.232,3.541,12.366,-1.349,1.098,2.523,74984.095,0.6365,0,0,0,0,,,drift_segment,20200331_S04
20200331_1419,20200331,1419,1418,7.9,14.93,2.754,72.0,0.18446,2960.44,41.117,374.74,0.0,-0.01,0.001,0.00026,0.17,0.0,0.0,-0.003,125.232,3.541,11.691,0.0,0.891,3.788,74956.725,0.5782,0,0,0,0,,,drift_segment,20200331_S04
20200331_1420,20200331,1420,1419,7.89,14.94,2.752,72.0,0.1842,2960.27,41.115,375.19,-0.01,0.0,-0.002,-0.00014,0.0,-0.01,0.01,-0.002,125.007,3.71,11.242,0.0,0.627,3.782,74787.279,0.5921,0,0,0,0,,,drift_segment,20200331_S04
20200331_1421,20200331,1421,1420,7.88,14.94,2.747,72.0,0.18387,2954.89,41.04,374.99,-0.03,0.0,-0.009,-0.00059,-5.38,-0.01,0.0,-0.005,124.783,3.71,10.117,0.0,0.283,3.603,74557.138,0.6331,0,0,0,0,,,drift_segment,20200331_S04
20200331_1422,20200331,1422,1421,7.91,14.89,2.747,72.0,0.18449,2945.0,40.903,372.31,0.0,-0.04,-0.009,0.0,-9.89,0.03,-0.05,0.0,125.457,2.867,10.117,0.0,0.917,3.273,74940.138,0.6374,0,0,0,0,,,drift_segment,20200331_S04
20200331_1423,20200331,1423,1422,7.92,14.89,2.75,72.0,0.18469,2948.22,40.948,372.25,0.01,-0.04,-0.006,0.00014,0.0,0.01,0.0,0.003,125.682,2.867,10.792,0.0,1.124,3.38,75184.799,0.6131,0,0,0,0,,,drift_segment,20200331_S04
20200331_1424,20200331,1424,1423,7.91,14.95,2.756,72.0,0.18435,2966.56,41.202,375.04,-0.01,0.06,0.002,-0.0002,18.34,-0.01,0.06,0.006,125.457,3.878,12.141,0.0,0.775,3.992,75376.715,0.6608,0,0,0,0,,,drift_segment,20200331_S04
20200331_1425,20200331,1425,1424,7.92,14.95,2.759,72.0,0.18455,2969.79,41.247,374.97,0.0,0.06,0.007,-0.00014,24.78,0.01,0.0,0.003,125.682,3.878,12.815,0.0,0.981,4.099,75624.813,0.6366,0,0,0,0,,,drift_segment,20200331_S04
20200331_1426,20200331,1426,1425,7.93,14.74,2.765,71.0,0.18758,2893.68,40.756,364.9,0.01,0.0,0.013,0.002,-30.28,0.01,-0.21,0.006,125.907,0.337,14.164,-1.349,4.1,1.563,74163.145,0.6253,0,0,0,0,,,drift_segment,20200331_S04
20200331_1427,20200331,1427,1426,7.93,14.74,2.76,71.0,0.18725,2888.45,40.682,364.24,0.01,0.0,0.008,0.00166,-5.23,0.0,0.0,-0.005,125.907,0.337,13.04,-1.349,3.752,1.388,74192.185,0.5686,0,0,0,0,,,drift_segment,20200331_S04
20200331_1428,20200331,1428,1427,7.95,14.73,2.757,72.0,0.18717,2923.96,40.611,367.79,0.03,0.0,0.005,0.00158,35.51,0.02,-0.01,-0.003,126.356,0.169,12.366,0.0,3.673,2.572,74612.027,0.6088,0,0,0,0,,,drift_segment,20200331_S04
20200331_1429,20200331,1429,1428,7.94,14.73,2.752,71.0,0.18683,2878.12,40.537,362.48,0.03,0.0,0.0,0.00124,0.0,-0.01,0.0,-0.005,126.132,0.169,11.242,-1.349,3.325,1.044,74427.081,0.5653,0,0,0,0,,,drift_segment,20200331_S04
20200402_130,20200402,130,129,2.38,14.52,2.707,73.0,0.18643,2869.31,39.306,1205.59,0.0,-0.04,0.003,0.00046,30.09,-0.01,-0.04,-0.002,1.124,-3.373,1.124,1.349,2.917,0.75,9.014,0.5267,0,0,0,0,0.9388,0.0042,day_relative,
20200402_168,20200402,168,167,2.37,14.59,2.7,70.0,0.18506,2757.51,39.393,1163.51,0.01,0.0,0.0,-7e-05,-79.84,0.01,0.02,0.0,0.899,-2.192,-0.45,-2.698,1.505,-2.976,9.776,0.4817,0,0,0,0,0.9127,0.0148,day_relative,
20200402_204,20200402,204,203,2.37,14.56,2.7,70.0,0.18544,2751.84,39.312,1161.11,0.0,0.0,0.0,0.0,-75.16,-0.01,-0.01,0.003,0.899,-2.698,-0.45,-2.698,1.897,-3.165,10.602,0.4978,0,0,0,0,0.9323,0.0062,day_relative,
20200402_208,20200402,208,207,2.39,14.56,2.712,72.0,0.18626,2843.04,39.487,1189.56,0.02,0.0,0.004,0.00053,13.48,0.02,0.01,0.011,1.349,-2.698,2.248,0.0,2.743,-0.125,7.705,0.5445,0,0,0,0,0.9096,0.0168,day_relative,
20200402_209,20200402,209,208,2.39,14.56,2.712,73.0,0.18626,2882.53,39.487,1206.08,0.02,0.0,0.004,0.00053,52.96,0.0,0.0,0.0,1.349,-2.698,2.248,1.349,2.743,1.191,11.185,0.5071,0,0,0,0,0.9206,0.0118,day_relative,
20200402_210,20200402,210,209,2.38,14.53,2.711,71.0,0.18658,2796.75,39.391,1175.1,0.01,-0.03,0.003,0.00085,-39.7,-0.01,-0.03,-0.001,1.124,-3.204,2.023,-1.349,3.068,-1.668,8.96,0.516,0,0,0,0,0.9324,0.0052,day_relative,
20200402_211,20200402,211,210,2.38,14.53,2.711,71.0,0.18658,2796.75,39.391,1175.1,0.01,-0.03,0.003,0.00085,-39.7,0.0,0.0,0.0,1.124,-3.204,2.023,-1.349,3.068,-1.668,8.96,0.4816,0,0,0,0,0.913,0.0135,day_relative,
20200402_284,20200402,284,283,2.35,14.53,2.712,71.0,0.18665,2797.78,39.405,1190.54,-0.02,-0.02,0.001,0.00089,-32.83,-0.02,-0.07,0.0,0.45,-3.204,2.248,-1.349,3.138,-1.634,12.566,0.5388,0,0,0,0,0.9545,0.0022,day_relative,
20200402_285,20200402,285,284,2.35,14.53,2.712,71.0,0.18665,2797.78,39.405,1190.54,-0.02,-0.02,0.001,0.00089,-13.48,0.0,0.0,0.0,0.45,-3.204,2.248,-1.349,3.138,-1.634,12.566,0.4798,0,0,0,0,0.9267,0.0088,day_relative,
20200402_286,20200402,286,285,2.38,14.55,2.711,71.0,0.18632,2800.6,39.445,1176.72,0.03,-0.01,0.0,0.00057,-10.66,0.03,0.02,-0.001,1.124,-2.867,2.023,-1.349,2.804,-1.54,8.078,0.5186,0,0,0,0,0.9121,0.0158,day_relative,
20200402_294,20200402,294,293,2.35,14.54,2.696,73.0,0.18542,2861.59,39.2,1217.7,-0.01,-0.02,-0.004,0.0,31.12,-0.01,-0.03,-0.002,0.45,-3.035,-1.349,1.349,1.876,0.493,10.847,0.489,0,0,0,0,0.9244,0.0102,day_relative,
20200402_304,20200402,304,303,2.34,14.58,2.708,70.0,0.18573,2763.78,39.483,1181.1,-0.01,-0.01,0.0,0.0,-74.31,-0.04,-0.01,-0.002,0.225,-2.361,1.349,-2.698,2.199,-2.767,12.495,0.5348,0,0,0,0,0.9319,0.0072,day_relative,
20200402_334,20200402,334,333,2.33,14.55,2.701,70.0,0.18564,2750.97,39.3,1180.67,-0.04,-0.04,0.0,0.00057,-85.33,-0.04,-0.04,0.001,0.0,-2.867,-0.225,-2.698,2.098,-3.194,14.78,0.5895,0,0,1,1,0.9634,0.001,day_relative,
20200402_495,20200402,495,494,2.38,14.52,2.707,73.0,0.18643,2869.31,39.306,1205.59,0.0,-0.04,0.003,0.00046,30.09,-0.01,-0.04,-0.002,1.124,-3.373,1.124,1.349,2.917,0.75,9.014,0.5267,0,0,0,0,0.9388,0.0042,day_relative,
20200402_533,20200402,533,532,2.37,14.59,2.7,70.0,0.18506,2757.51,39.393,1163.51,0.01,0.0,0.0,-7e-05,-79.84,0.01,0.02,0.0,0.899,-2.192,-0.45,-2.698,1.505,-2.976,9.776,0.4817,0,0,0,0,0.9127,0.0148,day_relative,
20200402_569,20200402,569,568,2.37,14.56,2.7,70.0,0.18544,2751.84,39.312,1161.11,0.0,0.0,0.0,0.0,-75.16,-0.01,-0.01,0.003,0.899,-2.698,-0.45,-2.698,1.897,-3.165,10.602,0.4978,0,0,0,0,0.9323,0.0062,day_relative,
20200402_573,20200402,573,572,2.39,14.56,2.712,72.0,0.18626,2843.04,39.487,1189.56,0.02,0.0,0.004,0.00053,13.48,0.02,0.01,0.011,1.349,-2.698,2.248,0.0,2.743,-0.125,7.705,0.5445,0,0,0,0,0.9096,0.0168,day_relative,
20200402_574,20200402,574,573,2.39,14.56,2.712,73.0,0.18626,2882.53,39.487,1206.08,0.02,0.0,0.004,0.00053,52.96,0.0,0.0,0.0,1.349,-2.698,2.248,1.349,2.743,1.191,11.185,0.5071,0,0,0,0,0.9206,0.0118,day_relative,
20200402_575,20200402,575,574,2.38,14.53,2.711,71.0,0.18658,2796.75,39.391,1175.1,0.01,-0.03,0.003,0.00085,-39.7,-0.01,-0.03,-0.001,1.124,-3.204,2.023,-1.349,3.068,-1.668,8.96,0.516,0,0,0,0,0.9324,0.0052,day_relative,
20200402_576,20200402,576,575,2.38,14.53,2.711,71.0,0.18658,2796.75,39.391,1175.1,0.01,-0.03,0.003,0.00085,-39.7,0.0,0.0,0.0,1.124,-3.204,2.023,-1.349,3.068,-1.668,8.96,0.4816,0,0,0,0,0.913,0.0135,day_relative,
20200402_649,20200402,649,648,2.35,14.53,2.712,71.0,0.18665,2797.78,39.405,1190.54,-0.02,-0.02,0.001,0.00089,-32.83,-0.02,-0.07,0.0,0.45,-3.204,2.248,-1.349,3.138,-1.634,12.566,0.5388,0,0,0,0,0.9545,0.0022,day_relative,
20200402_650,20200402,650,649,2.35,14.53,2.712,71.0,0.18665,2797.78,39.405,1190.54,-0.02,-0.02,0.001,0.00089,-13.48,0.0,0.0,0.0,0.45,-3.204,2.248,-1.349,3.138,-1.634,12.566,0.4798,0,0,0,0,0.9267,0.0088,day_relative,
20200402_651,20200402,651,650,2.38,14.55,2.711,71.0,0.18632,2800.6,39.445,1176.72,0.03,-0.01,0.0,0.00057,-10.66,0.03,0.02,-0.001,1.124,-2.867,2.023,-1.349,2.804,-1.54,8.078,0.5186,0,0,0,0,0.9121,0.0158,day_relative,
20200402_659,20200402,659,658,2.35,14.54,2.696,73.0,0.18542,2861.59,39.2,1217.7,-0.01,-0.02,-0.004,0.0,31.12,-0.01,-0.03,-0.002,0.45,-3.035,-1.349,1.349,1.876,0.493,10.847,0.489,0,0,0,0,0.9244,0.0102,day_relative,
20200402_669,20200402,669,668,2.34,14.58,2.708,70.0,0.18573,2763.78,39.483,1181.1,-0.01,-0.01,0.0,0.0,-74.31,-0.04,-0.01,-0.002,0.225,-2.361,1.349,-2.698,2.199,-2.767,12.495,0.5348,0,0,0,0,0.9319,0.0072,day_relative,
20200402_733,20200402,733,732,2.33,14.55,2.701,70.0,0.18564,2750.97,39.3,1180.67,-0.04,-0.04,0.0,0.00057,-84.43,-0.04,-0.04,0.001,0.0,-2.867,-0.225,-2.698,2.098,-3.194,14.78,0.5895,0,0,1,1,0.9634,0.001,day_relative,
20200402_1029,20200402,1029,1028,2.33,14.55,2.701,70.0,0.18564,2750.97,39.3,1180.67,-0.04,-0.04,0.0,0.00057,-84.43,-0.04,-0.04,0.001,0.0,-2.867,-0.225,-2.698,2.098,-3.194,14.78,0.5895,0,0,1,1,0.9634,0.001,day_relative,
20200402_1351,20200402,1351,1350,2.33,14.71,2.717,72.0,0.1847,2877.63,39.967,1235.03,0.0,-0.01,0.008,0.00058,15.0,-0.01,-0.04,0.008,0.0,-0.169,3.372,0.0,1.141,1.028,11.842,0.5323,0,0,0,0,0.9516,0.003,day_relative,
20200402_1353,20200402,1353,1352,2.34,14.74,2.714,73.0,0.18412,2920.32,40.004,1248.0,0.01,0.02,0.005,0.0,57.69,0.01,0.03,-0.003,0.225,0.337,2.698,1.349,0.546,2.45,12.7,0.5389,0,0,0,0,0.9261,0.0095,day_relative,
20200402_1547,20200402,1547,1546,2.32,14.74,2.715,72.0,0.18419,2881.38,40.019,1241.97,0.0,0.0,0.006,0.00041,15.74,-0.01,0.0,0.006,-0.225,0.337,2.923,0.0,0.616,1.152,9.433,0.4829,0,0,0,0,0.9095,0.0175,day_relative,
20200402_1741,20200402,1741,1740,2.29,14.76,2.71,70.0,0.1836,2799.97,40.0,1222.7,-0.01,0.02,0.004,2e-05,-71.85,-0.02,0.03,-0.001,-0.899,0.674,1.799,-2.698,0.011,-1.561,12.251,0.517,0,0,0,0,0.9177,0.0125,day_relative,
20200402_1755,20200402,1755,1754,2.29,14.72,2.714,72.0,0.18438,2876.41,39.95,1256.07,0.0,-0.01,0.003,0.00046,3.55,-0.03,-0.04,0.003,-0.899,0.0,2.698,0.0,0.803,0.987,11.173,0.494,0,0,0,0,0.9045,0.0195,day_relative,
20200402_1787,20200402,1787,1786,2.29,14.72,2.716,72.0,0.18451,2878.53,39.98,1257.0,0.0,0.0,0.005,0.00039,7.25,-0.01,-0.02,0.002,-0.899,0.0,3.148,0.0,0.943,1.057,14.024,0.4806,0,0,0,0,0.9269,0.008,day_relative,
20200402_1846,20200402,1846,1845,2.32,14.76,2.714,72.0,0.18388,2884.22,40.059,1243.2,0.03,0.02,0.007,0.00045,10.99,0.03,-0.01,0.007,-0.225,0.674,2.698,0.0,0.29,1.247,8.639,0.5391,0,0,0,0,0.9076,0.018,day_relative,
20200402_1876,20200402,1876,1875,2.27,14.72,2.702,70.0,0.18356,2784.14,39.773,1226.49,-0.03,-0.03,0.0,0.00037,-81.14,-0.03,-0.03,-0.001,-1.349,0.0,0.0,-2.698,-0.034,-2.088,13.093,0.5254,0,0,0,0,0.9216,0.011,day_relative,
20200402_1900,20200402,1900,1899,2.29,14.73,2.697,70.0,0.1831,2780.88,39.727,1214.36,0.0,-0.02,-0.004,0.0,-85.64,0.0,-0.04,-0.001,-0.899,0.169,-1.124,-2.698,-0.511,-2.197,10.144,0.5013,0,0,0,0,0.9053,0.019,day_relative,
20200402_1936,20200402,1936,1935,2.28,14.74,2.703,70.0,0.18338,2788.96,39.842,1223.23,-0.01,0.0,0.0,0.0,-81.96,-0.01,-0.07,0.003,-1.124,0.337,0.225,-2.698,-0.221,-1.928,10.284,0.5004,0,0,0,0,0.906,0.0185,day_relative,
20200402_1940,20200402,1940,1939,2.31,14.71,2.715,72.0,0.18457,2875.51,39.938,1244.81,0.03,-0.03,0.003,0.0007,-2.85,0.01,-0.02,0.001,-0.45,-0.169,2.923,0.0,1.002,0.957,10.027,0.4835,0,0,0,0,0.913,0.0135,day_relative,
20200402_1941,20200402,1941,1940,2.31,14.71,2.715,73.0,0.18457,2915.45,39.938,1262.1,0.03,-0.03,0.003,0.0007,39.94,0.0,0.0,0.0,-0.45,-0.169,2.923,1.349,1.002,2.288,14.081,0.525,0,0,0,0,0.9433,0.0035,day_relative,
20200403_180,20200403,180,179,2.3,14.97,2.7,72.0,0.18036,2910.17,40.419,1265.29,-0.01,0.06,0.0,-0.00102,25.47,-0.01,0.09,0.001,-0.675,4.216,-0.45,0.0,-3.321,2.112,19.917,0.5837,1,1,1,3,0.9758,0.0782,point_anomaly,
20200403_181,20200403,181,180,2.3,14.97,2.7,72.0,0.18036,2910.17,40.419,1265.29,-0.01,0.06,0.0,-0.00102,18.57,0.0,0.0,0.0,-0.675,4.216,-0.45,0.0,-3.321,2.112,19.917,0.5385,1,1,0,2,0.9681,0.107,point_anomaly,
20200403_182,20200403,182,181,2.32,14.94,2.705,71.0,0.18106,2869.3,40.413,1236.77,0.0,0.01,0.0,-0.00033,-22.3,0.02,-0.03,0.005,-0.225,3.71,0.674,-1.349,-2.605,0.75,21.674,0.5044,1,1,0,2,0.9549,0.1337,point_anomaly,
20200403_183,20200403,183,182,2.32,14.94,2.705,71.0,0.18106,2869.3,40.413,1236.77,0.0,0.01,0.0,-0.00033,-40.87,0.0,0.0,0.0,-0.225,3.71,0.674,-1.349,-2.605,0.75,21.674,0.4623,1,1,0,2,0.9212,0.2027,point_anomaly,
20200403_184,20200403,184,183,2.34,14.91,2.713,72.0,0.18196,2912.46,40.451,1244.64,0.0,-0.03,0.006,0.0009,2.29,0.02,-0.03,0.008,0.225,3.204,2.473,0.0,-1.679,2.188,26.775,0.588,0,1,1,2,0.9684,0.1039,point_anomaly,
20200403_186,20200403,186,185,2.34,14.93,2.71,73.0,0.18151,2953.6,40.46,1262.22,0.0,-0.01,0.003,0.00046,40.46,0.0,0.02,-0.003,0.225,3.541,1.799,1.349,-2.136,3.56,31.427,0.563,1,1,1,3,0.9737,0.0864,point_anomaly,
20200403_187,20200403,187,186,2.34,14.93,2.71,72.0,0.18151,2913.14,40.46,1244.93,0.0,-0.01,0.003,0.00046,0.0,0.0,0.0,0.0,0.225,3.541,1.799,0.0,-2.136,2.211,27.82,0.496,1,1,0,2,0.9491,0.1461,point_anomaly,
20200403_188,20200403,188,187,2.35,14.99,2.707,72.0,0.18059,2921.61,40.578,1243.24,0.01,0.06,0.0,-6e-05,8.47,0.01,0.06,-0.003,0.45,4.553,1.124,0.0,-3.088,2.493,44.015,0.5986,1,1,1,3,0.9847,0.0494,point_anomaly,
20200403_189,20200403,189,188,2.35,14.99,2.707,72.0,0.18059,2921.61,40.578,1243.24,0.01,0.06,0.0,-6e-05,8.47,0.0,0.0,0.0,0.45,4.553,1.124,0.0,-3.088,2.493,44.015,0.5547,1,1,1,3,0.9806,0.0638,point_anomaly,
20200403_190,20200403,190,189,2.31,15.07,2.699,72.0,0.1791,2928.52,40.674,1267.76,-0.03,0.13,-0.001,-0.00155,15.38,-0.04,0.08,-0.008,-0.45,5.902,-0.674,0.0,-4.618,2.724,45.179,0.6827,1,1,1,3,0.9889,0.0288,point_anomaly,
20200403_191,20200403,191,190,2.31,15.07,2.699,72.0,0.1791,2928.52,40.674,1267.76,-0.03,0.13,-0.001,-0.00155,15.38,0.0,0.0,0.0,-0.45,5.902,-0.674,0.0,-4.618,2.724,45.179,0.6099,1,1,1,3,0.9871,0.035,point_anomaly,
20200403_192,20200403,192,191,2.33,14.93,2.697,72.0,0.18064,2899.17,40.266,1244.28,0.0,-0.01,-0.003,0.0,-5.17,0.02,-0.14,-0.002,0.0,3.541,-1.124,0.0,-3.031,1.745,23.489,0.5599,1,1,1,3,0.9705,0.0988,point_anomaly,
20200403_193,20200403,193,192,2.33,14.93,2.697,72.0,0.18064,2899.17,40.266,1244.28,0.0,-0.01,-0.003,0.0,-5.17,0.0,0.0,0.0,0.0,3.541,-1.124,0.0,-3.031,1.745,23.489,0.4865,1,1,0,2,0.9419,0.1626,point_anomaly,
20200403_194,20200403,194,193,2.36,14.94,2.7,72.0,0.18072,2904.34,40.338,1230.65,0.03,0.0,0.0,0.0,0.0,0.03,0.01,0.003,0.674,3.71,-0.45,0.0,-2.949,1.918,36.974,0.5311,1,1,0,2,0.9688,0.1008,point_anomaly,
20200403_195,20200403,195,194,2.36,14.94,2.7,72.0,0.18072,2904.34,40.338,1230.65,0.03,0.0,0.0,0.0,0.0,0.0,0.0,0.0,0.674,3.71,-0.45,0.0,-2.949,1.918,36.974,0.4935,1,1,0,2,0.9534,0.1358,point_anomaly,
20200403_198,20200403,198,197,2.35,14.95,2.706,72.0,0.181,2912.74,40.455,1239.46,0.01,0.06,0.004,-0.00046,40.45,0.02,0.06,0.004,0.45,3.878,0.899,0.0,-2.66,2.198,34.153,0.6032,1,1,1,3,0.9802,0.0658,point_anomaly,
20200403_199,20200403,199,198,2.35,14.95,2.706,71.0,0.181,2872.28,40.455,1222.25,0.01,0.06,0.004,-0.00046,2.58,0.0,0.0,0.0,0.45,3.878,0.899,-1.349,-2.66,0.849,35.607,0.5359,1,1,0,2,0.9709,0.0967,point_anomaly,
20200403_216,20200403,216,215,2.4,14.8,2.697,73.0,0.18223,2913.84,39.916,1214.1,0.06,0.0,-0.003,-0.0002,36.72,0.06,0.0,-0.003,1.574,1.349,-1.124,1.349,-1.401,2.234,32.381,0.5892,0,1,1,2,0.8929,0.2407,point_anomaly,
20200403_248,20200403,248,247,2.38,14.82,2.698,72.0,0.18205,2878.87,39.984,1209.61,0.06,-0.03,-0.006,0.0,0.0,0.06,-0.01,-0.001,1.124,1.686,-0.899,0.0,-1.584,1.069,22.966,0.5588,0,1,1,2,0.824,0.3374,point_anomaly,
20200403_254,20200403,254,253,2.37,14.97,2.706,72.0,0.18076,2916.64,40.509,1230.65,0.02,0.06,0.002,-0.00019,20.28,0.02,0.09,-0.001,0.899,4.216,0.899,0.0,-2.909,2.328,49.488,0.611,1,1,1,3,0.9863,0.0391,point_anomaly,
20200403_255,20200403,255,254,2.37,14.97,2.706,72.0,0.18076,2916.64,40.509,1230.65,0.02,0.06,0.002,-0.00019,20.28,0.0,0.0,0.0,0.899,4.216,0.899,0.0,-2.909,2.328,49.488,0.5569,1,1,1,3,0.9823,0.0597,point_anomaly,
20200403_256,20200403,256,255,2.34,14.94,2.699,72.0,0.18066,2903.26,40.323,1240.71,-0.01,0.01,0.0,-0.00011,6.9,-0.03,-0.03,-0.007,0.225,3.71,-0.674,0.0,-3.017,1.882,28.208,0.5455,1,1,0,2,0.9719,0.0895,point_anomaly,
20200403_257,20200403,257,256,2.34,14.94,2.699,72.0,0.18066,2903.26,40.323,1240.71,-0.01,0.01,0.0,-0.00011,6.9,0.0,0.0,0.0,0.225,3.71,-0.674,0.0,-3.017,1.882,28.208,0.4852,1,1,0,2,0.9447,0.1564,point_anomaly,
20200403_260,20200403,260,259,2.28,14.93,2.693,72.0,0.18038,2894.87,40.206,1269.68,-0.01,-0.01,-0.006,0.0,0.0,-0.09,0.02,-0.005,-1.124,3.541,-2.023,0.0,-3.306,1.602,14.557,0.6155,1,0,1,2,0.971,0.0947,point_anomaly,
20200403_262,20200403,262,261,2.28,14.99,2.7,71.0,0.18012,2873.58,40.473,1260.34,-0.01,0.06,0.0,-0.00026,-21.28,0.0,0.06,0.007,-1.124,4.553,-0.45,-1.349,-3.568,0.893,19.449,0.6034,1,1,1,3,0.9776,0.0761,point_anomaly,
20200403_263,20200403,263,262,2.28,14.99,2.7,71.0,0.18012,2873.58,40.473,1260.34,-0.01,0.06,0.0,-0.00026,-16.41,0.0,0.0,0.0,-1.124,4.553,-0.45,-1.349,-3.568,0.893,19.449,0.5433,1,1,0,2,0.9716,0.0926,point_anomaly,
20200403_264,20200403,264,263,2.29,15.07,2.701,71.0,0.17923,2889.99,40.704,1262.0,0.0,0.13,0.0,-0.00114,0.0,0.01,0.08,0.001,-0.899,5.902,-0.225,-1.349,-4.482,1.439,37.477,0.6155,1,1,1,3,0.986,0.0412,point_anomaly,
20200403_265,20200403,265,264,2.29,15.07,2.701,71.0,0.17923,2889.99,40.704,1262.0,0.0,0.13,0.0,-0.00114,0.0,0.0,0.0,0.0,-0.899,5.902,-0.225,-1.349,-4.482,1.439,37.477,0.5767,1,1,1,3,0.9834,0.0535,point_anomaly,
20200403_272,20200403,272,271,2.31,14.95,2.703,73.0,0.1808,2949.92,40.41,1277.02,0.01,0.06,0.0,-0.0008,80.82,0.04,0.06,-0.001,-0.45,3.878,0.225,1.349,-2.867,3.437,22.763,0.6141,1,1,1,3,0.9777,0.0741,point_anomaly,
20200403_273,20200403,273,272,2.31,14.95,2.703,71.0,0.1808,2869.1,40.41,1242.03,0.01,0.06,0.0,-0.0008,2.41,0.0,0.0,0.0,-0.45,3.878,0.225,-1.349,-2.867,0.743,20.119,0.5123,1,1,0,2,0.9591,0.1276,point_anomaly,
20200403_280,20200403,280,279,1.74,14.72,2.702,71.0,0.18356,2823.91,39.773,1622.94,-0.61,-0.01,0.001,0.00019,-38.54,-0.61,0.0,-0.001,-13.265,0.0,0.0,-1.349,-0.034,-0.763,800.204,0.5241,1,1,0,2,0.9849,0.0473,point_anomaly,
20200403_281,20200403,281,280,1.74,14.71,2.702,72.0,0.18368,2861.74,39.746,1644.68,-0.61,-0.02,0.001,0.00032,-0.71,0.0,-0.01,0.0,-13.265,-0.169,0.0,0.0,0.094,0.498,812.392,0.4622,1,1,0,2,0.9439,0.1605,point_anomaly,
20200403_282,20200403,282,281,2.21,14.71,2.69,70.0,0.18287,2769.89,39.57,1253.35,-0.14,-0.02,-0.012,-0.00063,-94.68,0.47,0.0,-0.012,-2.698,-0.169,-2.698,-2.698,-0.744,-2.563,41.832,0.6785,0,1,1,2,0.9469,0.1481,point_anomaly,
20200403_286,20200403,286,285,2.48,14.73,2.708,72.0,0.18384,2872.0,39.889,1158.06,0.08,0.0,0.0,0.00012,7.42,0.13,0.0,0.007,3.373,0.169,1.349,0.0,0.256,0.84,61.489,0.5704,0,1,1,2,0.9785,0.072,point_anomaly,
20200403_302,20200403,302,301,2.57,14.74,2.708,72.0,0.18372,2873.95,39.916,1118.27,0.09,0.0,0.006,0.00041,46.2,0.11,0.0,0.006,5.396,0.337,1.349,0.0,0.128,0.905,151.883,0.6008,1,1,1,3,0.9955,0.0123,point_anomaly,
20200403_303,20200403,303,302,2.57,14.73,2.708,73.0,0.18384,2911.89,39.889,1133.03,0.09,-0.01,0.006,0.00053,79.78,0.0,-0.01,0.0,5.396,0.169,1.349,1.349,0.256,2.169,149.9,0.5835,1,1,1,3,0.9942,0.0185,point_anomaly,
20200403_308,20200403,308,307,2.55,14.77,2.698,73.0,0.18267,2909.01,39.849,1140.79,0.07,0.03,-0.004,-0.00056,43.38,0.07,0.0,-0.004,4.946,0.843,-0.899,1.349,-0.951,2.073,146.031,0.6293,1,1,1,3,0.9963,0.0082,point_anomaly,
20200403_309,20200403,309,308,2.55,14.74,2.698,71.0,0.18304,2823.56,39.769,1107.28,0.07,0.0,-0.004,-0.00015,-42.07,0.0,-0.03,0.0,4.946,0.337,-0.899,-1.349,-0.569,-0.774,136.001,0.5374,1,1,0,2,0.9853,0.0453,point_anomaly,
20200403_316,20200403,316,315,2.49,14.76,2.702,72.0,0.18306,2871.47,39.882,1153.2,0.02,0.01,0.001,0.0,3.01,0.03,0.0,0.001,3.597,0.674,0.0,0.0,-0.545,0.822,77.774,0.4627,1,1,0,2,0.9326,0.1852,point_anomaly,
20200403_317,20200403,317,316,2.49,14.78,2.702,71.0,0.18281,2835.42,39.936,1138.72,0.02,0.02,0.001,-0.00018,-33.04,0.0,0.02,0.0,3.597,1.012,0.0,-1.349,-0.8,-0.379,86.163,0.4742,1,1,0,2,0.9454,0.1523,point_anomaly,
20200403_321,20200403,321,320,2.47,14.83,2.698,73.0,0.18193,2920.83,40.011,1182.52,0.0,0.03,-0.001,-0.00082,46.9,0.0,0.08,0.0,3.148,1.855,-0.899,1.349,-1.71,2.467,86.279,0.5669,0,1,1,2,0.9755,0.0813,point_anomaly,
20200403_346,20200403,346,345,2.4,14.85,2.713,70.0,0.18269,2820.16,40.288,1175.07,-0.01,0.03,0.009,0.00038,-58.9,0.0,0.0,0.005,1.574,2.192,2.473,-2.698,-0.924,-0.888,49.523,0.5705,0,1,1,2,0.945,0.1543,point_anomaly,
20200403_348,20200403,348,347,2.48,14.84,2.704,72.0,0.18221,2889.17,40.127,1164.99,0.01,0.01,0.0,-0.0001,10.11,0.08,0.0,-0.009,3.373,2.024,0.45,0.0,-1.421,1.412,93.056,0.5533,0,1,1,2,0.9795,0.07,point_anomaly,
20200403_354,20200403,354,353,2.5,14.85,2.699,72.0,0.18175,2885.77,40.08,1154.31,0.02,0.02,0.0,-0.00034,3.7,0.02,0.0,0.0,3.822,2.192,-0.674,0.0,-1.893,1.299,118.429,0.4964,1,1,0,2,0.9657,0.1173,point_anomaly,
20200403_355,20200403,355,354,2.5,14.83,2.699,72.0,0.182,2881.88,40.026,1152.75,0.02,0.0,0.0,-9e-05,-0.19,0.0,-0.02,0.0,3.822,1.855,-0.674,0.0,-1.641,1.169,111.183,0.4759,1,1,0,2,0.9503,0.142,point_anomaly,
20200403_358,20200403,358,357,2.49,14.82,2.704,71.0,0.18246,2845.2,40.073,1142.65,0.0,-0.03,0.0,0.0004,-36.87,0.02,0.0,0.003,3.597,1.686,0.45,-1.349,-1.168,-0.053,98.241,0.4976,1,1,0,2,0.9631,0.1204,point_anomaly,
20200403_359,20200403,359,358,2.49,14.85,2.704,72.0,0.18209,2891.12,40.154,1161.09,0.0,0.0,0.0,3e-05,9.04,0.0,0.03,0.0,3.597,2.192,0.45,0.0,-1.547,1.477,105.973,0.4661,1,1,0,2,0.9386,0.1708,point_anomaly,
20200403_362,20200403,362,361,2.51,14.88,2.708,72.0,0.18199,2901.24,40.295,1155.87,0.02,0.0,0.003,0.0,10.13,0.04,0.0,-0.001,4.047,2.698,1.349,0.0,-1.648,1.815,138.167,0.5471,1,1,0,2,0.9878,0.0329,point_anomaly,
20200403_363,20200403,363,362,2.51,14.97,2.708,70.0,0.1809,2837.71,40.539,1130.56,0.02,0.06,0.003,-0.00039,-58.75,0.0,0.09,0.0,4.047,4.216,1.349,-2.698,-2.772,-0.303,188.087,0.6541,1,1,1,3,0.9961,0.0103,point_anomaly,
20200403_364,20200403,364,363,2.5,14.97,2.705,71.0,0.18069,2875.06,40.494,1150.03,0.03,0.06,0.0,-0.00039,-21.4,-0.01,0.0,-0.003,3.822,4.216,0.674,-1.349,-2.977,0.942,168.143,0.6132,1,1,1,3,0.9949,0.0144,point_anomaly,
20200403_365,20200403,365,364,2.5,14.94,2.705,72.0,0.18106,2909.71,40.413,1163.89,0.03,0.01,0.0,0.0,13.25,0.0,-0.03,0.0,3.822,3.71,0.674,0.0,-2.605,2.097,152.008,0.5623,1,1,1,3,0.9898,0.0267,point_anomaly,
20200403_366,20200403,366,365,2.46,14.94,2.703,72.0,0.18092,2907.56,40.383,1181.94,0.0,0.01,0.0,0.0,6.32,-0.04,0.0,-0.002,2.923,3.71,0.225,0.0,-2.742,2.025,109.844,0.5566,1,1,1,3,0.9859,0.0432,point_anomaly,
20200403_368,20200403,368,367,2.46,14.91,2.7,73.0,0.18109,2938.76,40.257,1194.62,0.0,-0.03,0.0,0.00024,31.2,0.0,0.0,-0.003,2.923,3.204,-0.45,1.349,-2.575,3.065,102.653,0.5723,0,1,1,2,0.9801,0.0679,point_anomaly,
20200403_369,20200403,369,368,2.46,14.93,2.7,71.0,0.18084,2862.08,40.311,1163.45,0.0,-0.01,0.0,0.00013,-47.63,0.0,0.02,0.0,2.923,3.541,-0.45,-1.349,-2.824,0.509,109.771,0.5156,1,1,0,2,0.9719,0.0895,point_anomaly,
20200403_370,20200403,370,369,2.46,14.93,2.698,71.0,0.18071,2859.96,40.281,1162.59,0.0,-0.01,-0.002,-0.00013,-49.75,0.0,0.0,-0.002,2.923,3.541,-0.899,-1.349,-2.962,0.439,111.158,0.5278,1,1,0,2,0.9755,0.0813,point_anomaly,
20200403_371,20200403,371,370,2.46,14.99,2.698,72.0,0.17999,2911.9,40.443,1183.7,0.0,0.06,-0.002,-0.00086,3.06,0.0,0.06,0.0,2.923,4.553,-0.899,0.0,-3.705,2.17,132.451,0.6132,1,1,1,3,0.9943,0.0165,point_anomaly,
20200403_372,20200403,372,371,2.5,14.99,2.697,72.0,0.17992,2910.82,40.428,1164.33,0.01,0.06,-0.003,-0.00092,0.03,0.04,0.0,-0.001,3.822,4.553,-1.124,0.0,-3.773,2.134,179.433,0.6296,1,1,1,3,0.9967,0.0062,point_anomaly,
20200403_373,20200403,373,372,2.5,15.07,2.697,72.0,0.17896,2926.35,40.644,1170.54,0.01,0.13,-0.003,-0.00188,15.56,0.0,0.08,0.0,3.822,5.902,-1.124,0.0,-4.754,2.651,219.988,0.6656,1,1,1,3,0.9987,0.0021,point_anomaly,
20200403_374,20200403,374,373,2.49,15.07,2.703,72.0,0.17936,2932.86,40.734,1177.86,0.0,0.13,0.0,-0.00148,24.02,-0.01,0.0,0.006,3.597,5.902,0.225,0.0,-4.346,2.868,202.397,0.659,1,1,1,3,0.9984,0.0041,point_anomaly,
20200403_375,20200403,375,374,2.49,14.93,2.703,72.0,0.18104,2905.62,40.356,1166.91,0.0,-0.01,0.0,0.0,-3.22,0.0,-0.14,0.0,3.597,3.541,0.225,0.0,-2.618,1.96,136.956,0.5599,1,1,1,3,0.9866,0.037,point_anomaly,
20200403_376,20200403,376,375,2.49,14.93,2.706,72.0,0.18125,2908.84,40.401,1168.21,0.0,-0.01,0.003,0.0002,0.0,0.0,0.0,0.003,3.597,3.541,0.899,0.0,-2.411,2.068,136.425,0.542,1,1,0,2,0.9827,0.0576,point_anomaly,
20200403_377,20200403,377,376,2.49,14.94,2.706,72.0,0.18112,2910.79,40.428,1168.99,0.0,0.0,0.003,8e-05,5.17,0.0,0.01,0.0,3.597,3.71,0.899,0.0,-2.536,2.133,140.596,0.5396,1,1,0,2,0.9839,0.0514,point_anomaly,
20200403_378,20200403,378,377,2.48,14.94,2.709,71.0,0.18133,2873.54,40.472,1158.69,-0.01,0.0,0.006,0.0002,0.0,-0.01,0.0,0.003,3.373,3.71,1.574,-1.349,-2.33,0.891,132.717,0.5728,1,1,1,3,0.9887,0.0309,point_anomaly,
20200403_379,20200403,379,378,2.48,14.89,2.709,71.0,0.18193,2863.93,40.337,1154.81,-0.01,-0.04,0.006,0.00069,-9.62,0.0,-0.05,0.0,3.373,2.867,1.574,-1.349,-1.704,0.571,113.367,0.5679,0,1,1,2,0.9833,0.0556,point_anomaly,
20200403_380,20200403,380,379,2.51,14.89,2.703,71.0,0.18153,2857.58,40.248,1138.48,0.02,-0.04,0.0,0.00021,-11.51,0.03,0.0,-0.006,4.047,2.867,0.225,-1.349,-2.118,0.359,145.509,0.5781,1,1,1,3,0.9917,0.0247,point_anomaly,
20200403_381,20200403,381,380,2.51,14.95,2.703,71.0,0.1808,2869.1,40.41,1143.07,0.02,0.06,0.0,-0.00073,5.17,0.0,0.06,0.0,4.047,3.878,0.225,-1.349,-2.867,0.743,171.72,0.5973,1,1,1,3,0.9935,0.0206,point_anomaly,
20200403_382,20200403,382,381,2.44,14.95,2.696,71.0,0.18033,2861.67,40.305,1172.82,-0.04,0.06,-0.006,-0.0016,0.0,-0.07,0.0,-0.007,2.473,3.878,-1.349,-1.349,-3.348,0.496,101.336,0.6679,1,1,1,3,0.9924,0.0226,point_anomaly,
20200403_384,20200403,384,383,2.49,14.74,2.702,73.0,0.18331,2907.41,39.827,1167.63,0.01,0.0,0.004,0.00016,46.02,0.05,0.0,0.006,3.597,0.337,0.0,1.349,-0.29,2.02,74.652,0.5557,1,1,1,3,0.9819,0.0617,point_anomaly,
20200403_385,20200403,385,384,2.49,14.73,2.702,71.0,0.18344,2825.83,39.8,1134.87,0.01,0.0,0.004,0.00027,-35.38,0.0,-0.01,0.0,3.597,0.169,0.0,-1.349,-0.162,-0.699,72.015,0.4484,1,1,0,2,0.9123,0.2191,point_anomaly,
20200403_392,20200403,392,391,2.52,14.73,2.705,72.0,0.18364,2868.81,39.845,1138.42,0.03,0.0,0.001,0.00012,4.42,0.06,0.0,0.001,4.272,0.169,0.674,0.0,0.047,0.734,95.113,0.5024,0,0,0,0,,,drift_segment,20200403_S05
20200403_393,20200403,393,392,2.52,14.74,2.705,72.0,0.18351,2870.76,39.872,1139.19,0.03,0.01,0.001,0.0,6.37,0.0,0.01,0.0,4.272,0.337,0.674,0.0,-0.081,0.799,98.212,0.4572,0,0,0,0,,,drift_segment,20200403_S05
20200403_394,20200403,394,393,2.49,14.74,2.706,71.0,0.18358,2831.94,39.886,1137.32,0.0,0.01,0.002,7e-05,-32.46,-0.03,0.0,0.001,3.597,0.337,0.899,-1.349,-0.011,-0.495,74.017,0.468,0,0,0,0,,,drift_segment,20200403_S05
20200403_395,20200403,395,394,2.49,14.74,2.706,72.0,0.18358,2871.82,39.886,1153.34,0.0,0.0,0.002,7e-05,10.43,0.0,0.0,0.0,3.597,0.337,0.899,0.0,-0.011,0.834,71.559,0.4224,0,0,0,0,,,drift_segment,20200403_S05
20200403_396,20200403,396,395,2.49,14.74,2.699,72.0,0.18311,2864.39,39.783,1150.36,0.0,0.0,0.0,-0.00012,0.0,0.0,0.0,-0.007,3.597,0.337,-0.674,0.0,-0.499,0.586,73.785,0.452,0,0,0,0,,,drift_segment,20200403_S05
20200403_397,20200403,397,396,2.49,14.73,2.699,71.0,0.18323,2822.7,39.756,1133.61,0.0,-0.01,0.0,7e-05,-41.7,0.0,-0.01,0.0,3.597,0.169,-0.674,-1.349,-0.372,-0.803,73.606,0.432,0,0,0,0,,,drift_segment,20200403_S05
20200403_398,20200403,398,397,2.5,14.73,2.698,72.0,0.18316,2861.39,39.742,1144.56,0.01,-0.01,-0.001,0.0,-3.0,0.01,0.0,-0.001,3.822,0.169,-0.899,0.0,-0.441,0.486,80.248,0.4367,0,0,0,0,,,drift_segment,20200403_S05
20200403_399,20200403,399,398,2.5,14.74,2.698,70.0,0.18304,2783.8,39.769,1113.52,0.01,0.0,-0.001,-7e-05,-77.59,0.0,0.01,0.0,3.822,0.337,-0.899,-2.698,-0.569,-2.1,93.215,0.5142,0,0,0,0,,,drift_segment,20200403_S05
20200403_400,20200403,400,399,2.48,14.74,2.694,71.0,0.18277,2819.38,39.71,1136.85,-0.01,0.0,-0.004,-0.00027,-42.01,-0.02,0.0,-0.004,3.373,0.337,-1.799,-1.349,-0.848,-0.914,72.796,0.5136,0,0,0,0,,,drift_segment,20200403_S05
20200403_401,20200403,401,400,2.48,14.77,2.694,72.0,0.1824,2864.91,39.79,1155.2,-0.01,0.03,-0.004,-0.00047,42.21,0.0,0.03,0.0,3.373,0.843,-1.799,0.0,-1.229,0.603,78.445,0.5009,0,0,0,0,,,drift_segment,20200403_S05
20200403_402,20200403,402,401,2.48,14.77,2.701,72.0,0.18287,2872.35,39.894,1158.21,-0.01,0.03,0.007,0.0001,52.97,0.0,0.0,0.007,3.373,0.843,-0.225,0.0,-0.742,0.852,72.645,0.5244,0,0,0,0,,,drift_segment,20200403_S05
20200403_403,20200403,403,402,2.48,14.74,2.701,72.0,0.18324,2866.52,39.813,1155.85,-0.01,0.0,0.007,0.00085,82.72,0.0,-0.03,0.0,3.373,0.337,-0.225,0.0,-0.36,0.657,64.606,0.4742,0,0,0,0,,,drift_segment,20200403_S05
20200403_404,20200403,404,403,2.49,14.74,2.542,73.0,0.17246,2735.24,37.469,1098.49,0.0,0.0,0.0,-0.00012,0.0,0.01,0.0,-0.159,3.597,0.337,-35.973,1.349,-11.441,-3.718,1468.11,0.6147,0,0,0,0,,,drift_segment,20200403_S05
20200403_405,20200403,405,404,2.49,14.73,2.542,71.0,0.17257,2658.5,37.444,1067.67,0.0,-0.02,0.0,0.00012,0.0,0.0,-0.01,0.0,3.597,0.169,-35.973,-1.349,-11.32,-6.276,1467.265,0.5666,0,0,0,0,,,drift_segment,20200403_S05
20200403_406,20200403,406,405,2.49,14.73,2.481,71.0,0.16843,2594.7,36.545,1042.05,0.0,-0.02,0.0,0.0,-40.12,0.0,0.0,-0.061,3.597,0.169,-49.688,-1.349,-15.575,-8.402,2702.442,0.6177,0,0,0,0,,,drift_segment,20200403_S05
20200403_407,20200403,407,406,2.49,14.75,2.481,72.0,0.1682,2634.82,36.595,1058.16,0.0,0.0,0.0,0.0,2.09,0.0,0.02,0.0,3.597,0.506,-49.688,0.0,-15.809,-7.065,2705.325,0.5565,0,0,0,0,,,drift_segment,20200403_S05
20200403_408,20200403,408,407,10.54,14.75,2.476,72.0,0.16786,2629.51,36.521,249.48,1.47,0.0,0.0,0.0,-1.78,8.05,0.0,-0.005,184.588,0.506,-50.812,0.0,-16.157,-7.242,167042.471,0.6547,0,0,0,0,,,drift_segment,20200403_S05
20200403_409,20200403,409,408,10.54,14.76,2.476,72.0,0.16775,2631.29,36.546,249.65,1.47,0.01,0.0,0.0,1.78,0.0,0.01,0.0,184.588,0.674,-50.812,0.0,-16.274,-7.183,167163.912,0.6074,0,0,0,0,,,drift_segment,20200403_S05
20200403_410,20200403,410,409,9.27,14.76,2.474,72.0,0.16762,2629.17,36.516,283.62,0.2,0.01,0.0,0.0,0.0,-1.27,0.0,-0.002,156.034,0.674,-51.262,0.0,-16.413,-7.254,120912.92,0.6541,0,0,0,0,,,drift_segment,20200403_S05
20200403_411,20200403,411,410,9.27,14.78,2.474,72.0,0.16739,2632.73,36.566,284.01,0.2,0.02,0.0,0.0,6.38,0.0,0.02,0.0,156.034,1.012,-51.262,0.0,-16.646,-7.135,121118.872,0.6179,0,0,0,0,,,drift_segment,20200403_S05
20200403_412,20200403,412,411,9.07,14.78,2.468,72.0,0.16698,2626.35,36.477,289.56,0.0,0.02,0.0,-0.00034,0.0,-0.2,0.0,-0.006,151.538,1.012,-52.611,0.0,-17.063,-7.348,114745.078,0.6394,0,0,0,0,,,drift_segment,20200403_S05
20200403_413,20200403,413,412,9.07,14.75,2.468,72.0,0.16732,2621.02,36.403,288.98,0.0,-0.03,0.0,0.0,-1.78,0.0,-0.03,0.0,151.538,0.506,-52.611,0.0,-16.715,-7.525,114444.981,0.5803,0,0,0,0,,,drift_segment,20200403_S05
20200403_414,20200403,414,413,9.01,14.75,2.464,71.0,0.16705,2580.42,36.344,286.4,-0.04,-0.03,-0.004,-0.00027,-42.37,-0.06,0.0,-0.004,150.189,0.506,-53.51,-1.349,-16.993,-8.878,112716.487,0.6614,0,0,0,0,,,drift_segment,20200403_S05
20200403_415,20200403,415,414,9.01,14.83,2.464,71.0,0.16615,2594.42,36.541,287.95,-0.04,0.03,-0.004,-0.00117,-28.38,0.0,0.08,0.0,150.189,1.855,-53.51,-1.349,-17.919,-8.412,113511.408,0.6513,0,0,0,0,,,drift_segment,20200403_S05
20200403_416,20200403,416,415,9.05,14.83,2.467,71.0,0.16635,2597.58,36.586,287.03,0.01,0.03,-0.001,-0.00097,-25.22,0.04,0.0,0.003,151.088,1.855,-52.836,-1.349,-17.711,-8.307,114692.445,0.633,0,0,0,0,,,drift_segment,20200403_S05
20200403_417,20200403,417,416,9.05,14.8,2.467,71.0,0.16669,2592.32,36.512,286.44,0.01,0.0,-0.001,-0.00063,-30.47,0.0,-0.03,0.0,151.088,1.349,-52.836,-1.349,-17.365,-8.482,114392.058,0.5927,0,0,0,0,,,drift_segment,20200403_S05
20200403_418,20200403,418,417,9.04,14.8,2.496,71.0,0.16865,2622.8,36.941,290.13,0.03,0.0,0.0,0.0,0.0,-0.01,0.0,0.029,150.863,1.349,-46.316,-1.349,-15.352,-7.466,112978.44,0.6393,0,0,0,0,,,drift_segment,20200403_S05
20200403_419,20200403,419,418,9.04,14.8,2.496,72.0,0.16865,2659.74,36.941,294.22,0.03,0.0,0.0,0.0,0.0,0.0,0.0,0.0,150.863,1.349,-46.316,0.0,-15.352,-6.235,112920.205,0.5801,0,0,0,0,,,drift_segment,20200403_S05
20200403_420,20200403,420,419,8.98,14.8,2.54,73.0,0.17162,2744.22,37.592,305.59,0.0,0.0,0.0,0.0,75.18,-0.06,0.0,0.044,149.514,1.349,-36.423,1.349,-12.298,-3.419,109454.265,0.6607,0,0,0,0,,,drift_segment,20200403_S05
20200403_421,20200403,421,420,8.98,14.8,2.54,71.0,0.17162,2669.03,37.592,297.22,0.0,0.0,0.0,0.0,-70.15,0.0,0.0,0.0,149.514,1.349,-36.423,-1.349,-12.298,-5.925,109564.156,0.5769,0,0,0,0,,,drift_segment,20200403_S05
20200403_422,20200403,422,421,8.95,14.8,2.605,72.0,0.17601,2775.89,38.554,310.16,0.0,0.0,0.0,0.00012,31.67,-0.03,0.0,0.065,148.84,1.349,-21.809,0.0,-7.786,-2.364,106738.383,0.6304,0,0,0,0,,,drift_segment,20200403_S05
20200403_423,20200403,423,422,8.95,14.81,2.605,71.0,0.17589,2739.18,38.58,306.05,0.0,0.01,0.0,-0.00012,-36.7,0.0,0.01,0.0,148.84,1.518,-21.809,-1.349,-7.908,-3.587,106893.165,0.5857,0,0,0,0,,,drift_segment,20200403_S05
20200403_424,20200403,424,423,8.79,14.81,2.673,72.0,0.18049,2850.27,39.587,324.26,0.0,0.01,0.0,0.0,0.0,-0.16,0.0,0.068,145.242,1.518,-6.52,0.0,-3.192,0.116,100418.889,0.6224,0,0,0,0,,,drift_segment,20200403_S05
20200403_425,20200403,425,424,8.79,14.8,2.673,73.0,0.18061,2887.91,39.56,328.54,0.0,0.0,0.0,0.0,29.73,0.0,-0.01,0.0,145.242,1.349,-6.52,1.349,-3.066,1.37,100273.46,0.5508,0,0,0,0,,,drift_segment,20200403_S05
20200403_426,20200403,426,425,8.58,14.8,2.72,71.0,0.18378,2858.18,40.256,333.12,0.0,0.0,0.0,0.0,-29.73,-0.21,0.0,0.047,140.521,1.349,4.047,-1.349,0.196,0.379,93343.444,0.608,0,0,0,0,,,drift_segment,20200403_S05
20200403_427,20200403,427,426,8.58,14.78,2.72,72.0,0.18403,2894.52,40.202,337.36,0.0,-0.03,0.0,0.0,0.0,0.0,-0.02,0.0,140.521,1.012,4.047,0.0,0.451,1.59,93106.369,0.5276,0,0,0,0,,,drift_segment,20200403_S05
20200403_428,20200403,428,427,8.25,14.78,2.745,72.0,0.18572,2921.12,40.571,354.08,0.0,-0.03,0.0,0.00038,0.0,-0.33,0.0,0.025,133.101,1.012,9.668,0.0,2.189,2.477,83321.619,0.6421,0,0,0,0,,,drift_segment,20200403_S05
20200403_429,20200403,429,428,8.25,14.81,2.745,72.0,0.18535,2927.05,40.653,354.79,0.0,0.0,0.0,0.0,5.93,0.0,0.03,0.0,133.101,1.518,9.668,0.0,1.802,2.675,83583.426,0.548,0,0,0,0,,,drift_segment,20200403_S05
20200403_430,20200403,430,429,7.92,14.81,2.751,72.0,0.18575,2933.45,40.742,370.38,0.0,0.0,0.003,0.00038,12.33,-0.33,0.0,0.006,125.682,1.518,11.017,0.0,2.218,2.888,74515.037,0.6163,0,0,0,0,,,drift_segment,20200403_S05
20200403_431,20200403,431,430,7.92,14.84,2.751,72.0,0.18538,2939.39,40.825,371.13,0.0,0.03,0.003,0.0,16.61,0.0,0.03,0.0,125.682,2.024,11.017,0.0,1.833,3.086,74762.973,0.5789,0,0,0,0,,,drift_segment,20200403_S05
20200403_432,20200403,432,431,7.61,14.84,2.756,72.0,0.18571,2944.73,40.899,386.96,0.0,0.03,0.008,0.00034,21.95,-0.31,0.0,0.005,118.712,2.024,12.141,0.0,2.179,3.264,66715.495,0.642,0,0,0,0,,,drift_segment,20200403_S05
20200403_433,20200403,433,432,7.61,14.83,2.756,72.0,0.18584,2942.75,40.871,386.69,0.0,0.02,0.008,0.00046,15.7,0.0,-0.01,0.0,118.712,1.855,12.141,0.0,2.307,3.198,66637.328,0.5901,0,0,0,0,,,drift_segment,20200403_S05
20200403_434,20200403,434,433,7.33,14.83,2.748,71.0,0.1853,2893.45,40.753,394.74,0.0,0.02,0.0,-5e-05,-33.6,-0.28,0.0,-0.008,112.417,1.855,10.342,-1.349,1.753,1.555,59881.975,0.6075,0,0,0,0,,,drift_segment,20200403_S05
20200403_435,20200403,435,434,7.33,14.81,2.748,71.0,0.18555,2889.55,40.698,394.21,0.0,-0.02,0.0,0.00025,-34.71,0.0,-0.02,0.0,112.417,1.518,10.342,-1.349,2.01,1.425,59733.993,0.5428,0,0,0,0,,,drift_segment,20200403_S05
20200403_436,20200403,436,435,7.18,14.81,2.741,72.0,0.18508,2922.78,40.594,407.07,0.0,-0.02,0.0,0.0,0.0,-0.15,0.0,-0.007,109.044,1.518,8.768,0.0,1.525,2.532,56223.262,0.6097,0,0,0,0,,,drift_segment,20200403_S05
20200403_437,20200403,437,436,7.18,14.81,2.741,71.0,0.18508,2882.19,40.594,401.42,0.0,-0.02,0.0,0.0,-34.59,0.0,0.0,0.0,109.044,1.518,8.768,-1.349,1.525,1.179,56264.309,0.5206,0,0,0,0,,,drift_segment,20200403_S05
20200403_438,20200403,438,437,7.05,14.81,2.735,73.0,0.18467,2956.89,40.505,419.42,0.0,-0.02,0.0,0.0,42.08,-0.13,0.0,-0.006,106.121,1.518,7.419,1.349,1.109,3.669,53268.414,0.6262,0,0,0,0,,,drift_segment,20200403_S05
20200403_439,20200403,439,438,7.05,14.85,2.735,72.0,0.18418,2924.26,40.615,414.79,0.0,0.03,0.0,0.0,18.0,0.0,0.04,0.0,106.121,2.192,7.419,0.0,0.598,2.582,53583.527,0.5634,0,0,0,0,,,drift_segment,20200403_S05
20200403_440,20200403,440,439,7.0,14.85,2.728,72.0,0.1837,2916.78,40.511,416.68,0.0,0.03,0.0,-0.00012,10.51,-0.05,0.0,-0.007,104.997,2.192,5.846,0.0,0.113,2.332,52512.797,0.6035,0,0,0,0,,,drift_segment,20200403_S05
20200403_441,20200403,441,440,7.0,14.84,2.728,72.0,0.18383,2914.81,40.484,416.4,0.0,0.01,0.0,0.00012,8.55,0.0,-0.01,0.0,104.997,2.024,5.846,0.0,0.241,2.267,52443.382,0.5318,0,0,0,0,,,drift_segment,20200403_S05
20200403_442,20200403,442,441,6.93,14.84,2.72,72.0,0.18329,2906.27,40.365,419.37,0.0,0.01,0.0,-0.00025,3.92,-0.07,0.0,-0.008,103.423,2.024,4.047,0.0,-0.313,1.982,50956.532,0.5928,0,0,0,0,,,drift_segment,20200403_S05
20200403_443,20200403,443,442,6.93,14.82,2.72,72.0,0.18354,2902.35,40.31,418.81,0.0,-0.02,0.0,0.00025,0.0,0.0,-0.02,0.0,103.423,1.686,4.047,0.0,-0.059,1.851,50819.921,0.5288,0,0,0,0,,,drift_segment,20200403_S05
20200403_444,20200403,444,443,6.89,14.82,2.707,72.0,0.18266,2888.48,40.118,419.23,0.0,-0.02,0.0,0.0,-1.95,-0.04,0.0,-0.013,102.524,1.686,1.124,0.0,-0.96,1.389,50059.077,0.5447,0,0,0,0,,,drift_segment,20200403_S05
20200403_445,20200403,445,444,6.89,14.83,2.707,72.0,0.18254,2890.43,40.145,419.51,0.0,0.0,0.0,0.0,1.95,0.0,0.01,0.0,102.524,1.855,1.124,0.0,-1.087,1.454,50126.805,0.4625,0,0,0,0,,,drift_segment,20200403_S05
20200403_446,20200403,446,445,6.89,14.83,2.699,72.0,0.182,2881.88,40.026,418.27,0.0,0.0,0.0,0.0,0.0,0.0,0.0,-0.008,102.524,1.855,-0.674,0.0,-1.641,1.169,50205.168,0.4971,0,0,0,0,,,drift_segment,20200403_S05
20200403_447,20200403,447,446,6.65,14.85,2.694,72.0,0.18141,2880.42,40.006,433.15,-0.13,0.02,0.0,0.0,0.0,-0.24,0.02,-0.005,97.128,2.192,-1.799,0.0,-2.238,1.121,45285.147,0.6271,0,0,0,0,,,drift_segment,20200403_S05
20200403_448,20200403,448,447,6.68,14.85,2.685,71.0,0.18081,2830.93,39.872,423.79,-0.06,0.02,0.0,0.0,-44.65,0.03,0.0,-0.009,97.803,2.192,-3.822,-1.349,-2.861,-0.529,46042.914,0.6375,0,0,0,0,,,drift_segment,20200403_S05
20200403_449,20200403,449,448,6.7,14.83,2.677,71.0,0.18051,2818.69,39.7,420.7,-0.02,0.0,0.0,0.0,-32.23,0.02,-0.02,-0.008,98.252,1.855,-5.621,-1.349,-3.165,-0.937,46424.775,0.6008,0,0,0,0,,,drift_segment,20200403_S05
20200403_450,20200403,450,449,6.74,14.83,2.67,72.0,0.18004,2850.92,39.596,422.99,0.04,0.0,0.0,0.0,11.82,0.04,0.0,-0.007,99.152,1.855,-7.195,0.0,-3.65,0.137,47317.237,0.612,0,0,0,0,,,drift_segment,20200403_S05
20200403_451,20200403,451,450,6.72,14.82,2.663,71.0,0.17969,2802.06,39.466,416.97,0.04,-0.03,0.0,0.0,-37.04,-0.02,-0.01,-0.007,98.702,1.686,-8.768,-1.349,-4.01,-1.491,46959.98,0.6432,0,0,0,0,,,drift_segment,20200403_S05
20200403_452,20200403,452,451,6.78,14.82,2.658,73.0,0.17935,2875.58,39.392,424.13,0.13,-0.03,0.0,0.0,36.48,0.06,0.0,-0.005,100.051,1.686,-9.893,1.349,-4.357,0.959,48231.41,0.6612,0,0,0,0,,,drift_segment,20200403_S05
20200403_453,20200403,453,452,6.58,14.85,2.65,72.0,0.17845,2833.38,39.352,430.6,-0.06,0.0,-0.007,0.0,0.0,-0.2,0.03,-0.008,95.554,2.192,-11.691,0.0,-5.282,-0.447,44390.858,0.678,0,0,0,0,,,drift_segment,20200403_S05
20200403_454,20200403,454,453,6.61,14.85,2.648,72.0,0.17832,2831.24,39.323,428.33,-0.03,0.0,-0.007,0.0,-7.86,0.03,0.0,-0.002,96.229,2.192,-12.141,0.0,-5.42,-0.519,45037.013,0.6092,0,0,0,0,,,drift_segment,20200403_S05
20200403_455,20200403,455,454,6.56,14.88,2.65,72.0,0.17809,2839.1,39.432,432.79,-0.08,0.0,-0.005,-7e-05,-1.07,-0.05,0.03,0.002,95.105,2.698,-11.691,0.0,-5.652,-0.257,44172.45,0.6422,0,0,0,0,,,drift_segment,20200403_S05
20200403_456,20200403,456,455,6.57,14.88,2.651,72.0,0.17816,2840.18,39.447,432.29,-0.07,0.0,-0.003,7e-05,1.07,0.01,0.0,0.001,95.329,2.698,-11.466,0.0,-5.583,-0.221,44362.365,0.591,0,0,0,0,,,drift_segment,20200403_S05
20200403_457,20200403,457,456,6.64,14.97,2.654,72.0,0.17729,2860.59,39.73,430.81,0.01,0.06,0.001,-0.00065,20.41,0.07,0.09,0.003,96.903,4.216,-10.792,0.0,-6.477,0.46,46348.606,0.6724,0,0,0,0,,,drift_segment,20200403_S05
20200403_458,20200403,458,457,6.63,14.97,2.657,71.0,0.17749,2824.05,39.775,425.95,0.0,0.06,0.005,-0.00038,-15.06,-0.01,0.0,0.003,96.678,4.216,-10.117,-1.349,-6.271,-0.758,46134.058,0.6586,0,0,0,0,,,drift_segment,20200403_S05
20200403_459,20200403,459,458,6.67,14.94,2.655,72.0,0.17771,2855.93,39.666,428.18,0.03,0.01,0.002,-7e-05,16.83,0.04,-0.03,-0.002,97.578,3.71,-10.567,0.0,-6.043,0.304,46767.168,0.6307,0,0,0,0,,,drift_segment,20200403_S05
20200403_460,20200403,460,459,6.73,14.94,2.656,72.0,0.17778,2857.01,39.681,424.52,0.09,0.01,0.002,1e-05,16.83,0.06,0.0,0.001,98.927,3.71,-10.342,0.0,-5.974,0.34,48022.815,0.6495,0,0,0,0,,,drift_segment,20200403_S05
20200403_461,20200403,461,460,6.7,14.91,2.652,71.0,0.17787,2807.43,39.541,419.02,0.03,-0.03,-0.002,0.00016,-40.61,-0.03,-0.03,-0.004,98.252,3.204,-11.242,-1.349,-5.882,-1.312,47283.95,0.6515,0,0,0,0,,,drift_segment,20200403_S05
20200403_462,20200403,462,461,6.63,14.91,2.653,72.0,0.17793,2848.05,39.556,429.57,-0.04,-0.03,-0.001,0.00045,-7.88,-0.07,0.0,0.001,96.678,3.204,-11.017,0.0,-5.813,0.042,45764.068,0.6385,0,0,0,0,,,drift_segment,20200403_S05
20200403_463,20200403,463,462,6.64,14.93,2.643,70.0,0.17703,2762.2,39.46,415.99,-0.06,-0.01,-0.011,-0.00046,-85.85,0.01,0.02,-0.01,96.903,3.541,-13.265,-2.698,-6.746,-2.82,46332.252,0.7043,0,0,0,0,,,drift_segment,20200403_S05
20200403_464,20200403,464,463,6.67,14.93,2.654,71.0,0.17776,2813.32,39.624,421.79,-0.03,-0.01,0.0,5e-05,-39.62,0.03,0.0,0.011,97.578,3.541,-10.792,-1.349,-5.989,-1.116,46753.615,0.646,0,0,0,0,,,drift_segment,20200403_S05
20200403_465,20200403,465,464,6.7,14.99,2.654,72.0,0.17705,2864.41,39.783,427.52,-0.03,0.06,0.0,-0.00038,16.36,0.03,0.06,0.0,98.252,4.553,-10.792,0.0,-6.72,0.587,47745.554,0.6606,0,0,0,0,,,drift_segment,20200403_S05
20200403_466,20200403,466,465,6.74,14.99,2.655,72.0,0.17712,2865.49,39.798,425.15,0.0,0.06,0.002,-0.00012,17.92,0.04,0.0,0.001,99.152,4.553,-10.567,0.0,-6.652,0.623,48584.498,0.6347,0,0,0,0,,,drift_segment,20200403_S05
20200403_467,20200403,467,466,6.82,15.07,2.656,72.0,0.17624,2881.87,40.026,422.56,0.08,0.13,0.003,-0.001,33.82,0.08,0.08,0.001,100.95,5.902,-10.342,0.0,-7.549,1.169,50846.992,0.7228,0,0,0,0,,,drift_segment,20200403_S05
20200403_468,20200403,468,467,6.74,15.07,2.653,71.0,0.17605,2838.63,39.981,421.16,-0.04,0.13,0.0,-0.0012,-8.94,-0.08,0.0,-0.003,99.152,5.902,-11.017,-1.349,-7.754,-0.272,49190.258,0.7017,0,0,0,0,,,drift_segment,20200403_S05
20200403_469,20200403,469,468,6.78,14.93,2.654,72.0,0.17776,2852.94,39.624,420.79,-0.04,-0.01,0.0,0.00033,5.37,0.04,-0.14,0.001,100.051,3.541,-10.792,0.0,-5.989,0.205,49056.219,0.6474,0,0,0,0,,,drift_segment,20200403_S05
20200403_470,20200403,470,469,6.91,14.93,2.649,72.0,0.17743,2847.57,39.55,412.09,0.06,-0.01,-0.004,4e-05,-4.06,0.13,0.0,-0.005,102.974,3.541,-11.916,0.0,-6.333,0.026,51972.027,0.6654,0,0,0,0,,,drift_segment,20200403_S05
20200403_471,20200403,471,470,6.9,14.94,2.648,71.0,0.17724,2808.84,39.561,407.08,0.05,0.0,-0.005,-0.00019,-42.79,-0.01,0.01,-0.001,102.749,3.71,-12.141,-1.349,-6.524,-1.265,51874.617,0.6402,0,0,0,0,,,drift_segment,20200403_S05
20200403_472,20200403,472,471,6.94,14.94,2.651,72.0,0.17744,2851.63,39.606,410.9,0.09,0.0,-0.002,0.0,4.06,0.04,0.0,0.003,103.648,3.71,-11.466,0.0,-6.318,0.161,52677.566,0.6441,0,0,0,0,,,drift_segment,20200403_S05
20200403_473,20200403,473,472,6.92,14.89,2.652,70.0,0.17811,2764.18,39.488,399.45,0.07,-0.04,0.0,0.00058,-83.39,-0.02,-0.05,0.001,103.199,2.867,-11.242,-2.698,-5.637,-2.754,51955.887,0.6954,0,0,0,0,,,drift_segment,20200403_S05
20200403_474,20200403,474,473,6.88,14.89,2.654,71.0,0.17824,2805.78,39.518,407.82,0.03,-0.04,0.002,0.00048,-41.79,-0.04,0.0,0.002,102.299,2.867,-10.792,-1.349,-5.499,-1.367,50999.001,0.6469,0,0,0,0,,,drift_segment,20200403_S05
20200403_475,20200403,475,474,6.85,14.95,2.652,72.0,0.17739,2854.61,39.647,416.73,0.0,0.06,0.0,-0.00071,36.91,-0.03,0.06,-0.002,101.625,3.878,-11.242,0.0,-6.371,0.26,50741.611,0.6487,0,0,0,0,,,drift_segment,20200403_S05
20200403_476,20200403,476,475,6.85,14.95,2.654,72.0,0.17753,2856.77,39.677,417.05,0.0,0.06,0.002,-0.00072,43.53,0.0,0.0,0.002,101.625,3.878,-10.792,0.0,-6.233,0.332,50711.674,0.6098,0,0,0,0,,,drift_segment,20200403_S05
20200403_477,20200403,477,476,6.83,14.74,2.655,72.0,0.18012,2817.7,39.135,412.55,-0.02,-0.01,0.003,0.00053,4.46,-0.02,-0.21,0.001,101.175,0.337,-10.567,0.0,-3.566,-0.97,48848.995,0.6124,0,0,0,0,,,drift_segment,20200403_S05
20200403_478,20200403,478,477,6.84,14.74,2.652,73.0,0.17992,2853.61,39.09,417.19,-0.01,-0.01,0.0,0.00033,40.37,0.01,0.0,-0.003,101.4,0.337,-11.242,1.349,-3.775,0.227,49074.701,0.5646,0,0,0,0,,,drift_segment,20200403_S05
20200403_479,20200403,479,478,6.83,14.73,2.652,71.0,0.18004,2773.54,39.064,406.08,-0.02,-0.02,0.0,0.00045,-39.7,-0.01,-0.01,0.0,101.175,0.169,-11.242,-1.349,-3.649,-2.442,48865.774,0.5851,0,0,0,0,,,drift_segment,20200403_S05
20200403_480,20200403,480,479,6.83,14.73,2.65,71.0,0.1799,2771.45,39.034,405.78,-0.02,-0.02,-0.002,0.00031,-45.82,0.0,0.0,-0.002,101.175,0.169,-11.691,-1.349,-3.789,-2.511,48895.899,0.5926,0,0,0,0,,,drift_segment,20200403_S05
20200403_481,20200403,481,480,7.02,14.75,2.649,72.0,0.17959,2813.24,39.073,400.75,0.11,0.0,-0.002,0.0,-4.03,0.19,0.02,-0.001,105.447,0.506,-11.916,0.0,-4.109,-1.119,53179.346,0.6349,0,0,0,0,,,drift_segment,20200403_S05
20200403_482,20200403,482,481,7.01,14.75,2.649,72.0,0.17959,2813.24,39.073,401.32,0.07,0.0,-0.001,0.0,0.0,-0.01,0.0,0.0,105.222,0.506,-11.916,0.0,-4.109,-1.119,52955.388,0.5801,0,0,0,0,,,drift_segment,20200403_S05
20200403_483,20200403,483,482,7.03,14.76,2.643,72.0,0.17907,2808.77,39.011,399.54,0.08,0.01,-0.006,-0.00053,-4.47,0.02,0.01,-0.006,105.672,0.674,-13.265,0.0,-4.652,-1.268,53569.349,0.6411,0,0,0,0,,,drift_segment,20200403_S05
20200403_484,20200403,484,483,6.97,14.76,2.651,72.0,0.17961,2817.27,39.129,404.2,0.0,0.01,0.002,0.00018,8.5,-0.06,0.0,0.008,104.323,0.674,-11.466,0.0,-4.095,-0.984,52101.925,0.6133,0,0,0,0,,,drift_segment,20200403_S05
20200403_485,20200403,485,484,6.94,14.78,2.652,72.0,0.17943,2822.15,39.197,406.65,-0.04,0.02,0.003,0.0002,13.38,-0.03,0.02,0.001,103.648,1.012,-11.242,0.0,-4.275,-0.822,51559.5,0.622,0,0,0,0,,,drift_segment,20200403_S05
20200403_486,20200403,486,485,6.91,14.78,2.649,72.0,0.17923,2818.96,39.152,407.95,-0.07,0.02,0.0,0.0,10.19,-0.03,0.0,-0.003,102.974,1.012,-11.916,0.0,-4.483,-0.928,50945.191,0.6123,0,0,0,0,,,drift_segment,20200403_S05
20200403_487,20200403,487,486,6.95,14.75,2.643,72.0,0.17919,2806.87,38.984,403.87,-0.02,-0.03,-0.008,-4e-05,0.0,0.04,-0.03,-0.006,103.873,0.506,-13.265,0.0,-4.527,-1.331,51716.649,0.6352,0,0,0,0,,,drift_segment,20200403_S05
20200403_488,20200403,488,487,8.16,14.75,2.643,71.0,0.17919,2767.88,38.984,339.2,1.21,-0.03,-0.009,-4e-05,-38.98,1.21,0.0,0.0,131.078,0.506,-13.265,-1.349,-4.527,-2.63,81977.432,0.689,0,0,0,0,,,drift_segment,20200403_S05
20200403_489,20200403,489,488,7.15,14.83,2.657,71.0,0.17916,2797.64,39.403,391.28,0.2,0.03,0.005,-6e-05,-9.23,-1.01,0.08,0.014,108.37,1.855,-10.117,-1.349,-4.55,-1.639,56622.58,0.7248,0,0,0,0,,,drift_segment,20200403_S05
20200403_490,20200403,490,489,6.98,14.83,2.656,71.0,0.1791,2796.58,39.388,400.66,0.04,0.03,0.004,-9e-05,-1.05,-0.17,0.0,-0.001,104.548,1.855,-10.342,-1.349,-4.619,-1.674,52771.485,0.6599,0,0,0,0,,,drift_segment,20200403_S05
20200403_491,20200403,491,490,6.95,14.8,2.659,71.0,0.17966,2794.08,39.353,402.03,0.04,0.0,0.003,0.00048,-3.56,-0.03,-0.03,0.003,103.873,1.349,-9.668,-1.349,-4.038,-1.757,51853.244,0.6384,0,0,0,0,,,drift_segment,20200403_S05
20200403_492,20200403,492,491,6.86,14.8,2.659,71.0,0.17966,2794.08,39.353,407.3,-0.02,0.0,0.002,0.00048,-3.56,-0.09,0.0,0.0,101.85,1.349,-9.668,-1.349,-4.038,-1.757,49879.147,0.6231,0,0,0,0,,,drift_segment,20200403_S05
20200403_493,20200403,493,492,6.85,14.8,2.658,72.0,0.17959,2832.36,39.338,413.48,-0.02,0.0,0.0,0.0,34.73,-0.01,0.0,-0.001,101.625,1.349,-9.893,0.0,-4.108,-0.481,49637.599,0.5547,0,0,0,0,,,drift_segment,20200403_S05
20200403_494,20200403,494,493,6.87,14.8,2.651,73.0,0.17912,2864.14,39.235,416.91,0.0,0.0,-0.008,-0.00054,32.42,0.02,0.0,-0.007,102.074,1.349,-11.466,1.349,-4.593,0.578,50141.306,0.6186,0,0,0,0,,,drift_segment,20200403_S05
20200403_495,20200403,495,494,6.88,14.8,2.648,71.0,0.17892,2782.52,39.19,404.44,0.01,0.0,-0.011,-0.00074,-49.85,0.01,0.0,-0.003,102.299,1.349,-12.141,-1.349,-4.802,-2.143,50478.801,0.6233,0,0,0,0,,,drift_segment,20200403_S05
20200403_496,20200403,496,495,6.87,14.8,2.659,72.0,0.17966,2833.43,39.353,412.44,0.01,0.0,0.0,0.0,0.0,-0.01,0.0,0.011,102.074,1.349,-9.668,0.0,-4.038,-0.446,50057.515,0.594,0,0,0,0,,,drift_segment,20200403_S05
20200403_497,20200403,497,496,6.87,14.81,2.693,71.0,0.18184,2831.72,39.883,412.19,0.02,0.01,0.0,0.0,-32.42,0.0,0.01,0.034,102.074,1.518,-2.023,-1.349,-1.804,-0.503,49736.7,0.5801,0,0,0,0,,,drift_segment,20200403_S05
20200403_498,20200403,498,497,6.8,14.81,2.738,72.0,0.18488,2919.58,40.55,429.35,0.0,0.01,0.0,0.0,0.0,-0.07,0.0,0.045,100.501,1.518,8.094,0.0,1.317,2.426,47817.322,0.6208,0,0,0,0,,,drift_segment,20200403_S05
20200403_499,20200403,499,498,4.4,14.8,2.78,73.0,0.18784,3003.51,41.144,682.62,0.0,0.0,0.0,0.0,60.34,-2.4,-0.01,0.042,46.541,1.349,17.537,1.349,4.36,5.223,10426.997,0.6651,0,0,0,0,,,drift_segment,20200403_S05
20200403_500,20200403,500,499,4.4,14.8,2.802,71.0,0.18932,2944.34,41.47,669.17,0.0,0.0,0.01,0.00118,0.0,0.0,0.0,0.022,46.541,1.349,22.483,-1.349,5.887,3.251,10562.374,0.6256,0,0,0,0,,,drift_segment,20200403_S05
20200403_501,20200403,501,500,4.29,14.78,2.811,72.0,0.19019,2991.35,41.547,697.29,0.0,-0.03,0.019,0.00205,18.84,-0.11,-0.02,0.009,44.067,1.012,24.507,0.0,6.776,4.818,9502.857,0.6682,0,0,0,0,,,drift_segment,20200403_S05
20200403_502,20200403,502,501,4.11,14.78,2.811,72.0,0.19019,2991.35,41.547,727.82,0.0,-0.03,0.019,0.00205,18.84,-0.18,0.0,0.0,40.02,1.012,24.507,0.0,6.776,4.818,7927.805,0.6296,0,0,0,0,,,drift_segment,20200403_S05
20200403_503,20200403,503,502,3.53,14.81,2.807,72.0,0.18953,2993.16,41.572,847.92,-0.33,0.0,0.015,0.00139,20.65,-0.58,0.03,-0.004,26.98,1.518,23.607,0.0,6.103,4.878,3916.846,0.686,0,0,0,0,,,drift_segment,20200403_S05
20200403_504,20200403,504,503,3.81,14.81,2.799,71.0,0.18899,2943.18,41.453,772.49,0.0,0.0,0.007,0.00085,-29.33,0.28,0.0,-0.008,33.275,1.518,21.809,-1.349,5.548,3.212,5632.797,0.6452,0,0,0,0,,,drift_segment,20200403_S05
20200403_505,20200403,505,504,3.86,14.84,2.792,72.0,0.18814,2983.2,41.433,772.85,0.12,0.03,0.0,0.0,27.64,0.05,0.03,-0.007,34.4,2.024,20.235,0.0,4.671,4.546,5999.001,0.6745,0,0,0,0,,,drift_segment,20200403_S05
20200403_506,20200403,506,505,3.72,14.84,2.782,72.0,0.18747,2972.51,41.285,799.06,-0.01,0.03,0.0,0.0,16.95,-0.14,0.0,-0.01,31.252,2.024,17.987,0.0,3.979,4.19,4969.861,0.6468,0,0,0,0,,,drift_segment,20200403_S05
20200403_507,20200403,507,506,3.7,14.83,2.775,71.0,0.18712,2921.88,41.153,789.7,-0.02,0.02,0.0,0.0,-21.3,-0.02,-0.01,-0.007,30.802,1.855,16.413,-1.349,3.624,2.502,4794.689,0.6237,0,0,0,0,,,drift_segment,20200403_S05
20200403_508,20200403,508,507,3.7,14.83,2.768,72.0,0.18665,2955.56,41.049,798.8,0.0,0.02,0.0,0.0,16.33,0.0,0.0,-0.007,30.802,1.855,14.839,0.0,3.139,3.625,4753.008,0.593,0,0,0,0,,,drift_segment,20200403_S05
20200403_509,20200403,509,508,3.73,14.81,2.757,70.0,0.18616,2858.18,40.831,766.27,0.03,-0.02,-0.007,0.0,-81.05,0.03,-0.02,-0.011,31.477,1.518,12.366,-2.698,2.635,0.379,4903.165,0.6582,0,0,0,0,,,drift_segment,20200403_S05
20200403_510,20200403,510,509,3.74,14.81,2.75,71.0,0.18569,2891.65,40.728,773.17,0.04,-0.02,-0.014,-0.00047,-33.26,0.01,0.0,-0.007,31.702,1.518,10.792,-1.349,2.149,1.495,4937.089,0.6345,0,0,0,0,,,drift_segment,20200403_S05
20200403_511,20200403,511,510,3.6,14.81,2.743,72.0,0.18521,2924.92,40.624,812.48,-0.1,-0.02,-0.021,-0.00095,0.0,-0.14,0.0,-0.007,28.554,1.518,9.218,0.0,1.664,2.604,4013.601,0.6695,0,0,0,0,,,drift_segment,20200403_S05
20200403_512,20200403,512,511,3.64,14.81,2.74,72.0,0.18501,2921.72,40.579,802.67,-0.06,-0.02,-0.024,-0.00115,-3.2,0.04,0.0,-0.003,29.453,1.518,8.544,0.0,1.456,2.497,4257.569,0.6504,0,0,0,0,,,drift_segment,20200403_S05
20200403_513,20200403,513,512,3.64,14.85,2.749,72.0,0.18512,2939.23,40.823,807.48,-0.03,0.03,-0.015,-0.00104,13.27,0.0,0.04,0.009,29.453,2.192,10.567,0.0,1.566,3.081,4351.79,0.6546,0,0,0,0,,,drift_segment,20200403_S05
20200403_514,20200403,514,513,3.64,14.85,2.764,73.0,0.18613,2996.31,41.045,823.16,-0.01,0.03,0.004,0.0,70.36,0.0,0.0,0.015,29.453,2.192,13.94,1.349,2.604,4.983,4387.016,0.651,0,0,0,0,,,drift_segment,20200403_S05
20200403_515,20200403,515,514,3.73,14.84,2.776,71.0,0.18706,2924.9,41.196,784.16,0.09,0.01,0.016,0.00095,-14.33,0.09,-0.01,0.012,31.477,2.024,16.638,-1.349,3.563,2.603,5018.924,0.6957,0,0,0,0,,,drift_segment,20200403_S05
20200403_516,20200403,516,515,3.71,14.84,2.777,71.0,0.18713,2925.96,41.211,788.67,0.07,0.01,0.017,0.00102,-13.27,-0.02,0.0,0.001,31.027,2.024,16.862,-1.349,3.633,2.638,4890.704,0.6405,0,0,0,0,,,drift_segment,20200403_S05
20200403_517,20200403,517,516,3.65,14.82,2.776,72.0,0.18731,2962.1,41.14,811.54,0.0,-0.02,0.016,0.00121,22.87,-0.06,-0.02,-0.001,29.678,1.686,16.638,0.0,3.823,3.843,4446.698,0.6311,0,0,0,0,,,drift_segment,20200403_S05
20200403_518,20200403,518,517,3.67,14.82,2.77,72.0,0.18691,2955.7,41.051,805.37,0.02,-0.02,0.01,0.0008,16.47,0.02,0.0,-0.006,30.128,1.686,15.289,0.0,3.407,3.63,4546.436,0.6278,0,0,0,0,,,drift_segment,20200403_S05
20200403_519,20200403,519,518,3.64,14.83,2.76,72.0,0.18611,2947.02,40.931,809.62,-0.01,0.0,0.0,0.0,8.86,-0.03,0.01,-0.01,29.453,1.855,13.04,0.0,2.585,3.34,4340.053,0.6171,0,0,0,0,,,drift_segment,20200403_S05
20200403_520,20200403,520,519,3.59,14.83,2.754,72.0,0.1857,2940.61,40.842,819.11,-0.06,0.0,-0.006,-0.0004,7.47,-0.05,0.0,-0.006,28.329,1.855,11.691,0.0,2.169,3.127,4014.217,0.6495,0,0,0,0,,,drift_segment,20200403_S05
20200403_521,20200403,521,520,3.67,14.85,2.748,72.0,0.18505,2938.16,40.808,800.59,0.02,0.02,-0.012,-0.00106,5.02,0.08,0.02,-0.006,30.128,2.192,10.342,0.0,1.497,3.045,4542.012,0.6571,0,0,0,0,,,drift_segment,20200403_S05
20200403_522,20200403,522,521,3.65,14.85,2.74,72.0,0.18451,2929.61,40.689,802.63,0.0,0.02,-0.015,-0.00126,-3.53,-0.02,0.0,-0.008,29.678,2.192,8.544,0.0,0.944,2.76,4401.668,0.6226,0,0,0,0,,,drift_segment,20200403_S05
20200403_523,20200403,523,522,3.65,14.83,2.747,72.0,0.18523,2933.14,40.738,803.6,0.0,0.0,-0.007,-0.00047,3.53,0.0,-0.02,0.007,29.678,1.855,10.117,0.0,1.684,2.878,4371.019,0.6062,0,0,0,0,,,drift_segment,20200403_S05
20200403_524,20200403,524,523,3.69,14.83,2.755,71.0,0.18577,2900.82,40.857,786.13,0.05,0.0,0.001,7e-05,-28.79,0.04,0.0,0.008,30.577,1.855,11.916,-1.349,2.238,1.801,4658.067,0.6201,0,0,0,0,,,drift_segment,20200403_S05
20200403_525,20200403,525,524,3.64,14.82,2.763,71.0,0.18644,2907.28,40.948,798.7,0.0,-0.03,0.009,0.00082,-22.32,-0.05,-0.01,0.008,29.453,1.686,13.715,-1.349,2.922,2.016,4341.666,0.6376,0,0,0,0,,,drift_segment,20200403_S05
20200403_526,20200403,526,525,3.63,14.82,2.766,71.0,0.18664,2910.44,40.992,801.77,-0.01,-0.03,0.011,0.00119,-19.17,-0.01,0.0,0.003,29.228,1.686,14.389,-1.349,3.129,2.121,4290.195,0.6092,0,0,0,0,,,drift_segment,20200403_S05
20200403_527,20200403,527,526,3.37,14.85,2.748,71.0,0.18505,2897.35,40.808,859.75,-0.26,0.0,-0.007,-0.0004,-32.25,-0.26,0.03,-0.018,23.383,2.192,10.342,-1.349,1.497,1.685,2821.621,0.681,0,0,0,0,,,drift_segment,20200403_S05
20200403_528,20200403,528,527,6.05,14.85,2.754,71.0,0.18545,2903.68,40.897,479.95,2.68,0.0,-0.001,0.0,-12.29,2.68,0.0,0.006,83.638,2.192,11.691,-1.349,1.912,1.896,33392.637,0.6482,0,0,0,0,,,drift_segment,20200403_S05
20200403_529,20200403,529,528,3.07,14.88,2.764,72.0,0.18575,2961.24,41.128,964.57,0.0,0.0,0.009,0.0003,45.26,-2.98,0.03,0.01,16.638,2.698,13.94,0.0,2.218,3.814,1608.034,0.6728,0,0,0,0,,,drift_segment,20200403_S05
20200403_530,20200403,530,529,3.01,14.88,2.762,73.0,0.18562,3000.19,41.099,996.74,0.0,0.0,0.007,0.00057,65.61,-0.06,0.0,-0.002,15.289,2.698,13.49,1.349,2.08,5.113,1386.812,0.6391,0,0,0,0,,,drift_segment,20200403_S05
20200403_531,20200403,531,530,2.91,14.97,2.761,71.0,0.18444,2934.58,41.332,1008.45,-0.03,0.06,0.007,-0.00021,0.0,-0.1,0.09,-0.001,13.04,4.216,13.265,-1.349,0.865,2.926,1166.924,0.7006,0,0,0,0,,,drift_segment,20200403_S05
20200403_532,20200403,532,531,2.88,14.97,2.755,72.0,0.18403,2969.45,41.242,1031.06,-0.03,0.06,0.001,-0.00061,15.63,-0.03,0.0,-0.006,12.366,4.216,11.916,0.0,0.454,4.088,1045.375,0.6567,0,0,0,0,,,drift_segment,20200403_S05
20200403_533,20200403,533,532,2.94,14.94,2.749,71.0,0.184,2915.97,41.07,991.83,0.03,0.01,-0.006,-0.00064,-45.26,0.06,-0.03,-0.006,13.715,3.71,10.567,-1.349,0.421,2.306,1178.532,0.6546,0,0,0,0,,,drift_segment,20200403_S05
20200403_534,20200403,534,533,2.89,14.94,2.746,72.0,0.1838,2953.82,41.025,1022.08,-0.02,0.01,-0.011,-0.00063,-13.07,-0.05,0.0,-0.003,12.591,3.71,9.893,0.0,0.214,3.567,1010.751,0.6438,0,0,0,0,,,drift_segment,20200403_S05
20200403_535,20200403,535,534,2.79,14.91,2.747,73.0,0.18424,2989.92,40.958,1071.65,-0.12,-0.03,-0.008,0.0,23.03,-0.1,-0.03,0.001,10.342,3.204,10.117,1.349,0.663,4.77,721.462,0.6854,0,0,0,0,,,drift_segment,20200403_S05
20200403_536,20200403,536,535,2.89,14.91,2.753,71.0,0.18464,2914.35,41.047,1008.43,-0.02,-0.03,0.0,0.00061,-39.46,0.1,0.0,0.006,12.591,3.204,11.466,-1.349,1.077,2.252,1012.506,0.6384,0,0,0,0,,,drift_segment,20200403_S05
20200403_537,20200403,537,536,2.86,14.93,2.76,72.0,0.18486,2966.89,41.207,1037.37,-0.08,-0.01,0.011,0.00086,13.07,-0.03,0.02,0.007,11.916,3.541,13.04,0.0,1.304,4.003,973.112,0.6739,0,0,0,0,,,drift_segment,20200403_S05
20200403_538,20200403,538,537,3.14,14.93,2.76,72.0,0.18486,2966.89,41.207,944.87,0.05,-0.01,0.013,0.00094,38.37,0.28,0.0,0.0,18.212,3.541,13.04,0.0,1.304,4.003,1923.243,0.6539,0,0,0,0,,,drift_segment,20200403_S05
20200403_539,20200403,539,538,3.09,14.99,2.757,72.0,0.18392,2975.57,41.327,962.97,-0.05,0.06,0.011,0.00012,47.05,-0.05,0.06,-0.003,17.087,4.553,12.366,0.0,0.338,4.292,1791.601,0.7043,0,0,0,0,,,drift_segment,20200403_S05
20200403_540,20200403,540,539,3.27,14.99,2.702,72.0,0.18025,2916.21,40.503,891.81,0.0,0.06,-0.045,-0.00367,-12.31,0.18,0.0,-0.055,21.134,4.553,0.0,0.0,-3.431,2.314,2532.977,0.699,0,0,0,0,,,drift_segment,20200403_S05
20200403_541,20200403,541,540,8.18,15.07,2.699,72.0,0.1791,2928.52,40.674,358.01,3.05,0.13,-0.054,-0.00483,0.0,4.91,0.08,-0.003,131.528,5.902,-0.674,0.0,-4.618,2.724,84388.369,0.7446,0,0,0,0,,,drift_segment,20200403_S05
20200403_542,20200403,542,541,8.91,15.07,2.691,72.0,0.17857,2919.84,40.553,327.7,3.77,0.13,-0.066,-0.00536,-24.77,0.73,0.0,-0.008,147.94,5.902,-2.473,0.0,-5.163,2.434,106413.789,0.7484,0,0,0,0,,,drift_segment,20200403_S05
20200403_543,20200403,543,542,6.2,14.93,2.713,72.0,0.18171,2916.37,40.505,470.38,1.06,-0.01,-0.044,-0.00221,-28.25,-2.71,-0.14,0.022,87.011,3.541,2.473,0.0,-1.93,2.319,36750.887,0.7182,0,0,0,0,,,drift_segment,20200403_S05
20200403_544,20200403,544,543,6.0,14.93,2.729,71.0,0.18279,2892.82,40.744,482.14,0.86,-0.01,-0.028,-0.00114,-51.79,-0.2,0.0,0.016,82.514,3.541,6.07,-1.349,-0.829,1.534,33048.818,0.6887,0,0,0,0,,,drift_segment,20200403_S05
20200403_545,20200403,545,544,5.91,14.94,2.776,71.0,0.18581,2944.61,41.473,498.24,0.77,0.0,0.0,0.0,0.0,-0.09,0.01,0.047,80.49,3.71,16.638,-1.349,2.277,3.26,31410.08,0.6831,0,0,0,0,,,drift_segment,20200403_S05
20200403_546,20200403,546,545,5.13,14.94,2.818,72.0,0.18862,3031.27,42.101,590.89,-0.01,0.0,0.0,0.0,24.62,-0.78,0.0,0.042,62.953,3.71,26.081,0.0,5.165,6.148,19592.22,0.6634,0,0,0,0,,,drift_segment,20200403_S05
20200403_547,20200403,547,546,5.14,14.89,2.844,71.0,0.191,3006.65,42.347,584.95,0.0,-0.04,0.006,0.0001,-3.22,0.01,-0.05,0.026,63.178,2.867,31.926,-1.349,7.609,5.328,19727.864,0.6689,0,0,0,0,,,drift_segment,20200403_S05
20200403_548,20200403,548,547,5.14,14.89,2.857,73.0,0.19187,3105.47,42.541,604.18,0.01,-0.04,0.019,0.00087,95.6,0.0,0.0,0.013,63.178,2.867,34.849,1.349,8.506,8.622,19807.497,0.6681,0,0,0,0,,,drift_segment,20200403_S05
20200403_549,20200403,549,548,5.09,14.95,2.861,72.0,0.19137,3079.58,42.772,605.03,0.0,0.06,0.023,0.0,69.71,-0.05,0.06,0.004,62.054,3.878,35.748,0.0,7.99,7.759,19459.242,0.689,0,0,0,0,,,drift_segment,20200403_S05
20200403_550,20200403,550,549,4.07,14.95,2.854,72.0,0.1909,3072.05,42.667,754.8,-0.52,0.06,0.016,-0.00047,62.18,-1.02,0.0,-0.007,39.121,3.878,34.175,0.0,7.509,7.507,8466.923,0.7135,0,0,0,0,,,drift_segment,20200403_S05
20200403_551,20200403,551,550,4.51,14.74,2.847,72.0,0.19315,3021.46,41.965,669.95,-0.05,0.0,0.009,0.00178,11.59,0.44,-0.21,-0.007,49.014,0.337,32.601,0.0,9.815,5.822,11815.001,0.6945,0,0,0,0,,,drift_segment,20200403_S05
20200403_552,20200403,552,551,4.59,14.73,2.838,72.0,0.19267,3009.87,41.804,655.74,0.04,0.0,0.0,0.0013,3.22,0.08,-0.01,-0.009,50.812,0.169,30.577,0.0,9.322,5.435,12516.095,0.6529,0,0,0,0,,,drift_segment,20200403_S05
20200403_553,20200403,553,552,4.56,14.73,2.83,72.0,0.19212,3001.38,41.686,658.2,0.01,0.0,0.0,0.00075,0.0,-0.03,0.0,-0.008,50.138,0.169,28.779,0.0,8.764,5.152,12132.722,0.6025,0,0,0,0,,,drift_segment,20200403_S05
20200403_554,20200403,554,553,4.52,14.73,2.82,72.0,0.19145,2990.78,41.539,661.68,-0.03,0.0,0.0,0.00054,0.0,-0.04,0.0,-0.01,49.239,0.169,26.53,0.0,8.067,4.799,11641.988,0.6331,0,0,0,0,,,drift_segment,20200403_S05
20200403_555,20200403,555,554,4.5,14.73,2.81,72.0,0.19077,2980.17,41.391,662.26,-0.05,0.0,0.0,0.0,0.0,-0.02,0.0,-0.01,48.789,0.169,24.282,0.0,7.369,4.445,11368.612,0.6315,0,0,0,0,,,drift_segment,20200403_S05
20200403_556,20200403,556,555,4.49,14.72,2.802,72.0,0.19035,2969.67,41.245,661.4,-0.07,-0.01,0.0,0.0,0.0,-0.01,-0.01,-0.008,48.564,0.0,22.483,0.0,6.944,4.095,11186.997,0.6298,0,0,0,0,,,drift_segment,20200403_S05
20200403_557,20200403,557,556,4.55,14.72,2.791,72.0,0.18961,2958.01,41.084,650.11,-0.04,-0.01,0.0,0.0,0.0,0.06,0.0,-0.011,49.913,0.0,20.01,0.0,6.177,3.707,11743.35,0.651,0,0,0,0,,,drift_segment,20200403_S05
20200403_558,20200403,558,557,5.14,14.71,2.782,71.0,0.18912,2905.55,40.923,565.28,0.29,-0.02,0.0,0.0,-26.9,0.59,-0.01,-0.009,63.178,-0.169,17.987,-1.349,5.68,1.958,18641.222,0.6678,0,0,0,0,,,drift_segment,20200403_S05
20200403_559,20200403,559,558,5.02,14.71,2.774,71.0,0.18858,2897.19,40.806,577.13,0.15,-0.02,0.0,0.0,-26.77,-0.12,0.0,-0.008,60.48,-0.169,16.188,-1.349,5.122,1.68,17077.748,0.6489,0,0,0,0,,,drift_segment,20200403_S05
20200403_560,20200403,560,559,4.87,14.73,2.765,72.0,0.18771,2932.45,40.728,602.15,-0.15,0.0,0.0,0.0,14.99,-0.15,0.02,-0.009,57.108,0.169,14.164,0.0,4.231,2.855,15276.583,0.6638,0,0,0,0,,,drift_segment,20200403_S05
20200403_561,20200403,561,560,4.85,14.73,2.757,72.0,0.18717,2923.96,40.611,602.88,-0.29,0.0,-0.004,-0.00053,6.51,-0.02,0.0,-0.008,56.658,0.169,12.366,0.0,3.673,2.572,15032.944,0.6439,0,0,0,0,,,drift_segment,20200403_S05
20200403_562,20200403,562,561,5.15,14.73,2.749,71.0,0.18663,2874.99,40.493,558.25,0.0,0.0,-0.012,-0.00107,-30.95,0.3,0.0,-0.008,63.403,0.169,10.567,-1.349,3.115,0.939,18838.797,0.6269,0,0,0,0,,,drift_segment,20200403_S05
20200403_563,20200403,563,562,5.37,14.73,2.74,72.0,0.18601,2905.93,40.36,541.14,0.0,0.0,-0.021,-0.00156,0.39,0.22,0.0,-0.009,68.349,0.169,8.544,0.0,2.488,1.971,21877.499,0.6302,0,0,0,0,,,drift_segment,20200403_S05
20200403_564,20200403,564,563,5.45,14.74,2.749,72.0,0.1865,2917.46,40.52,535.31,0.0,0.01,-0.008,-0.00067,11.52,0.08,0.01,0.009,70.148,0.337,10.567,0.0,2.985,2.355,23067.573,0.642,0,0,0,0,,,drift_segment,20200403_S05
20200403_565,20200403,565,564,7.47,14.74,2.757,71.0,0.18704,2885.31,40.638,386.25,1.59,0.01,0.0,0.0,-26.07,2.02,0.0,0.008,115.564,0.337,12.366,-1.349,3.543,1.284,62525.747,0.6433,0,0,0,0,,,drift_segment,20200403_S05
20200403_566,20200403,566,565,7.42,14.71,2.761,72.0,0.1877,2924.23,40.614,394.1,0.0,-0.02,0.006,0.00066,12.85,-0.05,-0.03,0.004,114.44,-0.169,13.265,0.0,4.214,2.581,61029.32,0.632,0,0,0,0,,,drift_segment,20200403_S05
20200403_567,20200403,567,566,7.42,14.71,2.762,70.0,0.18776,2844.03,40.629,383.29,0.0,-0.02,0.01,0.00073,-67.35,0.0,0.0,0.001,114.44,-0.169,13.49,-2.698,4.284,-0.092,61115.068,0.58,0,0,0,0,,,drift_segment,20200403_S05
20200403_568,20200403,568,567,8.17,14.73,2.763,71.0,0.18758,2889.63,40.699,353.69,0.7,0.01,0.008,0.00053,-21.75,0.75,0.02,0.001,131.303,0.169,13.715,-1.349,4.092,1.427,80580.394,0.6493,0,0,0,0,,,drift_segment,20200403_S05
20200403_569,20200403,569,568,5.88,14.73,2.755,72.0,0.18703,2921.84,40.581,496.91,-2.29,0.01,-0.002,-5e-05,10.46,-2.29,0.0,-0.008,79.816,0.169,11.916,0.0,3.534,2.501,29780.866,0.6683,0,0,0,0,,,drift_segment,20200403_S05
20200403_570,20200403,570,569,9.14,14.72,2.747,72.0,0.18662,2911.38,40.436,318.53,0.76,0.0,-0.012,-0.00082,0.0,3.26,-0.01,-0.008,153.112,0.0,10.117,0.0,3.106,2.152,109574.044,0.6813,0,0,0,0,,,drift_segment,20200403_S05
20200403_571,20200403,571,570,9.27,14.72,2.747,72.0,0.18662,2911.38,40.436,314.06,0.89,0.0,-0.012,-0.00082,0.0,0.13,0.0,0.0,156.034,0.0,10.117,0.0,3.106,2.152,113801.433,0.6493,0,0,0,0,,,drift_segment,20200403_S05
20200403_572,20200403,572,571,8.43,14.71,2.752,73.0,0.18708,2955.18,40.482,350.56,0.05,-0.02,-0.005,0.0,43.8,-0.84,-0.01,0.005,137.148,-0.169,11.242,1.349,3.585,3.612,87722.398,0.6823,0,0,0,0,,,drift_segment,20200403_S05
20200403_573,20200403,573,572,8.41,14.71,2.759,71.0,0.18756,2881.53,40.585,342.63,0.03,-0.02,0.004,0.00052,-33.81,-0.02,0.0,0.007,136.699,-0.169,12.815,-1.349,4.074,1.157,87191.357,0.6003,0,0,0,0,,,drift_segment,20200403_S05
20200403_574,20200403,574,573,8.4,14.73,2.764,71.0,0.18764,2890.67,40.714,344.13,0.02,0.0,0.012,0.00061,-24.66,-0.01,0.02,0.005,136.474,0.169,13.94,-1.349,4.161,1.462,87047.498,0.5964,0,0,0,0,,,drift_segment,20200403_S05
20200403_575,20200403,575,574,8.38,14.73,2.761,72.0,0.18744,2928.21,40.67,349.43,0.0,0.0,0.009,0.00048,12.87,-0.02,0.0,-0.003,136.024,0.169,13.265,0.0,3.952,2.713,86444.21,0.5932,0,0,0,0,,,drift_segment,20200403_S05
20200403_576,20200403,576,575,7.56,14.74,2.757,72.0,0.18704,2925.95,40.638,387.03,0.0,0.01,0.003,0.0,5.31,-0.82,0.01,-0.004,117.588,0.337,12.366,0.0,3.543,2.638,64689.043,0.6143,0,0,0,0,,,drift_segment,20200403_S05
20200403_577,20200403,577,576,7.56,14.74,2.752,72.0,0.1867,2920.64,40.564,386.33,0.0,0.01,-0.005,-0.00038,0.0,0.0,0.0,-0.005,117.588,0.337,11.242,0.0,3.194,2.461,64718.226,0.5828,0,0,0,0,,,drift_segment,20200403_S05
20200403_578,20200403,578,577,7.54,14.74,2.747,72.0,0.18636,2915.34,40.491,386.65,0.0,0.0,-0.012,-0.00108,0.0,-0.02,0.0,-0.005,117.138,0.337,10.117,0.0,2.846,2.284,64255.918,0.5957,0,0,0,0,,,drift_segment,20200403_S05
20200403_579,20200403,579,578,7.18,14.74,2.745,72.0,0.18623,2913.21,40.461,405.74,0.0,0.0,-0.013,-0.00081,-2.12,-0.36,0.0,-0.002,109.044,0.337,9.668,0.0,2.707,2.214,55698.09,0.6127,0,0,0,0,,,drift_segment,20200403_S05
20200403_580,20200403,580,579,6.8,14.73,2.754,72.0,0.18697,2920.78,40.566,429.53,-0.02,-0.01,-0.003,0.0,5.45,-0.38,-0.01,0.009,100.501,0.169,11.691,0.0,3.464,2.466,47208.982,0.6495,0,0,0,0,,,drift_segment,20200403_S05
20200403_581,20200403,581,580,6.82,14.73,2.761,72.0,0.18744,2928.21,40.67,429.36,0.02,-0.01,0.007,0.00071,14.99,0.02,0.0,0.007,100.95,0.169,13.265,0.0,3.952,2.713,47604.893,0.6266,0,0,0,0,,,drift_segment,20200403_S05
20200403_582,20200403,582,581,6.78,14.74,2.765,71.0,0.18758,2893.68,40.756,426.8,0.0,0.0,0.012,0.00088,-19.53,-0.04,0.01,0.004,100.051,0.337,14.164,-1.349,4.1,1.563,46850.344,0.5995,0,0,0,0,,,drift_segment,20200403_S05
20200403_583,20200403,583,582,6.16,14.74,2.763,71.0,0.18745,2891.59,40.727,469.41,0.0,0.0,0.01,0.00072,-21.62,-0.62,0.0,-0.002,86.111,0.337,13.715,-1.349,3.961,1.493,34729.028,0.6043,0,0,0,0,,,drift_segment,20200403_S05
20200403_584,20200403,584,583,5.9,14.77,2.758,71.0,0.18673,2892.23,40.736,490.21,0.0,0.03,0.004,-0.00017,-1.45,-0.26,0.03,-0.005,80.266,0.843,12.591,-1.349,3.222,1.514,30351.136,0.6191,0,0,0,0,,,drift_segment,20200403_S05
20200403_585,20200403,585,584,5.79,14.77,2.753,71.0,0.18639,2886.99,40.662,498.62,0.0,0.03,-0.004,-0.00057,-6.69,-0.11,0.0,-0.005,77.792,0.843,11.466,-1.349,2.874,1.339,28528.881,0.6113,0,0,0,0,,,drift_segment,20200403_S05
20200403_586,20200403,586,585,4.86,14.74,2.747,71.0,0.18636,2874.85,40.491,591.53,-0.17,0.0,-0.011,-0.00076,-17.39,-0.93,-0.03,-0.006,56.883,0.337,10.117,-1.349,2.846,0.935,15213.532,0.6648,0,0,0,0,,,drift_segment,20200403_S05
20200403_587,20200403,587,586,4.95,14.74,2.748,72.0,0.18643,2916.4,40.506,589.17,-0.08,0.0,-0.009,-0.00047,24.17,0.09,0.0,0.001,58.906,0.337,10.342,0.0,2.916,2.32,16286.207,0.6544,0,0,0,0,,,drift_segment,20200403_S05
20200403_588,20200403,588,587,4.96,14.73,2.753,73.0,0.1869,2960.27,40.552,596.83,-0.07,-0.02,-0.002,0.00017,68.04,0.01,-0.01,0.005,59.131,0.169,11.466,1.349,3.394,3.782,16350.817,0.6472,0,0,0,0,,,drift_segment,20200403_S05
20200403_589,20200403,589,588,5.01,14.73,2.757,71.0,0.18717,2883.35,40.611,575.52,-0.02,-0.02,0.004,0.00052,-8.88,0.05,0.0,0.004,60.255,0.169,12.366,-1.349,3.673,1.218,17016.345,0.6012,0,0,0,0,,,drift_segment,20200403_S05
20200403_590,20200403,590,589,4.96,14.75,2.763,72.0,0.18732,2934.31,40.754,591.59,-0.07,0.0,0.01,0.00089,17.91,-0.05,0.02,0.006,59.131,0.506,13.715,0.0,3.83,2.917,16447.14,0.6625,0,0,0,0,,,drift_segment,20200403_S05
20200403_591,20200403,591,590,5.03,14.75,2.76,71.0,0.18712,2890.41,40.71,574.63,0.0,0.0,0.009,0.00061,-31.15,0.07,0.0,-0.003,60.705,0.506,13.04,-1.349,3.621,1.453,17349.578,0.5998,0,0,0,0,,,drift_segment,20200403_S05
20200403_592,20200403,592,591,7.24,14.76,2.755,72.0,0.18665,2927.79,40.664,404.39,0.3,0.01,0.002,0.0,2.42,2.21,0.01,-0.005,110.393,0.674,11.916,0.0,3.143,2.699,57172.043,0.6629,0,0,0,0,,,drift_segment,20200403_S05
20200403_593,20200403,593,592,7.17,14.76,2.75,73.0,0.18631,2963.07,40.59,413.26,0.0,0.01,-0.005,-0.00034,37.69,-0.07,0.0,-0.005,108.819,0.674,10.792,1.349,2.795,3.875,55546.428,0.6416,0,0,0,0,,,drift_segment,20200403_S05
20200403_594,20200403,594,593,6.94,14.78,2.75,71.0,0.18606,2885.79,40.645,415.82,-0.3,0.02,-0.006,-0.00045,-39.58,-0.23,0.02,0.0,103.648,1.012,10.792,-1.349,2.536,1.3,50609.247,0.6493,0,0,0,0,,,drift_segment,20200403_S05
20200403_595,20200403,595,594,7.92,14.78,2.749,72.0,0.18599,2925.38,40.63,369.37,0.0,0.02,-0.006,-0.00032,-1.5,0.98,0.0,-0.001,125.682,1.012,10.567,0.0,2.467,2.619,74281.977,0.6235,0,0,0,0,,,drift_segment,20200403_S05
20200403_596,20200403,596,595,8.92,14.75,2.751,72.0,0.18651,2921.56,40.577,327.53,1.0,-0.03,-0.002,0.00045,-3.81,1.0,-0.03,0.002,148.165,0.506,11.017,0.0,2.995,2.492,102854.887,0.669,0,0,0,0,,,drift_segment,20200403_S05
20200403_597,20200403,597,596,8.38,14.75,2.756,72.0,0.18685,2926.87,40.651,349.27,0.46,-0.03,0.005,0.00083,0.73,-0.54,0.0,0.005,136.024,0.506,12.141,0.0,3.343,2.669,86657.569,0.6722,0,0,0,0,,,drift_segment,20200403_S05
20200403_598,20200403,598,597,8.32,14.83,2.758,71.0,0.18597,2903.98,40.901,349.04,0.4,0.03,0.008,-2e-05,-21.39,-0.06,0.08,0.002,134.675,1.855,12.591,-1.349,2.446,1.906,85689.699,0.6791,0,0,0,0,,,drift_segment,20200403_S05
20200403_599,20200403,599,598,8.1,14.83,2.757,72.0,0.18591,2943.81,40.886,363.43,0.18,0.03,0.006,-9e-05,22.25,-0.22,0.0,-0.001,129.729,1.855,12.366,0.0,2.377,3.233,79499.146,0.6631,0,0,0,0,,,drift_segment,20200403_S05
20200403_600,20200403,600,599,8.12,14.8,2.753,72.0,0.18601,2933.6,40.744,361.28,0.2,0.0,0.0,2e-05,8.22,0.02,-0.03,-0.004,130.179,1.349,11.466,0.0,2.486,2.893,79820.154,0.6331,0,0,0,0,,,drift_segment,20200403_S05
20200403_601,20200403,601,600,7.9,14.8,2.75,71.0,0.18581,2889.7,40.7,365.78,-0.03,0.0,-0.005,-0.0002,-36.44,-0.22,0.0,-0.003,125.232,1.349,10.792,-1.349,2.278,1.43,73956.679,0.6272,0,0,0,0,,,drift_segment,20200403_S05
20200403_602,20200403,602,601,7.91,14.8,2.746,72.0,0.18554,2926.14,40.641,369.93,-0.02,0.0,-0.01,-0.00047,-0.73,0.01,0.0,-0.004,125.457,1.349,9.893,0.0,2.0,2.644,74203.602,0.6129,0,0,0,0,,,drift_segment,20200403_S05
20200403_603,20200403,603,602,7.92,14.8,2.747,70.0,0.18561,2845.89,40.656,359.33,-0.01,0.0,-0.008,-0.00041,-87.7,0.01,0.0,0.001,125.682,1.349,10.117,-2.698,2.07,-0.03,74560.545,0.5894,0,0,0,0,,,drift_segment,20200403_S05
20200403_604,20200403,604,603,7.91,14.8,2.755,71.0,0.18615,2894.95,40.774,365.99,-0.01,0.0,0.0,0.00014,-38.64,-0.01,0.0,0.008,125.457,1.349,11.916,-1.349,2.625,1.605,74187.3,0.5796,0,0,0,0,,,drift_segment,20200403_S05
20200403_605,20200403,605,604,7.91,14.8,2.762,72.0,0.18662,2943.19,40.878,372.08,-0.01,0.0,0.009,0.00061,17.05,0.0,0.0,0.007,125.457,1.349,13.49,0.0,3.111,3.213,74096.953,0.6175,0,0,0,0,,,drift_segment,20200403_S05
20200403_606,20200403,606,605,7.93,14.81,2.763,72.0,0.18656,2946.24,40.92,371.53,0.02,0.01,0.01,0.00055,22.99,0.02,0.01,0.001,125.907,1.518,13.715,0.0,3.051,3.314,74704.003,0.609,0,0,0,0,,,drift_segment,20200403_S05
20200403_607,20200403,607,606,7.95,14.81,2.762,72.0,0.1865,2945.18,40.905,370.46,0.04,0.01,0.009,0.00048,19.04,0.02,0.0,-0.001,126.356,1.518,13.49,0.0,2.981,3.279,75242.291,0.6219,0,0,0,0,,,drift_segment,20200403_S05
20200403_608,20200403,608,607,7.93,14.8,2.755,73.0,0.18615,2976.5,40.774,375.35,0.02,0.0,0.002,0.00014,45.19,-0.02,-0.01,-0.007,125.907,1.349,11.916,1.349,2.625,4.323,74628.697,0.6322,0,0,0,0,,,drift_segment,20200403_S05
20200403_609,20200403,609,608,7.92,14.8,2.753,71.0,0.18601,2892.85,40.744,365.26,0.01,0.0,-0.002,0.0,-42.73,-0.01,0.0,-0.002,125.682,1.349,11.466,-1.349,2.486,1.535,74465.823,0.5592,0,0,0,0,,,drift_segment,20200403_S05
20200403_610,20200403,610,609,7.91,14.78,2.749,71.0,0.18599,2884.75,40.63,364.7,0.0,-0.03,-0.006,0.0,-58.44,-0.01,-0.02,-0.004,125.457,1.012,10.567,-1.349,2.467,1.265,74064.092,0.597,0,0,0,0,,,drift_segment,20200403_S05
20200403_611,20200403,611,610,7.89,14.78,2.747,72.0,0.18586,2923.25,40.601,370.5,-0.03,-0.03,-0.008,-0.00012,-21.63,-0.02,0.0,-0.002,125.007,1.012,10.117,0.0,2.328,2.548,73503.217,0.6318,0,0,0,0,,,drift_segment,20200403_S05
20200403_612,20200403,612,611,7.91,14.81,2.749,72.0,0.18562,2931.31,40.713,370.58,0.0,0.0,-0.005,-0.00036,-9.3,0.02,0.03,0.002,125.457,1.518,10.567,0.0,2.08,2.817,74263.926,0.5991,0,0,0,0,,,drift_segment,20200403_S05
20200403_613,20200403,613,612,7.9,14.81,2.753,72.0,0.18589,2935.58,40.772,371.59,-0.01,0.0,0.0,-3e-05,0.0,-0.01,0.0,0.004,125.232,1.518,11.466,0.0,2.357,2.959,73971.23,0.5807,0,0,0,0,,,drift_segment,20200403_S05
20200403_614,20200403,614,613,7.9,14.84,2.76,72.0,0.18598,2949.0,40.958,373.29,-0.01,0.03,0.007,0.0001,17.69,0.0,0.03,0.007,125.232,2.024,13.04,0.0,2.456,3.406,74173.485,0.6383,0,0,0,0,,,drift_segment,20200403_S05
20200403_615,20200403,615,614,7.93,14.84,2.759,72.0,0.18592,2947.94,40.944,371.74,0.02,0.03,0.006,3e-05,16.62,0.03,0.0,-0.001,125.907,2.024,12.815,0.0,2.387,3.371,74976.22,0.6236,0,0,0,0,,,drift_segment,20200403_S05
20200403_616,20200403,616,615,7.94,14.83,2.758,72.0,0.18597,2944.88,40.901,370.89,0.03,0.02,0.005,9e-05,13.57,0.01,-0.01,-0.001,126.132,1.855,12.591,0.0,2.446,3.269,75166.005,0.6106,0,0,0,0,,,drift_segment,20200403_S05
20200403_617,20200403,617,616,7.91,14.83,2.754,72.0,0.1857,2940.61,40.842,371.76,0.0,0.02,0.001,-0.00018,9.3,-0.03,0.0,-0.004,125.457,1.855,11.691,0.0,2.169,3.127,74394.177,0.5932,0,0,0,0,,,drift_segment,20200403_S05
20200403_618,20200403,618,617,7.92,14.81,2.753,71.0,0.18589,2894.81,40.772,365.51,0.01,-0.02,-0.001,0.0,-40.77,0.01,-0.02,-0.001,125.682,1.518,11.466,-1.349,2.357,1.6,74548.317,0.5663,0,0,0,0,,,drift_segment,20200403_S05
20200403_619,20200403,619,618,7.9,14.81,2.747,71.0,0.18548,2888.5,40.683,365.63,-0.01,-0.02,-0.011,-0.00041,-52.11,-0.02,0.0,-0.006,125.232,1.518,10.117,-1.349,1.941,1.39,74060.577,0.6074,0,0,0,0,,,drift_segment,20200403_S05
20200403_620,20200403,620,619,7.89,14.81,2.747,71.0,0.18548,2888.5,40.683,366.1,-0.03,-0.02,-0.007,-0.00037,-20.45,-0.01,0.0,0.0,125.007,1.518,10.117,-1.349,1.941,1.39,73796.072,0.5937,0,0,0,0,,,drift_segment,20200403_S05
20200403_621,20200403,621,620,7.91,14.81,2.753,71.0,0.18589,2894.81,40.772,365.97,0.0,-0.02,0.0,0.0001,-14.14,0.02,0.0,0.006,125.457,1.518,11.466,-1.349,2.357,1.6,74282.993,0.576,0,0,0,0,,,drift_segment,20200403_S05
20200403_622,20200403,622,621,7.91,14.85,2.759,71.0,0.18579,2908.95,40.971,367.76,0.0,0.03,0.006,9e-05,8.28,0.0,0.04,0.006,125.457,2.192,12.815,-1.349,2.258,2.071,74574.249,0.6203,0,0,0,0,,,drift_segment,20200403_S05
20200403_623,20200403,623,622,7.92,14.85,2.762,72.0,0.18599,2953.13,41.016,372.87,0.01,0.03,0.009,0.00048,52.46,0.01,0.0,0.003,125.682,2.192,13.49,0.0,2.465,3.544,74774.884,0.6159,0,0,0,0,,,drift_segment,20200403_S05
20200403_624,20200403,624,623,7.92,14.84,2.758,73.0,0.18585,2987.8,40.929,377.25,0.01,0.01,0.005,0.00034,78.84,0.0,-0.01,-0.004,125.682,2.024,12.591,1.349,2.317,4.699,74674.299,0.6185,0,0,0,0,,,drift_segment,20200403_S05
20200403_625,20200403,625,624,7.93,14.84,2.753,71.0,0.18551,2900.67,40.855,365.78,0.02,0.01,0.0,-0.00028,-9.34,0.01,0.0,-0.005,125.907,2.024,11.466,-1.349,1.971,1.795,75062.49,0.5784,0,0,0,0,,,drift_segment,20200403_S05
20200403_626,20200403,626,625,7.91,14.82,2.747,72.0,0.18536,2931.16,40.711,370.56,0.0,-0.02,-0.01,-0.00049,0.0,-0.02,-0.02,-0.006,125.457,1.686,10.117,0.0,1.812,2.812,74360.954,0.6204,0,0,0,0,,,drift_segment,20200403_S05
20200403_627,20200403,627,626,7.91,14.82,2.747,71.0,0.18536,2890.45,40.711,365.42,0.0,-0.02,-0.011,-0.00049,-43.76,0.0,0.0,0.0,125.457,1.686,10.117,-1.349,1.812,1.455,74408.001,0.5734,0,0,0,0,,,drift_segment,20200403_S05
20200403_628,20200403,628,627,7.91,14.83,2.748,72.0,0.1853,2934.2,40.753,370.95,-0.01,0.0,-0.009,-0.00055,-4.27,0.0,0.01,0.001,125.457,1.855,10.342,0.0,1.753,2.913,74436.113,0.5928,0,0,0,0,,,drift_segment,20200403_S05
20200403_629,20200403,629,628,7.9,14.83,2.757,73.0,0.18591,2984.7,40.886,377.81,-0.01,0.0,0.004,0.00034,50.34,-0.01,0.0,0.009,125.232,1.855,12.366,1.349,2.377,4.596,74067.681,0.6385,0,0,0,0,,,drift_segment,20200403_S05
20200403_630,20200403,630,629,7.93,14.85,2.76,71.0,0.18586,2910.01,40.986,366.96,0.02,0.02,0.008,0.0003,-24.2,0.03,0.02,0.003,125.907,2.192,13.04,-1.349,2.327,2.107,75100.121,0.6273,0,0,0,0,,,drift_segment,20200403_S05
20200403_631,20200403,631,630,7.91,14.85,2.763,72.0,0.18606,2954.2,41.031,373.48,0.0,0.02,0.013,0.0005,19.84,-0.02,0.0,0.003,125.457,2.192,13.715,0.0,2.535,3.58,74503.456,0.6156,0,0,0,0,,,drift_segment,20200403_S05
20200403_632,20200403,632,631,7.93,14.83,2.76,72.0,0.18611,2947.02,40.931,371.63,0.02,0.0,0.008,0.00055,10.99,0.02,-0.02,-0.003,125.907,1.855,13.04,0.0,2.585,3.34,74887.236,0.6197,0,0,0,0,,,drift_segment,20200403_S05
20200403_633,20200403,633,632,7.94,14.83,2.752,72.0,0.18557,2938.48,40.812,370.09,0.03,0.0,0.0,1e-05,2.45,0.01,0.0,-0.008,126.132,1.855,11.242,0.0,2.03,3.056,75205.825,0.5943,0,0,0,0,,,drift_segment,20200403_S05
20200403_634,20200403,634,633,7.9,14.82,2.75,72.0,0.18556,2934.36,40.755,371.44,-0.01,-0.03,-0.007,-1e-05,-1.66,-0.04,-0.01,-0.002,125.232,1.686,10.792,0.0,2.02,2.918,74074.236,0.6296,0,0,0,0,,,drift_segment,20200403_S05
20200403_635,20200403,635,634,7.9,14.82,2.745,72.0,0.18522,2929.02,40.681,370.76,-0.01,-0.03,-0.012,-0.00034,-7.0,0.0,0.0,-0.005,125.232,1.686,9.668,0.0,1.674,2.741,74110.882,0.612,0,0,0,0,,,drift_segment,20200403_S05
20200403_636,20200403,636,635,7.89,14.85,2.746,72.0,0.18492,2936.02,40.778,372.12,-0.02,0.0,-0.011,-0.0004,0.0,-0.01,0.03,0.001,125.007,2.192,9.893,0.0,1.359,2.974,74085.654,0.6192,0,0,0,0,,,drift_segment,20200403_S05
20200403_637,20200403,637,636,7.89,14.85,2.752,72.0,0.18532,2942.44,40.867,372.93,-0.02,0.0,0.0,4e-05,6.42,0.0,0.0,0.006,125.007,2.192,11.242,0.0,1.774,3.188,74042.683,0.5896,0,0,0,0,,,drift_segment,20200403_S05
20200403_638,20200403,638,637,7.91,14.88,2.757,71.0,0.18528,2912.72,41.024,368.23,0.01,0.0,0.005,6e-05,-23.31,0.02,0.03,0.005,125.457,2.698,12.366,-1.349,1.735,2.197,74835.16,0.6037,0,0,0,0,,,drift_segment,20200403_S05
20200403_639,20200403,639,638,7.93,14.88,2.762,71.0,0.18562,2918.0,41.099,367.97,0.03,0.0,0.01,0.0007,-18.03,0.02,0.0,0.005,125.907,2.698,13.49,-1.349,2.08,2.373,75337.302,0.6209,0,0,0,0,,,drift_segment,20200403_S05
20200403_640,20200403,640,639,7.91,14.97,2.76,72.0,0.18437,2974.84,41.317,376.09,0.01,0.06,0.008,-0.0,34.47,-0.02,0.09,-0.002,125.457,4.216,13.04,0.0,0.797,4.267,75518.487,0.6797,0,0,0,0,,,drift_segment,20200403_S05
20200403_641,20200403,641,640,7.92,14.97,2.757,71.0,0.18417,2930.33,41.272,369.99,0.02,0.06,0.005,-0.0002,-12.11,0.01,0.0,-0.003,125.682,4.216,12.366,-1.349,0.591,2.784,75851.92,0.6404,0,0,0,0,,,drift_segment,20200403_S05
20200403_642,20200403,642,641,7.9,14.94,2.752,73.0,0.1842,3001.39,41.115,379.92,0.0,0.01,-0.002,-0.00017,50.28,-0.02,-0.03,-0.005,125.232,3.71,11.242,1.349,0.627,5.152,75011.415,0.6283,0,0,0,0,,,drift_segment,20200403_S05
20200403_643,20200403,643,642,7.9,14.94,2.744,72.0,0.18367,2951.67,40.995,373.63,0.0,0.01,-0.013,-0.0007,0.0,0.0,0.0,-0.008,125.232,3.71,9.443,0.0,0.077,3.495,75112.056,0.6211,0,0,0,0,,,drift_segment,20200403_S05
20200403_644,20200403,644,643,7.89,14.91,2.739,72.0,0.1837,2940.37,40.838,372.67,-0.01,-0.03,-0.017,-0.0005,-20.07,-0.01,-0.03,-0.005,125.007,3.204,8.319,0.0,0.112,3.119,74636.529,0.634,0,0,0,0,,,drift_segment,20200403_S05
20200403_645,20200403,645,644,7.89,14.91,2.749,72.0,0.18437,2951.11,40.988,374.03,-0.01,-0.03,-0.005,0.0002,-12.56,0.0,0.0,0.01,125.007,3.204,10.567,0.0,0.801,3.477,74559.479,0.6291,0,0,0,0,,,drift_segment,20200403_S05
20200403_646,20200403,646,645,7.89,14.93,2.754,72.0,0.18446,2960.44,41.117,375.21,-0.01,-0.01,0.001,0.0004,-3.22,0.0,0.02,0.005,125.007,3.541,11.691,0.0,0.891,3.788,74690.697,0.5992,0,0,0,0,,,drift_segment,20200403_S05
20200403_647,20200403,647,646,7.9,14.93,2.757,72.0,0.18466,2963.66,41.162,375.15,0.0,-0.01,0.005,0.00067,0.0,0.01,0.0,0.003,125.232,3.541,12.366,0.0,1.098,3.895,74937.123,0.596,0,0,0,0,,,drift_segment,20200403_S05
20200403_648,20200403,648,647,7.91,14.99,2.759,72.0,0.18406,2977.73,41.357,376.45,0.01,0.06,0.01,6e-05,17.29,0.01,0.06,0.002,125.457,4.553,12.815,0.0,0.475,4.364,75691.928,0.667,0,0,0,0,,,drift_segment,20200403_S05
20200403_649,20200403,649,648,7.92,14.99,2.756,72.0,0.18386,2974.5,41.312,375.57,0.02,0.06,0.003,-0.0002,12.07,0.01,0.0,-0.003,125.682,4.553,12.141,0.0,0.27,4.256,75978.843,0.6281,0,0,0,0,,,drift_segment,20200403_S05
20200403_650,20200403,650,649,7.91,15.07,2.753,72.0,0.18268,2987.12,41.488,377.64,0.01,0.13,-0.001,-0.00145,24.69,-0.01,0.08,-0.003,125.457,5.902,11.466,0.0,-0.937,4.677,76403.433,0.6825,0,0,0,0,,,drift_segment,20200403_S05
20200403_651,20200403,651,650,7.9,15.07,2.748,72.0,0.18235,2981.69,41.412,377.43,0.0,0.13,-0.006,-0.00178,18.03,-0.01,0.0,-0.005,125.232,5.902,10.342,0.0,-1.278,4.496,76170.389,0.6705,0,0,0,0,,,drift_segment,20200403_S05
20200403_652,20200403,652,651,7.9,14.93,2.747,71.0,0.18399,2911.9,41.013,368.6,-0.01,-0.01,-0.008,-0.00013,-51.76,0.0,-0.14,-0.001,125.232,3.541,10.117,-1.349,0.41,2.17,75053.159,0.6204,0,0,0,0,,,drift_segment,20200403_S05
20200403_653,20200403,653,652,7.88,14.93,2.749,71.0,0.18413,2914.02,41.043,369.8,-0.03,-0.01,-0.005,7e-05,-48.4,-0.02,0.0,0.002,124.783,3.541,10.567,-1.349,0.547,2.24,74506.549,0.6115,0,0,0,0,,,drift_segment,20200403_S05
20200403_654,20200403,654,653,7.88,14.94,2.754,72.0,0.18434,2962.42,41.145,375.94,-0.02,0.0,0.001,0.00035,2.32,0.0,0.01,0.005,124.783,3.71,11.691,0.0,0.764,3.854,74508.026,0.602,0,0,0,0,,,drift_segment,20200403_S05
20200403_655,20200403,655,654,7.91,14.94,2.757,71.0,0.18454,2924.46,41.19,369.72,0.01,0.0,0.007,0.00041,-33.49,0.03,0.0,0.003,125.457,3.71,12.366,-1.349,0.971,2.588,75333.932,0.619,0,0,0,0,,,drift_segment,20200403_S05
20200403_656,20200403,656,655,7.91,14.89,2.757,73.0,0.18516,2996.78,41.052,378.86,0.01,-0.05,0.008,0.00103,38.83,0.0,-0.05,0.0,125.457,2.867,12.366,1.349,1.607,4.999,74828.984,0.6421,0,0,0,0,,,drift_segment,20200403_S05
20200403_657,20200403,657,656,7.92,14.89,2.755,72.0,0.18502,2953.58,41.022,372.93,0.02,-0.05,0.005,0.0009,-1.48,0.01,0.0,-0.002,125.682,2.867,11.916,0.0,1.469,3.559,75150.42,0.6172,0,0,0,0,,,drift_segment,20200403_S05
20200403_658,20200403,658,657,7.89,14.95,2.75,72.0,0.18395,2960.1,41.112,375.17,-0.01,0.01,-0.004,-0.00018,2.15,-0.03,0.06,-0.005,125.007,3.878,10.792,0.0,0.363,3.776,74884.369,0.6446,0,0,0,0,,,drift_segment,20200403_S05
20200403_659,20200403,659,658,7.89,14.95,2.748,72.0,0.18381,2957.95,41.083,374.9,-0.01,0.0,-0.007,-0.00013,-2.15,0.0,0.0,-0.002,125.007,3.878,10.342,0.0,0.225,3.705,74898.764,0.5994,0,0,0,0,,,drift_segment,20200403_S05
20200403_660,20200403,660,659,7.9,14.93,2.749,72.0,0.18413,2955.07,41.043,374.06,0.0,-0.02,-0.006,0.00018,-2.88,0.01,-0.02,0.001,125.232,3.541,10.567,0.0,0.547,3.608,74991.481,0.601,0,0,0,0,,,drift_segment,20200403_S05
20200403_661,20200403,661,660,7.89,14.99,2.745,72.0,0.18312,2962.62,41.148,375.49,-0.01,0.04,-0.007,-0.00082,4.68,-0.01,0.06,-0.004,125.007,4.553,9.668,0.0,-0.484,3.86,75254.443,0.6594,0,0,0,0,,,drift_segment,20200403_S05
20200403_662,20200403,662,661,7.91,14.99,2.755,71.0,0.18379,2932.12,41.297,370.69,0.01,0.04,0.005,-0.00015,-22.95,0.02,0.0,0.01,125.457,4.553,11.916,-1.349,0.201,2.844,75764.723,0.655,0,0,0,0,,,drift_segment,20200403_S05
20200403_663,20200403,663,662,7.9,15.07,2.756,72.0,0.18288,2990.37,41.533,378.53,0.0,0.12,0.007,-0.00093,35.31,-0.01,0.08,0.001,125.232,5.902,12.141,0.0,-0.733,4.785,76114.797,0.6925,0,0,0,0,,,drift_segment,20200403_S05
20200403_664,20200403,664,663,7.9,15.07,2.756,72.0,0.18288,2990.37,41.533,378.53,0.0,0.13,0.007,-0.00093,37.46,0.0,0.0,0.0,125.232,5.902,12.141,0.0,-0.733,4.785,76114.797,0.6512,0,0,0,0,,,drift_segment,20200403_S05
20200403_665,20200403,665,664,7.91,14.93,2.752,71.0,0.18433,2917.2,41.087,368.8,0.01,-0.01,0.0,0.00039,-35.71,0.01,-0.14,-0.004,125.457,3.541,11.242,-1.349,0.754,2.346,75283.95,0.6236,0,0,0,0,,,drift_segment,20200403_S05
20200403_666,20200403,666,665,7.9,14.93,2.747,72.0,0.18399,2952.92,41.013,373.79,0.0,-0.01,-0.006,6e-05,0.0,-0.01,0.0,-0.005,125.232,3.541,10.117,0.0,0.41,3.537,75006.114,0.6016,0,0,0,0,,,drift_segment,20200403_S05
20200403_667,20200403,667,666,7.89,14.94,2.748,70.0,0.18394,2873.86,41.055,364.24,-0.01,0.0,-0.005,-6e-05,-79.06,-0.01,0.01,0.001,125.007,3.71,10.342,-2.698,0.352,0.902,74914.499,0.6015,0,0,0,0,,,drift_segment,20200403_S05
20200403_668,20200403,668,667,7.9,14.94,2.744,71.0,0.18367,2910.67,40.995,368.44,0.0,0.0,-0.009,-0.00048,-42.24,0.01,0.0,-0.004,125.232,3.71,9.443,-1.349,0.077,2.129,75159.131,0.6068,0,0,0,0,,,drift_segment,20200403_S05
20200403_669,20200403,669,668,7.89,14.89,2.753,72.0,0.18489,2951.44,40.992,374.07,-0.01,-0.04,0.001,0.00056,0.0,-0.01,-0.05,0.009,125.007,2.867,11.466,0.0,1.331,3.487,74366.046,0.6465,0,0,0,0,,,drift_segment,20200403_S05
20200403_670,20200403,670,669,7.88,14.89,2.757,72.0,0.18516,2955.72,41.052,375.09,-0.02,-0.04,0.007,0.00074,38.52,-0.01,0.0,0.004,124.783,2.867,12.366,0.0,1.607,3.63,74074.942,0.6345,0,0,0,0,,,drift_segment,20200403_S05
20200403_671,20200403,671,670,7.91,14.95,2.757,72.0,0.18441,2967.63,41.217,375.18,0.02,0.06,0.007,-0.00047,48.97,0.03,0.06,0.0,125.457,3.878,12.366,0.0,0.844,4.027,75370.257,0.6714,0,0,0,0,,,drift_segment,20200403_S05
20200403_672,20200403,672,671,7.9,14.95,2.753,73.0,0.18415,3004.49,41.157,380.31,0.01,0.06,0.001,-0.00101,85.83,-0.01,0.0,-0.004,125.232,3.878,11.466,1.349,0.569,5.256,75087.819,0.6426,0,0,0,0,,,drift_segment,20200403_S05
20200403_673,20200403,673,672,7.9,14.74,2.75,71.0,0.18657,2877.98,40.535,364.3,0.0,-0.01,-0.002,0.00014,-44.64,0.0,-0.21,-0.003,125.232,0.337,10.792,-1.349,3.055,1.039,73464.997,0.5861,0,0,0,0,,,drift_segment,20200403_S05
20200403_674,20200403,674,673,7.89,14.74,2.748,71.0,0.18643,2875.89,40.506,364.5,0.0,-0.01,-0.005,0.0,-48.86,-0.01,0.0,-0.002,125.007,0.337,10.342,-1.349,2.916,0.97,73215.841,0.5585,0,0,0,0,,,drift_segment,20200403_S05
20200403_675,20200403,675,674,7.89,14.73,2.748,72.0,0.18656,2914.42,40.478,369.38,-0.01,-0.02,-0.004,0.00013,-10.33,0.0,-0.01,0.0,125.007,0.169,10.342,0.0,3.046,2.254,73087.489,0.567,0,0,0,0,,,drift_segment,20200403_S05
20200403_676,20200403,676,675,7.89,14.73,2.752,72.0,0.18683,2918.66,40.537,369.92,-0.01,-0.02,0.0,0.0004,-6.09,0.0,0.0,0.004,125.007,0.169,11.242,0.0,3.325,2.395,73059.43,0.5707,0,0,0,0,,,drift_segment,20200403_S05
20200403_677,20200403,677,676,7.9,14.75,2.752,72.0,0.18658,2922.62,40.592,369.95,0.0,0.0,0.002,0.00014,0.0,0.01,0.02,0.0,125.232,0.506,11.242,0.0,3.064,2.527,73485.985,0.5622,0,0,0,0,,,drift_segment,20200403_S05
20200403_678,20200403,678,677,7.9,14.75,2.754,72.0,0.18671,2924.75,40.622,370.22,0.0,0.0,0.005,0.00028,6.09,0.0,0.0,0.002,125.232,0.506,11.691,0.0,3.204,2.598,73472.524,0.5663,0,0,0,0,,,drift_segment,20200403_S05
20200403_679,20200403,679,678,7.89,15.07,2.754,72.0,0.18275,2988.2,41.503,378.73,-0.01,0.14,0.005,-0.00172,65.58,-0.01,0.32,0.0,125.007,5.902,11.691,0.0,-0.869,4.713,75859.992,0.6928,0,0,0,0,,,drift_segment,20200403_S05
20200403_680,20200403,680,679,7.91,15.07,2.749,72.0,0.18242,2982.77,41.427,377.09,0.01,0.14,-0.003,-0.00206,60.15,0.02,0.0,-0.005,125.457,5.902,10.567,0.0,-1.21,4.532,76431.733,0.6691,0,0,0,0,,,drift_segment,20200403_S05
20200403_681,20200403,681,680,7.91,14.93,2.748,72.0,0.18406,2953.99,41.028,373.45,0.01,0.0,-0.004,-0.00041,31.37,0.0,-0.14,-0.001,125.457,3.541,10.342,0.0,0.478,3.573,75265.376,0.6142,0,0,0,0,,,drift_segment,20200403_S05
20200403_682,20200403,682,681,7.89,14.93,2.748,71.0,0.18406,2912.96,41.028,369.2,-0.01,0.0,-0.004,-2e-05,-10.44,-0.02,0.0,0.0,125.007,3.541,10.342,-1.349,0.478,2.205,74779.543,0.5847,0,0,0,0,,,drift_segment,20200403_S05
20200403_683,20200403,683,682,7.9,14.94,2.749,71.0,0.184,2915.97,41.07,369.11,0.0,0.0,-0.003,-6e-05,-8.77,0.01,0.01,0.001,125.232,3.71,10.567,-1.349,0.421,2.306,75121.712,0.5757,0,0,0,0,,,drift_segment,20200403_S05
20200403_684,20200403,684,683,7.91,14.94,2.756,71.0,0.18447,2923.4,41.175,369.58,0.01,0.0,0.007,0.00041,0.0,0.01,0.0,0.007,125.457,3.71,12.141,-1.349,0.902,2.553,75340.394,0.6221,0,0,0,0,,,drift_segment,20200403_S05
20200403_685,20200403,685,684,7.9,14.89,2.759,71.0,0.18529,2916.79,41.082,369.21,0.0,-0.05,0.01,0.00123,-6.61,-0.01,-0.05,0.003,125.232,2.867,12.815,-1.349,1.745,2.333,74639.633,0.6329,0,0,0,0,,,drift_segment,20200403_S05
20200403_686,20200403,686,685,7.9,14.89,2.754,71.0,0.18496,2911.5,41.007,368.54,0.0,-0.05,0.005,0.0009,-11.9,0.0,0.0,-0.005,125.232,2.867,11.691,-1.349,1.4,2.156,74671.746,0.6023,0,0,0,0,,,drift_segment,20200403_S05
20200403_687,20200403,687,686,7.9,14.95,2.752,72.0,0.18408,2962.25,41.142,374.97,0.01,0.01,0.0,8e-05,38.85,0.0,0.06,-0.002,125.232,3.878,11.242,0.0,0.5,3.848,75136.754,0.6073,0,0,0,0,,,drift_segment,20200403_S05
20200403_688,20200403,688,687,7.89,14.95,2.744,73.0,0.18355,2994.66,41.023,379.55,-0.01,0.0,-0.009,-0.00011,64.67,-0.01,0.0,-0.008,125.007,3.878,9.443,1.349,-0.049,4.928,74886.742,0.6487,0,0,0,0,,,drift_segment,20200403_S05
20200403_689,20200403,689,688,7.89,14.93,2.741,71.0,0.18359,2905.54,40.923,368.26,-0.01,-0.02,-0.013,-7e-05,-24.45,0.0,-0.02,-0.003,125.007,3.541,8.768,-1.349,-0.003,1.958,74833.215,0.6109,0,0,0,0,,,drift_segment,20200403_S05
20200403_690,20200403,690,689,7.87,14.99,2.748,72.0,0.18332,2965.86,41.193,376.86,-0.03,0.04,-0.006,-0.00033,5.42,-0.02,0.06,0.007,124.558,4.553,10.342,0.0,-0.278,3.968,74699.377,0.6782,0,0,0,0,,,drift_segment,20200403_S05
20200403_691,20200403,691,690,7.88,14.99,2.753,71.0,0.18366,2929.99,41.267,371.83,-0.01,0.04,0.0,0.0,-30.45,0.01,0.0,0.005,124.783,4.553,11.466,-1.349,0.064,2.773,74977.175,0.6221,0,0,0,0,,,drift_segment,20200403_S05
20200403_692,20200403,692,691,7.89,15.07,2.759,72.0,0.18308,2993.63,41.578,379.42,0.0,0.12,0.007,-0.00058,33.19,0.01,0.08,0.006,125.007,5.902,12.815,0.0,-0.528,4.894,75827.702,0.6986,0,0,0,0,,,drift_segment,20200403_S05
20200403_693,20200403,693,692,7.91,15.07,2.759,73.0,0.18308,3035.2,41.578,383.72,0.02,0.13,0.007,-0.00058,74.93,0.02,0.0,0.0,125.457,5.902,12.815,1.349,-0.528,6.279,76321.906,0.675,0,0,0,0,,,drift_segment,20200403_S05
20200403_694,20200403,694,693,7.9,14.93,2.757,71.0,0.18466,2922.5,41.162,369.94,0.01,-0.01,0.005,0.00079,-32.39,-0.01,-0.14,-0.002,125.232,3.541,12.366,-1.349,1.098,2.523,74984.095,0.6365,0,0,0,0,,,drift_segment,20200403_S05
20200403_695,20200403,695,694,7.9,14.93,2.754,72.0,0.18446,2960.44,41.117,374.74,0.0,-0.01,0.001,0.00026,0.17,0.0,0.0,-0.003,125.232,3.541,11.691,0.0,0.891,3.788,74956.725,0.5782,0,0,0,0,,,drift_segment,20200403_S05
20200403_696,20200403,696,695,7.89,14.94,2.752,72.0,0.1842,2960.27,41.115,375.19,-0.01,0.0,-0.002,-0.00014,0.0,-0.01,0.01,-0.002,125.007,3.71,11.242,0.0,0.627,3.782,74787.279,0.5921,0,0,0,0,,,drift_segment,20200403_S05
20200403_697,20200403,697,696,7.88,14.94,2.747,72.0,0.18387,2954.89,41.04,374.99,-0.03,0.0,-0.009,-0.00059,-5.38,-0.01,0.0,-0.005,124.783,3.71,10.117,0.0,0.283,3.603,74557.138,0.6331,0,0,0,0,,,drift_segment,20200403_S05
20200403_698,20200403,698,697,7.91,14.89,2.747,72.0,0.18449,2945.0,40.903,372.31,0.0,-0.04,-0.009,0.0,-9.89,0.03,-0.05,0.0,125.457,2.867,10.117,0.0,0.917,3.273,74940.138,0.6374,0,0,0,0,,,drift_segment,20200403_S05
20200403_699,20200403,699,698,7.92,14.89,2.75,72.0,0.18469,2948.22,40.948,372.25,0.01,-0.04,-0.006,0.00014,0.0,0.01,0.0,0.003,125.682,2.867,10.792,0.0,1.124,3.38,75184.799,0.6131,0,0,0,0,,,drift_segment,20200403_S05
20200403_700,20200403,700,699,7.91,14.95,2.756,72.0,0.18435,2966.56,41.202,375.04,-0.01,0.06,0.002,-0.0002,18.34,-0.01,0.06,0.006,125.457,3.878,12.141,0.0,0.775,3.992,75376.715,0.6608,0,0,0,0,,,drift_segment,20200403_S05
20200403_701,20200403,701,700,7.92,14.95,2.759,72.0,0.18455,2969.79,41.247,374.97,0.0,0.06,0.007,-0.00014,24.78,0.01,0.0,0.003,125.682,3.878,12.815,0.0,0.981,4.099,75624.813,0.6366,0,0,0,0,,,drift_segment,20200403_S05
20200403_702,20200403,702,701,7.93,14.74,2.765,71.0,0.18758,2893.68,40.756,364.9,0.01,0.0,0.013,0.002,-30.28,0.01,-0.21,0.006,125.907,0.337,14.164,-1.349,4.1,1.563,74163.145,0.6253,0,0,0,0,,,drift_segment,20200403_S05
20200403_703,20200403,703,702,7.93,14.74,2.76,71.0,0.18725,2888.45,40.682,364.24,0.01,0.0,0.008,0.00166,-5.23,0.0,0.0,-0.005,125.907,0.337,13.04,-1.349,3.752,1.388,74192.185,0.5686,0,0,0,0,,,drift_segment,20200403_S05
20200403_704,20200403,704,703,7.95,14.73,2.757,72.0,0.18717,2923.96,40.611,367.79,0.03,0.0,0.005,0.00158,35.51,0.02,-0.01,-0.003,126.356,0.169,12.366,0.0,3.673,2.572,74612.027,0.6088,0,0,0,0,,,drift_segment,20200403_S05
20200403_705,20200403,705,704,7.94,14.73,2.752,71.0,0.18683,2878.12,40.537,362.48,0.03,0.0,0.0,0.00124,0.0,-0.01,0.0,-0.005,126.132,0.169,11.242,-1.349,3.325,1.044,74427.081,0.5653,0,0,0,0,,,drift_segment,20200403_S05
20200407_2,20200407,2,1,2.38,14.53,2.711,71.0,0.18658,2796.75,39.391,1175.1,0.01,-0.05,0.003,0.00085,-39.7,-0.01,-0.03,-0.001,1.124,-3.204,2.023,-1.349,3.068,-1.668,8.96,0.5354,0,0,0,0,0.9371,0.0135,day_relative,
20200407_76,20200407,76,75,2.35,14.53,2.712,71.0,0.18665,2797.78,39.405,1190.54,-0.02,-0.02,0.001,0.00089,-32.83,-0.02,-0.07,0.0,0.45,-3.204,2.248,-1.349,3.138,-1.634,12.566,0.5388,0,0,0,0,0.9545,0.006,day_relative,
20200407_96,20200407,96,95,2.34,14.58,2.708,70.0,0.18573,2763.78,39.483,1181.1,-0.01,-0.01,0.0,0.0,-74.31,-0.04,-0.01,-0.002,0.225,-2.361,1.349,-2.698,2.199,-2.767,12.495,0.5348,0,0,0,0,0.9319,0.0172,day_relative,
20200407_160,20200407,160,159,2.33,14.55,2.701,70.0,0.18564,2750.97,39.3,1180.67,-0.04,-0.04,0.0,0.00057,-84.43,-0.04,-0.04,0.001,0.0,-2.867,-0.225,-2.698,2.098,-3.194,14.78,0.5895,0,0,1,1,0.9634,0.0015,day_relative,
20200407_286,20200407,286,285,2.35,14.53,2.712,71.0,0.18665,2797.78,39.405,1190.54,-0.02,-0.02,0.001,0.00089,-32.83,-0.02,-0.07,0.0,0.45,-3.204,2.248,-1.349,3.138,-1.634,12.566,0.5388,0,0,0,0,0.9545,0.006,day_relative,
20200407_306,20200407,306,305,2.34,14.58,2.708,70.0,0.18573,2763.78,39.483,1181.1,-0.01,-0.01,0.0,0.0,-74.31,-0.04,-0.01,-0.002,0.225,-2.361,1.349,-2.698,2.199,-2.767,12.495,0.5348,0,0,0,0,0.9319,0.0172,day_relative,
20200407_366,20200407,366,365,2.35,14.53,2.712,71.0,0.18665,2797.78,39.405,1190.54,-0.02,-0.02,0.001,0.00089,-32.83,-0.02,-0.07,0.0,0.45,-3.204,2.248,-1.349,3.138,-1.634,12.566,0.5388,0,0,0,0,0.9545,0.006,day_relative,
20200407_386,20200407,386,385,2.34,14.58,2.708,70.0,0.18573,2763.78,39.483,1181.1,-0.03,-0.01,0.0,0.0,-43.48,-0.04,-0.01,-0.002,0.225,-2.361,1.349,-2.698,2.199,-2.767,12.495,0.5497,0,0,0,0,0.9373,0.012,day_relative,
20200407_510,20200407,510,509,2.35,14.53,2.712,71.0,0.18665,2797.78,39.405,1190.54,-0.02,-0.02,0.001,0.00089,-32.83,-0.02,-0.07,0.0,0.45,-3.204,2.248,-1.349,3.138,-1.634,12.566,0.5388,0,0,0,0,0.9545,0.006,day_relative,
20200407_530,20200407,530,529,2.34,14.58,2.708,70.0,0.18573,2763.78,39.483,1181.1,-0.01,-0.01,0.0,0.0,-74.31,-0.04,-0.01,-0.002,0.225,-2.361,1.349,-2.698,2.199,-2.767,12.495,0.5348,0,0,0,0,0.9319,0.0172,day_relative,
20200407_590,20200407,590,589,2.35,14.53,2.712,71.0,0.18665,2797.78,39.405,1190.54,-0.02,-0.02,0.001,0.00089,-32.83,-0.02,-0.07,0.0,0.45,-3.204,2.248,-1.349,3.138,-1.634,12.566,0.5388,0,0,0,0,0.9545,0.006,day_relative,
20200407_610,20200407,610,609,2.34,14.58,2.708,70.0,0.18573,2763.78,39.483,1181.1,-0.01,-0.01,0.0,0.0,-74.31,-0.04,-0.01,-0.002,0.225,-2.361,1.349,-2.698,2.199,-2.767,12.495,0.5348,0,0,0,0,0.9319,0.0172,day_relative,
20200407_668,20200407,668,667,2.35,14.53,2.712,71.0,0.18665,2797.78,39.405,1190.54,-0.02,-0.02,0.0,0.00089,-32.83,-0.02,-0.07,0.0,0.45,-3.204,2.248,-1.349,3.138,-1.634,12.566,0.536,0,0,0,0,0.9526,0.0105,day_relative,
