uid,date,idx,seq,F,I,V,T,R,Q,P,q_per_F,d_F,d_I,d_V,d_R,d_Q,step_F,step_I,step_V,mz_F,mz_I,mz_V,mz_T,mz_R,mz_Q,mahal_d2,iforest_score,D1_window,D2_mahal,D3_iforest,votes,anomaly_score,day_rank_pct,candidate_source,segment_id
2020-03-24_8,2020-03-24,8,7,2.33,14.53,2.7,70.0,0.18582,2746.17,39.231,1178.61,-0.02,-0.03,-0.001,0.00011,-83.55,-0.02,0.0,0.0,0.0,-3.204,-0.45,-2.698,2.29,-3.354,17.16,0.5333,0,0,0,0,0.957,0.0051,day_relative,
2020-03-24_57,2020-03-24,57,56,2.35,14.6,2.6889999999999996,72.0,0.18418,2826.68,39.259,1202.84,0.0,0.01,-0.008,-0.00044,0.0,0.01,0.01,-0.008,0.45,-2.024,-2.923,0.0,0.601,-0.671,10.565,0.4996,0,0,0,0,0.926,0.0152,day_relative,
2020-03-24_69,2020-03-24,69,68,2.19,14.610000000000001,2.705,72.0,0.18515,2845.44,39.52,1299.29,0.0,-0.01,0.0,0.0,1.54,-0.06,-0.01,-0.006,-3.148,-1.855,0.674,0.0,1.596,-0.045,68.057,0.4799,0,1,0,1,0.9411,0.0084,day_relative,
2020-03-24_71,2020-03-24,71,70,2.17,14.639999999999999,2.701,71.0,0.18449,2807.53,39.543,1293.79,-0.01,0.0,0.0,0.0,-37.92,-0.02,0.03,-0.004,-3.597,-1.349,-0.225,-1.349,0.926,-1.309,74.262,0.4492,1,1,0,2,0.9135,0.0185,point_anomaly,
2020-03-24_72,2020-03-24,72,71,2.17,14.639999999999999,2.701,72.0,0.18449,2847.07,39.543,1312.01,-0.01,0.0,0.0,0.0,1.63,0.0,0.0,0.0,-3.597,-1.349,-0.225,0.0,0.926,0.009,74.487,0.392,1,1,0,2,0.7886,0.1239,point_anomaly,
2020-03-24_73,2020-03-24,73,72,2.16,14.639999999999999,2.698,72.0,0.18429,2843.91,39.499,1316.62,-0.02,0.0,-0.003,-0.0002,0.0,-0.01,0.0,-0.003,-3.822,-1.349,-0.899,0.0,0.715,-0.096,82.742,0.439,1,1,0,2,0.9013,0.0278,point_anomaly,
2020-03-24_74,2020-03-24,74,73,2.16,14.639999999999999,2.698,72.0,0.18429,2843.91,39.499,1316.62,-0.02,0.0,-0.003,-0.0002,0.0,0.0,0.0,0.0,-3.822,-1.349,-0.899,0.0,0.715,-0.096,82.742,0.4218,1,1,0,2,0.8689,0.0489,point_anomaly,
2020-03-24_108,2020-03-24,108,107,2.35,14.56,2.698,70.0,0.1853,2749.8,39.283,1170.13,-0.02,-0.01,0.0,0.0,-79.3,-0.02,0.0,0.0,0.45,-2.698,-0.899,-2.698,1.756,-3.233,11.964,0.511,0,0,0,0,0.9451,0.0076,day_relative,
2020-03-24_113,2020-03-24,113,112,2.38,14.540000000000001,2.7089999999999996,73.0,0.18631,2875.39,39.389,1208.15,0.0,-0.03,0.005,0.00061,38.78,0.0,-0.03,0.001,1.124,-3.035,1.574,1.349,2.795,0.953,9.124,0.5173,0,0,0,0,0.9288,0.0126,day_relative,
2020-03-24_129,2020-03-24,129,128,2.38,14.53,2.705,73.0,0.18617,2869.17,39.304,1205.53,0.0,-0.04,0.002,0.00065,71.23,0.0,-0.06,0.004,1.124,-3.204,0.674,1.349,2.643,0.745,7.725,0.5327,0,0,0,0,0.9249,0.016,day_relative,
2020-03-24_147,2020-03-24,147,146,2.38,14.520000000000001,2.707,73.0,0.18643,2869.31,39.306,1205.59,0.0,-0.04,0.003,0.00046,30.09,-0.01,-0.04,-0.002,1.124,-3.373,1.124,1.349,2.917,0.75,9.014,0.5267,0,0,0,0,0.9398,0.0093,day_relative,
2020-03-24_221,2020-03-24,221,220,2.37,14.56,2.7,70.0,0.18544,2751.84,39.312,1161.11,0.0,0.0,0.0,0.0,-75.16,-0.01,-0.01,0.003,0.899,-2.698,-0.45,-2.698,1.897,-3.165,10.602,0.4978,0,0,0,0,0.9323,0.011,day_relative,
2020-03-24_226,2020-03-24,226,225,2.3899999999999997,14.56,2.7119999999999997,73.0,0.18626,2882.53,39.487,1206.08,0.02,0.0,0.004,0.00053,52.96,0.0,0.0,0.0,1.349,-2.698,2.248,1.349,2.743,1.191,11.185,0.5071,0,0,0,0,0.9206,0.0177,day_relative,
2020-03-24_227,2020-03-24,227,226,2.38,14.53,2.7110000000000003,71.0,0.18658,2796.75,39.391,1175.1,0.01,-0.03,0.003,0.00085,-39.7,-0.01,-0.03,-0.001,1.124,-3.204,2.023,-1.349,3.068,-1.668,8.96,0.516,0,0,0,0,0.9324,0.0101,day_relative,
2020-03-24_228,2020-03-24,228,227,2.38,14.53,2.7110000000000003,71.0,0.18658,2796.75,39.391,1175.1,0.01,-0.03,0.003,0.00085,-39.7,0.0,0.0,0.0,1.124,-3.204,2.023,-1.349,3.068,-1.668,8.96,0.4816,0,0,0,0,0.913,0.0194,day_relative,
2020-03-24_301,2020-03-24,301,300,2.35,14.53,2.7119999999999997,71.0,0.18665,2797.78,39.405,1190.54,-0.02,-0.02,0.001,0.00089,-32.83,-0.02,-0.07,0.0,0.45,-3.204,2.248,-1.349,3.138,-1.634,12.566,0.5388,0,0,0,0,0.9545,0.0059,day_relative,
2020-03-24_302,2020-03-24,302,301,2.35,14.53,2.7119999999999997,71.0,0.18665,2797.78,39.405,1190.54,-0.02,-0.02,0.001,0.00089,-13.48,0.0,0.0,0.0,0.45,-3.204,2.248,-1.349,3.138,-1.634,12.566,0.4798,0,0,0,0,0.9267,0.0135,day_relative,
2020-03-24_311,2020-03-24,311,310,2.35,14.540000000000001,2.696,73.0,0.18542,2861.59,39.2,1217.7,-0.01,-0.02,-0.004,0.0,31.12,-0.01,-0.03,-0.002,0.45,-3.035,-1.349,1.349,1.876,0.493,10.847,0.489,0,0,0,0,0.9244,0.0169,day_relative,
2020-03-24_321,2020-03-24,321,320,2.34,14.58,2.708,70.0,0.18573,2763.78,39.483,1181.1,-0.01,-0.01,0.0,0.0,-74.31,-0.04,-0.01,-0.002,0.225,-2.361,1.349,-2.698,2.199,-2.767,12.495,0.5348,0,0,0,0,0.9319,0.0118,day_relative,
2020-03-24_385,2020-03-24,385,384,2.33,14.549999999999999,2.701,70.0,0.18564,2750.97,39.3,1180.67,-0.04,-0.04,0.0,0.00057,-84.43,-0.04,-0.04,0.001,0.0,-2.867,-0.225,-2.698,2.098,-3.194,14.78,0.5895,0,0,1,1,0.9634,0.0042,day_relative,
2020-03-24_741,2020-03-24,741,740,2.17,14.81,2.698,72.0,0.18217,2876.93,39.957,1325.77,-0.01,0.02,-0.004,-0.00038,1.76,-0.04,0.04,-0.007,-3.597,1.518,-0.899,0.0,-1.458,1.004,38.947,0.5278,0,0,0,0,,,drift_segment,2020-03-24_S01
2020-03-24_742,2020-03-24,742,741,2.17,14.81,2.698,72.0,0.18217,2876.93,39.957,1325.77,-0.01,0.02,-0.004,-0.00038,1.76,0.0,0.0,0.0,-3.597,1.518,-0.899,0.0,-1.458,1.004,38.947,0.4394,0,0,0,0,,,drift_segment,2020-03-24_S01
2020-03-24_743,2020-03-24,743,742,2.18,14.81,2.702,71.0,0.18244,2841.18,40.017,1303.29,0.01,0.02,0.002,-0.00011,-34.0,0.01,0.0,0.004,-3.372,1.518,0.0,-1.349,-1.18,-0.187,33.603,0.4488,0,0,0,0,,,drift_segment,2020-03-24_S01
2020-03-24_744,2020-03-24,744,743,2.18,14.81,2.702,71.0,0.18244,2841.18,40.017,1303.29,0.01,0.02,0.002,-0.00011,-35.06,0.0,0.0,0.0,-3.372,1.518,0.0,-1.349,-1.18,-0.187,33.603,0.4276,0,0,0,0,,,drift_segment,2020-03-24_S01
2020-03-24_745,2020-03-24,745,744,2.16,14.790000000000001,2.7,72.0,0.18256,2875.18,39.933,1331.1,-0.01,0.0,0.0,0.0,-1.06,-0.02,-0.02,-0.002,-3.822,1.18,-0.45,0.0,-1.066,0.946,48.327,0.4253,0,0,0,0,,,drift_segment,2020-03-24_S01
2020-03-24_746,2020-03-24,746,745,2.16,14.790000000000001,2.7,71.0,0.18256,2835.24,39.933,1312.61,-0.01,0.0,0.0,0.0,-41.0,0.0,0.0,0.0,-3.822,1.18,-0.45,-1.349,-1.066,-0.385,48.137,0.3993,0,0,0,0,,,drift_segment,2020-03-24_S01
2020-03-24_747,2020-03-24,747,746,2.17,14.770000000000001,2.698,73.0,0.18267,2909.01,39.849,1340.56,0.0,-0.02,-0.003,4e-05,32.77,0.01,-0.02,-0.002,-3.597,0.843,-0.899,1.349,-0.951,2.073,50.315,0.4937,0,0,0,0,,,drift_segment,2020-03-24_S01
2020-03-24_748,2020-03-24,748,747,2.17,14.770000000000001,2.698,72.0,0.18267,2869.16,39.849,1322.19,0.0,-0.02,-0.003,4e-05,-6.01,0.0,0.0,0.0,-3.597,0.843,-0.899,0.0,-0.951,0.745,45.272,0.4051,0,0,0,0,,,drift_segment,2020-03-24_S01
2020-03-24_749,2020-03-24,749,748,2.18,14.790000000000001,2.701,72.0,0.18262,2876.24,39.948,1319.38,0.01,0.02,0.0,-4e-05,1.06,0.01,0.02,0.003,-3.372,1.18,-0.225,0.0,-0.996,0.981,36.147,0.4221,0,0,0,0,,,drift_segment,2020-03-24_S01
2020-03-24_750,2020-03-24,750,749,2.18,14.790000000000001,2.701,72.0,0.18262,2876.24,39.948,1319.38,0.01,0.02,0.0,-4e-05,1.06,0.0,0.0,0.0,-3.372,1.18,-0.225,0.0,-0.996,0.981,36.147,0.3963,0,0,0,0,,,drift_segment,2020-03-24_S01
2020-03-24_751,2020-03-24,751,750,2.16,14.770000000000001,2.705,72.0,0.18314,2876.61,39.953,1331.76,-0.02,0.0,0.004,0.0,7.44,-0.02,-0.02,0.004,-3.822,0.843,0.674,0.0,-0.464,0.993,53.867,0.4686,0,0,0,0,,,drift_segment,2020-03-24_S01
2020-03-24_752,2020-03-24,752,751,2.16,14.770000000000001,2.705,72.0,0.18314,2876.61,39.953,1331.76,-0.02,0.0,0.004,0.0,7.44,0.0,0.0,0.0,-3.822,0.843,0.674,0.0,-0.464,0.993,53.867,0.4187,0,0,0,0,,,drift_segment,2020-03-24_S01
2020-03-24_753,2020-03-24,753,752,2.18,14.729999999999999,2.702,71.0,0.18344,2825.83,39.8,1296.25,0.0,-0.02,0.001,0.00029,-39.8,0.02,-0.04,-0.003,-3.372,0.169,0.0,-1.349,-0.162,-0.699,46.352,0.4476,0,0,0,0,,,drift_segment,2020-03-24_S01
2020-03-24_754,2020-03-24,754,753,2.18,14.729999999999999,2.702,72.0,0.18344,2865.63,39.8,1314.51,0.0,-0.02,0.001,0.00029,0.0,0.0,0.0,0.0,-3.372,0.169,0.0,0.0,-0.162,0.628,46.435,0.3793,0,0,0,0,,,drift_segment,2020-03-24_S01
2020-03-24_759,2020-03-24,759,758,2.32,14.97,2.7,71.0,0.18036,2869.75,40.419,1236.96,0.0,0.24,-0.001,-0.00301,5.53,0.0,0.22,0.003,-0.225,4.216,-0.45,-1.349,-3.321,0.765,27.414,0.6044,1,1,1,3,0.9797,0.0008,point_anomaly,
2020-03-24_760,2020-03-24,760,759,2.32,14.97,2.7,72.0,0.18036,2910.17,40.419,1254.38,0.0,0.24,-0.001,-0.00301,51.26,0.0,0.0,0.0,-0.225,4.216,-0.45,0.0,-3.321,2.112,26.149,0.566,1,1,1,3,0.9766,0.0025,point_anomaly,
2020-03-24_787,2020-03-24,787,786,2.33,14.950000000000001,2.7,72.0,0.1806,2906.28,40.365,1247.33,0.0,0.25,-0.001,-0.00314,45.26,0.02,0.21,0.001,0.0,3.878,-0.45,0.0,-3.073,1.982,25.894,0.6032,1,1,1,3,0.9779,0.0017,point_anomaly,
2020-03-24_788,2020-03-24,788,787,2.33,14.950000000000001,2.7,72.0,0.1806,2906.28,40.365,1247.33,0.0,0.25,-0.001,-0.00314,45.26,0.0,0.0,0.0,0.0,3.878,-0.45,0.0,-3.073,1.982,25.894,0.5572,1,1,1,3,0.9743,0.0034,point_anomaly,
2020-03-24_821,2020-03-24,821,820,2.33,14.709999999999999,2.717,72.0,0.1847,2877.63,39.967,1235.03,0.0,-0.01,0.008,0.00058,15.0,-0.01,-0.04,0.008,0.0,-0.169,3.372,0.0,1.141,1.028,11.842,0.5323,0,0,0,0,0.9526,0.0067,day_relative,
2020-03-24_823,2020-03-24,823,822,2.34,14.74,2.714,73.0,0.18412,2920.32,40.004,1248.0,0.01,0.02,0.005,0.0,57.69,0.01,0.03,-0.003,0.225,0.337,2.698,1.349,0.546,2.45,12.7,0.5389,0,0,0,0,0.9261,0.0143,day_relative,
2020-03-25_450,2020-03-25,450,449,2.3,14.97,2.7,72.0,0.18036,2910.17,40.419,1265.29,-0.01,0.06,0.0,-0.00102,25.47,-0.01,0.09,0.001,-0.674,4.216,-0.45,0.0,-3.321,2.112,19.917,0.5837,1,1,1,3,0.9758,0.0366,point_anomaly,
2020-03-25_451,2020-03-25,451,450,2.3,14.97,2.7,72.0,0.18036,2910.17,40.419,1265.29,-0.01,0.06,0.0,-0.00102,18.57,0.0,0.0,0.0,-0.674,4.216,-0.45,0.0,-3.321,2.112,19.917,0.5385,1,1,0,2,0.9681,0.0501,point_anomaly,
2020-03-25_452,2020-03-25,452,451,2.32,14.94,2.705,71.0,0.18106,2869.3,40.413,1236.77,0.0,0.01,0.0,-0.00033,-22.3,0.02,-0.03,0.005,-0.225,3.71,0.674,-1.349,-2.605,0.75,21.674,0.5044,1,1,0,2,0.9549,0.0636,point_anomaly,
2020-03-25_453,2020-03-25,453,452,2.32,14.94,2.705,71.0,0.18106,2869.3,40.413,1236.77,0.0,0.01,0.0,-0.00033,-40.87,0.0,0.0,0.0,-0.225,3.71,0.674,-1.349,-2.605,0.75,21.674,0.4623,1,1,0,2,0.9212,0.1032,point_anomaly,
2020-03-25_454,2020-03-25,454,453,2.34,14.910000000000002,2.713,72.0,0.18196,2912.46,40.451,1244.64,0.0,-0.03,0.006,0.0009,2.29,0.02,-0.03,0.008,0.225,3.204,2.473,0.0,-1.679,2.188,26.775,0.588,0,1,1,2,0.9684,0.0487,point_anomaly,
2020-03-25_456,2020-03-25,456,455,2.34,14.930000000000001,2.71,73.0,0.18151,2953.6,40.46,1262.22,0.0,-0.01,0.003,0.00046,40.46,0.0,0.02,-0.003,0.225,3.541,1.799,1.349,-2.136,3.56,31.427,0.563,1,1,1,3,0.9737,0.0405,point_anomaly,
2020-03-25_457,2020-03-25,457,456,2.34,14.930000000000001,2.71,72.0,0.18151,2913.14,40.46,1244.93,0.0,-0.01,0.003,0.00046,0.0,0.0,0.0,0.0,0.225,3.541,1.799,0.0,-2.136,2.211,27.82,0.496,1,1,0,2,0.9491,0.0704,point_anomaly,
2020-03-25_458,2020-03-25,458,457,2.35,14.99,2.707,72.0,0.18059,2921.61,40.578,1243.24,0.01,0.06,0.0,-6e-05,8.47,0.01,0.06,-0.003,0.45,4.553,1.124,0.0,-3.088,2.493,44.015,0.5986,1,1,1,3,0.9847,0.0231,point_anomaly,
2020-03-25_459,2020-03-25,459,458,2.35,14.99,2.707,72.0,0.18059,2921.61,40.578,1243.24,0.01,0.06,0.0,-6e-05,8.47,0.0,0.0,0.0,0.45,4.553,1.124,0.0,-3.088,2.493,44.015,0.5547,1,1,1,3,0.9806,0.0299,point_anomaly,
2020-03-25_460,2020-03-25,460,459,2.31,15.070000000000002,2.699,72.0,0.1791,2928.52,40.674,1267.76,-0.03,0.13,-0.001,-0.00155,15.38,-0.04,0.08,-0.008,-0.45,5.902,-0.674,0.0,-4.618,2.724,45.179,0.6827,1,1,1,3,0.9889,0.0135,point_anomaly,
2020-03-25_461,2020-03-25,461,460,2.31,15.070000000000002,2.699,72.0,0.1791,2928.52,40.674,1267.76,-0.03,0.13,-0.001,-0.00155,15.38,0.0,0.0,0.0,-0.45,5.902,-0.674,0.0,-4.618,2.724,45.179,0.6099,1,1,1,3,0.9871,0.0164,point_anomaly,
2020-03-25_462,2020-03-25,462,461,2.33,14.930000000000001,2.697,72.0,0.18064,2899.17,40.266,1244.28,0.0,-0.01,-0.003,0.0,-5.17,0.02,-0.14,-0.002,0.0,3.541,-1.124,0.0,-3.031,1.745,23.489,0.5599,1,1,1,3,0.9705,0.0463,point_anomaly,
2020-03-25_463,2020-03-25,463,462,2.33,14.930000000000001,2.697,72.0,0.18064,2899.17,40.266,1244.28,0.0,-0.01,-0.003,0.0,-5.17,0.0,0.0,0.0,0.0,3.541,-1.124,0.0,-3.031,1.745,23.489,0.4865,1,1,0,2,0.9419,0.0791,point_anomaly,
2020-03-25_464,2020-03-25,464,463,2.3600000000000003,14.94,2.7,72.0,0.18072,2904.34,40.338,1230.65,0.03,0.0,0.0,0.0,0.0,0.03,0.01,0.003,0.674,3.71,-0.45,0.0,-2.949,1.918,36.974,0.5311,1,1,0,2,0.9688,0.0473,point_anomaly,
2020-03-25_465,2020-03-25,465,464,2.3600000000000003,14.94,2.7,72.0,0.18072,2904.34,40.338,1230.65,0.03,0.0,0.0,0.0,0.0,0.0,0.0,0.0,0.674,3.71,-0.45,0.0,-2.949,1.918,36.974,0.4935,1,1,0,2,0.9534,0.0656,point_anomaly,
2020-03-25_468,2020-03-25,468,467,2.35,14.950000000000001,2.7060000000000004,72.0,0.181,2912.74,40.455,1239.46,0.01,0.06,0.004,-0.00046,40.45,0.02,0.06,0.004,0.45,3.878,0.899,0.0,-2.66,2.198,34.153,0.6032,1,1,1,3,0.9802,0.0309,point_anomaly,
2020-03-25_469,2020-03-25,469,468,2.35,14.950000000000001,2.7060000000000004,71.0,0.181,2872.28,40.455,1222.25,0.01,0.06,0.004,-0.00046,2.58,0.0,0.0,0.0,0.45,3.878,0.899,-1.349,-2.66,0.849,35.607,0.5359,1,1,0,2,0.9709,0.0453,point_anomaly,
2020-03-25_486,2020-03-25,486,485,2.4,14.799999999999999,2.697,73.0,0.18223,2913.84,39.916,1214.1,0.06,0.0,-0.003,-0.0002,36.72,0.06,0.0,-0.003,1.574,1.349,-1.124,1.349,-1.401,2.234,32.381,0.5892,0,1,1,2,0.8929,0.136,point_anomaly,
2020-03-25_518,2020-03-25,518,517,2.38,14.820000000000002,2.698,72.0,0.18205,2878.87,39.984,1209.61,0.06,-0.03,-0.006,0.0,0.0,0.06,-0.01,-0.001,1.124,1.686,-0.899,0.0,-1.584,1.069,22.966,0.5588,0,1,1,2,0.824,0.2131,point_anomaly,
2020-03-25_524,2020-03-25,524,523,2.37,14.97,2.7060000000000004,72.0,0.18076,2916.64,40.509,1230.65,0.02,0.06,0.002,-0.00019,20.28,0.02,0.09,-0.001,0.899,4.216,0.899,0.0,-2.909,2.328,49.488,0.611,1,1,1,3,0.9863,0.0183,point_anomaly,
2020-03-25_525,2020-03-25,525,524,2.37,14.97,2.7060000000000004,72.0,0.18076,2916.64,40.509,1230.65,0.02,0.06,0.002,-0.00019,20.28,0.0,0.0,0.0,0.899,4.216,0.899,0.0,-2.909,2.328,49.488,0.5569,1,1,1,3,0.9823,0.028,point_anomaly,
2020-03-25_526,2020-03-25,526,525,2.34,14.94,2.699,72.0,0.18066,2903.26,40.323,1240.71,-0.01,0.01,0.0,-0.00011,6.9,-0.03,-0.03,-0.007,0.225,3.71,-0.674,0.0,-3.017,1.882,28.208,0.5455,1,1,0,2,0.9719,0.0419,point_anomaly,
2020-03-25_527,2020-03-25,527,526,2.34,14.94,2.699,72.0,0.18066,2903.26,40.323,1240.71,-0.01,0.01,0.0,-0.00011,6.9,0.0,0.0,0.0,0.225,3.71,-0.674,0.0,-3.017,1.882,28.208,0.4852,1,1,0,2,0.9447,0.0752,point_anomaly,
2020-03-25_530,2020-03-25,530,529,2.2800000000000002,14.930000000000001,2.693,72.0,0.18038,2894.87,40.206,1269.68,-0.01,-0.01,-0.006,0.0,0.0,-0.09,0.02,-0.005,-1.124,3.541,-2.023,0.0,-3.306,1.602,14.557,0.6155,1,0,1,2,0.971,0.0444,point_anomaly,
2020-03-25_532,2020-03-25,532,531,2.2800000000000002,14.99,2.7,71.0,0.18012,2873.58,40.473,1260.34,-0.01,0.06,0.0,-0.00026,-21.28,0.0,0.06,0.007,-1.124,4.553,-0.45,-1.349,-3.568,0.893,19.449,0.6034,1,1,1,3,0.9776,0.0357,point_anomaly,
2020-03-25_533,2020-03-25,533,532,2.2800000000000002,14.99,2.7,71.0,0.18012,2873.58,40.473,1260.34,-0.01,0.06,0.0,-0.00026,-16.41,0.0,0.0,0.0,-1.124,4.553,-0.45,-1.349,-3.568,0.893,19.449,0.5433,1,1,0,2,0.9716,0.0434,point_anomaly,
2020-03-25_534,2020-03-25,534,533,2.29,15.070000000000002,2.701,71.0,0.17923,2889.99,40.704,1262.0,0.0,0.13,0.0,-0.00114,0.0,0.01,0.08,0.001,-0.899,5.902,-0.225,-1.349,-4.482,1.439,37.477,0.6155,1,1,1,3,0.986,0.0193,point_anomaly,
2020-03-25_535,2020-03-25,535,534,2.29,15.070000000000002,2.701,71.0,0.17923,2889.99,40.704,1262.0,0.0,0.13,0.0,-0.00114,0.0,0.0,0.0,0.0,-0.899,5.902,-0.225,-1.349,-4.482,1.439,37.477,0.5767,1,1,1,3,0.9834,0.0251,point_anomaly,
2020-03-25_542,2020-03-25,542,541,2.31,14.950000000000001,2.7030000000000003,73.0,0.1808,2949.92,40.41,1277.02,0.01,0.06,0.0,-0.0008,80.82,0.04,0.06,-0.001,-0.45,3.878,0.225,1.349,-2.867,3.437,22.763,0.6141,1,1,1,3,0.9777,0.0347,point_anomaly,
2020-03-25_543,2020-03-25,543,542,2.31,14.950000000000001,2.7030000000000003,71.0,0.1808,2869.1,40.41,1242.03,0.01,0.06,0.0,-0.0008,2.41,0.0,0.0,0.0,-0.45,3.878,0.225,-1.349,-2.867,0.743,20.119,0.5123,1,1,0,2,0.9591,0.0608,point_anomaly,
2020-03-25_550,2020-03-25,550,549,1.7399999999999998,14.72,2.702,71.0,0.18356,2823.91,39.773,1622.94,-0.61,-0.01,0.001,0.00019,-38.54,-0.61,0.0,-0.001,-13.265,0.0,0.0,-1.349,-0.034,-0.763,800.204,0.5241,1,1,0,2,0.9849,0.0222,point_anomaly,
2020-03-25_551,2020-03-25,551,550,1.7399999999999998,14.709999999999999,2.702,72.0,0.18368,2861.74,39.746,1644.68,-0.61,-0.02,0.001,0.00032,-0.71,0.0,-0.01,0.0,-13.265,-0.169,0.0,0.0,0.094,0.498,812.392,0.4622,1,1,0,2,0.9439,0.0771,point_anomaly,
2020-03-25_552,2020-03-25,552,551,2.21,14.709999999999999,2.69,70.0,0.18287,2769.89,39.57,1253.35,-0.14,-0.02,-0.012,-0.00063,-94.68,0.47,0.0,-0.012,-2.698,-0.169,-2.698,-2.698,-0.744,-2.563,41.832,0.6785,0,1,1,2,0.9469,0.0714,point_anomaly,
2020-03-25_556,2020-03-25,556,555,2.48,14.729999999999999,2.708,72.0,0.18384,2872.0,39.889,1158.06,0.08,0.0,0.0,0.00012,7.42,0.13,0.0,0.007,3.372,0.169,1.349,0.0,0.256,0.84,61.489,0.5704,0,1,1,2,0.978,0.0338,point_anomaly,
2020-03-25_572,2020-03-25,572,571,2.57,14.74,2.708,72.0,0.18372,2873.95,39.916,1118.27,0.09,0.0,0.006,0.00041,46.2,0.11,0.0,0.006,5.396,0.337,1.349,0.0,0.128,0.905,151.883,0.6008,1,1,1,3,0.9955,0.0058,point_anomaly,
2020-03-25_573,2020-03-25,573,572,2.57,14.729999999999999,2.708,73.0,0.18384,2911.89,39.889,1133.03,0.09,-0.01,0.006,0.00053,79.78,0.0,-0.01,0.0,5.396,0.169,1.349,1.349,0.256,2.169,149.9,0.5835,1,1,1,3,0.9942,0.0087,point_anomaly,
2020-03-25_578,2020-03-25,578,577,2.55,14.770000000000001,2.698,73.0,0.18267,2909.01,39.849,1140.79,0.07,0.03,-0.004,-0.00056,43.38,0.07,0.0,-0.004,4.946,0.843,-0.899,1.349,-0.951,2.073,146.031,0.6293,1,1,1,3,0.9963,0.0039,point_anomaly,
2020-03-25_579,2020-03-25,579,578,2.55,14.74,2.698,71.0,0.18304,2823.56,39.769,1107.28,0.07,0.0,-0.004,-0.00015,-42.07,0.0,-0.03,0.0,4.946,0.337,-0.899,-1.349,-0.569,-0.774,136.001,0.5374,1,1,0,2,0.9853,0.0212,point_anomaly,
2020-03-25_586,2020-03-25,586,585,2.4899999999999998,14.76,2.702,72.0,0.18306,2871.47,39.882,1153.2,0.02,0.01,0.001,0.0,3.01,0.03,0.0,0.001,3.597,0.674,0.0,0.0,-0.545,0.822,77.774,0.4627,1,1,0,2,0.9326,0.0887,point_anomaly,
2020-03-25_587,2020-03-25,587,586,2.4899999999999998,14.78,2.702,71.0,0.18281,2835.42,39.936,1138.72,0.02,0.02,0.001,-0.00018,-33.04,0.0,0.02,0.0,3.597,1.012,0.0,-1.349,-0.8,-0.379,86.163,0.4742,1,1,0,2,0.9454,0.0733,point_anomaly,
2020-03-25_591,2020-03-25,591,590,2.4699999999999998,14.83,2.698,73.0,0.18193,2920.83,40.011,1182.52,0.0,0.03,-0.001,-0.00082,46.9,0.0,0.08,0.0,3.148,1.855,-0.899,1.349,-1.71,2.467,86.279,0.5669,0,1,1,2,0.9755,0.0381,point_anomaly,
2020-03-25_616,2020-03-25,616,615,2.4,14.85,2.713,70.0,0.18269,2820.16,40.288,1175.07,-0.01,0.03,0.009,0.00038,-58.9,0.0,0.0,0.005,1.574,2.192,2.473,-2.698,-0.924,-0.888,49.523,0.5705,0,1,1,2,0.945,0.0743,point_anomaly,
2020-03-25_618,2020-03-25,618,617,2.48,14.840000000000002,2.7039999999999997,72.0,0.18221,2889.17,40.127,1164.99,0.01,0.01,0.0,-0.0001,10.11,0.08,0.0,-0.009,3.372,2.024,0.45,0.0,-1.421,1.412,93.056,0.5533,0,1,1,2,0.9791,0.0328,point_anomaly,
2020-03-25_624,2020-03-25,624,623,2.5,14.85,2.699,72.0,0.18175,2885.77,40.08,1154.31,0.02,0.02,0.0,-0.00034,3.7,0.02,0.0,0.0,3.822,2.192,-0.674,0.0,-1.893,1.299,118.429,0.4964,1,1,0,2,0.9657,0.055,point_anomaly,
2020-03-25_625,2020-03-25,625,624,2.5,14.83,2.699,72.0,0.182,2881.88,40.026,1152.75,0.02,0.0,0.0,-9e-05,-0.19,0.0,-0.02,0.0,3.822,1.855,-0.674,0.0,-1.641,1.169,111.183,0.4759,1,1,0,2,0.9503,0.0685,point_anomaly,
2020-03-25_628,2020-03-25,628,627,2.4899999999999998,14.820000000000002,2.7039999999999997,71.0,0.18246,2845.2,40.073,1142.65,0.0,-0.03,0.0,0.0004,-36.87,0.02,0.0,0.003,3.597,1.686,0.45,-1.349,-1.168,-0.053,98.241,0.4976,1,1,0,2,0.9631,0.0569,point_anomaly,
2020-03-25_629,2020-03-25,629,628,2.4899999999999998,14.85,2.7039999999999997,72.0,0.18209,2891.12,40.154,1161.09,0.0,0.0,0.0,3e-05,9.04,0.0,0.03,0.0,3.597,2.192,0.45,0.0,-1.547,1.477,105.973,0.4661,1,1,0,2,0.9386,0.0829,point_anomaly,
2020-03-25_632,2020-03-25,632,631,2.5100000000000002,14.88,2.708,72.0,0.18199,2901.24,40.295,1155.87,0.02,0.0,0.003,0.0,10.13,0.04,0.0,-0.001,4.047,2.698,1.349,0.0,-1.648,1.815,138.167,0.5471,1,1,0,2,0.9878,0.0154,point_anomaly,
2020-03-25_633,2020-03-25,633,632,2.5100000000000002,14.97,2.708,70.0,0.1809,2837.71,40.539,1130.56,0.02,0.06,0.003,-0.00039,-58.75,0.0,0.09,0.0,4.047,4.216,1.349,-2.698,-2.772,-0.303,188.087,0.6541,1,1,1,3,0.9961,0.0048,point_anomaly,
2020-03-25_634,2020-03-25,634,633,2.5,14.97,2.705,71.0,0.18069,2875.06,40.494,1150.03,0.03,0.06,0.0,-0.00039,-21.4,-0.01,0.0,-0.003,3.822,4.216,0.674,-1.349,-2.977,0.942,168.143,0.6132,1,1,1,3,0.9949,0.0068,point_anomaly,
2020-03-25_635,2020-03-25,635,634,2.5,14.94,2.705,72.0,0.18106,2909.71,40.413,1163.89,0.03,0.01,0.0,0.0,13.25,0.0,-0.03,0.0,3.822,3.71,0.674,0.0,-2.605,2.097,152.008,0.5623,1,1,1,3,0.9898,0.0125,point_anomaly,
2020-03-25_636,2020-03-25,636,635,2.46,14.94,2.7030000000000003,72.0,0.18092,2907.56,40.383,1181.94,0.0,0.01,0.0,0.0,6.32,-0.04,0.0,-0.002,2.923,3.71,0.225,0.0,-2.742,2.025,109.844,0.5566,1,1,1,3,0.9859,0.0203,point_anomaly,
2020-03-25_638,2020-03-25,638,637,2.46,14.910000000000002,2.7,73.0,0.18109,2938.76,40.257,1194.62,0.0,-0.03,0.0,0.00024,31.2,0.0,0.0,-0.003,2.923,3.204,-0.45,1.349,-2.575,3.065,102.653,0.5723,0,1,1,2,0.9801,0.0318,point_anomaly,
2020-03-25_639,2020-03-25,639,638,2.46,14.930000000000001,2.7,71.0,0.18084,2862.08,40.311,1163.45,0.0,-0.01,0.0,0.00013,-47.63,0.0,0.02,0.0,2.923,3.541,-0.45,-1.349,-2.824,0.509,109.771,0.5156,1,1,0,2,0.9719,0.0419,point_anomaly,
2020-03-25_640,2020-03-25,640,639,2.46,14.930000000000001,2.698,71.0,0.18071,2859.96,40.281,1162.59,0.0,-0.01,-0.002,-0.00013,-49.75,0.0,0.0,-0.002,2.923,3.541,-0.899,-1.349,-2.962,0.439,111.158,0.5278,1,1,0,2,0.9755,0.0381,point_anomaly,
2020-03-25_641,2020-03-25,641,640,2.46,14.99,2.698,72.0,0.17999,2911.9,40.443,1183.7,0.0,0.06,-0.002,-0.00086,3.06,0.0,0.06,0.0,2.923,4.553,-0.899,0.0,-3.705,2.17,132.451,0.6132,1,1,1,3,0.9943,0.0077,point_anomaly,
2020-03-25_642,2020-03-25,642,641,2.5,14.99,2.697,72.0,0.17992,2910.82,40.428,1164.33,0.01,0.06,-0.003,-0.00092,0.03,0.04,0.0,-0.001,3.822,4.553,-1.124,0.0,-3.773,2.134,179.433,0.6296,1,1,1,3,0.9967,0.0029,point_anomaly,
2020-03-25_643,2020-03-25,643,642,2.5,15.070000000000002,2.697,72.0,0.17896,2926.35,40.644,1170.54,0.01,0.13,-0.003,-0.00188,15.56,0.0,0.08,0.0,3.822,5.902,-1.124,0.0,-4.754,2.651,219.988,0.6656,1,1,1,3,0.9987,0.001,point_anomaly,
2020-03-25_644,2020-03-25,644,643,2.4899999999999998,15.070000000000002,2.7030000000000003,72.0,0.17936,2932.86,40.734,1177.86,0.0,0.13,0.0,-0.00148,24.02,-0.01,0.0,0.006,3.597,5.902,0.225,0.0,-4.346,2.868,202.397,0.659,1,1,1,3,0.9984,0.0019,point_anomaly,
2020-03-25_645,2020-03-25,645,644,2.4899999999999998,14.930000000000001,2.7030000000000003,72.0,0.18104,2905.62,40.356,1166.91,0.0,-0.01,0.0,0.0,-3.22,0.0,-0.14,0.0,3.597,3.541,0.225,0.0,-2.618,1.96,136.956,0.5599,1,1,1,3,0.9866,0.0174,point_anomaly,
2020-03-25_646,2020-03-25,646,645,2.4899999999999998,14.930000000000001,2.7060000000000004,72.0,0.18125,2908.84,40.401,1168.21,0.0,-0.01,0.003,0.0002,0.0,0.0,0.0,0.003,3.597,3.541,0.899,0.0,-2.411,2.068,136.425,0.542,1,1,0,2,0.9827,0.027,point_anomaly,
2020-03-25_647,2020-03-25,647,646,2.4899999999999998,14.94,2.7060000000000004,72.0,0.18112,2910.79,40.428,1168.99,0.0,0.0,0.003,8e-05,5.17,0.0,0.01,0.0,3.597,3.71,0.899,0.0,-2.536,2.133,140.596,0.5396,1,1,0,2,0.9839,0.0241,point_anomaly,
2020-03-25_648,2020-03-25,648,647,2.48,14.94,2.7089999999999996,71.0,0.18133,2873.54,40.472,1158.69,-0.01,0.0,0.006,0.0002,0.0,-0.01,0.0,0.003,3.372,3.71,1.574,-1.349,-2.33,0.891,132.717,0.5728,1,1,1,3,0.9887,0.0145,point_anomaly,
2020-03-25_649,2020-03-25,649,648,2.48,14.889999999999999,2.7089999999999996,71.0,0.18193,2863.93,40.337,1154.81,-0.01,-0.04,0.006,0.00069,-9.62,0.0,-0.05,0.0,3.372,2.867,1.574,-1.349,-1.704,0.571,113.367,0.5679,0,1,1,2,0.9829,0.026,point_anomaly,
2020-03-25_650,2020-03-25,650,649,2.5100000000000002,14.889999999999999,2.7030000000000003,71.0,0.18153,2857.58,40.248,1138.48,0.02,-0.04,0.0,0.00021,-11.51,0.03,0.0,-0.006,4.047,2.867,0.225,-1.349,-2.118,0.359,145.509,0.5781,1,1,1,3,0.9917,0.0116,point_anomaly,
2020-03-25_651,2020-03-25,651,650,2.5100000000000002,14.950000000000001,2.7030000000000003,71.0,0.1808,2869.1,40.41,1143.07,0.02,0.06,0.0,-0.00073,5.17,0.0,0.06,0.0,4.047,3.878,0.225,-1.349,-2.867,0.743,171.72,0.5973,1,1,1,3,0.9935,0.0096,point_anomaly,
2020-03-25_652,2020-03-25,652,651,2.44,14.950000000000001,2.696,71.0,0.18033,2861.67,40.305,1172.82,-0.04,0.06,-0.006,-0.0016,0.0,-0.07,0.0,-0.007,2.473,3.878,-1.349,-1.349,-3.348,0.496,101.336,0.6679,1,1,1,3,0.9924,0.0106,point_anomaly,
2020-03-25_654,2020-03-25,654,653,2.4899999999999998,14.74,2.702,73.0,0.18331,2907.41,39.827,1167.63,0.01,0.0,0.004,0.00016,46.02,0.05,0.0,0.006,3.597,0.337,0.0,1.349,-0.29,2.02,74.652,0.5557,1,1,1,3,0.9819,0.0289,point_anomaly,
2020-03-25_655,2020-03-25,655,654,2.4899999999999998,14.729999999999999,2.702,71.0,0.18344,2825.83,39.8,1134.87,0.01,0.0,0.004,0.00027,-35.38,0.0,-0.01,0.0,3.597,0.169,0.0,-1.349,-0.162,-0.699,72.015,0.4484,1,1,0,2,0.9123,0.1148,point_anomaly,
2020-03-25_662,2020-03-25,662,661,2.52,14.729999999999999,2.705,72.0,0.18364,2868.81,39.845,1138.42,0.03,0.0,0.001,0.00012,4.42,0.06,0.0,0.001,4.272,0.169,0.674,0.0,0.047,0.734,95.113,0.5024,0,0,0,0,,,drift_segment,2020-03-25_S02
2020-03-25_663,2020-03-25,663,662,2.52,14.74,2.705,72.0,0.18351,2870.76,39.872,1139.19,0.03,0.01,0.001,0.0,6.37,0.0,0.01,0.0,4.272,0.337,0.674,0.0,-0.081,0.799,98.212,0.4572,0,0,0,0,,,drift_segment,2020-03-25_S02
2020-03-25_664,2020-03-25,664,663,2.4899999999999998,14.74,2.7060000000000004,71.0,0.18358,2831.94,39.886,1137.32,0.0,0.01,0.002,7e-05,-32.46,-0.03,0.0,0.001,3.597,0.337,0.899,-1.349,-0.011,-0.495,74.017,0.468,0,0,0,0,,,drift_segment,2020-03-25_S02
2020-03-25_665,2020-03-25,665,664,2.4899999999999998,14.74,2.7060000000000004,72.0,0.18358,2871.82,39.886,1153.34,0.0,0.0,0.002,7e-05,10.43,0.0,0.0,0.0,3.597,0.337,0.899,0.0,-0.011,0.834,71.559,0.4224,0,0,0,0,,,drift_segment,2020-03-25_S02
2020-03-25_666,2020-03-25,666,665,2.4899999999999998,14.74,2.699,72.0,0.18311,2864.39,39.783,1150.36,0.0,0.0,0.0,-0.00012,0.0,0.0,0.0,-0.007,3.597,0.337,-0.674,0.0,-0.499,0.586,73.785,0.452,0,0,0,0,,,drift_segment,2020-03-25_S02
2020-03-25_667,2020-03-25,667,666,2.4899999999999998,14.729999999999999,2.699,71.0,0.18323,2822.7,39.756,1133.61,0.0,-0.01,0.0,7e-05,-41.7,0.0,-0.01,0.0,3.597,0.169,-0.674,-1.349,-0.372,-0.803,73.606,0.432,0,0,0,0,,,drift_segment,2020-03-25_S02
2020-03-25_668,2020-03-25,668,667,2.5,14.729999999999999,2.698,72.0,0.18316,2861.39,39.742,1144.56,0.01,-0.01,-0.001,0.0,-3.0,0.01,0.0,-0.001,3.822,0.169,-0.899,0.0,-0.441,0.486,80.248,0.4367,0,0,0,0,,,drift_segment,2020-03-25_S02
2020-03-25_669,2020-03-25,669,668,2.5,14.74,2.698,70.0,0.18304,2783.8,39.769,1113.52,0.01,0.0,-0.001,-7e-05,-77.59,0.0,0.01,0.0,3.822,0.337,-0.899,-2.698,-0.569,-2.1,93.215,0.5142,0,0,0,0,,,drift_segment,2020-03-25_S02
2020-03-25_670,2020-03-25,670,669,2.48,14.74,2.694,71.0,0.18277,2819.38,39.71,1136.85,-0.01,0.0,-0.004,-0.00027,-42.01,-0.02,0.0,-0.004,3.372,0.337,-1.799,-1.349,-0.848,-0.914,72.796,0.5136,0,0,0,0,,,drift_segment,2020-03-25_S02
2020-03-25_671,2020-03-25,671,670,2.48,14.770000000000001,2.694,72.0,0.1824,2864.91,39.79,1155.2,-0.01,0.03,-0.004,-0.00047,42.21,0.0,0.03,0.0,3.372,0.843,-1.799,0.0,-1.229,0.603,78.445,0.5009,0,0,0,0,,,drift_segment,2020-03-25_S02
2020-03-25_672,2020-03-25,672,671,2.48,14.770000000000001,2.701,72.0,0.18287,2872.35,39.894,1158.21,-0.01,0.03,0.007,0.0001,52.97,0.0,0.0,0.007,3.372,0.843,-0.225,0.0,-0.742,0.852,72.645,0.5244,0,0,0,0,,,drift_segment,2020-03-25_S02
2020-03-25_673,2020-03-25,673,672,2.48,14.74,2.701,72.0,0.18324,2866.52,39.813,1155.85,-0.01,0.0,0.007,0.00085,82.72,0.0,-0.03,0.0,3.372,0.337,-0.225,0.0,-0.36,0.657,64.606,0.4742,0,0,0,0,,,drift_segment,2020-03-25_S02
2020-03-25_674,2020-03-25,674,673,2.4899999999999998,14.74,2.542,73.0,0.17246,2735.24,37.469,1098.49,0.0,0.0,0.0,-0.00012,0.0,0.01,0.0,-0.159,3.597,0.337,-35.973,1.349,-11.441,-3.718,1468.11,0.6147,0,0,0,0,,,drift_segment,2020-03-25_S02
2020-03-25_675,2020-03-25,675,674,2.4899999999999998,14.729999999999999,2.542,71.0,0.17257,2658.5,37.444,1067.67,0.0,-0.02,0.0,0.00012,0.0,0.0,-0.01,0.0,3.597,0.169,-35.973,-1.349,-11.32,-6.276,1467.265,0.5666,0,0,0,0,,,drift_segment,2020-03-25_S02
2020-03-25_676,2020-03-25,676,675,2.4899999999999998,14.729999999999999,2.481,71.0,0.16843,2594.7,36.545,1042.05,0.0,-0.02,0.0,0.0,-40.12,0.0,0.0,-0.061,3.597,0.169,-49.688,-1.349,-15.575,-8.402,2702.442,0.6177,0,0,0,0,,,drift_segment,2020-03-25_S02
2020-03-25_677,2020-03-25,677,676,2.4899999999999998,14.750000000000002,2.481,72.0,0.1682,2634.82,36.595,1058.16,0.0,0.0,0.0,0.0,2.09,0.0,0.02,0.0,3.597,0.506,-49.688,0.0,-15.809,-7.065,2705.325,0.5565,0,0,0,0,,,drift_segment,2020-03-25_S02
2020-03-25_678,2020-03-25,678,677,10.540000000000001,14.750000000000002,2.476,72.0,0.16786,2629.51,36.521,249.48,1.47,0.0,0.0,0.0,-1.78,8.05,0.0,-0.005,184.588,0.506,-50.812,0.0,-16.157,-7.242,167042.471,0.6547,0,0,0,0,,,drift_segment,2020-03-25_S02
2020-03-25_679,2020-03-25,679,678,10.540000000000001,14.76,2.476,72.0,0.16775,2631.29,36.546,249.65,1.47,0.01,0.0,0.0,1.78,0.0,0.01,0.0,184.588,0.674,-50.812,0.0,-16.274,-7.183,167163.912,0.6074,0,0,0,0,,,drift_segment,2020-03-25_S02
2020-03-25_680,2020-03-25,680,679,9.27,14.76,2.474,72.0,0.16762,2629.17,36.516,283.62,0.2,0.01,0.0,0.0,0.0,-1.27,0.0,-0.002,156.034,0.674,-51.262,0.0,-16.413,-7.254,120912.92,0.6541,0,0,0,0,,,drift_segment,2020-03-25_S02
2020-03-25_681,2020-03-25,681,680,9.27,14.78,2.474,72.0,0.16739,2632.73,36.566,284.01,0.2,0.02,0.0,0.0,6.38,0.0,0.02,0.0,156.034,1.012,-51.262,0.0,-16.646,-7.135,121118.872,0.6179,0,0,0,0,,,drift_segment,2020-03-25_S02
2020-03-25_682,2020-03-25,682,681,9.07,14.78,2.468,72.0,0.16698,2626.35,36.477,289.56,0.0,0.02,0.0,-0.00034,0.0,-0.2,0.0,-0.006,151.538,1.012,-52.611,0.0,-17.063,-7.348,114745.078,0.6394,0,0,0,0,,,drift_segment,2020-03-25_S02
2020-03-25_683,2020-03-25,683,682,9.07,14.750000000000002,2.468,72.0,0.16732,2621.02,36.403,288.98,0.0,-0.03,0.0,0.0,-1.78,0.0,-0.03,0.0,151.538,0.506,-52.611,0.0,-16.715,-7.525,114444.981,0.5803,0,0,0,0,,,drift_segment,2020-03-25_S02
2020-03-25_684,2020-03-25,684,683,9.01,14.750000000000002,2.464,71.0,0.16705,2580.42,36.344,286.4,-0.04,-0.03,-0.004,-0.00027,-42.37,-0.06,0.0,-0.004,150.189,0.506,-53.51,-1.349,-16.993,-8.878,112716.487,0.6614,0,0,0,0,,,drift_segment,2020-03-25_S02
2020-03-25_685,2020-03-25,685,684,9.01,14.83,2.464,71.0,0.16615,2594.42,36.541,287.95,-0.04,0.03,-0.004,-0.00117,-28.38,0.0,0.08,0.0,150.189,1.855,-53.51,-1.349,-17.919,-8.412,113511.408,0.6513,0,0,0,0,,,drift_segment,2020-03-25_S02
2020-03-25_686,2020-03-25,686,685,9.05,14.83,2.467,71.0,0.16635,2597.58,36.586,287.03,0.01,0.03,-0.001,-0.00097,-25.22,0.04,0.0,0.003,151.088,1.855,-52.836,-1.349,-17.711,-8.307,114692.445,0.633,0,0,0,0,,,drift_segment,2020-03-25_S02
2020-03-25_687,2020-03-25,687,686,9.05,14.799999999999999,2.467,71.0,0.16669,2592.32,36.512,286.44,0.01,0.0,-0.001,-0.00063,-30.47,0.0,-0.03,0.0,151.088,1.349,-52.836,-1.349,-17.365,-8.482,114392.058,0.5927,0,0,0,0,,,drift_segment,2020-03-25_S02
2020-03-25_688,2020-03-25,688,687,9.040000000000001,14.799999999999999,2.496,71.0,0.16865,2622.8,36.941,290.13,0.03,0.0,0.0,0.0,0.0,-0.01,0.0,0.029,150.863,1.349,-46.316,-1.349,-15.352,-7.466,112978.44,0.6393,0,0,0,0,,,drift_segment,2020-03-25_S02
2020-03-25_689,2020-03-25,689,688,9.040000000000001,14.799999999999999,2.496,72.0,0.16865,2659.74,36.941,294.22,0.03,0.0,0.0,0.0,0.0,0.0,0.0,0.0,150.863,1.349,-46.316,0.0,-15.352,-6.235,112920.205,0.5801,0,0,0,0,,,drift_segment,2020-03-25_S02
2020-03-25_690,2020-03-25,690,689,8.98,14.799999999999999,2.54,73.0,0.17162,2744.22,37.592,305.59,0.0,0.0,0.0,0.0,75.18,-0.06,0.0,0.044,149.514,1.349,-36.423,1.349,-12.298,-3.419,109454.265,0.6607,0,0,0,0,,,drift_segment,2020-03-25_S02
2020-03-25_691,2020-03-25,691,690,8.98,14.799999999999999,2.54,71.0,0.17162,2669.03,37.592,297.22,0.0,0.0,0.0,0.0,-70.15,0.0,0.0,0.0,149.514,1.349,-36.423,-1.349,-12.298,-5.925,109564.156,0.5769,0,0,0,0,,,drift_segment,2020-03-25_S02
2020-03-25_692,2020-03-25,692,691,8.95,14.799999999999999,2.605,72.0,0.17601,2775.89,38.554,310.16,0.0,0.0,0.0,0.00012,31.67,-0.03,0.0,0.065,148.84,1.349,-21.809,0.0,-7.786,-2.364,106738.383,0.6304,0,0,0,0,,,drift_segment,2020-03-25_S02
2020-03-25_693,2020-03-25,693,692,8.95,14.81,2.605,71.0,0.17589,2739.18,38.58,306.05,0.0,0.01,0.0,-0.00012,-36.7,0.0,0.01,0.0,148.84,1.518,-21.809,-1.349,-7.908,-3.587,106893.165,0.5857,0,0,0,0,,,drift_segment,2020-03-25_S02
2020-03-25_694,2020-03-25,694,693,8.790000000000001,14.81,2.673,72.0,0.18049,2850.27,39.587,324.26,0.0,0.01,0.0,0.0,0.0,-0.16,0.0,0.068,145.242,1.518,-6.52,0.0,-3.192,0.116,100418.889,0.6224,0,0,0,0,,,drift_segment,2020-03-25_S02
2020-03-25_695,2020-03-25,695,694,8.790000000000001,14.799999999999999,2.673,73.0,0.18061,2887.91,39.56,328.54,0.0,0.0,0.0,0.0,29.73,0.0,-0.01,0.0,145.242,1.349,-6.52,1.349,-3.066,1.37,100273.46,0.5508,0,0,0,0,,,drift_segment,2020-03-25_S02
2020-03-25_696,2020-03-25,696,695,8.58,14.799999999999999,2.72,71.0,0.18378,2858.18,40.256,333.12,0.0,0.0,0.0,0.0,-29.73,-0.21,0.0,0.047,140.521,1.349,4.047,-1.349,0.196,0.379,93343.444,0.608,0,0,0,0,,,drift_segment,2020-03-25_S02
2020-03-25_697,2020-03-25,697,696,8.58,14.78,2.72,72.0,0.18403,2894.52,40.202,337.36,0.0,-0.03,0.0,0.0,0.0,0.0,-0.02,0.0,140.521,1.012,4.047,0.0,0.451,1.59,93106.369,0.5276,0,0,0,0,,,drift_segment,2020-03-25_S02
2020-03-25_698,2020-03-25,698,697,8.25,14.78,2.745,72.0,0.18572,2921.12,40.571,354.08,0.0,-0.03,0.0,0.00038,0.0,-0.33,0.0,0.025,133.101,1.012,9.668,0.0,2.189,2.477,83321.619,0.6421,0,0,0,0,,,drift_segment,2020-03-25_S02
2020-03-25_699,2020-03-25,699,698,8.25,14.81,2.745,72.0,0.18535,2927.05,40.653,354.79,0.0,0.0,0.0,0.0,5.93,0.0,0.03,0.0,133.101,1.518,9.668,0.0,1.802,2.675,83583.426,0.548,0,0,0,0,,,drift_segment,2020-03-25_S02
2020-03-25_700,2020-03-25,700,699,7.92,14.81,2.7510000000000003,72.0,0.18575,2933.45,40.742,370.38,0.0,0.0,0.003,0.00038,12.33,-0.33,0.0,0.006,125.682,1.518,11.017,0.0,2.218,2.888,74515.037,0.6163,0,0,0,0,,,drift_segment,2020-03-25_S02
2020-03-25_701,2020-03-25,701,700,7.92,14.840000000000002,2.7510000000000003,72.0,0.18538,2939.39,40.825,371.13,0.0,0.03,0.003,0.0,16.61,0.0,0.03,0.0,125.682,2.024,11.017,0.0,1.833,3.086,74762.973,0.5789,0,0,0,0,,,drift_segment,2020-03-25_S02
2020-03-25_702,2020-03-25,702,701,7.609999999999999,14.840000000000002,2.7560000000000002,72.0,0.18571,2944.73,40.899,386.96,0.0,0.03,0.008,0.00034,21.95,-0.31,0.0,0.005,118.712,2.024,12.141,0.0,2.179,3.264,66715.495,0.642,0,0,0,0,,,drift_segment,2020-03-25_S02
2020-03-25_703,2020-03-25,703,702,7.609999999999999,14.83,2.7560000000000002,72.0,0.18584,2942.75,40.871,386.69,0.0,0.02,0.008,0.00046,15.7,0.0,-0.01,0.0,118.712,1.855,12.141,0.0,2.307,3.198,66637.328,0.5901,0,0,0,0,,,drift_segment,2020-03-25_S02
2020-03-25_704,2020-03-25,704,703,7.33,14.83,2.748,71.0,0.1853,2893.45,40.753,394.74,0.0,0.02,0.0,-5e-05,-33.6,-0.28,0.0,-0.008,112.417,1.855,10.342,-1.349,1.753,1.555,59881.975,0.6075,0,0,0,0,,,drift_segment,2020-03-25_S02
2020-03-25_705,2020-03-25,705,704,7.33,14.81,2.748,71.0,0.18555,2889.55,40.698,394.21,0.0,-0.02,0.0,0.00025,-34.71,0.0,-0.02,0.0,112.417,1.518,10.342,-1.349,2.01,1.425,59733.993,0.5428,0,0,0,0,,,drift_segment,2020-03-25_S02
2020-03-25_706,2020-03-25,706,705,7.18,14.81,2.741,72.0,0.18508,2922.78,40.594,407.07,0.0,-0.02,0.0,0.0,0.0,-0.15,0.0,-0.007,109.044,1.518,8.768,0.0,1.525,2.532,56223.262,0.6097,0,0,0,0,,,drift_segment,2020-03-25_S02
2020-03-25_707,2020-03-25,707,706,7.18,14.81,2.741,71.0,0.18508,2882.19,40.594,401.42,0.0,-0.02,0.0,0.0,-34.59,0.0,0.0,0.0,109.044,1.518,8.768,-1.349,1.525,1.179,56264.309,0.5206,0,0,0,0,,,drift_segment,2020-03-25_S02
2020-03-25_708,2020-03-25,708,707,7.05,14.81,2.735,73.0,0.18467,2956.89,40.505,419.42,0.0,-0.02,0.0,0.0,42.08,-0.13,0.0,-0.006,106.121,1.518,7.419,1.349,1.109,3.669,53268.414,0.6262,0,0,0,0,,,drift_segment,2020-03-25_S02
2020-03-25_709,2020-03-25,709,708,7.05,14.85,2.735,72.0,0.18418,2924.26,40.615,414.79,0.0,0.03,0.0,0.0,18.0,0.0,0.04,0.0,106.121,2.192,7.419,0.0,0.598,2.582,53583.527,0.5634,0,0,0,0,,,drift_segment,2020-03-25_S02
2020-03-25_710,2020-03-25,710,709,7.0,14.85,2.728,72.0,0.1837,2916.78,40.511,416.68,0.0,0.03,0.0,-0.00012,10.51,-0.05,0.0,-0.007,104.997,2.192,5.846,0.0,0.113,2.332,52512.797,0.6035,0,0,0,0,,,drift_segment,2020-03-25_S02
2020-03-25_711,2020-03-25,711,710,7.0,14.840000000000002,2.728,72.0,0.18383,2914.81,40.484,416.4,0.0,0.01,0.0,0.00012,8.55,0.0,-0.01,0.0,104.997,2.024,5.846,0.0,0.241,2.267,52443.382,0.5318,0,0,0,0,,,drift_segment,2020-03-25_S02
2020-03-25_712,2020-03-25,712,711,6.93,14.840000000000002,2.72,72.0,0.18329,2906.27,40.365,419.37,0.0,0.01,0.0,-0.00025,3.92,-0.07,0.0,-0.008,103.423,2.024,4.047,0.0,-0.313,1.982,50956.532,0.5928,0,0,0,0,,,drift_segment,2020-03-25_S02
2020-03-25_713,2020-03-25,713,712,6.93,14.820000000000002,2.72,72.0,0.18354,2902.35,40.31,418.81,0.0,-0.02,0.0,0.00025,0.0,0.0,-0.02,0.0,103.423,1.686,4.047,0.0,-0.059,1.851,50819.921,0.5288,0,0,0,0,,,drift_segment,2020-03-25_S02
2020-03-25_714,2020-03-25,714,713,6.890000000000001,14.820000000000002,2.707,72.0,0.18266,2888.48,40.118,419.23,0.0,-0.02,0.0,0.0,-1.95,-0.04,0.0,-0.013,102.524,1.686,1.124,0.0,-0.96,1.389,50059.077,0.5447,0,0,0,0,,,drift_segment,2020-03-25_S02
2020-03-25_715,2020-03-25,715,714,6.890000000000001,14.83,2.707,72.0,0.18254,2890.43,40.145,419.51,0.0,0.0,0.0,0.0,1.95,0.0,0.01,0.0,102.524,1.855,1.124,0.0,-1.087,1.454,50126.805,0.4625,0,0,0,0,,,drift_segment,2020-03-25_S02
2020-03-25_716,2020-03-25,716,715,6.890000000000001,14.83,2.699,72.0,0.182,2881.88,40.026,418.27,0.0,0.0,0.0,0.0,0.0,0.0,0.0,-0.008,102.524,1.855,-0.674,0.0,-1.641,1.169,50205.168,0.4971,0,0,0,0,,,drift_segment,2020-03-25_S02
2020-03-25_717,2020-03-25,717,716,6.65,14.85,2.694,72.0,0.18141,2880.42,40.006,433.15,-0.13,0.02,0.0,0.0,0.0,-0.24,0.02,-0.005,97.128,2.192,-1.799,0.0,-2.238,1.121,45285.147,0.6271,0,0,0,0,,,drift_segment,2020-03-25_S02
2020-03-25_718,2020-03-25,718,717,6.68,14.85,2.685,71.0,0.18081,2830.93,39.872,423.79,-0.06,0.02,0.0,0.0,-44.65,0.03,0.0,-0.009,97.802,2.192,-3.822,-1.349,-2.861,-0.529,46042.914,0.6375,0,0,0,0,,,drift_segment,2020-03-25_S02
2020-03-25_719,2020-03-25,719,718,6.7,14.83,2.677,71.0,0.18051,2818.69,39.7,420.7,-0.02,0.0,0.0,0.0,-32.23,0.02,-0.02,-0.008,98.252,1.855,-5.621,-1.349,-3.165,-0.937,46424.775,0.6008,0,0,0,0,,,drift_segment,2020-03-25_S02
2020-03-25_720,2020-03-25,720,719,6.74,14.83,2.67,72.0,0.18004,2850.92,39.596,422.99,0.04,0.0,0.0,0.0,11.82,0.04,0.0,-0.007,99.151,1.855,-7.195,0.0,-3.65,0.137,47317.237,0.612,0,0,0,0,,,drift_segment,2020-03-25_S02
2020-03-25_721,2020-03-25,721,720,6.720000000000001,14.820000000000002,2.6630000000000003,71.0,0.17969,2802.06,39.466,416.97,0.04,-0.03,0.0,0.0,-37.04,-0.02,-0.01,-0.007,98.702,1.686,-8.768,-1.349,-4.01,-1.491,46959.98,0.6432,0,0,0,0,,,drift_segment,2020-03-25_S02
2020-03-25_722,2020-03-25,722,721,6.779999999999999,14.820000000000002,2.658,73.0,0.17935,2875.58,39.392,424.13,0.13,-0.03,0.0,0.0,36.48,0.06,0.0,-0.005,100.051,1.686,-9.893,1.349,-4.357,0.959,48231.41,0.6612,0,0,0,0,,,drift_segment,2020-03-25_S02
2020-03-25_723,2020-03-25,723,722,6.58,14.85,2.65,72.0,0.17845,2833.38,39.352,430.6,-0.06,0.0,-0.007,0.0,0.0,-0.2,0.03,-0.008,95.554,2.192,-11.691,0.0,-5.282,-0.447,44390.858,0.678,0,0,0,0,,,drift_segment,2020-03-25_S02
2020-03-25_724,2020-03-25,724,723,6.609999999999999,14.85,2.648,72.0,0.17832,2831.24,39.323,428.33,-0.03,0.0,-0.007,0.0,-7.86,0.03,0.0,-0.002,96.229,2.192,-12.141,0.0,-5.42,-0.519,45037.013,0.6092,0,0,0,0,,,drift_segment,2020-03-25_S02
2020-03-25_725,2020-03-25,725,724,6.56,14.88,2.65,72.0,0.17809,2839.1,39.432,432.79,-0.08,0.0,-0.005,-7e-05,-1.07,-0.05,0.03,0.002,95.104,2.698,-11.691,0.0,-5.652,-0.257,44172.45,0.6422,0,0,0,0,,,drift_segment,2020-03-25_S02
2020-03-25_726,2020-03-25,726,725,6.57,14.88,2.6510000000000002,72.0,0.17816,2840.18,39.447,432.29,-0.07,0.0,-0.003,7e-05,1.07,0.01,0.0,0.001,95.329,2.698,-11.466,0.0,-5.583,-0.221,44362.365,0.591,0,0,0,0,,,drift_segment,2020-03-25_S02
2020-03-25_727,2020-03-25,727,726,6.640000000000001,14.97,2.654,72.0,0.17729,2860.59,39.73,430.81,0.01,0.06,0.001,-0.00065,20.41,0.07,0.09,0.003,96.903,4.216,-10.792,0.0,-6.477,0.46,46348.606,0.6724,0,0,0,0,,,drift_segment,2020-03-25_S02
2020-03-25_728,2020-03-25,728,727,6.63,14.97,2.657,71.0,0.17749,2824.05,39.775,425.95,0.0,0.06,0.005,-0.00038,-15.06,-0.01,0.0,0.003,96.678,4.216,-10.117,-1.349,-6.271,-0.758,46134.058,0.6586,0,0,0,0,,,drift_segment,2020-03-25_S02
2020-03-25_729,2020-03-25,729,728,6.67,14.94,2.655,72.0,0.17771,2855.93,39.666,428.18,0.03,0.01,0.002,-7e-05,16.83,0.04,-0.03,-0.002,97.578,3.71,-10.567,0.0,-6.043,0.304,46767.168,0.6307,0,0,0,0,,,drift_segment,2020-03-25_S02
2020-03-25_730,2020-03-25,730,729,6.7299999999999995,14.94,2.656,72.0,0.17778,2857.01,39.681,424.52,0.09,0.01,0.002,1e-05,16.83,0.06,0.0,0.001,98.927,3.71,-10.342,0.0,-5.974,0.34,48022.815,0.6495,0,0,0,0,,,drift_segment,2020-03-25_S02
2020-03-25_731,2020-03-25,731,730,6.7,14.910000000000002,2.6519999999999997,71.0,0.17787,2807.43,39.541,419.02,0.03,-0.03,-0.002,0.00016,-40.61,-0.03,-0.03,-0.004,98.252,3.204,-11.242,-1.349,-5.882,-1.312,47283.95,0.6515,0,0,0,0,,,drift_segment,2020-03-25_S02
2020-03-25_732,2020-03-25,732,731,6.63,14.910000000000002,2.653,72.0,0.17793,2848.05,39.556,429.57,-0.04,-0.03,-0.001,0.00045,-7.88,-0.07,0.0,0.001,96.678,3.204,-11.017,0.0,-5.813,0.042,45764.068,0.6385,0,0,0,0,,,drift_segment,2020-03-25_S02
2020-03-25_733,2020-03-25,733,732,6.640000000000001,14.930000000000001,2.6430000000000002,70.0,0.17703,2762.2,39.46,415.99,-0.06,-0.01,-0.011,-0.00046,-85.85,0.01,0.02,-0.01,96.903,3.541,-13.265,-2.698,-6.746,-2.82,46332.252,0.7043,0,0,0,0,,,drift_segment,2020-03-25_S02
2020-03-25_734,2020-03-25,734,733,6.67,14.930000000000001,2.654,71.0,0.17776,2813.32,39.624,421.79,-0.03,-0.01,0.0,5e-05,-39.62,0.03,0.0,0.011,97.578,3.541,-10.792,-1.349,-5.989,-1.116,46753.615,0.646,0,0,0,0,,,drift_segment,2020-03-25_S02
2020-03-25_735,2020-03-25,735,734,6.7,14.99,2.654,72.0,0.17705,2864.41,39.783,427.52,-0.03,0.06,0.0,-0.00038,16.36,0.03,0.06,0.0,98.252,4.553,-10.792,0.0,-6.72,0.587,47745.554,0.6606,0,0,0,0,,,drift_segment,2020-03-25_S02
2020-03-25_736,2020-03-25,736,735,6.74,14.99,2.655,72.0,0.17712,2865.49,39.798,425.15,0.0,0.06,0.002,-0.00012,17.92,0.04,0.0,0.001,99.151,4.553,-10.567,0.0,-6.652,0.623,48584.498,0.6347,0,0,0,0,,,drift_segment,2020-03-25_S02
2020-03-25_737,2020-03-25,737,736,6.82,15.070000000000002,2.656,72.0,0.17624,2881.87,40.026,422.56,0.08,0.13,0.003,-0.001,33.82,0.08,0.08,0.001,100.95,5.902,-10.342,0.0,-7.549,1.169,50846.992,0.7228,0,0,0,0,,,drift_segment,2020-03-25_S02
2020-03-25_738,2020-03-25,738,737,6.74,15.070000000000002,2.653,71.0,0.17605,2838.63,39.981,421.16,-0.04,0.13,0.0,-0.0012,-8.94,-0.08,0.0,-0.003,99.151,5.902,-11.017,-1.349,-7.754,-0.272,49190.258,0.7017,0,0,0,0,,,drift_segment,2020-03-25_S02
2020-03-25_739,2020-03-25,739,738,6.779999999999999,14.930000000000001,2.654,72.0,0.17776,2852.94,39.624,420.79,-0.04,-0.01,0.0,0.00033,5.37,0.04,-0.14,0.001,100.051,3.541,-10.792,0.0,-5.989,0.205,49056.219,0.6474,0,0,0,0,,,drift_segment,2020-03-25_S02
2020-03-25_740,2020-03-25,740,739,6.909999999999999,14.930000000000001,2.6489999999999996,72.0,0.17743,2847.57,39.55,412.09,0.06,-0.01,-0.004,4e-05,-4.06,0.13,0.0,-0.005,102.974,3.541,-11.916,0.0,-6.333,0.026,51972.027,0.6654,0,0,0,0,,,drift_segment,2020-03-25_S02
2020-03-25_741,2020-03-25,741,740,6.9,14.94,2.648,71.0,0.17724,2808.84,39.561,407.08,0.05,0.0,-0.005,-0.00019,-42.79,-0.01,0.01,-0.001,102.749,3.71,-12.141,-1.349,-6.524,-1.265,51874.617,0.6402,0,0,0,0,,,drift_segment,2020-03-25_S02
2020-03-25_742,2020-03-25,742,741,6.94,14.94,2.6510000000000002,72.0,0.17744,2851.63,39.606,410.9,0.09,0.0,-0.002,0.0,4.06,0.04,0.0,0.003,103.648,3.71,-11.466,0.0,-6.318,0.161,52677.566,0.6441,0,0,0,0,,,drift_segment,2020-03-25_S02
2020-03-25_743,2020-03-25,743,742,6.92,14.889999999999999,2.6519999999999997,70.0,0.17811,2764.18,39.488,399.45,0.07,-0.04,0.0,0.00058,-83.39,-0.02,-0.05,0.001,103.198,2.867,-11.242,-2.698,-5.637,-2.754,51955.887,0.6954,0,0,0,0,,,drift_segment,2020-03-25_S02
2020-03-25_744,2020-03-25,744,743,6.88,14.889999999999999,2.654,71.0,0.17824,2805.78,39.518,407.82,0.03,-0.04,0.002,0.00048,-41.79,-0.04,0.0,0.002,102.299,2.867,-10.792,-1.349,-5.499,-1.367,50999.001,0.6469,0,0,0,0,,,drift_segment,2020-03-25_S02
2020-03-25_745,2020-03-25,745,744,6.85,14.950000000000001,2.6519999999999997,72.0,0.17739,2854.61,39.647,416.73,0.0,0.06,0.0,-0.00071,36.91,-0.03,0.06,-0.002,101.625,3.878,-11.242,0.0,-6.371,0.26,50741.611,0.6487,0,0,0,0,,,drift_segment,2020-03-25_S02
2020-03-25_746,2020-03-25,746,745,6.85,14.950000000000001,2.654,72.0,0.17753,2856.77,39.677,417.05,0.0,0.06,0.002,-0.00072,43.53,0.0,0.0,0.002,101.625,3.878,-10.792,0.0,-6.233,0.332,50711.674,0.6098,0,0,0,0,,,drift_segment,2020-03-25_S02
2020-03-25_747,2020-03-25,747,746,6.83,14.74,2.655,72.0,0.18012,2817.7,39.135,412.55,-0.02,-0.01,0.003,0.00053,4.46,-0.02,-0.21,0.001,101.175,0.337,-10.567,0.0,-3.566,-0.97,48848.995,0.6124,0,0,0,0,,,drift_segment,2020-03-25_S02
2020-03-25_748,2020-03-25,748,747,6.840000000000001,14.74,2.6519999999999997,73.0,0.17992,2853.61,39.09,417.19,-0.01,-0.01,0.0,0.00033,40.37,0.01,0.0,-0.003,101.4,0.337,-11.242,1.349,-3.775,0.227,49074.701,0.5646,0,0,0,0,,,drift_segment,2020-03-25_S02
2020-03-25_749,2020-03-25,749,748,6.83,14.729999999999999,2.6519999999999997,71.0,0.18004,2773.54,39.064,406.08,-0.02,-0.02,0.0,0.00045,-39.7,-0.01,-0.01,0.0,101.175,0.169,-11.242,-1.349,-3.649,-2.442,48865.774,0.5851,0,0,0,0,,,drift_segment,2020-03-25_S02
2020-03-25_750,2020-03-25,750,749,6.83,14.729999999999999,2.65,71.0,0.1799,2771.45,39.034,405.78,-0.02,-0.02,-0.002,0.00031,-45.82,0.0,0.0,-0.002,101.175,0.169,-11.691,-1.349,-3.789,-2.511,48895.899,0.5926,0,0,0,0,,,drift_segment,2020-03-25_S02
2020-03-25_751,2020-03-25,751,750,7.0200000000000005,14.750000000000002,2.6489999999999996,72.0,0.17959,2813.24,39.073,400.75,0.11,0.0,-0.002,0.0,-4.03,0.19,0.02,-0.001,105.447,0.506,-11.916,0.0,-4.109,-1.119,53179.346,0.6349,0,0,0,0,,,drift_segment,2020-03-25_S02
2020-03-25_752,2020-03-25,752,751,7.01,14.750000000000002,2.6489999999999996,72.0,0.17959,2813.24,39.073,401.32,0.07,0.0,-0.001,0.0,0.0,-0.01,0.0,0.0,105.222,0.506,-11.916,0.0,-4.109,-1.119,52955.388,0.5801,0,0,0,0,,,drift_segment,2020-03-25_S02
2020-03-25_753,2020-03-25,753,752,7.029999999999999,14.76,2.6430000000000002,72.0,0.17907,2808.77,39.011,399.54,0.08,0.01,-0.006,-0.00053,-4.47,0.02,0.01,-0.006,105.672,0.674,-13.265,0.0,-4.652,-1.268,53569.349,0.6411,0,0,0,0,,,drift_segment,2020-03-25_S02
2020-03-25_754,2020-03-25,754,753,6.970000000000001,14.76,2.6510000000000002,72.0,0.17961,2817.27,39.129,404.2,0.0,0.01,0.002,0.00018,8.5,-0.06,0.0,0.008,104.323,0.674,-11.466,0.0,-4.095,-0.984,52101.925,0.6133,0,0,0,0,,,drift_segment,2020-03-25_S02
2020-03-25_755,2020-03-25,755,754,6.94,14.78,2.6519999999999997,72.0,0.17943,2822.15,39.197,406.65,-0.04,0.02,0.003,0.0002,13.38,-0.03,0.02,0.001,103.648,1.012,-11.242,0.0,-4.275,-0.822,51559.5,0.622,0,0,0,0,,,drift_segment,2020-03-25_S02
2020-03-25_756,2020-03-25,756,755,6.909999999999999,14.78,2.6489999999999996,72.0,0.17923,2818.96,39.152,407.95,-0.07,0.02,0.0,0.0,10.19,-0.03,0.0,-0.003,102.974,1.012,-11.916,0.0,-4.483,-0.928,50945.191,0.6123,0,0,0,0,,,drift_segment,2020-03-25_S02
2020-03-25_757,2020-03-25,757,756,6.95,14.750000000000002,2.6430000000000002,72.0,0.17919,2806.87,38.984,403.87,-0.02,-0.03,-0.008,-4e-05,0.0,0.04,-0.03,-0.006,103.873,0.506,-13.265,0.0,-4.527,-1.331,51716.649,0.6352,0,0,0,0,,,drift_segment,2020-03-25_S02
2020-03-25_758,2020-03-25,758,757,8.16,14.750000000000002,2.6430000000000002,71.0,0.17919,2767.88,38.984,339.2,1.21,-0.03,-0.009,-4e-05,-38.98,1.21,0.0,0.0,131.078,0.506,-13.265,-1.349,-4.527,-2.63,81977.432,0.689,0,0,0,0,,,drift_segment,2020-03-25_S02
2020-03-25_759,2020-03-25,759,758,7.15,14.83,2.657,71.0,0.17916,2797.64,39.403,391.28,0.2,0.03,0.005,-6e-05,-9.23,-1.01,0.08,0.014,108.37,1.855,-10.117,-1.349,-4.55,-1.639,56622.58,0.7248,0,0,0,0,,,drift_segment,2020-03-25_S02
2020-03-25_760,2020-03-25,760,759,6.9799999999999995,14.83,2.656,71.0,0.1791,2796.58,39.388,400.66,0.04,0.03,0.004,-9e-05,-1.05,-0.17,0.0,-0.001,104.547,1.855,-10.342,-1.349,-4.619,-1.674,52771.485,0.6599,0,0,0,0,,,drift_segment,2020-03-25_S02
2020-03-25_761,2020-03-25,761,760,6.95,14.799999999999999,2.659,71.0,0.17966,2794.08,39.353,402.03,0.04,0.0,0.003,0.00048,-3.56,-0.03,-0.03,0.003,103.873,1.349,-9.668,-1.349,-4.038,-1.757,51853.244,0.6384,0,0,0,0,,,drift_segment,2020-03-25_S02
2020-03-25_762,2020-03-25,762,761,6.859999999999999,14.799999999999999,2.659,71.0,0.17966,2794.08,39.353,407.3,-0.02,0.0,0.002,0.00048,-3.56,-0.09,0.0,0.0,101.849,1.349,-9.668,-1.349,-4.038,-1.757,49879.147,0.6231,0,0,0,0,,,drift_segment,2020-03-25_S02
2020-03-25_763,2020-03-25,763,762,6.85,14.799999999999999,2.658,72.0,0.17959,2832.36,39.338,413.48,-0.02,0.0,0.0,0.0,34.73,-0.01,0.0,-0.001,101.625,1.349,-9.893,0.0,-4.108,-0.481,49637.599,0.5547,0,0,0,0,,,drift_segment,2020-03-25_S02
2020-03-25_764,2020-03-25,764,763,6.87,14.799999999999999,2.6510000000000002,73.0,0.17912,2864.14,39.235,416.91,0.0,0.0,-0.008,-0.00054,32.42,0.02,0.0,-0.007,102.074,1.349,-11.466,1.349,-4.593,0.578,50141.306,0.6186,0,0,0,0,,,drift_segment,2020-03-25_S02
2020-03-25_765,2020-03-25,765,764,6.88,14.799999999999999,2.648,71.0,0.17892,2782.52,39.19,404.44,0.01,0.0,-0.011,-0.00074,-49.85,0.01,0.0,-0.003,102.299,1.349,-12.141,-1.349,-4.802,-2.143,50478.801,0.6233,0,0,0,0,,,drift_segment,2020-03-25_S02
2020-03-25_766,2020-03-25,766,765,6.87,14.799999999999999,2.659,72.0,0.17966,2833.43,39.353,412.44,0.01,0.0,0.0,0.0,0.0,-0.01,0.0,0.011,102.074,1.349,-9.668,0.0,-4.038,-0.446,50057.515,0.594,0,0,0,0,,,drift_segment,2020-03-25_S02
2020-03-25_767,2020-03-25,767,766,6.87,14.81,2.693,71.0,0.18184,2831.72,39.883,412.19,0.02,0.01,0.0,0.0,-32.42,0.0,0.01,0.034,102.074,1.518,-2.023,-1.349,-1.804,-0.503,49736.7,0.5801,0,0,0,0,,,drift_segment,2020-03-25_S02
2020-03-25_768,2020-03-25,768,767,6.8,14.81,2.738,72.0,0.18488,2919.58,40.55,429.35,0.0,0.01,0.0,0.0,0.0,-0.07,0.0,0.045,100.5,1.518,8.094,0.0,1.317,2.426,47817.322,0.6208,0,0,0,0,,,drift_segment,2020-03-25_S02
2020-03-25_769,2020-03-25,769,768,4.4,14.799999999999999,2.78,73.0,0.18784,3003.51,41.144,682.62,0.0,0.0,0.0,0.0,60.34,-2.4,-0.01,0.042,46.54,1.349,17.537,1.349,4.36,5.223,10426.997,0.6651,0,0,0,0,,,drift_segment,2020-03-25_S02
2020-03-25_770,2020-03-25,770,769,4.4,14.799999999999999,2.802,71.0,0.18932,2944.34,41.47,669.17,0.0,0.0,0.01,0.00118,0.0,0.0,0.0,0.022,46.54,1.349,22.483,-1.349,5.887,3.251,10562.374,0.6256,0,0,0,0,,,drift_segment,2020-03-25_S02
2020-03-25_771,2020-03-25,771,770,4.29,14.78,2.8110000000000004,72.0,0.19019,2991.35,41.547,697.29,0.0,-0.03,0.019,0.00205,18.84,-0.11,-0.02,0.009,44.067,1.012,24.507,0.0,6.776,4.818,9502.857,0.6682,0,0,0,0,,,drift_segment,2020-03-25_S02
2020-03-25_772,2020-03-25,772,771,4.11,14.78,2.8110000000000004,72.0,0.19019,2991.35,41.547,727.82,0.0,-0.03,0.019,0.00205,18.84,-0.18,0.0,0.0,40.02,1.012,24.507,0.0,6.776,4.818,7927.805,0.6296,0,0,0,0,,,drift_segment,2020-03-25_S02
2020-03-25_773,2020-03-25,773,772,3.53,14.81,2.807,72.0,0.18953,2993.16,41.572,847.92,-0.33,0.0,0.015,0.00139,20.65,-0.58,0.03,-0.004,26.98,1.518,23.607,0.0,6.103,4.878,3916.846,0.686,0,0,0,0,,,drift_segment,2020-03-25_S02
2020-03-25_774,2020-03-25,774,773,3.81,14.81,2.799,71.0,0.18899,2943.18,41.453,772.49,0.0,0.0,0.007,0.00085,-29.33,0.28,0.0,-0.008,33.275,1.518,21.809,-1.349,5.548,3.212,5632.797,0.6452,0,0,0,0,,,drift_segment,2020-03-25_S02
2020-03-25_775,2020-03-25,775,774,3.8600000000000003,14.840000000000002,2.792,72.0,0.18814,2983.2,41.433,772.85,0.12,0.03,0.0,0.0,27.64,0.05,0.03,-0.007,34.399,2.024,20.235,0.0,4.671,4.546,5999.001,0.6745,0,0,0,0,,,drift_segment,2020-03-25_S02
2020-03-25_776,2020-03-25,776,775,3.72,14.840000000000002,2.782,72.0,0.18747,2972.51,41.285,799.06,-0.01,0.03,0.0,0.0,16.95,-0.14,0.0,-0.01,31.252,2.024,17.987,0.0,3.979,4.19,4969.861,0.6468,0,0,0,0,,,drift_segment,2020-03-25_S02
2020-03-25_777,2020-03-25,777,776,3.7,14.83,2.775,71.0,0.18712,2921.88,41.153,789.7,-0.02,0.02,0.0,0.0,-21.3,-0.02,-0.01,-0.007,30.802,1.855,16.413,-1.349,3.624,2.502,4794.689,0.6237,0,0,0,0,,,drift_segment,2020-03-25_S02
2020-03-25_778,2020-03-25,778,777,3.7,14.83,2.7680000000000002,72.0,0.18665,2955.56,41.049,798.8,0.0,0.02,0.0,0.0,16.33,0.0,0.0,-0.007,30.802,1.855,14.839,0.0,3.139,3.625,4753.008,0.593,0,0,0,0,,,drift_segment,2020-03-25_S02
2020-03-25_779,2020-03-25,779,778,3.7299999999999995,14.81,2.7569999999999997,70.0,0.18616,2858.18,40.831,766.27,0.03,-0.02,-0.007,0.0,-81.05,0.03,-0.02,-0.011,31.477,1.518,12.366,-2.698,2.635,0.379,4903.165,0.6582,0,0,0,0,,,drift_segment,2020-03-25_S02
2020-03-25_780,2020-03-25,780,779,3.7399999999999998,14.81,2.75,71.0,0.18569,2891.65,40.728,773.17,0.04,-0.02,-0.014,-0.00047,-33.26,0.01,0.0,-0.007,31.701,1.518,10.792,-1.349,2.149,1.495,4937.089,0.6345,0,0,0,0,,,drift_segment,2020-03-25_S02
2020-03-25_781,2020-03-25,781,780,3.6,14.81,2.7430000000000003,72.0,0.18521,2924.92,40.624,812.48,-0.1,-0.02,-0.021,-0.00095,0.0,-0.14,0.0,-0.007,28.554,1.518,9.218,0.0,1.664,2.604,4013.601,0.6695,0,0,0,0,,,drift_segment,2020-03-25_S02
2020-03-25_782,2020-03-25,782,781,3.6399999999999997,14.81,2.74,72.0,0.18501,2921.72,40.579,802.67,-0.06,-0.02,-0.024,-0.00115,-3.2,0.04,0.0,-0.003,29.453,1.518,8.544,0.0,1.456,2.497,4257.569,0.6504,0,0,0,0,,,drift_segment,2020-03-25_S02
2020-03-25_783,2020-03-25,783,782,3.6399999999999997,14.85,2.7489999999999997,72.0,0.18512,2939.23,40.823,807.48,-0.03,0.03,-0.015,-0.00104,13.27,0.0,0.04,0.009,29.453,2.192,10.567,0.0,1.566,3.081,4351.79,0.6546,0,0,0,0,,,drift_segment,2020-03-25_S02
2020-03-25_784,2020-03-25,784,783,3.6399999999999997,14.85,2.764,73.0,0.18613,2996.31,41.045,823.16,-0.01,0.03,0.004,0.0,70.36,0.0,0.0,0.015,29.453,2.192,13.94,1.349,2.604,4.983,4387.016,0.651,0,0,0,0,,,drift_segment,2020-03-25_S02
2020-03-25_785,2020-03-25,785,784,3.7299999999999995,14.840000000000002,2.7760000000000002,71.0,0.18706,2924.9,41.196,784.16,0.09,0.01,0.016,0.00095,-14.33,0.09,-0.01,0.012,31.477,2.024,16.638,-1.349,3.563,2.603,5018.924,0.6957,0,0,0,0,,,drift_segment,2020-03-25_S02
2020-03-25_786,2020-03-25,786,785,3.71,14.840000000000002,2.7769999999999997,71.0,0.18713,2925.96,41.211,788.67,0.07,0.01,0.017,0.00102,-13.27,-0.02,0.0,0.001,31.027,2.024,16.862,-1.349,3.633,2.638,4890.704,0.6405,0,0,0,0,,,drift_segment,2020-03-25_S02
2020-03-25_787,2020-03-25,787,786,3.65,14.820000000000002,2.7760000000000002,72.0,0.18731,2962.1,41.14,811.54,0.0,-0.02,0.016,0.00121,22.87,-0.06,-0.02,-0.001,29.678,1.686,16.638,0.0,3.823,3.843,4446.698,0.6311,0,0,0,0,,,drift_segment,2020-03-25_S02
2020-03-25_788,2020-03-25,788,787,3.6700000000000004,14.820000000000002,2.77,72.0,0.18691,2955.7,41.051,805.37,0.02,-0.02,0.01,0.0008,16.47,0.02,0.0,-0.006,30.128,1.686,15.289,0.0,3.407,3.63,4546.436,0.6278,0,0,0,0,,,drift_segment,2020-03-25_S02
2020-03-25_789,2020-03-25,789,788,3.6399999999999997,14.83,2.76,72.0,0.18611,2947.02,40.931,809.62,-0.01,0.0,0.0,0.0,8.86,-0.03,0.01,-0.01,29.453,1.855,13.04,0.0,2.585,3.34,4340.053,0.6171,0,0,0,0,,,drift_segment,2020-03-25_S02
2020-03-25_790,2020-03-25,790,789,3.59,14.83,2.7539999999999996,72.0,0.1857,2940.61,40.842,819.11,-0.06,0.0,-0.006,-0.0004,7.47,-0.05,0.0,-0.006,28.329,1.855,11.691,0.0,2.169,3.127,4014.217,0.6495,0,0,0,0,,,drift_segment,2020-03-25_S02
2020-03-25_791,2020-03-25,791,790,3.6700000000000004,14.85,2.748,72.0,0.18505,2938.16,40.808,800.59,0.02,0.02,-0.012,-0.00106,5.02,0.08,0.02,-0.006,30.128,2.192,10.342,0.0,1.497,3.045,4542.012,0.6571,0,0,0,0,,,drift_segment,2020-03-25_S02
2020-03-25_792,2020-03-25,792,791,3.65,14.85,2.74,72.0,0.18451,2929.61,40.689,802.63,0.0,0.02,-0.015,-0.00126,-3.53,-0.02,0.0,-0.008,29.678,2.192,8.544,0.0,0.944,2.76,4401.668,0.6226,0,0,0,0,,,drift_segment,2020-03-25_S02
2020-03-25_793,2020-03-25,793,792,3.65,14.83,2.747,72.0,0.18523,2933.14,40.738,803.6,0.0,0.0,-0.007,-0.00047,3.53,0.0,-0.02,0.007,29.678,1.855,10.117,0.0,1.684,2.878,4371.019,0.6062,0,0,0,0,,,drift_segment,2020-03-25_S02
2020-03-25_794,2020-03-25,794,793,3.69,14.83,2.755,71.0,0.18577,2900.82,40.857,786.13,0.05,0.0,0.001,7e-05,-28.79,0.04,0.0,0.008,30.577,1.855,11.916,-1.349,2.238,1.801,4658.067,0.6201,0,0,0,0,,,drift_segment,2020-03-25_S02
2020-03-25_795,2020-03-25,795,794,3.6399999999999997,14.820000000000002,2.763,71.0,0.18644,2907.28,40.948,798.7,0.0,-0.03,0.009,0.00082,-22.32,-0.05,-0.01,0.008,29.453,1.686,13.715,-1.349,2.922,2.016,4341.666,0.6376,0,0,0,0,,,drift_segment,2020-03-25_S02
2020-03-25_796,2020-03-25,796,795,3.63,14.820000000000002,2.766,71.0,0.18664,2910.44,40.992,801.77,-0.01,-0.03,0.011,0.00119,-19.17,-0.01,0.0,0.003,29.228,1.686,14.389,-1.349,3.129,2.121,4290.195,0.6092,0,0,0,0,,,drift_segment,2020-03-25_S02
2020-03-25_797,2020-03-25,797,796,3.37,14.85,2.748,71.0,0.18505,2897.35,40.808,859.75,-0.26,0.0,-0.007,-0.0004,-32.25,-0.26,0.03,-0.018,23.383,2.192,10.342,-1.349,1.497,1.685,2821.621,0.681,0,0,0,0,,,drift_segment,2020-03-25_S02
2020-03-25_798,2020-03-25,798,797,6.05,14.85,2.7539999999999996,71.0,0.18545,2903.68,40.897,479.95,2.68,0.0,-0.001,0.0,-12.29,2.68,0.0,0.006,83.638,2.192,11.691,-1.349,1.912,1.896,33392.637,0.6482,0,0,0,0,,,drift_segment,2020-03-25_S02
2020-03-25_799,2020-03-25,799,798,3.07,14.88,2.764,72.0,0.18575,2961.24,41.128,964.57,0.0,0.0,0.009,0.0003,45.26,-2.98,0.03,0.01,16.638,2.698,13.94,0.0,2.218,3.814,1608.034,0.6728,0,0,0,0,,,drift_segment,2020-03-25_S02
2020-03-25_800,2020-03-25,800,799,3.0100000000000002,14.88,2.762,73.0,0.18562,3000.19,41.099,996.74,0.0,0.0,0.007,0.00057,65.61,-0.06,0.0,-0.002,15.289,2.698,13.49,1.349,2.08,5.113,1386.812,0.6391,0,0,0,0,,,drift_segment,2020-03-25_S02
2020-03-25_801,2020-03-25,801,800,2.91,14.97,2.761,71.0,0.18444,2934.58,41.332,1008.45,-0.03,0.06,0.007,-0.00021,0.0,-0.1,0.09,-0.001,13.04,4.216,13.265,-1.349,0.865,2.926,1166.924,0.7006,0,0,0,0,,,drift_segment,2020-03-25_S02
2020-03-25_802,2020-03-25,802,801,2.88,14.97,2.755,72.0,0.18403,2969.45,41.242,1031.06,-0.03,0.06,0.001,-0.00061,15.63,-0.03,0.0,-0.006,12.366,4.216,11.916,0.0,0.454,4.088,1045.375,0.6567,0,0,0,0,,,drift_segment,2020-03-25_S02
2020-03-25_803,2020-03-25,803,802,2.94,14.94,2.7489999999999997,71.0,0.184,2915.97,41.07,991.83,0.03,0.01,-0.006,-0.00064,-45.26,0.06,-0.03,-0.006,13.715,3.71,10.567,-1.349,0.421,2.306,1178.532,0.6546,0,0,0,0,,,drift_segment,2020-03-25_S02
2020-03-25_804,2020-03-25,804,803,2.8899999999999997,14.94,2.7460000000000004,72.0,0.1838,2953.82,41.025,1022.08,-0.02,0.01,-0.011,-0.00063,-13.07,-0.05,0.0,-0.003,12.591,3.71,9.893,0.0,0.214,3.567,1010.751,0.6438,0,0,0,0,,,drift_segment,2020-03-25_S02
2020-03-25_805,2020-03-25,805,804,2.79,14.910000000000002,2.747,73.0,0.18424,2989.92,40.958,1071.65,-0.12,-0.03,-0.008,0.0,23.03,-0.1,-0.03,0.001,10.342,3.204,10.117,1.349,0.663,4.77,721.462,0.6854,0,0,0,0,,,drift_segment,2020-03-25_S02
2020-03-25_806,2020-03-25,806,805,2.8899999999999997,14.910000000000002,2.753,71.0,0.18464,2914.35,41.047,1008.43,-0.02,-0.03,0.0,0.00061,-39.46,0.1,0.0,0.006,12.591,3.204,11.466,-1.349,1.077,2.252,1012.506,0.6384,0,0,0,0,,,drift_segment,2020-03-25_S02
2020-03-25_807,2020-03-25,807,806,2.8600000000000003,14.930000000000001,2.76,72.0,0.18486,2966.89,41.207,1037.37,-0.08,-0.01,0.011,0.00086,13.07,-0.03,0.02,0.007,11.916,3.541,13.04,0.0,1.304,4.003,973.112,0.6739,0,0,0,0,,,drift_segment,2020-03-25_S02
2020-03-25_808,2020-03-25,808,807,3.1399999999999997,14.930000000000001,2.76,72.0,0.18486,2966.89,41.207,944.87,0.05,-0.01,0.013,0.00094,38.37,0.28,0.0,0.0,18.211,3.541,13.04,0.0,1.304,4.003,1923.243,0.6539,0,0,0,0,,,drift_segment,2020-03-25_S02
2020-03-25_809,2020-03-25,809,808,3.09,14.99,2.7569999999999997,72.0,0.18392,2975.57,41.327,962.97,-0.05,0.06,0.011,0.00012,47.05,-0.05,0.06,-0.003,17.087,4.553,12.366,0.0,0.338,4.292,1791.601,0.7043,0,0,0,0,,,drift_segment,2020-03-25_S02
2020-03-25_810,2020-03-25,810,809,3.2700000000000005,14.99,2.702,72.0,0.18025,2916.21,40.503,891.81,0.0,0.06,-0.045,-0.00367,-12.31,0.18,0.0,-0.055,21.134,4.553,0.0,0.0,-3.431,2.314,2532.977,0.699,0,0,0,0,,,drift_segment,2020-03-25_S02
2020-03-25_811,2020-03-25,811,810,8.18,15.070000000000002,2.699,72.0,0.1791,2928.52,40.674,358.01,3.05,0.13,-0.054,-0.00483,0.0,4.91,0.08,-0.003,131.527,5.902,-0.674,0.0,-4.618,2.724,84388.369,0.7446,0,0,0,0,,,drift_segment,2020-03-25_S02
2020-03-25_812,2020-03-25,812,811,8.91,15.070000000000002,2.6910000000000003,72.0,0.17857,2919.84,40.553,327.7,3.77,0.13,-0.066,-0.00536,-24.77,0.73,0.0,-0.008,147.94,5.902,-2.473,0.0,-5.163,2.434,106413.789,0.7484,0,0,0,0,,,drift_segment,2020-03-25_S02
2020-03-25_813,2020-03-25,813,812,6.2,14.930000000000001,2.713,72.0,0.18171,2916.37,40.505,470.38,1.06,-0.01,-0.044,-0.00221,-28.25,-2.71,-0.14,0.022,87.01,3.541,2.473,0.0,-1.93,2.319,36750.887,0.7182,0,0,0,0,,,drift_segment,2020-03-25_S02
2020-03-25_814,2020-03-25,814,813,6.0,14.930000000000001,2.7289999999999996,71.0,0.18279,2892.82,40.744,482.14,0.86,-0.01,-0.028,-0.00114,-51.79,-0.2,0.0,0.016,82.514,3.541,6.07,-1.349,-0.829,1.534,33048.818,0.6887,0,0,0,0,,,drift_segment,2020-03-25_S02
2020-03-25_815,2020-03-25,815,814,5.91,14.94,2.7760000000000002,71.0,0.18581,2944.61,41.473,498.24,0.77,0.0,0.0,0.0,0.0,-0.09,0.01,0.047,80.49,3.71,16.638,-1.349,2.277,3.26,31410.08,0.6831,0,0,0,0,,,drift_segment,2020-03-25_S02
2020-03-25_816,2020-03-25,816,815,5.13,14.94,2.818,72.0,0.18862,3031.27,42.101,590.89,-0.01,0.0,0.0,0.0,24.62,-0.78,0.0,0.042,62.953,3.71,26.081,0.0,5.165,6.148,19592.22,0.6634,0,0,0,0,,,drift_segment,2020-03-25_S02
2020-03-25_817,2020-03-25,817,816,5.14,14.889999999999999,2.844,71.0,0.191,3006.65,42.347,584.95,0.0,-0.04,0.006,0.0001,-3.22,0.01,-0.05,0.026,63.178,2.867,31.926,-1.349,7.609,5.328,19727.864,0.6689,0,0,0,0,,,drift_segment,2020-03-25_S02
2020-03-25_818,2020-03-25,818,817,5.14,14.889999999999999,2.8569999999999998,73.0,0.19187,3105.47,42.541,604.18,0.01,-0.04,0.019,0.00087,95.6,0.0,0.0,0.013,63.178,2.867,34.849,1.349,8.506,8.622,19807.497,0.6681,0,0,0,0,,,drift_segment,2020-03-25_S02
2020-03-25_819,2020-03-25,819,818,5.09,14.950000000000001,2.861,72.0,0.19137,3079.58,42.772,605.03,0.0,0.06,0.023,0.0,69.71,-0.05,0.06,0.004,62.054,3.878,35.748,0.0,7.99,7.759,19459.242,0.689,0,0,0,0,,,drift_segment,2020-03-25_S02
2020-03-25_820,2020-03-25,820,819,4.07,14.950000000000001,2.8539999999999996,72.0,0.1909,3072.05,42.667,754.8,-0.52,0.06,0.016,-0.00047,62.18,-1.02,0.0,-0.007,39.121,3.878,34.175,0.0,7.509,7.507,8466.923,0.7135,0,0,0,0,,,drift_segment,2020-03-25_S02
2020-03-25_821,2020-03-25,821,820,4.51,14.74,2.847,72.0,0.19315,3021.46,41.965,669.95,-0.05,0.0,0.009,0.00178,11.59,0.44,-0.21,-0.007,49.014,0.337,32.601,0.0,9.815,5.822,11815.001,0.6945,0,0,0,0,,,drift_segment,2020-03-25_S02
2020-03-25_822,2020-03-25,822,821,4.59,14.729999999999999,2.838,72.0,0.19267,3009.87,41.804,655.74,0.04,0.0,0.0,0.0013,3.22,0.08,-0.01,-0.009,50.812,0.169,30.577,0.0,9.322,5.435,12516.095,0.6529,0,0,0,0,,,drift_segment,2020-03-25_S02
2020-03-25_823,2020-03-25,823,822,4.5600000000000005,14.729999999999999,2.83,72.0,0.19212,3001.38,41.686,658.2,0.01,0.0,0.0,0.00075,0.0,-0.03,0.0,-0.008,50.138,0.169,28.779,0.0,8.764,5.152,12132.722,0.6025,0,0,0,0,,,drift_segment,2020-03-25_S02
2020-03-25_824,2020-03-25,824,823,4.5200000000000005,14.729999999999999,2.82,72.0,0.19145,2990.78,41.539,661.68,-0.03,0.0,0.0,0.00054,0.0,-0.04,0.0,-0.01,49.238,0.169,26.53,0.0,8.067,4.799,11641.988,0.6331,0,0,0,0,,,drift_segment,2020-03-25_S02
2020-03-25_825,2020-03-25,825,824,4.5,14.729999999999999,2.81,72.0,0.19077,2980.17,41.391,662.26,-0.05,0.0,0.0,0.0,0.0,-0.02,0.0,-0.01,48.789,0.169,24.282,0.0,7.369,4.445,11368.612,0.6315,0,0,0,0,,,drift_segment,2020-03-25_S02
2020-03-25_826,2020-03-25,826,825,4.49,14.72,2.802,72.0,0.19035,2969.67,41.245,661.4,-0.07,-0.01,0.0,0.0,0.0,-0.01,-0.01,-0.008,48.564,0.0,22.483,0.0,6.944,4.095,11186.997,0.6298,0,0,0,0,,,drift_segment,2020-03-25_S02
2020-03-25_827,2020-03-25,827,826,4.55,14.72,2.7910000000000004,72.0,0.18961,2958.01,41.084,650.11,-0.04,-0.01,0.0,0.0,0.0,0.06,0.0,-0.011,49.913,0.0,20.01,0.0,6.177,3.707,11743.35,0.651,0,0,0,0,,,drift_segment,2020-03-25_S02
2020-03-25_828,2020-03-25,828,827,5.14,14.709999999999999,2.782,71.0,0.18912,2905.55,40.923,565.28,0.29,-0.02,0.0,0.0,-26.9,0.59,-0.01,-0.009,63.178,-0.169,17.987,-1.349,5.68,1.958,18641.222,0.6678,0,0,0,0,,,drift_segment,2020-03-25_S02
2020-03-25_829,2020-03-25,829,828,5.0200000000000005,14.709999999999999,2.7739999999999996,71.0,0.18858,2897.19,40.806,577.13,0.15,-0.02,0.0,0.0,-26.77,-0.12,0.0,-0.008,60.48,-0.169,16.188,-1.349,5.122,1.68,17077.748,0.6489,0,0,0,0,,,drift_segment,2020-03-25_S02
2020-03-25_830,2020-03-25,830,829,4.87,14.729999999999999,2.765,72.0,0.18771,2932.45,40.728,602.15,-0.15,0.0,0.0,0.0,14.99,-0.15,0.02,-0.009,57.108,0.169,14.164,0.0,4.231,2.855,15276.583,0.6638,0,0,0,0,,,drift_segment,2020-03-25_S02
2020-03-25_831,2020-03-25,831,830,4.85,14.729999999999999,2.7569999999999997,72.0,0.18717,2923.96,40.611,602.88,-0.29,0.0,-0.004,-0.00053,6.51,-0.02,0.0,-0.008,56.658,0.169,12.366,0.0,3.673,2.572,15032.944,0.6439,0,0,0,0,,,drift_segment,2020-03-25_S02
2020-03-25_832,2020-03-25,832,831,5.15,14.729999999999999,2.7489999999999997,71.0,0.18663,2874.99,40.493,558.25,0.0,0.0,-0.012,-0.00107,-30.95,0.3,0.0,-0.008,63.403,0.169,10.567,-1.349,3.115,0.939,18838.797,0.6269,0,0,0,0,,,drift_segment,2020-03-25_S02
2020-03-25_833,2020-03-25,833,832,5.37,14.729999999999999,2.74,72.0,0.18601,2905.93,40.36,541.14,0.0,0.0,-0.021,-0.00156,0.39,0.22,0.0,-0.009,68.349,0.169,8.544,0.0,2.488,1.971,21877.499,0.6302,0,0,0,0,,,drift_segment,2020-03-25_S02
2020-03-25_834,2020-03-25,834,833,5.45,14.74,2.7489999999999997,72.0,0.1865,2917.46,40.52,535.31,0.0,0.01,-0.008,-0.00067,11.52,0.08,0.01,0.009,70.148,0.337,10.567,0.0,2.985,2.355,23067.573,0.642,0,0,0,0,,,drift_segment,2020-03-25_S02
2020-03-25_835,2020-03-25,835,834,7.470000000000001,14.74,2.7569999999999997,71.0,0.18704,2885.31,40.638,386.25,1.59,0.01,0.0,0.0,-26.07,2.02,0.0,0.008,115.564,0.337,12.366,-1.349,3.543,1.284,62525.747,0.6433,0,0,0,0,,,drift_segment,2020-03-25_S02
2020-03-25_836,2020-03-25,836,835,7.42,14.709999999999999,2.761,72.0,0.1877,2924.23,40.614,394.1,0.0,-0.02,0.006,0.00066,12.85,-0.05,-0.03,0.004,114.44,-0.169,13.265,0.0,4.214,2.581,61029.32,0.632,0,0,0,0,,,drift_segment,2020-03-25_S02
2020-03-25_837,2020-03-25,837,836,7.42,14.709999999999999,2.762,70.0,0.18776,2844.03,40.629,383.29,0.0,-0.02,0.01,0.00073,-67.35,0.0,0.0,0.001,114.44,-0.169,13.49,-2.698,4.284,-0.092,61115.068,0.58,0,0,0,0,,,drift_segment,2020-03-25_S02
2020-03-25_838,2020-03-25,838,837,8.17,14.729999999999999,2.763,71.0,0.18758,2889.63,40.699,353.69,0.7,0.01,0.008,0.00053,-21.75,0.75,0.02,0.001,131.303,0.169,13.715,-1.349,4.092,1.427,80580.394,0.6493,0,0,0,0,,,drift_segment,2020-03-25_S02
2020-03-25_839,2020-03-25,839,838,5.88,14.729999999999999,2.755,72.0,0.18703,2921.84,40.581,496.91,-2.29,0.01,-0.002,-5e-05,10.46,-2.29,0.0,-0.008,79.816,0.169,11.916,0.0,3.534,2.501,29780.866,0.6683,0,0,0,0,,,drift_segment,2020-03-25_S02
2020-03-25_840,2020-03-25,840,839,9.14,14.72,2.747,72.0,0.18662,2911.38,40.436,318.53,0.76,0.0,-0.012,-0.00082,0.0,3.26,-0.01,-0.008,153.111,0.0,10.117,0.0,3.106,2.152,109574.044,0.6813,0,0,0,0,,,drift_segment,2020-03-25_S02
2020-03-25_841,2020-03-25,841,840,9.27,14.72,2.747,72.0,0.18662,2911.38,40.436,314.06,0.89,0.0,-0.012,-0.00082,0.0,0.13,0.0,0.0,156.034,0.0,10.117,0.0,3.106,2.152,113801.433,0.6493,0,0,0,0,,,drift_segment,2020-03-25_S02
2020-03-25_842,2020-03-25,842,841,8.43,14.709999999999999,2.752,73.0,0.18708,2955.18,40.482,350.56,0.05,-0.02,-0.005,0.0,43.8,-0.84,-0.01,0.005,137.148,-0.169,11.242,1.349,3.585,3.612,87722.398,0.6823,0,0,0,0,,,drift_segment,2020-03-25_S02
2020-03-25_843,2020-03-25,843,842,8.41,14.709999999999999,2.759,71.0,0.18756,2881.53,40.585,342.63,0.03,-0.02,0.004,0.00052,-33.81,-0.02,0.0,0.007,136.699,-0.169,12.815,-1.349,4.074,1.157,87191.357,0.6003,0,0,0,0,,,drift_segment,2020-03-25_S02
2020-03-25_844,2020-03-25,844,843,8.4,14.729999999999999,2.764,71.0,0.18764,2890.67,40.714,344.13,0.02,0.0,0.012,0.00061,-24.66,-0.01,0.02,0.005,136.474,0.169,13.94,-1.349,4.161,1.462,87047.498,0.5964,0,0,0,0,,,drift_segment,2020-03-25_S02
2020-03-25_845,2020-03-25,845,844,8.379999999999999,14.729999999999999,2.761,72.0,0.18744,2928.21,40.67,349.43,0.0,0.0,0.009,0.00048,12.87,-0.02,0.0,-0.003,136.024,0.169,13.265,0.0,3.952,2.713,86444.21,0.5932,0,0,0,0,,,drift_segment,2020-03-25_S02
2020-03-25_846,2020-03-25,846,845,7.56,14.74,2.7569999999999997,72.0,0.18704,2925.95,40.638,387.03,0.0,0.01,0.003,0.0,5.31,-0.82,0.01,-0.004,117.588,0.337,12.366,0.0,3.543,2.638,64689.043,0.6143,0,0,0,0,,,drift_segment,2020-03-25_S02
2020-03-25_847,2020-03-25,847,846,7.56,14.74,2.752,72.0,0.1867,2920.64,40.564,386.33,0.0,0.01,-0.005,-0.00038,0.0,0.0,0.0,-0.005,117.588,0.337,11.242,0.0,3.194,2.461,64718.226,0.5828,0,0,0,0,,,drift_segment,2020-03-25_S02
2020-03-25_848,2020-03-25,848,847,7.540000000000001,14.74,2.747,72.0,0.18636,2915.34,40.491,386.65,0.0,0.0,-0.012,-0.00108,0.0,-0.02,0.0,-0.005,117.138,0.337,10.117,0.0,2.846,2.284,64255.918,0.5957,0,0,0,0,,,drift_segment,2020-03-25_S02
2020-03-25_849,2020-03-25,849,848,7.18,14.74,2.745,72.0,0.18623,2913.21,40.461,405.74,0.0,0.0,-0.013,-0.00081,-2.12,-0.36,0.0,-0.002,109.044,0.337,9.668,0.0,2.707,2.214,55698.09,0.6127,0,0,0,0,,,drift_segment,2020-03-25_S02
2020-03-25_850,2020-03-25,850,849,6.8,14.729999999999999,2.7539999999999996,72.0,0.18697,2920.78,40.566,429.53,-0.02,-0.01,-0.003,0.0,5.45,-0.38,-0.01,0.009,100.5,0.169,11.691,0.0,3.464,2.466,47208.982,0.6495,0,0,0,0,,,drift_segment,2020-03-25_S02
2020-03-25_851,2020-03-25,851,850,6.82,14.729999999999999,2.761,72.0,0.18744,2928.21,40.67,429.36,0.02,-0.01,0.007,0.00071,14.99,0.02,0.0,0.007,100.95,0.169,13.265,0.0,3.952,2.713,47604.893,0.6266,0,0,0,0,,,drift_segment,2020-03-25_S02
2020-03-25_852,2020-03-25,852,851,6.779999999999999,14.74,2.765,71.0,0.18758,2893.68,40.756,426.8,0.0,0.0,0.012,0.00088,-19.53,-0.04,0.01,0.004,100.051,0.337,14.164,-1.349,4.1,1.563,46850.344,0.5995,0,0,0,0,,,drift_segment,2020-03-25_S02
2020-03-25_853,2020-03-25,853,852,6.16,14.74,2.763,71.0,0.18745,2891.59,40.727,469.41,0.0,0.0,0.01,0.00072,-21.62,-0.62,0.0,-0.002,86.111,0.337,13.715,-1.349,3.961,1.493,34729.028,0.6043,0,0,0,0,,,drift_segment,2020-03-25_S02
2020-03-25_854,2020-03-25,854,853,5.9,14.770000000000001,2.758,71.0,0.18673,2892.23,40.736,490.21,0.0,0.03,0.004,-0.00017,-1.45,-0.26,0.03,-0.005,80.265,0.843,12.591,-1.349,3.222,1.514,30351.136,0.6191,0,0,0,0,,,drift_segment,2020-03-25_S02
2020-03-25_855,2020-03-25,855,854,5.79,14.770000000000001,2.753,71.0,0.18639,2886.99,40.662,498.62,0.0,0.03,-0.004,-0.00057,-6.69,-0.11,0.0,-0.005,77.792,0.843,11.466,-1.349,2.874,1.339,28528.881,0.6113,0,0,0,0,,,drift_segment,2020-03-25_S02
2020-03-25_856,2020-03-25,856,855,4.86,14.74,2.747,71.0,0.18636,2874.85,40.491,591.53,-0.17,0.0,-0.011,-0.00076,-17.39,-0.93,-0.03,-0.006,56.883,0.337,10.117,-1.349,2.846,0.935,15213.532,0.6648,0,0,0,0,,,drift_segment,2020-03-25_S02
2020-03-25_857,2020-03-25,857,856,4.95,14.74,2.748,72.0,0.18643,2916.4,40.506,589.17,-0.08,0.0,-0.009,-0.00047,24.17,0.09,0.0,0.001,58.906,0.337,10.342,0.0,2.916,2.32,16286.207,0.6544,0,0,0,0,,,drift_segment,2020-03-25_S02
2020-03-25_858,2020-03-25,858,857,4.96,14.729999999999999,2.753,73.0,0.1869,2960.27,40.552,596.83,-0.07,-0.02,-0.002,0.00017,68.04,0.01,-0.01,0.005,59.131,0.169,11.466,1.349,3.394,3.782,16350.817,0.6472,0,0,0,0,,,drift_segment,2020-03-25_S02
2020-03-25_859,2020-03-25,859,858,5.01,14.729999999999999,2.7569999999999997,71.0,0.18717,2883.35,40.611,575.52,-0.02,-0.02,0.004,0.00052,-8.88,0.05,0.0,0.004,60.255,0.169,12.366,-1.349,3.673,1.218,17016.345,0.6012,0,0,0,0,,,drift_segment,2020-03-25_S02
2020-03-25_860,2020-03-25,860,859,4.96,14.750000000000002,2.763,72.0,0.18732,2934.31,40.754,591.59,-0.07,0.0,0.01,0.00089,17.91,-0.05,0.02,0.006,59.131,0.506,13.715,0.0,3.83,2.917,16447.14,0.6625,0,0,0,0,,,drift_segment,2020-03-25_S02
2020-03-25_861,2020-03-25,861,860,5.029999999999999,14.750000000000002,2.76,71.0,0.18712,2890.41,40.71,574.63,0.0,0.0,0.009,0.00061,-31.15,0.07,0.0,-0.003,60.705,0.506,13.04,-1.349,3.621,1.453,17349.578,0.5998,0,0,0,0,,,drift_segment,2020-03-25_S02
2020-03-25_862,2020-03-25,862,861,7.24,14.76,2.755,72.0,0.18665,2927.79,40.664,404.39,0.3,0.01,0.002,0.0,2.42,2.21,0.01,-0.005,110.393,0.674,11.916,0.0,3.143,2.699,57172.043,0.6629,0,0,0,0,,,drift_segment,2020-03-25_S02
2020-03-25_863,2020-03-25,863,862,7.17,14.76,2.75,73.0,0.18631,2963.07,40.59,413.26,0.0,0.01,-0.005,-0.00034,37.69,-0.07,0.0,-0.005,108.819,0.674,10.792,1.349,2.795,3.875,55546.428,0.6416,0,0,0,0,,,drift_segment,2020-03-25_S02
2020-03-25_864,2020-03-25,864,863,6.94,14.78,2.75,71.0,0.18606,2885.79,40.645,415.82,-0.3,0.02,-0.006,-0.00045,-39.58,-0.23,0.02,0.0,103.648,1.012,10.792,-1.349,2.536,1.3,50609.247,0.6493,0,0,0,0,,,drift_segment,2020-03-25_S02
2020-03-25_865,2020-03-25,865,864,7.92,14.78,2.7489999999999997,72.0,0.18599,2925.38,40.63,369.37,0.0,0.02,-0.006,-0.00032,-1.5,0.98,0.0,-0.001,125.682,1.012,10.567,0.0,2.467,2.619,74281.977,0.6235,0,0,0,0,,,drift_segment,2020-03-25_S02
2020-03-25_866,2020-03-25,866,865,8.92,14.750000000000002,2.7510000000000003,72.0,0.18651,2921.56,40.577,327.53,1.0,-0.03,-0.002,0.00045,-3.81,1.0,-0.03,0.002,148.165,0.506,11.017,0.0,2.995,2.492,102854.887,0.669,0,0,0,0,,,drift_segment,2020-03-25_S02
2020-03-25_867,2020-03-25,867,866,8.379999999999999,14.750000000000002,2.7560000000000002,72.0,0.18685,2926.87,40.651,349.27,0.46,-0.03,0.005,0.00083,0.73,-0.54,0.0,0.005,136.024,0.506,12.141,0.0,3.343,2.669,86657.569,0.6722,0,0,0,0,,,drift_segment,2020-03-25_S02
2020-03-25_868,2020-03-25,868,867,8.32,14.83,2.758,71.0,0.18597,2903.98,40.901,349.04,0.4,0.03,0.008,-2e-05,-21.39,-0.06,0.08,0.002,134.675,1.855,12.591,-1.349,2.446,1.906,85689.699,0.6791,0,0,0,0,,,drift_segment,2020-03-25_S02
2020-03-25_869,2020-03-25,869,868,8.1,14.83,2.7569999999999997,72.0,0.18591,2943.81,40.886,363.43,0.18,0.03,0.006,-9e-05,22.25,-0.22,0.0,-0.001,129.729,1.855,12.366,0.0,2.377,3.233,79499.146,0.6631,0,0,0,0,,,drift_segment,2020-03-25_S02
2020-03-25_870,2020-03-25,870,869,8.120000000000001,14.799999999999999,2.753,72.0,0.18601,2933.6,40.744,361.28,0.2,0.0,0.0,2e-05,8.22,0.02,-0.03,-0.004,130.178,1.349,11.466,0.0,2.486,2.893,79820.154,0.6331,0,0,0,0,,,drift_segment,2020-03-25_S02
2020-03-25_871,2020-03-25,871,870,7.9,14.799999999999999,2.75,71.0,0.18581,2889.7,40.7,365.78,-0.03,0.0,-0.005,-0.0002,-36.44,-0.22,0.0,-0.003,125.232,1.349,10.792,-1.349,2.278,1.43,73956.679,0.6272,0,0,0,0,,,drift_segment,2020-03-25_S02
2020-03-25_872,2020-03-25,872,871,7.909999999999999,14.799999999999999,2.7460000000000004,72.0,0.18554,2926.14,40.641,369.93,-0.02,0.0,-0.01,-0.00047,-0.73,0.01,0.0,-0.004,125.457,1.349,9.893,0.0,2.0,2.644,74203.602,0.6129,0,0,0,0,,,drift_segment,2020-03-25_S02
2020-03-25_873,2020-03-25,873,872,7.92,14.799999999999999,2.747,70.0,0.18561,2845.89,40.656,359.33,-0.01,0.0,-0.008,-0.00041,-87.7,0.01,0.0,0.001,125.682,1.349,10.117,-2.698,2.07,-0.03,74560.545,0.5894,0,0,0,0,,,drift_segment,2020-03-25_S02
2020-03-25_874,2020-03-25,874,873,7.909999999999999,14.799999999999999,2.755,71.0,0.18615,2894.95,40.774,365.99,-0.01,0.0,0.0,0.00014,-38.64,-0.01,0.0,0.008,125.457,1.349,11.916,-1.349,2.625,1.605,74187.3,0.5796,0,0,0,0,,,drift_segment,2020-03-25_S02
2020-03-25_875,2020-03-25,875,874,7.909999999999999,14.799999999999999,2.762,72.0,0.18662,2943.19,40.878,372.08,-0.01,0.0,0.009,0.00061,17.05,0.0,0.0,0.007,125.457,1.349,13.49,0.0,3.111,3.213,74096.953,0.6175,0,0,0,0,,,drift_segment,2020-03-25_S02
2020-03-25_876,2020-03-25,876,875,7.93,14.81,2.763,72.0,0.18656,2946.24,40.92,371.53,0.02,0.01,0.01,0.00055,22.99,0.02,0.01,0.001,125.907,1.518,13.715,0.0,3.051,3.314,74704.003,0.609,0,0,0,0,,,drift_segment,2020-03-25_S02
2020-03-25_877,2020-03-25,877,876,7.95,14.81,2.762,72.0,0.1865,2945.18,40.905,370.46,0.04,0.01,0.009,0.00048,19.04,0.02,0.0,-0.001,126.356,1.518,13.49,0.0,2.981,3.279,75242.291,0.6219,0,0,0,0,,,drift_segment,2020-03-25_S02
2020-03-25_878,2020-03-25,878,877,7.93,14.799999999999999,2.755,73.0,0.18615,2976.5,40.774,375.35,0.02,0.0,0.002,0.00014,45.19,-0.02,-0.01,-0.007,125.907,1.349,11.916,1.349,2.625,4.323,74628.697,0.6322,0,0,0,0,,,drift_segment,2020-03-25_S02
2020-03-25_879,2020-03-25,879,878,7.92,14.799999999999999,2.753,71.0,0.18601,2892.85,40.744,365.26,0.01,0.0,-0.002,0.0,-42.73,-0.01,0.0,-0.002,125.682,1.349,11.466,-1.349,2.486,1.535,74465.823,0.5592,0,0,0,0,,,drift_segment,2020-03-25_S02
2020-03-25_880,2020-03-25,880,879,7.909999999999999,14.78,2.7489999999999997,71.0,0.18599,2884.75,40.63,364.7,0.0,-0.03,-0.006,0.0,-58.44,-0.01,-0.02,-0.004,125.457,1.012,10.567,-1.349,2.467,1.265,74064.092,0.597,0,0,0,0,,,drift_segment,2020-03-25_S02
2020-03-25_881,2020-03-25,881,880,7.890000000000001,14.78,2.747,72.0,0.18586,2923.25,40.601,370.5,-0.03,-0.03,-0.008,-0.00012,-21.63,-0.02,0.0,-0.002,125.007,1.012,10.117,0.0,2.328,2.548,73503.217,0.6318,0,0,0,0,,,drift_segment,2020-03-25_S02
2020-03-25_882,2020-03-25,882,881,7.909999999999999,14.81,2.7489999999999997,72.0,0.18562,2931.31,40.713,370.58,0.0,0.0,-0.005,-0.00036,-9.3,0.02,0.03,0.002,125.457,1.518,10.567,0.0,2.08,2.817,74263.926,0.5991,0,0,0,0,,,drift_segment,2020-03-25_S02
2020-03-25_883,2020-03-25,883,882,7.9,14.81,2.753,72.0,0.18589,2935.58,40.772,371.59,-0.01,0.0,0.0,-3e-05,0.0,-0.01,0.0,0.004,125.232,1.518,11.466,0.0,2.357,2.959,73971.23,0.5807,0,0,0,0,,,drift_segment,2020-03-25_S02
2020-03-25_884,2020-03-25,884,883,7.9,14.840000000000002,2.76,72.0,0.18598,2949.0,40.958,373.29,-0.01,0.03,0.007,0.0001,17.69,0.0,0.03,0.007,125.232,2.024,13.04,0.0,2.456,3.406,74173.485,0.6383,0,0,0,0,,,drift_segment,2020-03-25_S02
2020-03-25_885,2020-03-25,885,884,7.93,14.840000000000002,2.759,72.0,0.18592,2947.94,40.944,371.74,0.02,0.03,0.006,3e-05,16.62,0.03,0.0,-0.001,125.907,2.024,12.815,0.0,2.387,3.371,74976.22,0.6236,0,0,0,0,,,drift_segment,2020-03-25_S02
2020-03-25_886,2020-03-25,886,885,7.94,14.83,2.758,72.0,0.18597,2944.88,40.901,370.89,0.03,0.02,0.005,9e-05,13.57,0.01,-0.01,-0.001,126.131,1.855,12.591,0.0,2.446,3.269,75166.005,0.6106,0,0,0,0,,,drift_segment,2020-03-25_S02
2020-03-25_887,2020-03-25,887,886,7.909999999999999,14.83,2.7539999999999996,72.0,0.1857,2940.61,40.842,371.76,0.0,0.02,0.001,-0.00018,9.3,-0.03,0.0,-0.004,125.457,1.855,11.691,0.0,2.169,3.127,74394.177,0.5932,0,0,0,0,,,drift_segment,2020-03-25_S02
2020-03-25_888,2020-03-25,888,887,7.92,14.81,2.753,71.0,0.18589,2894.81,40.772,365.51,0.01,-0.02,-0.001,0.0,-40.77,0.01,-0.02,-0.001,125.682,1.518,11.466,-1.349,2.357,1.6,74548.317,0.5663,0,0,0,0,,,drift_segment,2020-03-25_S02
2020-03-25_889,2020-03-25,889,888,7.9,14.81,2.747,71.0,0.18548,2888.5,40.683,365.63,-0.01,-0.02,-0.011,-0.00041,-52.11,-0.02,0.0,-0.006,125.232,1.518,10.117,-1.349,1.941,1.39,74060.577,0.6074,0,0,0,0,,,drift_segment,2020-03-25_S02
2020-03-25_890,2020-03-25,890,889,7.890000000000001,14.81,2.747,71.0,0.18548,2888.5,40.683,366.1,-0.03,-0.02,-0.007,-0.00037,-20.45,-0.01,0.0,0.0,125.007,1.518,10.117,-1.349,1.941,1.39,73796.072,0.5937,0,0,0,0,,,drift_segment,2020-03-25_S02
2020-03-25_891,2020-03-25,891,890,7.909999999999999,14.81,2.753,71.0,0.18589,2894.81,40.772,365.97,0.0,-0.02,0.0,0.0001,-14.14,0.02,0.0,0.006,125.457,1.518,11.466,-1.349,2.357,1.6,74282.993,0.576,0,0,0,0,,,drift_segment,2020-03-25_S02
2020-03-25_892,2020-03-25,892,891,7.909999999999999,14.85,2.759,71.0,0.18579,2908.95,40.971,367.76,0.0,0.03,0.006,9e-05,8.28,0.0,0.04,0.006,125.457,2.192,12.815,-1.349,2.258,2.071,74574.249,0.6203,0,0,0,0,,,drift_segment,2020-03-25_S02
2020-03-25_893,2020-03-25,893,892,7.92,14.85,2.762,72.0,0.18599,2953.13,41.016,372.87,0.01,0.03,0.009,0.00048,52.46,0.01,0.0,0.003,125.682,2.192,13.49,0.0,2.465,3.544,74774.884,0.6159,0,0,0,0,,,drift_segment,2020-03-25_S02
2020-03-25_894,2020-03-25,894,893,7.92,14.840000000000002,2.758,73.0,0.18585,2987.8,40.929,377.25,0.01,0.01,0.005,0.00034,78.84,0.0,-0.01,-0.004,125.682,2.024,12.591,1.349,2.317,4.699,74674.299,0.6185,0,0,0,0,,,drift_segment,2020-03-25_S02
2020-03-25_895,2020-03-25,895,894,7.93,14.840000000000002,2.753,71.0,0.18551,2900.67,40.855,365.78,0.02,0.01,0.0,-0.00028,-9.34,0.01,0.0,-0.005,125.907,2.024,11.466,-1.349,1.971,1.795,75062.49,0.5784,0,0,0,0,,,drift_segment,2020-03-25_S02
2020-03-25_896,2020-03-25,896,895,7.909999999999999,14.820000000000002,2.747,72.0,0.18536,2931.16,40.711,370.56,0.0,-0.02,-0.01,-0.00049,0.0,-0.02,-0.02,-0.006,125.457,1.686,10.117,0.0,1.812,2.812,74360.954,0.6204,0,0,0,0,,,drift_segment,2020-03-25_S02
2020-03-25_897,2020-03-25,897,896,7.909999999999999,14.820000000000002,2.747,71.0,0.18536,2890.45,40.711,365.42,0.0,-0.02,-0.011,-0.00049,-43.76,0.0,0.0,0.0,125.457,1.686,10.117,-1.349,1.812,1.455,74408.001,0.5734,0,0,0,0,,,drift_segment,2020-03-25_S02
2020-03-25_898,2020-03-25,898,897,7.909999999999999,14.83,2.748,72.0,0.1853,2934.2,40.753,370.95,-0.01,0.0,-0.009,-0.00055,-4.27,0.0,0.01,0.001,125.457,1.855,10.342,0.0,1.753,2.913,74436.113,0.5928,0,0,0,0,,,drift_segment,2020-03-25_S02
2020-03-25_899,2020-03-25,899,898,7.9,14.83,2.7569999999999997,73.0,0.18591,2984.7,40.886,377.81,-0.01,0.0,0.004,0.00034,50.34,-0.01,0.0,0.009,125.232,1.855,12.366,1.349,2.377,4.596,74067.681,0.6385,0,0,0,0,,,drift_segment,2020-03-25_S02
2020-03-25_900,2020-03-25,900,899,7.93,14.85,2.76,71.0,0.18586,2910.01,40.986,366.96,0.02,0.02,0.008,0.0003,-24.2,0.03,0.02,0.003,125.907,2.192,13.04,-1.349,2.327,2.107,75100.121,0.6273,0,0,0,0,,,drift_segment,2020-03-25_S02
2020-03-25_901,2020-03-25,901,900,7.909999999999999,14.85,2.763,72.0,0.18606,2954.2,41.031,373.48,0.0,0.02,0.013,0.0005,19.84,-0.02,0.0,0.003,125.457,2.192,13.715,0.0,2.535,3.58,74503.456,0.6156,0,0,0,0,,,drift_segment,2020-03-25_S02
2020-03-25_902,2020-03-25,902,901,7.93,14.83,2.76,72.0,0.18611,2947.02,40.931,371.63,0.02,0.0,0.008,0.00055,10.99,0.02,-0.02,-0.003,125.907,1.855,13.04,0.0,2.585,3.34,74887.236,0.6197,0,0,0,0,,,drift_segment,2020-03-25_S02
2020-03-25_903,2020-03-25,903,902,7.94,14.83,2.752,72.0,0.18557,2938.48,40.812,370.09,0.03,0.0,0.0,1e-05,2.45,0.01,0.0,-0.008,126.131,1.855,11.242,0.0,2.03,3.056,75205.825,0.5943,0,0,0,0,,,drift_segment,2020-03-25_S02
2020-03-25_904,2020-03-25,904,903,7.9,14.820000000000002,2.75,72.0,0.18556,2934.36,40.755,371.44,-0.01,-0.03,-0.007,-1e-05,-1.66,-0.04,-0.01,-0.002,125.232,1.686,10.792,0.0,2.02,2.918,74074.236,0.6296,0,0,0,0,,,drift_segment,2020-03-25_S02
2020-03-25_905,2020-03-25,905,904,7.9,14.820000000000002,2.745,72.0,0.18522,2929.02,40.681,370.76,-0.01,-0.03,-0.012,-0.00034,-7.0,0.0,0.0,-0.005,125.232,1.686,9.668,0.0,1.674,2.741,74110.882,0.612,0,0,0,0,,,drift_segment,2020-03-25_S02
2020-03-25_906,2020-03-25,906,905,7.890000000000001,14.85,2.7460000000000004,72.0,0.18492,2936.02,40.778,372.12,-0.02,0.0,-0.011,-0.0004,0.0,-0.01,0.03,0.001,125.007,2.192,9.893,0.0,1.359,2.974,74085.654,0.6192,0,0,0,0,,,drift_segment,2020-03-25_S02
2020-03-25_907,2020-03-25,907,906,7.890000000000001,14.85,2.752,72.0,0.18532,2942.44,40.867,372.93,-0.02,0.0,0.0,4e-05,6.42,0.0,0.0,0.006,125.007,2.192,11.242,0.0,1.774,3.188,74042.683,0.5896,0,0,0,0,,,drift_segment,2020-03-25_S02
2020-03-25_908,2020-03-25,908,907,7.909999999999999,14.88,2.7569999999999997,71.0,0.18528,2912.72,41.024,368.23,0.01,0.0,0.005,6e-05,-23.31,0.02,0.03,0.005,125.457,2.698,12.366,-1.349,1.735,2.197,74835.16,0.6037,0,0,0,0,,,drift_segment,2020-03-25_S02
2020-03-25_909,2020-03-25,909,908,7.93,14.88,2.762,71.0,0.18562,2918.0,41.099,367.97,0.03,0.0,0.01,0.0007,-18.03,0.02,0.0,0.005,125.907,2.698,13.49,-1.349,2.08,2.373,75337.302,0.6209,0,0,0,0,,,drift_segment,2020-03-25_S02
2020-03-25_910,2020-03-25,910,909,7.909999999999999,14.97,2.76,72.0,0.18437,2974.84,41.317,376.09,0.01,0.06,0.008,-0.0,34.47,-0.02,0.09,-0.002,125.457,4.216,13.04,0.0,0.797,4.267,75518.487,0.6797,0,0,0,0,,,drift_segment,2020-03-25_S02
2020-03-25_911,2020-03-25,911,910,7.92,14.97,2.7569999999999997,71.0,0.18417,2930.33,41.272,369.99,0.02,0.06,0.005,-0.0002,-12.11,0.01,0.0,-0.003,125.682,4.216,12.366,-1.349,0.591,2.784,75851.92,0.6404,0,0,0,0,,,drift_segment,2020-03-25_S02
2020-03-25_912,2020-03-25,912,911,7.9,14.94,2.752,73.0,0.1842,3001.39,41.115,379.92,0.0,0.01,-0.002,-0.00017,50.28,-0.02,-0.03,-0.005,125.232,3.71,11.242,1.349,0.627,5.152,75011.415,0.6283,0,0,0,0,,,drift_segment,2020-03-25_S02
2020-03-25_913,2020-03-25,913,912,7.9,14.94,2.7439999999999998,72.0,0.18367,2951.67,40.995,373.63,0.0,0.01,-0.013,-0.0007,0.0,0.0,0.0,-0.008,125.232,3.71,9.443,0.0,0.077,3.495,75112.056,0.6211,0,0,0,0,,,drift_segment,2020-03-25_S02
2020-03-25_914,2020-03-25,914,913,7.890000000000001,14.910000000000002,2.739,72.0,0.1837,2940.37,40.838,372.67,-0.01,-0.03,-0.017,-0.0005,-20.07,-0.01,-0.03,-0.005,125.007,3.204,8.319,0.0,0.112,3.119,74636.529,0.634,0,0,0,0,,,drift_segment,2020-03-25_S02
2020-03-25_915,2020-03-25,915,914,7.890000000000001,14.910000000000002,2.7489999999999997,72.0,0.18437,2951.11,40.988,374.03,-0.01,-0.03,-0.005,0.0002,-12.56,0.0,0.0,0.01,125.007,3.204,10.567,0.0,0.801,3.477,74559.479,0.6291,0,0,0,0,,,drift_segment,2020-03-25_S02
2020-03-25_916,2020-03-25,916,915,7.890000000000001,14.930000000000001,2.7539999999999996,72.0,0.18446,2960.44,41.117,375.21,-0.01,-0.01,0.001,0.0004,-3.22,0.0,0.02,0.005,125.007,3.541,11.691,0.0,0.891,3.788,74690.697,0.5992,0,0,0,0,,,drift_segment,2020-03-25_S02
2020-03-25_917,2020-03-25,917,916,7.9,14.930000000000001,2.7569999999999997,72.0,0.18466,2963.66,41.162,375.15,0.0,-0.01,0.005,0.00067,0.0,0.01,0.0,0.003,125.232,3.541,12.366,0.0,1.098,3.895,74937.123,0.596,0,0,0,0,,,drift_segment,2020-03-25_S02
2020-03-25_918,2020-03-25,918,917,7.909999999999999,14.99,2.759,72.0,0.18406,2977.73,41.357,376.45,0.01,0.06,0.01,6e-05,17.29,0.01,0.06,0.002,125.457,4.553,12.815,0.0,0.475,4.364,75691.928,0.667,0,0,0,0,,,drift_segment,2020-03-25_S02
2020-03-25_919,2020-03-25,919,918,7.92,14.99,2.7560000000000002,72.0,0.18386,2974.5,41.312,375.57,0.02,0.06,0.003,-0.0002,12.07,0.01,0.0,-0.003,125.682,4.553,12.141,0.0,0.27,4.256,75978.843,0.6281,0,0,0,0,,,drift_segment,2020-03-25_S02
2020-03-25_920,2020-03-25,920,919,7.909999999999999,15.070000000000002,2.753,72.0,0.18268,2987.12,41.488,377.64,0.01,0.13,-0.001,-0.00145,24.69,-0.01,0.08,-0.003,125.457,5.902,11.466,0.0,-0.937,4.677,76403.433,0.6825,0,0,0,0,,,drift_segment,2020-03-25_S02
2020-03-25_921,2020-03-25,921,920,7.9,15.070000000000002,2.748,72.0,0.18235,2981.69,41.412,377.43,0.0,0.13,-0.006,-0.00178,18.03,-0.01,0.0,-0.005,125.232,5.902,10.342,0.0,-1.278,4.496,76170.389,0.6705,0,0,0,0,,,drift_segment,2020-03-25_S02
2020-03-25_922,2020-03-25,922,921,7.9,14.930000000000001,2.747,71.0,0.18399,2911.9,41.013,368.6,-0.01,-0.01,-0.008,-0.00013,-51.76,0.0,-0.14,-0.001,125.232,3.541,10.117,-1.349,0.41,2.17,75053.159,0.6204,0,0,0,0,,,drift_segment,2020-03-25_S02
2020-03-25_923,2020-03-25,923,922,7.88,14.930000000000001,2.7489999999999997,71.0,0.18413,2914.02,41.043,369.8,-0.03,-0.01,-0.005,7e-05,-48.4,-0.02,0.0,0.002,124.782,3.541,10.567,-1.349,0.547,2.24,74506.549,0.6115,0,0,0,0,,,drift_segment,2020-03-25_S02
2020-03-25_924,2020-03-25,924,923,7.88,14.94,2.7539999999999996,72.0,0.18434,2962.42,41.145,375.94,-0.02,0.0,0.001,0.00035,2.32,0.0,0.01,0.005,124.782,3.71,11.691,0.0,0.764,3.854,74508.026,0.602,0,0,0,0,,,drift_segment,2020-03-25_S02
2020-03-25_925,2020-03-25,925,924,7.909999999999999,14.94,2.7569999999999997,71.0,0.18454,2924.46,41.19,369.72,0.01,0.0,0.007,0.00041,-33.49,0.03,0.0,0.003,125.457,3.71,12.366,-1.349,0.971,2.588,75333.932,0.619,0,0,0,0,,,drift_segment,2020-03-25_S02
2020-03-25_926,2020-03-25,926,925,7.909999999999999,14.889999999999999,2.7569999999999997,73.0,0.18516,2996.78,41.052,378.86,0.01,-0.05,0.008,0.00103,38.83,0.0,-0.05,0.0,125.457,2.867,12.366,1.349,1.607,4.999,74828.984,0.6421,0,0,0,0,,,drift_segment,2020-03-25_S02
2020-03-25_927,2020-03-25,927,926,7.92,14.889999999999999,2.755,72.0,0.18502,2953.58,41.022,372.93,0.02,-0.05,0.005,0.0009,-1.48,0.01,0.0,-0.002,125.682,2.867,11.916,0.0,1.469,3.559,75150.42,0.6172,0,0,0,0,,,drift_segment,2020-03-25_S02
2020-03-25_928,2020-03-25,928,927,7.890000000000001,14.950000000000001,2.75,72.0,0.18395,2960.1,41.113,375.17,-0.01,0.01,-0.004,-0.00018,2.15,-0.03,0.06,-0.005,125.007,3.878,10.792,0.0,0.363,3.776,74884.369,0.6446,0,0,0,0,,,drift_segment,2020-03-25_S02
2020-03-25_929,2020-03-25,929,928,7.890000000000001,14.950000000000001,2.748,72.0,0.18381,2957.95,41.083,374.9,-0.01,0.0,-0.007,-0.00013,-2.15,0.0,0.0,-0.002,125.007,3.878,10.342,0.0,0.225,3.705,74898.764,0.5994,0,0,0,0,,,drift_segment,2020-03-25_S02
2020-03-25_930,2020-03-25,930,929,7.9,14.930000000000001,2.7489999999999997,72.0,0.18413,2955.07,41.043,374.06,0.0,-0.02,-0.006,0.00018,-2.88,0.01,-0.02,0.001,125.232,3.541,10.567,0.0,0.547,3.608,74991.481,0.601,0,0,0,0,,,drift_segment,2020-03-25_S02
2020-03-25_931,2020-03-25,931,930,7.890000000000001,14.99,2.745,72.0,0.18312,2962.62,41.148,375.49,-0.01,0.04,-0.007,-0.00082,4.68,-0.01,0.06,-0.004,125.007,4.553,9.668,0.0,-0.484,3.86,75254.443,0.6594,0,0,0,0,,,drift_segment,2020-03-25_S02
2020-03-25_932,2020-03-25,932,931,7.909999999999999,14.99,2.755,71.0,0.18379,2932.12,41.297,370.69,0.01,0.04,0.005,-0.00015,-22.95,0.02,0.0,0.01,125.457,4.553,11.916,-1.349,0.201,2.844,75764.723,0.655,0,0,0,0,,,drift_segment,2020-03-25_S02
2020-03-25_933,2020-03-25,933,932,7.9,15.070000000000002,2.7560000000000002,72.0,0.18288,2990.37,41.533,378.53,0.0,0.12,0.007,-0.00093,35.31,-0.01,0.08,0.001,125.232,5.902,12.141,0.0,-0.733,4.785,76114.797,0.6925,0,0,0,0,,,drift_segment,2020-03-25_S02
2020-03-25_934,2020-03-25,934,933,7.9,15.070000000000002,2.7560000000000002,72.0,0.18288,2990.37,41.533,378.53,0.0,0.13,0.007,-0.00093,37.46,0.0,0.0,0.0,125.232,5.902,12.141,0.0,-0.733,4.785,76114.797,0.6512,0,0,0,0,,,drift_segment,2020-03-25_S02
2020-03-25_935,2020-03-25,935,934,7.909999999999999,14.930000000000001,2.752,71.0,0.18433,2917.2,41.087,368.8,0.01,-0.01,0.0,0.00039,-35.71,0.01,-0.14,-0.004,125.457,3.541,11.242,-1.349,0.754,2.346,75283.95,0.6236,0,0,0,0,,,drift_segment,2020-03-25_S02
2020-03-25_936,2020-03-25,936,935,7.9,14.930000000000001,2.747,72.0,0.18399,2952.92,41.013,373.79,0.0,-0.01,-0.006,6e-05,0.0,-0.01,0.0,-0.005,125.232,3.541,10.117,0.0,0.41,3.537,75006.114,0.6016,0,0,0,0,,,drift_segment,2020-03-25_S02
2020-03-25_937,2020-03-25,937,936,7.890000000000001,14.94,2.748,70.0,0.18394,2873.86,41.055,364.24,-0.01,0.0,-0.005,-6e-05,-79.06,-0.01,0.01,0.001,125.007,3.71,10.342,-2.698,0.352,0.902,74914.499,0.6015,0,0,0,0,,,drift_segment,2020-03-25_S02
2020-03-25_938,2020-03-25,938,937,7.9,14.94,2.7439999999999998,71.0,0.18367,2910.67,40.995,368.44,0.0,0.0,-0.009,-0.00048,-42.24,0.01,0.0,-0.004,125.232,3.71,9.443,-1.349,0.077,2.129,75159.131,0.6068,0,0,0,0,,,drift_segment,2020-03-25_S02
2020-03-25_939,2020-03-25,939,938,7.890000000000001,14.889999999999999,2.753,72.0,0.18489,2951.44,40.992,374.07,-0.01,-0.04,0.001,0.00056,0.0,-0.01,-0.05,0.009,125.007,2.867,11.466,0.0,1.331,3.487,74366.046,0.6465,0,0,0,0,,,drift_segment,2020-03-25_S02
2020-03-25_940,2020-03-25,940,939,7.88,14.889999999999999,2.7569999999999997,72.0,0.18516,2955.72,41.052,375.09,-0.02,-0.04,0.007,0.00074,38.52,-0.01,0.0,0.004,124.782,2.867,12.366,0.0,1.607,3.63,74074.942,0.6345,0,0,0,0,,,drift_segment,2020-03-25_S02
2020-03-25_941,2020-03-25,941,940,7.909999999999999,14.950000000000001,2.7569999999999997,72.0,0.18441,2967.63,41.217,375.18,0.02,0.06,0.007,-0.00047,48.97,0.03,0.06,0.0,125.457,3.878,12.366,0.0,0.844,4.027,75370.257,0.6714,0,0,0,0,,,drift_segment,2020-03-25_S02
2020-03-25_942,2020-03-25,942,941,7.9,14.950000000000001,2.753,73.0,0.18415,3004.49,41.157,380.31,0.01,0.06,0.001,-0.00101,85.83,-0.01,0.0,-0.004,125.232,3.878,11.466,1.349,0.569,5.256,75087.819,0.6426,0,0,0,0,,,drift_segment,2020-03-25_S02
2020-03-25_943,2020-03-25,943,942,7.9,14.74,2.75,71.0,0.18657,2877.98,40.535,364.3,0.0,-0.01,-0.002,0.00014,-44.64,0.0,-0.21,-0.003,125.232,0.337,10.792,-1.349,3.055,1.039,73464.997,0.5861,0,0,0,0,,,drift_segment,2020-03-25_S02
2020-03-25_944,2020-03-25,944,943,7.890000000000001,14.74,2.748,71.0,0.18643,2875.89,40.506,364.5,0.0,-0.01,-0.005,0.0,-48.86,-0.01,0.0,-0.002,125.007,0.337,10.342,-1.349,2.916,0.97,73215.841,0.5585,0,0,0,0,,,drift_segment,2020-03-25_S02
2020-03-25_945,2020-03-25,945,944,7.890000000000001,14.729999999999999,2.748,72.0,0.18656,2914.42,40.478,369.38,-0.01,-0.02,-0.004,0.00013,-10.33,0.0,-0.01,0.0,125.007,0.169,10.342,0.0,3.046,2.254,73087.489,0.567,0,0,0,0,,,drift_segment,2020-03-25_S02
2020-03-25_946,2020-03-25,946,945,7.890000000000001,14.729999999999999,2.752,72.0,0.18683,2918.66,40.537,369.92,-0.01,-0.02,0.0,0.0004,-6.09,0.0,0.0,0.004,125.007,0.169,11.242,0.0,3.325,2.395,73059.43,0.5707,0,0,0,0,,,drift_segment,2020-03-25_S02
2020-03-25_947,2020-03-25,947,946,7.9,14.750000000000002,2.752,72.0,0.18658,2922.62,40.592,369.95,0.0,0.0,0.002,0.00014,0.0,0.01,0.02,0.0,125.232,0.506,11.242,0.0,3.064,2.527,73485.985,0.5622,0,0,0,0,,,drift_segment,2020-03-25_S02
2020-03-25_948,2020-03-25,948,947,7.9,14.750000000000002,2.7539999999999996,72.0,0.18671,2924.75,40.622,370.22,0.0,0.0,0.005,0.00028,6.09,0.0,0.0,0.002,125.232,0.506,11.691,0.0,3.204,2.598,73472.524,0.5663,0,0,0,0,,,drift_segment,2020-03-25_S02
2020-03-25_949,2020-03-25,949,948,7.890000000000001,15.070000000000002,2.7539999999999996,72.0,0.18275,2988.2,41.503,378.73,-0.01,0.14,0.005,-0.00172,65.58,-0.01,0.32,0.0,125.007,5.902,11.691,0.0,-0.869,4.713,75859.992,0.6928,0,0,0,0,,,drift_segment,2020-03-25_S02
2020-03-25_950,2020-03-25,950,949,7.909999999999999,15.070000000000002,2.7489999999999997,72.0,0.18242,2982.77,41.427,377.09,0.01,0.14,-0.003,-0.00206,60.15,0.02,0.0,-0.005,125.457,5.902,10.567,0.0,-1.21,4.532,76431.733,0.6691,0,0,0,0,,,drift_segment,2020-03-25_S02
2020-03-25_951,2020-03-25,951,950,7.909999999999999,14.930000000000001,2.748,72.0,0.18406,2953.99,41.028,373.45,0.01,0.0,-0.004,-0.00041,31.37,0.0,-0.14,-0.001,125.457,3.541,10.342,0.0,0.478,3.573,75265.376,0.6142,0,0,0,0,,,drift_segment,2020-03-25_S02
2020-03-25_952,2020-03-25,952,951,7.890000000000001,14.930000000000001,2.748,71.0,0.18406,2912.96,41.028,369.2,-0.01,0.0,-0.004,-2e-05,-10.44,-0.02,0.0,0.0,125.007,3.541,10.342,-1.349,0.478,2.205,74779.543,0.5847,0,0,0,0,,,drift_segment,2020-03-25_S02
2020-03-25_953,2020-03-25,953,952,7.9,14.94,2.7489999999999997,71.0,0.184,2915.97,41.07,369.11,0.0,0.0,-0.003,-6e-05,-8.77,0.01,0.01,0.001,125.232,3.71,10.567,-1.349,0.421,2.306,75121.712,0.5757,0,0,0,0,,,drift_segment,2020-03-25_S02
2020-03-25_954,2020-03-25,954,953,7.909999999999999,14.94,2.7560000000000002,71.0,0.18447,2923.4,41.175,369.58,0.01,0.0,0.007,0.00041,0.0,0.01,0.0,0.007,125.457,3.71,12.141,-1.349,0.902,2.553,75340.394,0.6221,0,0,0,0,,,drift_segment,2020-03-25_S02
2020-03-25_955,2020-03-25,955,954,7.9,14.889999999999999,2.759,71.0,0.18529,2916.79,41.082,369.21,0.0,-0.05,0.01,0.00123,-6.61,-0.01,-0.05,0.003,125.232,2.867,12.815,-1.349,1.745,2.333,74639.633,0.6329,0,0,0,0,,,drift_segment,2020-03-25_S02
2020-03-25_956,2020-03-25,956,955,7.9,14.889999999999999,2.7539999999999996,71.0,0.18496,2911.5,41.007,368.54,0.0,-0.05,0.005,0.0009,-11.9,0.0,0.0,-0.005,125.232,2.867,11.691,-1.349,1.4,2.156,74671.746,0.6023,0,0,0,0,,,drift_segment,2020-03-25_S02
2020-03-25_957,2020-03-25,957,956,7.9,14.950000000000001,2.752,72.0,0.18408,2962.25,41.142,374.97,0.01,0.01,0.0,8e-05,38.85,0.0,0.06,-0.002,125.232,3.878,11.242,0.0,0.5,3.848,75136.754,0.6073,0,0,0,0,,,drift_segment,2020-03-25_S02
2020-03-25_958,2020-03-25,958,957,7.890000000000001,14.950000000000001,2.7439999999999998,73.0,0.18355,2994.66,41.023,379.55,-0.01,0.0,-0.009,-0.00011,64.67,-0.01,0.0,-0.008,125.007,3.878,9.443,1.349,-0.049,4.928,74886.742,0.6487,0,0,0,0,,,drift_segment,2020-03-25_S02
2020-03-25_959,2020-03-25,959,958,7.890000000000001,14.930000000000001,2.741,71.0,0.18359,2905.54,40.923,368.26,-0.01,-0.02,-0.013,-7e-05,-24.45,0.0,-0.02,-0.003,125.007,3.541,8.768,-1.349,-0.003,1.958,74833.215,0.6109,0,0,0,0,,,drift_segment,2020-03-25_S02
2020-03-25_960,2020-03-25,960,959,7.87,14.99,2.748,72.0,0.18332,2965.86,41.193,376.86,-0.03,0.04,-0.006,-0.00033,5.42,-0.02,0.06,0.007,124.558,4.553,10.342,0.0,-0.278,3.968,74699.377,0.6782,0,0,0,0,,,drift_segment,2020-03-25_S02
2020-03-25_961,2020-03-25,961,960,7.88,14.99,2.753,71.0,0.18366,2929.99,41.267,371.83,-0.01,0.04,0.0,0.0,-30.45,0.01,0.0,0.005,124.782,4.553,11.466,-1.349,0.064,2.773,74977.175,0.6221,0,0,0,0,,,drift_segment,2020-03-25_S02
2020-03-25_962,2020-03-25,962,961,7.890000000000001,15.070000000000002,2.759,72.0,0.18308,2993.63,41.578,379.42,0.0,0.12,0.007,-0.00058,33.19,0.01,0.08,0.006,125.007,5.902,12.815,0.0,-0.528,4.894,75827.702,0.6986,0,0,0,0,,,drift_segment,2020-03-25_S02
2020-03-25_963,2020-03-25,963,962,7.909999999999999,15.070000000000002,2.759,73.0,0.18308,3035.2,41.578,383.72,0.02,0.13,0.007,-0.00058,74.93,0.02,0.0,0.0,125.457,5.902,12.815,1.349,-0.528,6.279,76321.906,0.675,0,0,0,0,,,drift_segment,2020-03-25_S02
2020-03-25_964,2020-03-25,964,963,7.9,14.930000000000001,2.7569999999999997,71.0,0.18466,2922.5,41.162,369.94,0.01,-0.01,0.005,0.00079,-32.39,-0.01,-0.14,-0.002,125.232,3.541,12.366,-1.349,1.098,2.523,74984.095,0.6365,0,0,0,0,,,drift_segment,2020-03-25_S02
2020-03-25_965,2020-03-25,965,964,7.9,14.930000000000001,2.7539999999999996,72.0,0.18446,2960.44,41.117,374.74,0.0,-0.01,0.001,0.00026,0.17,0.0,0.0,-0.003,125.232,3.541,11.691,0.0,0.891,3.788,74956.725,0.5782,0,0,0,0,,,drift_segment,2020-03-25_S02
2020-03-25_966,2020-03-25,966,965,7.890000000000001,14.94,2.752,72.0,0.1842,2960.27,41.115,375.19,-0.01,0.0,-0.002,-0.00014,0.0,-0.01,0.01,-0.002,125.007,3.71,11.242,0.0,0.627,3.782,74787.279,0.5921,0,0,0,0,,,drift_segment,2020-03-25_S02
2020-03-25_967,2020-03-25,967,966,7.88,14.94,2.747,72.0,0.18387,2954.89,41.04,374.99,-0.03,0.0,-0.009,-0.00059,-5.38,-0.01,0.0,-0.005,124.782,3.71,10.117,0.0,0.283,3.603,74557.138,0.6331,0,0,0,0,,,drift_segment,2020-03-25_S02
2020-03-25_968,2020-03-25,968,967,7.909999999999999,14.889999999999999,2.747,72.0,0.18449,2945.0,40.903,372.31,0.0,-0.04,-0.009,0.0,-9.89,0.03,-0.05,0.0,125.457,2.867,10.117,0.0,0.917,3.273,74940.138,0.6374,0,0,0,0,,,drift_segment,2020-03-25_S02
2020-03-25_969,2020-03-25,969,968,7.92,14.889999999999999,2.75,72.0,0.18469,2948.22,40.948,372.25,0.01,-0.04,-0.006,0.00014,0.0,0.01,0.0,0.003,125.682,2.867,10.792,0.0,1.124,3.38,75184.799,0.6131,0,0,0,0,,,drift_segment,2020-03-25_S02
2020-03-25_970,2020-03-25,970,969,7.909999999999999,14.950000000000001,2.7560000000000002,72.0,0.18435,2966.56,41.202,375.04,-0.01,0.06,0.002,-0.0002,18.34,-0.01,0.06,0.006,125.457,3.878,12.141,0.0,0.775,3.992,75376.715,0.6608,0,0,0,0,,,drift_segment,2020-03-25_S02
2020-03-25_971,2020-03-25,971,970,7.92,14.950000000000001,2.759,72.0,0.18455,2969.79,41.247,374.97,0.0,0.06,0.007,-0.00014,24.78,0.01,0.0,0.003,125.682,3.878,12.815,0.0,0.981,4.099,75624.813,0.6366,0,0,0,0,,,drift_segment,2020-03-25_S02
2020-03-25_972,2020-03-25,972,971,7.93,14.74,2.765,71.0,0.18758,2893.68,40.756,364.9,0.01,0.0,0.013,0.002,-30.28,0.01,-0.21,0.006,125.907,0.337,14.164,-1.349,4.1,1.563,74163.145,0.6253,0,0,0,0,,,drift_segment,2020-03-25_S02
2020-03-25_973,2020-03-25,973,972,7.93,14.74,2.76,71.0,0.18725,2888.45,40.682,364.24,0.01,0.0,0.008,0.00166,-5.23,0.0,0.0,-0.005,125.907,0.337,13.04,-1.349,3.752,1.388,74192.185,0.5686,0,0,0,0,,,drift_segment,2020-03-25_S02
2020-03-25_974,2020-03-25,974,973,7.95,14.729999999999999,2.7569999999999997,72.0,0.18717,2923.96,40.611,367.79,0.03,0.0,0.005,0.00158,35.51,0.02,-0.01,-0.003,126.356,0.169,12.366,0.0,3.673,2.572,74612.027,0.6088,0,0,0,0,,,drift_segment,2020-03-25_S02
2020-03-25_975,2020-03-25,975,974,7.94,14.729999999999999,2.752,71.0,0.18683,2878.12,40.537,362.48,0.03,0.0,0.0,0.00124,0.0,-0.01,0.0,-0.005,126.131,0.169,11.242,-1.349,3.325,1.044,74427.081,0.5653,0,0,0,0,,,drift_segment,2020-03-25_S02
2020-03-26_126,2020-03-26,126,125,2.38,14.520000000000001,2.707,73.0,0.18643,2869.31,39.306,1205.59,0.0,-0.04,0.003,0.00046,30.09,-0.01,-0.04,-0.002,1.124,-3.373,1.124,1.349,2.917,0.75,9.014,0.5267,0,0,0,0,0.9398,0.0055,day_relative,
2020-03-26_200,2020-03-26,200,199,2.37,14.56,2.7,70.0,0.18544,2751.84,39.312,1161.11,0.0,0.0,0.0,0.0,-75.16,-0.01,-0.01,0.003,0.899,-2.698,-0.45,-2.698,1.897,-3.165,10.602,0.4978,0,0,0,0,0.9323,0.0095,day_relative,
2020-03-26_205,2020-03-26,205,204,2.3899999999999997,14.56,2.7119999999999997,73.0,0.18626,2882.53,39.487,1206.08,0.02,0.0,0.004,0.00053,52.96,0.0,0.0,0.0,1.349,-2.698,2.248,1.349,2.743,1.191,11.185,0.5071,0,0,0,0,0.9206,0.0175,day_relative,
2020-03-26_206,2020-03-26,206,205,2.38,14.53,2.7110000000000003,71.0,0.18658,2796.75,39.391,1175.1,0.01,-0.03,0.003,0.00085,-39.7,-0.01,-0.03,-0.001,1.124,-3.204,2.023,-1.349,3.068,-1.668,8.96,0.516,0,0,0,0,0.9324,0.0075,day_relative,
2020-03-26_207,2020-03-26,207,206,2.38,14.53,2.7110000000000003,71.0,0.18658,2796.75,39.391,1175.1,0.01,-0.03,0.003,0.00085,-39.7,0.0,0.0,0.0,1.124,-3.204,2.023,-1.349,3.068,-1.668,8.96,0.4816,0,0,0,0,0.913,0.0195,day_relative,
2020-03-26_280,2020-03-26,280,279,2.35,14.53,2.7119999999999997,71.0,0.18665,2797.78,39.405,1190.54,-0.02,-0.02,0.001,0.00089,-32.83,-0.02,-0.07,0.0,0.45,-3.204,2.248,-1.349,3.138,-1.634,12.566,0.5388,0,0,0,0,0.9545,0.0035,day_relative,
2020-03-26_281,2020-03-26,281,280,2.35,14.53,2.7119999999999997,71.0,0.18665,2797.78,39.405,1190.54,-0.02,-0.02,0.001,0.00089,-13.48,0.0,0.0,0.0,0.45,-3.204,2.248,-1.349,3.138,-1.634,12.566,0.4798,0,0,0,0,0.9267,0.0135,day_relative,
2020-03-26_290,2020-03-26,290,289,2.35,14.540000000000001,2.696,73.0,0.18542,2861.59,39.2,1217.7,-0.01,-0.02,-0.004,0.0,31.12,-0.01,-0.03,-0.002,0.45,-3.035,-1.349,1.349,1.876,0.493,10.847,0.489,0,0,0,0,0.9244,0.0155,day_relative,
2020-03-26_300,2020-03-26,300,299,2.34,14.58,2.708,70.0,0.18573,2763.78,39.483,1181.1,-0.01,-0.01,0.0,0.0,-74.31,-0.04,-0.01,-0.002,0.225,-2.361,1.349,-2.698,2.199,-2.767,12.495,0.5348,0,0,0,0,0.9319,0.0115,day_relative,
2020-03-26_364,2020-03-26,364,363,2.33,14.549999999999999,2.701,70.0,0.18564,2750.97,39.3,1180.67,-0.04,-0.04,0.0,0.00057,-84.43,-0.04,-0.04,0.001,0.0,-2.867,-0.225,-2.698,2.098,-3.194,14.78,0.5895,0,0,1,1,0.9634,0.0015,day_relative,
2020-03-26_525,2020-03-26,525,524,2.38,14.520000000000001,2.707,73.0,0.18643,2869.31,39.306,1205.59,0.0,-0.04,0.003,0.00046,30.09,-0.01,-0.04,-0.002,1.124,-3.373,1.124,1.349,2.917,0.75,9.014,0.5267,0,0,0,0,0.9398,0.0055,day_relative,
2020-03-26_599,2020-03-26,599,598,2.37,14.56,2.7,70.0,0.18544,2751.84,39.312,1161.11,0.0,0.0,0.0,0.0,-75.16,-0.01,-0.01,0.003,0.899,-2.698,-0.45,-2.698,1.897,-3.165,10.602,0.4978,0,0,0,0,0.9323,0.0095,day_relative,
2020-03-26_604,2020-03-26,604,603,2.3899999999999997,14.56,2.7119999999999997,73.0,0.18626,2882.53,39.487,1206.08,0.02,0.0,0.004,0.00053,52.96,0.0,0.0,0.0,1.349,-2.698,2.248,1.349,2.743,1.191,11.185,0.5071,0,0,0,0,0.9206,0.0175,day_relative,
2020-03-26_605,2020-03-26,605,604,2.38,14.53,2.7110000000000003,71.0,0.18658,2796.75,39.391,1175.1,0.01,-0.03,0.003,0.00085,-39.7,-0.01,-0.03,-0.001,1.124,-3.204,2.023,-1.349,3.068,-1.668,8.96,0.516,0,0,0,0,0.9324,0.0075,day_relative,
2020-03-26_606,2020-03-26,606,605,2.38,14.53,2.7110000000000003,71.0,0.18658,2796.75,39.391,1175.1,0.01,-0.03,0.003,0.00085,-39.7,0.0,0.0,0.0,1.124,-3.204,2.023,-1.349,3.068,-1.668,8.96,0.4816,0,0,0,0,0.913,0.0195,day_relative,
2020-03-26_679,2020-03-26,679,678,2.35,14.53,2.7119999999999997,71.0,0.18665,2797.78,39.405,1190.54,-0.02,-0.02,0.001,0.00089,-32.83,-0.02,-0.07,0.0,0.45,-3.204,2.248,-1.349,3.138,-1.634,12.566,0.5388,0,0,0,0,0.9545,0.0035,day_relative,
2020-03-26_680,2020-03-26,680,679,2.35,14.53,2.7119999999999997,71.0,0.18665,2797.78,39.405,1190.54,-0.02,-0.02,0.001,0.00089,-13.48,0.0,0.0,0.0,0.45,-3.204,2.248,-1.349,3.138,-1.634,12.566,0.4798,0,0,0,0,0.9267,0.0135,day_relative,
2020-03-26_689,2020-03-26,689,688,2.35,14.540000000000001,2.696,73.0,0.18542,2861.59,39.2,1217.7,-0.01,-0.02,-0.004,0.0,31.12,-0.01,-0.03,-0.002,0.45,-3.035,-1.349,1.349,1.876,0.493,10.847,0.489,0,0,0,0,0.9244,0.0155,day_relative,
2020-03-26_699,2020-03-26,699,698,2.34,14.58,2.708,70.0,0.18573,2763.78,39.483,1181.1,-0.01,-0.01,0.0,0.0,-74.31,-0.04,-0.01,-0.002,0.225,-2.361,1.349,-2.698,2.199,-2.767,12.495,0.5348,0,0,0,0,0.9319,0.0115,day_relative,
2020-03-26_763,2020-03-26,763,762,2.33,14.549999999999999,2.701,70.0,0.18564,2750.97,39.3,1180.67,-0.04,-0.04,0.0,0.00057,-84.43,-0.04,-0.04,0.001,0.0,-2.867,-0.225,-2.698,2.098,-3.194,14.78,0.5895,0,0,1,1,0.9634,0.0015,day_relative,
2020-03-27_914,2020-03-27,914,912,2.3,14.97,2.7,72.0,0.18036,2910.17,40.419,1265.29,-0.01,0.06,0.0,-0.00102,25.47,-0.01,0.09,0.001,-0.674,4.216,-0.45,0.0,-3.321,2.112,19.917,0.5837,1,1,1,3,0.9758,0.0285,point_anomaly,
2020-03-27_915,2020-03-27,915,913,2.3,14.97,2.7,72.0,0.18036,2910.17,40.419,1265.29,-0.01,0.06,0.0,-0.00102,18.57,0.0,0.0,0.0,-0.674,4.216,-0.45,0.0,-3.321,2.112,19.917,0.5385,1,1,0,2,0.9681,0.039,point_anomaly,
2020-03-27_916,2020-03-27,916,914,2.32,14.94,2.705,71.0,0.18106,2869.3,40.413,1236.77,0.0,0.01,0.0,-0.00033,-22.3,0.02,-0.03,0.005,-0.225,3.71,0.674,-1.349,-2.605,0.75,21.674,0.5044,1,1,0,2,0.9549,0.0487,point_anomaly,
2020-03-27_917,2020-03-27,917,915,2.32,14.94,2.705,71.0,0.18106,2869.3,40.413,1236.77,0.0,0.01,0.0,-0.00033,-40.87,0.0,0.0,0.0,-0.225,3.71,0.674,-1.349,-2.605,0.75,21.674,0.4623,1,1,0,2,0.9212,0.081,point_anomaly,
2020-03-27_918,2020-03-27,918,916,2.34,14.910000000000002,2.713,72.0,0.18196,2912.46,40.451,1244.64,0.0,-0.03,0.006,0.0009,2.29,0.02,-0.03,0.008,0.225,3.204,2.473,0.0,-1.679,2.188,26.775,0.588,0,1,1,2,0.9684,0.0379,point_anomaly,
2020-03-27_920,2020-03-27,920,918,2.34,14.930000000000001,2.71,73.0,0.18151,2953.6,40.46,1262.22,0.0,-0.01,0.003,0.00046,40.46,0.0,0.02,-0.003,0.225,3.541,1.799,1.349,-2.136,3.56,31.427,0.563,1,1,1,3,0.9737,0.0315,point_anomaly,
2020-03-27_921,2020-03-27,921,919,2.34,14.930000000000001,2.71,72.0,0.18151,2913.14,40.46,1244.93,0.0,-0.01,0.003,0.00046,0.0,0.0,0.0,0.0,0.225,3.541,1.799,0.0,-2.136,2.211,27.82,0.496,1,1,0,2,0.9491,0.0547,point_anomaly,
2020-03-27_922,2020-03-27,922,920,2.35,14.99,2.707,72.0,0.18059,2921.61,40.578,1243.24,0.01,0.06,0.0,-6e-05,8.47,0.01,0.06,-0.003,0.45,4.553,1.124,0.0,-3.088,2.493,44.015,0.5986,1,1,1,3,0.9847,0.018,point_anomaly,
2020-03-27_923,2020-03-27,923,921,2.35,14.99,2.707,72.0,0.18059,2921.61,40.578,1243.24,0.01,0.06,0.0,-6e-05,8.47,0.0,0.0,0.0,0.45,4.553,1.124,0.0,-3.088,2.493,44.015,0.5547,1,1,1,3,0.9806,0.0232,point_anomaly,
2020-03-27_924,2020-03-27,924,922,2.31,15.070000000000002,2.699,72.0,0.1791,2928.52,40.674,1267.76,-0.03,0.13,-0.001,-0.00155,15.38,-0.04,0.08,-0.008,-0.45,5.902,-0.674,0.0,-4.618,2.724,45.179,0.6827,1,1,1,3,0.9889,0.0105,point_anomaly,
2020-03-27_925,2020-03-27,925,923,2.31,15.070000000000002,2.699,72.0,0.1791,2928.52,40.674,1267.76,-0.03,0.13,-0.001,-0.00155,15.38,0.0,0.0,0.0,-0.45,5.902,-0.674,0.0,-4.618,2.724,45.179,0.6099,1,1,1,3,0.9871,0.0127,point_anomaly,
2020-03-27_926,2020-03-27,926,924,2.33,14.930000000000001,2.697,72.0,0.18064,2899.17,40.266,1244.28,0.0,-0.01,-0.003,0.0,-5.17,0.02,-0.14,-0.002,0.0,3.541,-1.124,0.0,-3.031,1.745,23.489,0.5599,1,1,1,3,0.9705,0.036,point_anomaly,
2020-03-27_927,2020-03-27,927,925,2.33,14.930000000000001,2.697,72.0,0.18064,2899.17,40.266,1244.28,0.0,-0.01,-0.003,0.0,-5.17,0.0,0.0,0.0,0.0,3.541,-1.124,0.0,-3.031,1.745,23.489,0.4865,1,1,0,2,0.9419,0.0615,point_anomaly,
2020-03-27_928,2020-03-27,928,926,2.3600000000000003,14.94,2.7,72.0,0.18072,2904.34,40.338,1230.65,0.03,0.0,0.0,0.0,0.0,0.03,0.01,0.003,0.674,3.71,-0.45,0.0,-2.949,1.918,36.974,0.5311,1,1,0,2,0.9688,0.0367,point_anomaly,
2020-03-27_929,2020-03-27,929,927,2.3600000000000003,14.94,2.7,72.0,0.18072,2904.34,40.338,1230.65,0.03,0.0,0.0,0.0,0.0,0.0,0.0,0.0,0.674,3.71,-0.45,0.0,-2.949,1.918,36.974,0.4935,1,1,0,2,0.9534,0.0502,point_anomaly,
2020-03-27_932,2020-03-27,932,930,2.35,14.950000000000001,2.7060000000000004,72.0,0.181,2912.74,40.455,1239.46,0.01,0.06,0.004,-0.00046,40.45,0.02,0.06,0.004,0.45,3.878,0.899,0.0,-2.66,2.198,34.153,0.6032,1,1,1,3,0.9802,0.024,point_anomaly,
2020-03-27_933,2020-03-27,933,931,2.35,14.950000000000001,2.7060000000000004,71.0,0.181,2872.28,40.455,1222.25,0.01,0.06,0.004,-0.00046,2.58,0.0,0.0,0.0,0.45,3.878,0.899,-1.349,-2.66,0.849,35.607,0.5359,1,1,0,2,0.9709,0.0352,point_anomaly,
2020-03-27_950,2020-03-27,950,948,2.4,14.799999999999999,2.697,73.0,0.18223,2913.84,39.916,1214.1,0.06,0.0,-0.003,-0.0002,36.72,0.06,0.0,-0.003,1.574,1.349,-1.124,1.349,-1.401,2.234,32.381,0.5892,0,1,1,2,0.8929,0.1079,point_anomaly,
2020-03-27_982,2020-03-27,982,980,2.38,14.820000000000002,2.698,72.0,0.18205,2878.87,39.984,1209.61,0.06,-0.03,-0.006,0.0,0.0,0.06,-0.01,-0.001,1.124,1.686,-0.899,0.0,-1.584,1.069,22.966,0.5588,0,1,1,2,0.824,0.1747,point_anomaly,
2020-03-27_988,2020-03-27,988,986,2.37,14.97,2.7060000000000004,72.0,0.18076,2916.64,40.509,1230.65,0.02,0.06,0.002,-0.00019,20.28,0.02,0.09,-0.001,0.899,4.216,0.899,0.0,-2.909,2.328,49.488,0.611,1,1,1,3,0.9863,0.0142,point_anomaly,
2020-03-27_989,2020-03-27,989,987,2.37,14.97,2.7060000000000004,72.0,0.18076,2916.64,40.509,1230.65,0.02,0.06,0.002,-0.00019,20.28,0.0,0.0,0.0,0.899,4.216,0.899,0.0,-2.909,2.328,49.488,0.5569,1,1,1,3,0.9823,0.0217,point_anomaly,
2020-03-27_990,2020-03-27,990,988,2.34,14.94,2.699,72.0,0.18066,2903.26,40.323,1240.71,-0.01,0.01,0.0,-0.00011,6.9,-0.03,-0.03,-0.007,0.225,3.71,-0.674,0.0,-3.017,1.882,28.208,0.5455,1,1,0,2,0.9719,0.0326,point_anomaly,
2020-03-27_991,2020-03-27,991,989,2.34,14.94,2.699,72.0,0.18066,2903.26,40.323,1240.71,-0.01,0.01,0.0,-0.00011,6.9,0.0,0.0,0.0,0.225,3.71,-0.674,0.0,-3.017,1.882,28.208,0.4852,1,1,0,2,0.9447,0.0585,point_anomaly,
2020-03-27_994,2020-03-27,994,992,2.2800000000000002,14.930000000000001,2.693,72.0,0.18038,2894.87,40.206,1269.68,-0.01,-0.01,-0.006,0.0,0.0,-0.09,0.02,-0.005,-1.124,3.541,-2.023,0.0,-3.306,1.602,14.557,0.6155,1,0,1,2,0.971,0.0345,point_anomaly,
2020-03-27_996,2020-03-27,996,994,2.2800000000000002,14.99,2.7,71.0,0.18012,2873.58,40.473,1260.34,-0.01,0.06,0.0,-0.00026,-21.28,0.0,0.06,0.007,-1.124,4.553,-0.45,-1.349,-3.568,0.893,19.449,0.6034,1,1,1,3,0.9776,0.0277,point_anomaly,
2020-03-27_997,2020-03-27,997,995,2.2800000000000002,14.99,2.7,71.0,0.18012,2873.58,40.473,1260.34,-0.01,0.06,0.0,-0.00026,-16.41,0.0,0.0,0.0,-1.124,4.553,-0.45,-1.349,-3.568,0.893,19.449,0.5433,1,1,0,2,0.9716,0.0337,point_anomaly,
2020-03-27_998,2020-03-27,998,996,2.29,15.070000000000002,2.701,71.0,0.17923,2889.99,40.704,1262.0,0.0,0.13,0.0,-0.00114,0.0,0.01,0.08,0.001,-0.899,5.902,-0.225,-1.349,-4.482,1.439,37.477,0.6155,1,1,1,3,0.986,0.015,point_anomaly,
2020-03-27_999,2020-03-27,999,997,2.29,15.070000000000002,2.701,71.0,0.17923,2889.99,40.704,1262.0,0.0,0.13,0.0,-0.00114,0.0,0.0,0.0,0.0,-0.899,5.902,-0.225,-1.349,-4.482,1.439,37.477,0.5767,1,1,1,3,0.9834,0.0195,point_anomaly,
2020-03-27_1006,2020-03-27,1006,1004,2.31,14.950000000000001,2.7030000000000003,73.0,0.1808,2949.92,40.41,1277.02,0.01,0.06,0.0,-0.0008,80.82,0.04,0.06,-0.001,-0.45,3.878,0.225,1.349,-2.867,3.437,22.763,0.6141,1,1,1,3,0.9777,0.027,point_anomaly,
2020-03-27_1007,2020-03-27,1007,1005,2.31,14.950000000000001,2.7030000000000003,71.0,0.1808,2869.1,40.41,1242.03,0.01,0.06,0.0,-0.0008,2.41,0.0,0.0,0.0,-0.45,3.878,0.225,-1.349,-2.867,0.743,20.119,0.5123,1,1,0,2,0.9591,0.0465,point_anomaly,
2020-03-27_1014,2020-03-27,1014,1012,1.7399999999999998,14.72,2.702,71.0,0.18356,2823.91,39.773,1622.94,-0.61,-0.01,0.001,0.00019,-38.54,-0.61,0.0,-0.001,-13.265,0.0,0.0,-1.349,-0.034,-0.763,800.204,0.5241,1,1,0,2,0.9849,0.0172,point_anomaly,
2020-03-27_1015,2020-03-27,1015,1013,1.7399999999999998,14.709999999999999,2.702,72.0,0.18368,2861.74,39.746,1644.68,-0.61,-0.02,0.001,0.00032,-0.71,0.0,-0.01,0.0,-13.265,-0.169,0.0,0.0,0.094,0.498,812.392,0.4622,1,1,0,2,0.9439,0.06,point_anomaly,
2020-03-27_1016,2020-03-27,1016,1014,2.21,14.709999999999999,2.69,70.0,0.18287,2769.89,39.57,1253.35,-0.14,-0.02,-0.012,-0.00063,-94.68,0.47,0.0,-0.012,-2.698,-0.169,-2.698,-2.698,-0.744,-2.563,41.832,0.6785,0,1,1,2,0.9469,0.0555,point_anomaly,
2020-03-27_1020,2020-03-27,1020,1018,2.48,14.729999999999999,2.708,72.0,0.18384,2872.0,39.889,1158.06,0.08,0.0,0.0,0.00012,7.42,0.13,0.0,0.007,3.372,0.169,1.349,0.0,0.256,0.84,61.489,0.5704,0,1,1,2,0.978,0.0262,point_anomaly,
2020-03-27_1036,2020-03-27,1036,1034,2.57,14.74,2.708,72.0,0.18372,2873.95,39.916,1118.27,0.09,0.0,0.006,0.00041,46.2,0.11,0.0,0.006,5.396,0.337,1.349,0.0,0.128,0.905,151.883,0.6008,1,1,1,3,0.9955,0.0045,point_anomaly,
2020-03-27_1037,2020-03-27,1037,1035,2.57,14.729999999999999,2.708,73.0,0.18384,2911.89,39.889,1133.03,0.09,-0.01,0.006,0.00053,79.78,0.0,-0.01,0.0,5.396,0.169,1.349,1.349,0.256,2.169,149.9,0.5835,1,1,1,3,0.9942,0.0067,point_anomaly,
2020-03-27_1042,2020-03-27,1042,1040,2.55,14.770000000000001,2.698,73.0,0.18267,2909.01,39.849,1140.79,0.07,0.03,-0.004,-0.00056,43.38,0.07,0.0,-0.004,4.946,0.843,-0.899,1.349,-0.951,2.073,146.031,0.6293,1,1,1,3,0.9963,0.003,point_anomaly,
2020-03-27_1043,2020-03-27,1043,1041,2.55,14.74,2.698,71.0,0.18304,2823.56,39.769,1107.28,0.07,0.0,-0.004,-0.00015,-42.07,0.0,-0.03,0.0,4.946,0.337,-0.899,-1.349,-0.569,-0.774,136.001,0.5374,1,1,0,2,0.9853,0.0165,point_anomaly,
2020-03-27_1050,2020-03-27,1050,1048,2.4899999999999998,14.76,2.702,72.0,0.18306,2871.47,39.882,1153.2,0.02,0.01,0.001,0.0,3.01,0.03,0.0,0.001,3.597,0.674,0.0,0.0,-0.545,0.822,77.774,0.4627,1,1,0,2,0.9326,0.069,point_anomaly,
2020-03-27_1051,2020-03-27,1051,1049,2.4899999999999998,14.78,2.702,71.0,0.18281,2835.42,39.936,1138.72,0.02,0.02,0.001,-0.00018,-33.04,0.0,0.02,0.0,3.597,1.012,0.0,-1.349,-0.8,-0.379,86.163,0.4742,1,1,0,2,0.9454,0.057,point_anomaly,
2020-03-27_1055,2020-03-27,1055,1053,2.4699999999999998,14.83,2.698,73.0,0.18193,2920.83,40.011,1182.52,0.0,0.03,-0.001,-0.00082,46.9,0.0,0.08,0.0,3.148,1.855,-0.899,1.349,-1.71,2.467,86.279,0.5669,0,1,1,2,0.9755,0.0296,point_anomaly,
2020-03-27_1080,2020-03-27,1080,1078,2.4,14.85,2.713,70.0,0.18269,2820.16,40.288,1175.07,-0.01,0.03,0.009,0.00038,-58.9,0.0,0.0,0.005,1.574,2.192,2.473,-2.698,-0.924,-0.888,49.523,0.5705,0,1,1,2,0.945,0.0577,point_anomaly,
2020-03-27_1082,2020-03-27,1082,1080,2.48,14.840000000000002,2.7039999999999997,72.0,0.18221,2889.17,40.127,1164.99,0.01,0.01,0.0,-0.0001,10.11,0.08,0.0,-0.009,3.372,2.024,0.45,0.0,-1.421,1.412,93.056,0.5533,0,1,1,2,0.9791,0.0255,point_anomaly,
2020-03-27_1088,2020-03-27,1088,1086,2.5,14.85,2.699,72.0,0.18175,2885.77,40.08,1154.31,0.02,0.02,0.0,-0.00034,3.7,0.02,0.0,0.0,3.822,2.192,-0.674,0.0,-1.893,1.299,118.429,0.4964,1,1,0,2,0.9657,0.0427,point_anomaly,
2020-03-27_1089,2020-03-27,1089,1087,2.5,14.83,2.699,72.0,0.182,2881.88,40.026,1152.75,0.02,0.0,0.0,-9e-05,-0.19,0.0,-0.02,0.0,3.822,1.855,-0.674,0.0,-1.641,1.169,111.183,0.4759,1,1,0,2,0.9503,0.0532,point_anomaly,
2020-03-27_1092,2020-03-27,1092,1090,2.4899999999999998,14.820000000000002,2.7039999999999997,71.0,0.18246,2845.2,40.073,1142.65,0.0,-0.03,0.0,0.0004,-36.87,0.02,0.0,0.003,3.597,1.686,0.45,-1.349,-1.168,-0.053,98.241,0.4976,1,1,0,2,0.9631,0.0435,point_anomaly,
2020-03-27_1093,2020-03-27,1093,1091,2.4899999999999998,14.85,2.7039999999999997,72.0,0.18209,2891.12,40.154,1161.09,0.0,0.0,0.0,3e-05,9.04,0.0,0.03,0.0,3.597,2.192,0.45,0.0,-1.547,1.477,105.973,0.4661,1,1,0,2,0.9386,0.0645,point_anomaly,
2020-03-27_1096,2020-03-27,1096,1094,2.5100000000000002,14.88,2.708,72.0,0.18199,2901.24,40.295,1155.87,0.02,0.0,0.003,0.0,10.13,0.04,0.0,-0.001,4.047,2.698,1.349,0.0,-1.648,1.815,138.167,0.5471,1,1,0,2,0.9878,0.012,point_anomaly,
2020-03-27_1097,2020-03-27,1097,1095,2.5100000000000002,14.97,2.708,70.0,0.1809,2837.71,40.539,1130.56,0.02,0.06,0.003,-0.00039,-58.75,0.0,0.09,0.0,4.047,4.216,1.349,-2.698,-2.772,-0.303,188.087,0.6541,1,1,1,3,0.9961,0.0037,point_anomaly,
2020-03-27_1098,2020-03-27,1098,1096,2.5,14.97,2.705,71.0,0.18069,2875.06,40.494,1150.03,0.03,0.06,0.0,-0.00039,-21.4,-0.01,0.0,-0.003,3.822,4.216,0.674,-1.349,-2.977,0.942,168.143,0.6132,1,1,1,3,0.9949,0.0052,point_anomaly,
2020-03-27_1099,2020-03-27,1099,1097,2.5,14.94,2.705,72.0,0.18106,2909.71,40.413,1163.89,0.03,0.01,0.0,0.0,13.25,0.0,-0.03,0.0,3.822,3.71,0.674,0.0,-2.605,2.097,152.008,0.5623,1,1,1,3,0.9898,0.0097,point_anomaly,
2020-03-27_1100,2020-03-27,1100,1098,2.46,14.94,2.7030000000000003,72.0,0.18092,2907.56,40.383,1181.94,0.0,0.01,0.0,0.0,6.32,-0.04,0.0,-0.002,2.923,3.71,0.225,0.0,-2.742,2.025,109.844,0.5566,1,1,1,3,0.9859,0.0157,point_anomaly,
2020-03-27_1102,2020-03-27,1102,1100,2.46,14.910000000000002,2.7,73.0,0.18109,2938.76,40.257,1194.62,0.0,-0.03,0.0,0.00024,31.2,0.0,0.0,-0.003,2.923,3.204,-0.45,1.349,-2.575,3.065,102.653,0.5723,0,1,1,2,0.9801,0.0247,point_anomaly,
2020-03-27_1103,2020-03-27,1103,1101,2.46,14.930000000000001,2.7,71.0,0.18084,2862.08,40.311,1163.45,0.0,-0.01,0.0,0.00013,-47.63,0.0,0.02,0.0,2.923,3.541,-0.45,-1.349,-2.824,0.509,109.771,0.5156,1,1,0,2,0.9719,0.0326,point_anomaly,
2020-03-27_1104,2020-03-27,1104,1102,2.46,14.930000000000001,2.698,71.0,0.18071,2859.96,40.281,1162.59,0.0,-0.01,-0.002,-0.00013,-49.75,0.0,0.0,-0.002,2.923,3.541,-0.899,-1.349,-2.962,0.439,111.158,0.5278,1,1,0,2,0.9755,0.0296,point_anomaly,
2020-03-27_1105,2020-03-27,1105,1103,2.46,14.99,2.698,72.0,0.17999,2911.9,40.443,1183.7,0.0,0.06,-0.002,-0.00086,3.06,0.0,0.06,0.0,2.923,4.553,-0.899,0.0,-3.705,2.17,132.451,0.6132,1,1,1,3,0.9943,0.006,point_anomaly,
2020-03-27_1106,2020-03-27,1106,1104,2.5,14.99,2.697,72.0,0.17992,2910.82,40.428,1164.33,0.01,0.06,-0.003,-0.00092,0.03,0.04,0.0,-0.001,3.822,4.553,-1.124,0.0,-3.773,2.134,179.433,0.6296,1,1,1,3,0.9967,0.0022,point_anomaly,
2020-03-27_1107,2020-03-27,1107,1105,2.5,15.070000000000002,2.697,72.0,0.17896,2926.35,40.644,1170.54,0.01,0.13,-0.003,-0.00188,15.56,0.0,0.08,0.0,3.822,5.902,-1.124,0.0,-4.754,2.651,219.988,0.6656,1,1,1,3,0.9987,0.0007,point_anomaly,
2020-03-27_1108,2020-03-27,1108,1106,2.4899999999999998,15.070000000000002,2.7030000000000003,72.0,0.17936,2932.86,40.734,1177.86,0.0,0.13,0.0,-0.00148,24.02,-0.01,0.0,0.006,3.597,5.902,0.225,0.0,-4.346,2.868,202.397,0.659,1,1,1,3,0.9984,0.0015,point_anomaly,
2020-03-27_1109,2020-03-27,1109,1107,2.4899999999999998,14.930000000000001,2.7030000000000003,72.0,0.18104,2905.62,40.356,1166.91,0.0,-0.01,0.0,0.0,-3.22,0.0,-0.14,0.0,3.597,3.541,0.225,0.0,-2.618,1.96,136.956,0.5599,1,1,1,3,0.9866,0.0135,point_anomaly,
2020-03-27_1110,2020-03-27,1110,1108,2.4899999999999998,14.930000000000001,2.7060000000000004,72.0,0.18125,2908.84,40.401,1168.21,0.0,-0.01,0.003,0.0002,0.0,0.0,0.0,0.003,3.597,3.541,0.899,0.0,-2.411,2.068,136.425,0.542,1,1,0,2,0.9827,0.021,point_anomaly,
2020-03-27_1111,2020-03-27,1111,1109,2.4899999999999998,14.94,2.7060000000000004,72.0,0.18112,2910.79,40.428,1168.99,0.0,0.0,0.003,8e-05,5.17,0.0,0.01,0.0,3.597,3.71,0.899,0.0,-2.536,2.133,140.596,0.5396,1,1,0,2,0.9839,0.0187,point_anomaly,
2020-03-27_1112,2020-03-27,1112,1110,2.48,14.94,2.7089999999999996,71.0,0.18133,2873.54,40.472,1158.69,-0.01,0.0,0.006,0.0002,0.0,-0.01,0.0,0.003,3.372,3.71,1.574,-1.349,-2.33,0.891,132.717,0.5728,1,1,1,3,0.9887,0.0112,point_anomaly,
2020-03-27_1113,2020-03-27,1113,1111,2.48,14.889999999999999,2.7089999999999996,71.0,0.18193,2863.93,40.337,1154.81,-0.01,-0.04,0.006,0.00069,-9.62,0.0,-0.05,0.0,3.372,2.867,1.574,-1.349,-1.704,0.571,113.367,0.5679,0,1,1,2,0.9829,0.0202,point_anomaly,
2020-03-27_1114,2020-03-27,1114,1112,2.5100000000000002,14.889999999999999,2.7030000000000003,71.0,0.18153,2857.58,40.248,1138.48,0.02,-0.04,0.0,0.00021,-11.51,0.03,0.0,-0.006,4.047,2.867,0.225,-1.349,-2.118,0.359,145.509,0.5781,1,1,1,3,0.9917,0.009,point_anomaly,
2020-03-27_1115,2020-03-27,1115,1113,2.5100000000000002,14.950000000000001,2.7030000000000003,71.0,0.1808,2869.1,40.41,1143.07,0.02,0.06,0.0,-0.00073,5.17,0.0,0.06,0.0,4.047,3.878,0.225,-1.349,-2.867,0.743,171.72,0.5973,1,1,1,3,0.9935,0.0075,point_anomaly,
2020-03-27_1116,2020-03-27,1116,1114,2.44,14.950000000000001,2.696,71.0,0.18033,2861.67,40.305,1172.82,-0.04,0.06,-0.006,-0.0016,0.0,-0.07,0.0,-0.007,2.473,3.878,-1.349,-1.349,-3.348,0.496,101.336,0.6679,1,1,1,3,0.9924,0.0082,point_anomaly,
2020-03-27_1118,2020-03-27,1118,1116,2.4899999999999998,14.74,2.702,73.0,0.18331,2907.41,39.827,1167.63,0.01,0.0,0.004,0.00016,46.02,0.05,0.0,0.006,3.597,0.337,0.0,1.349,-0.29,2.02,74.652,0.5557,1,1,1,3,0.9819,0.0225,point_anomaly,
2020-03-27_1119,2020-03-27,1119,1117,2.4899999999999998,14.729999999999999,2.702,71.0,0.18344,2825.83,39.8,1134.87,0.01,0.0,0.004,0.00027,-35.38,0.0,-0.01,0.0,3.597,0.169,0.0,-1.349,-0.162,-0.699,72.015,0.4484,1,1,0,2,0.9123,0.09,point_anomaly,
2020-03-27_1126,2020-03-27,1126,1124,2.52,14.729999999999999,2.705,72.0,0.18364,2868.81,39.845,1138.42,0.03,0.0,0.001,0.00012,4.42,0.06,0.0,0.001,4.272,0.169,0.674,0.0,0.047,0.734,95.113,0.5024,0,0,0,0,,,drift_segment,2020-03-27_S03
2020-03-27_1127,2020-03-27,1127,1125,2.52,14.74,2.705,72.0,0.18351,2870.76,39.872,1139.19,0.03,0.01,0.001,0.0,6.37,0.0,0.01,0.0,4.272,0.337,0.674,0.0,-0.081,0.799,98.212,0.4572,0,0,0,0,,,drift_segment,2020-03-27_S03
2020-03-27_1128,2020-03-27,1128,1126,2.4899999999999998,14.74,2.7060000000000004,71.0,0.18358,2831.94,39.886,1137.32,0.0,0.01,0.002,7e-05,-32.46,-0.03,0.0,0.001,3.597,0.337,0.899,-1.349,-0.011,-0.495,74.017,0.468,0,0,0,0,,,drift_segment,2020-03-27_S03
2020-03-27_1129,2020-03-27,1129,1127,2.4899999999999998,14.74,2.7060000000000004,72.0,0.18358,2871.82,39.886,1153.34,0.0,0.0,0.002,7e-05,10.43,0.0,0.0,0.0,3.597,0.337,0.899,0.0,-0.011,0.834,71.559,0.4224,0,0,0,0,,,drift_segment,2020-03-27_S03
2020-03-27_1130,2020-03-27,1130,1128,2.4899999999999998,14.74,2.699,72.0,0.18311,2864.39,39.783,1150.36,0.0,0.0,0.0,-0.00012,0.0,0.0,0.0,-0.007,3.597,0.337,-0.674,0.0,-0.499,0.586,73.785,0.452,0,0,0,0,,,drift_segment,2020-03-27_S03
2020-03-27_1131,2020-03-27,1131,1129,2.4899999999999998,14.729999999999999,2.699,71.0,0.18323,2822.7,39.756,1133.61,0.0,-0.01,0.0,7e-05,-41.7,0.0,-0.01,0.0,3.597,0.169,-0.674,-1.349,-0.372,-0.803,73.606,0.432,0,0,0,0,,,drift_segment,2020-03-27_S03
2020-03-27_1132,2020-03-27,1132,1130,2.5,14.729999999999999,2.698,72.0,0.18316,2861.39,39.742,1144.56,0.01,-0.01,-0.001,0.0,-3.0,0.01,0.0,-0.001,3.822,0.169,-0.899,0.0,-0.441,0.486,80.248,0.4367,0,0,0,0,,,drift_segment,2020-03-27_S03
2020-03-27_1133,2020-03-27,1133,1131,2.5,14.74,2.698,70.0,0.18304,2783.8,39.769,1113.52,0.01,0.0,-0.001,-7e-05,-77.59,0.0,0.01,0.0,3.822,0.337,-0.899,-2.698,-0.569,-2.1,93.215,0.5142,0,0,0,0,,,drift_segment,2020-03-27_S03
2020-03-27_1134,2020-03-27,1134,1132,2.48,14.74,2.694,71.0,0.18277,2819.38,39.71,1136.85,-0.01,0.0,-0.004,-0.00027,-42.01,-0.02,0.0,-0.004,3.372,0.337,-1.799,-1.349,-0.848,-0.914,72.796,0.5136,0,0,0,0,,,drift_segment,2020-03-27_S03
2020-03-27_1135,2020-03-27,1135,1133,2.48,14.770000000000001,2.694,72.0,0.1824,2864.91,39.79,1155.2,-0.01,0.03,-0.004,-0.00047,42.21,0.0,0.03,0.0,3.372,0.843,-1.799,0.0,-1.229,0.603,78.445,0.5009,0,0,0,0,,,drift_segment,2020-03-27_S03
2020-03-27_1136,2020-03-27,1136,1134,2.48,14.770000000000001,2.701,72.0,0.18287,2872.35,39.894,1158.21,-0.01,0.03,0.007,0.0001,52.97,0.0,0.0,0.007,3.372,0.843,-0.225,0.0,-0.742,0.852,72.645,0.5244,0,0,0,0,,,drift_segment,2020-03-27_S03
2020-03-27_1137,2020-03-27,1137,1135,2.48,14.74,2.701,72.0,0.18324,2866.52,39.813,1155.85,-0.01,0.0,0.007,0.00085,82.72,0.0,-0.03,0.0,3.372,0.337,-0.225,0.0,-0.36,0.657,64.606,0.4742,0,0,0,0,,,drift_segment,2020-03-27_S03
2020-03-27_1138,2020-03-27,1138,1136,2.4899999999999998,14.74,2.542,73.0,0.17246,2735.24,37.469,1098.49,0.0,0.0,0.0,-0.00012,0.0,0.01,0.0,-0.159,3.597,0.337,-35.973,1.349,-11.441,-3.718,1468.11,0.6147,0,0,0,0,,,drift_segment,2020-03-27_S03
2020-03-27_1139,2020-03-27,1139,1137,2.4899999999999998,14.729999999999999,2.542,71.0,0.17257,2658.5,37.444,1067.67,0.0,-0.02,0.0,0.00012,0.0,0.0,-0.01,0.0,3.597,0.169,-35.973,-1.349,-11.32,-6.276,1467.265,0.5666,0,0,0,0,,,drift_segment,2020-03-27_S03
2020-03-27_1140,2020-03-27,1140,1138,2.4899999999999998,14.729999999999999,2.481,71.0,0.16843,2594.7,36.545,1042.05,0.0,-0.02,0.0,0.0,-40.12,0.0,0.0,-0.061,3.597,0.169,-49.688,-1.349,-15.575,-8.402,2702.442,0.6177,0,0,0,0,,,drift_segment,2020-03-27_S03
2020-03-27_1141,2020-03-27,1141,1139,2.4899999999999998,14.750000000000002,2.481,72.0,0.1682,2634.82,36.595,1058.16,0.0,0.0,0.0,0.0,2.09,0.0,0.02,0.0,3.597,0.506,-49.688,0.0,-15.809,-7.065,2705.325,0.5565,0,0,0,0,,,drift_segment,2020-03-27_S03
2020-03-27_1142,2020-03-27,1142,1140,10.540000000000001,14.750000000000002,2.476,72.0,0.16786,2629.51,36.521,249.48,1.47,0.0,0.0,0.0,-1.78,8.05,0.0,-0.005,184.588,0.506,-50.812,0.0,-16.157,-7.242,167042.471,0.6547,0,0,0,0,,,drift_segment,2020-03-27_S03
2020-03-27_1143,2020-03-27,1143,1141,10.540000000000001,14.76,2.476,72.0,0.16775,2631.29,36.546,249.65,1.47,0.01,0.0,0.0,1.78,0.0,0.01,0.0,184.588,0.674,-50.812,0.0,-16.274,-7.183,167163.912,0.6074,0,0,0,0,,,drift_segment,2020-03-27_S03
2020-03-27_1144,2020-03-27,1144,1142,9.27,14.76,2.474,72.0,0.16762,2629.17,36.516,283.62,0.2,0.01,0.0,0.0,0.0,-1.27,0.0,-0.002,156.034,0.674,-51.262,0.0,-16.413,-7.254,120912.92,0.6541,0,0,0,0,,,drift_segment,2020-03-27_S03
2020-03-27_1145,2020-03-27,1145,1143,9.27,14.78,2.474,72.0,0.16739,2632.73,36.566,284.01,0.2,0.02,0.0,0.0,6.38,0.0,0.02,0.0,156.034,1.012,-51.262,0.0,-16.646,-7.135,121118.872,0.6179,0,0,0,0,,,drift_segment,2020-03-27_S03
2020-03-27_1146,2020-03-27,1146,1144,9.07,14.78,2.468,72.0,0.16698,2626.35,36.477,289.56,0.0,0.02,0.0,-0.00034,0.0,-0.2,0.0,-0.006,151.538,1.012,-52.611,0.0,-17.063,-7.348,114745.078,0.6394,0,0,0,0,,,drift_segment,2020-03-27_S03
2020-03-27_1147,2020-03-27,1147,1145,9.07,14.750000000000002,2.468,72.0,0.16732,2621.02,36.403,288.98,0.0,-0.03,0.0,0.0,-1.78,0.0,-0.03,0.0,151.538,0.506,-52.611,0.0,-16.715,-7.525,114444.981,0.5803,0,0,0,0,,,drift_segment,2020-03-27_S03
2020-03-27_1148,2020-03-27,1148,1146,9.01,14.750000000000002,2.464,71.0,0.16705,2580.42,36.344,286.4,-0.04,-0.03,-0.004,-0.00027,-42.37,-0.06,0.0,-0.004,150.189,0.506,-53.51,-1.349,-16.993,-8.878,112716.487,0.6614,0,0,0,0,,,drift_segment,2020-03-27_S03
2020-03-27_1149,2020-03-27,1149,1147,9.01,14.83,2.464,71.0,0.16615,2594.42,36.541,287.95,-0.04,0.03,-0.004,-0.00117,-28.38,0.0,0.08,0.0,150.189,1.855,-53.51,-1.349,-17.919,-8.412,113511.408,0.6513,0,0,0,0,,,drift_segment,2020-03-27_S03
2020-03-27_1150,2020-03-27,1150,1148,9.05,14.83,2.467,71.0,0.16635,2597.58,36.586,287.03,0.01,0.03,-0.001,-0.00097,-25.22,0.04,0.0,0.003,151.088,1.855,-52.836,-1.349,-17.711,-8.307,114692.445,0.633,0,0,0,0,,,drift_segment,2020-03-27_S03
2020-03-27_1151,2020-03-27,1151,1149,9.05,14.799999999999999,2.467,71.0,0.16669,2592.32,36.512,286.44,0.01,0.0,-0.001,-0.00063,-30.47,0.0,-0.03,0.0,151.088,1.349,-52.836,-1.349,-17.365,-8.482,114392.058,0.5927,0,0,0,0,,,drift_segment,2020-03-27_S03
2020-03-27_1152,2020-03-27,1152,1150,9.040000000000001,14.799999999999999,2.496,71.0,0.16865,2622.8,36.941,290.13,0.03,0.0,0.0,0.0,0.0,-0.01,0.0,0.029,150.863,1.349,-46.316,-1.349,-15.352,-7.466,112978.44,0.6393,0,0,0,0,,,drift_segment,2020-03-27_S03
2020-03-27_1153,2020-03-27,1153,1151,9.040000000000001,14.799999999999999,2.496,72.0,0.16865,2659.74,36.941,294.22,0.03,0.0,0.0,0.0,0.0,0.0,0.0,0.0,150.863,1.349,-46.316,0.0,-15.352,-6.235,112920.205,0.5801,0,0,0,0,,,drift_segment,2020-03-27_S03
2020-03-27_1154,2020-03-27,1154,1152,8.98,14.799999999999999,2.54,73.0,0.17162,2744.22,37.592,305.59,0.0,0.0,0.0,0.0,75.18,-0.06,0.0,0.044,149.514,1.349,-36.423,1.349,-12.298,-3.419,109454.265,0.6607,0,0,0,0,,,drift_segment,2020-03-27_S03
2020-03-27_1155,2020-03-27,1155,1153,8.98,14.799999999999999,2.54,71.0,0.17162,2669.03,37.592,297.22,0.0,0.0,0.0,0.0,-70.15,0.0,0.0,0.0,149.514,1.349,-36.423,-1.349,-12.298,-5.925,109564.156,0.5769,0,0,0,0,,,drift_segment,2020-03-27_S03
2020-03-27_1156,2020-03-27,1156,1154,8.95,14.799999999999999,2.605,72.0,0.17601,2775.89,38.554,310.16,0.0,0.0,0.0,0.00012,31.67,-0.03,0.0,0.065,148.84,1.349,-21.809,0.0,-7.786,-2.364,106738.383,0.6304,0,0,0,0,,,drift_segment,2020-03-27_S03
2020-03-27_1157,2020-03-27,1157,1155,8.95,14.81,2.605,71.0,0.17589,2739.18,38.58,306.05,0.0,0.01,0.0,-0.00012,-36.7,0.0,0.01,0.0,148.84,1.518,-21.809,-1.349,-7.908,-3.587,106893.165,0.5857,0,0,0,0,,,drift_segment,2020-03-27_S03
2020-03-27_1158,2020-03-27,1158,1156,8.790000000000001,14.81,2.673,72.0,0.18049,2850.27,39.587,324.26,0.0,0.01,0.0,0.0,0.0,-0.16,0.0,0.068,145.242,1.518,-6.52,0.0,-3.192,0.116,100418.889,0.6224,0,0,0,0,,,drift_segment,2020-03-27_S03
2020-03-27_1159,2020-03-27,1159,1157,8.790000000000001,14.799999999999999,2.673,73.0,0.18061,2887.91,39.56,328.54,0.0,0.0,0.0,0.0,29.73,0.0,-0.01,0.0,145.242,1.349,-6.52,1.349,-3.066,1.37,100273.46,0.5508,0,0,0,0,,,drift_segment,2020-03-27_S03
2020-03-27_1160,2020-03-27,1160,1158,8.58,14.799999999999999,2.72,71.0,0.18378,2858.18,40.256,333.12,0.0,0.0,0.0,0.0,-29.73,-0.21,0.0,0.047,140.521,1.349,4.047,-1.349,0.196,0.379,93343.444,0.608,0,0,0,0,,,drift_segment,2020-03-27_S03
2020-03-27_1161,2020-03-27,1161,1159,8.58,14.78,2.72,72.0,0.18403,2894.52,40.202,337.36,0.0,-0.03,0.0,0.0,0.0,0.0,-0.02,0.0,140.521,1.012,4.047,0.0,0.451,1.59,93106.369,0.5276,0,0,0,0,,,drift_segment,2020-03-27_S03
2020-03-27_1162,2020-03-27,1162,1160,8.25,14.78,2.745,72.0,0.18572,2921.12,40.571,354.08,0.0,-0.03,0.0,0.00038,0.0,-0.33,0.0,0.025,133.101,1.012,9.668,0.0,2.189,2.477,83321.619,0.6421,0,0,0,0,,,drift_segment,2020-03-27_S03
2020-03-27_1163,2020-03-27,1163,1161,8.25,14.81,2.745,72.0,0.18535,2927.05,40.653,354.79,0.0,0.0,0.0,0.0,5.93,0.0,0.03,0.0,133.101,1.518,9.668,0.0,1.802,2.675,83583.426,0.548,0,0,0,0,,,drift_segment,2020-03-27_S03
2020-03-27_1164,2020-03-27,1164,1162,7.92,14.81,2.7510000000000003,72.0,0.18575,2933.45,40.742,370.38,0.0,0.0,0.003,0.00038,12.33,-0.33,0.0,0.006,125.682,1.518,11.017,0.0,2.218,2.888,74515.037,0.6163,0,0,0,0,,,drift_segment,2020-03-27_S03
2020-03-27_1165,2020-03-27,1165,1163,7.92,14.840000000000002,2.7510000000000003,72.0,0.18538,2939.39,40.825,371.13,0.0,0.03,0.003,0.0,16.61,0.0,0.03,0.0,125.682,2.024,11.017,0.0,1.833,3.086,74762.973,0.5789,0,0,0,0,,,drift_segment,2020-03-27_S03
2020-03-27_1166,2020-03-27,1166,1164,7.609999999999999,14.840000000000002,2.7560000000000002,72.0,0.18571,2944.73,40.899,386.96,0.0,0.03,0.008,0.00034,21.95,-0.31,0.0,0.005,118.712,2.024,12.141,0.0,2.179,3.264,66715.495,0.642,0,0,0,0,,,drift_segment,2020-03-27_S03
2020-03-27_1167,2020-03-27,1167,1165,7.609999999999999,14.83,2.7560000000000002,72.0,0.18584,2942.75,40.871,386.69,0.0,0.02,0.008,0.00046,15.7,0.0,-0.01,0.0,118.712,1.855,12.141,0.0,2.307,3.198,66637.328,0.5901,0,0,0,0,,,drift_segment,2020-03-27_S03
2020-03-27_1168,2020-03-27,1168,1166,7.33,14.83,2.748,71.0,0.1853,2893.45,40.753,394.74,0.0,0.02,0.0,-5e-05,-33.6,-0.28,0.0,-0.008,112.417,1.855,10.342,-1.349,1.753,1.555,59881.975,0.6075,0,0,0,0,,,drift_segment,2020-03-27_S03
2020-03-27_1169,2020-03-27,1169,1167,7.33,14.81,2.748,71.0,0.18555,2889.55,40.698,394.21,0.0,-0.02,0.0,0.00025,-34.71,0.0,-0.02,0.0,112.417,1.518,10.342,-1.349,2.01,1.425,59733.993,0.5428,0,0,0,0,,,drift_segment,2020-03-27_S03
2020-03-27_1170,2020-03-27,1170,1168,7.18,14.81,2.741,72.0,0.18508,2922.78,40.594,407.07,0.0,-0.02,0.0,0.0,0.0,-0.15,0.0,-0.007,109.044,1.518,8.768,0.0,1.525,2.532,56223.262,0.6097,0,0,0,0,,,drift_segment,2020-03-27_S03
2020-03-27_1171,2020-03-27,1171,1169,7.18,14.81,2.741,71.0,0.18508,2882.19,40.594,401.42,0.0,-0.02,0.0,0.0,-34.59,0.0,0.0,0.0,109.044,1.518,8.768,-1.349,1.525,1.179,56264.309,0.5206,0,0,0,0,,,drift_segment,2020-03-27_S03
2020-03-27_1172,2020-03-27,1172,1170,7.05,14.81,2.735,73.0,0.18467,2956.89,40.505,419.42,0.0,-0.02,0.0,0.0,42.08,-0.13,0.0,-0.006,106.121,1.518,7.419,1.349,1.109,3.669,53268.414,0.6262,0,0,0,0,,,drift_segment,2020-03-27_S03
2020-03-27_1173,2020-03-27,1173,1171,7.05,14.85,2.735,72.0,0.18418,2924.26,40.615,414.79,0.0,0.03,0.0,0.0,18.0,0.0,0.04,0.0,106.121,2.192,7.419,0.0,0.598,2.582,53583.527,0.5634,0,0,0,0,,,drift_segment,2020-03-27_S03
2020-03-27_1174,2020-03-27,1174,1172,7.0,14.85,2.728,72.0,0.1837,2916.78,40.511,416.68,0.0,0.03,0.0,-0.00012,10.51,-0.05,0.0,-0.007,104.997,2.192,5.846,0.0,0.113,2.332,52512.797,0.6035,0,0,0,0,,,drift_segment,2020-03-27_S03
2020-03-27_1175,2020-03-27,1175,1173,7.0,14.840000000000002,2.728,72.0,0.18383,2914.81,40.484,416.4,0.0,0.01,0.0,0.00012,8.55,0.0,-0.01,0.0,104.997,2.024,5.846,0.0,0.241,2.267,52443.382,0.5318,0,0,0,0,,,drift_segment,2020-03-27_S03
2020-03-27_1176,2020-03-27,1176,1174,6.93,14.840000000000002,2.72,72.0,0.18329,2906.27,40.365,419.37,0.0,0.01,0.0,-0.00025,3.92,-0.07,0.0,-0.008,103.423,2.024,4.047,0.0,-0.313,1.982,50956.532,0.5928,0,0,0,0,,,drift_segment,2020-03-27_S03
2020-03-27_1177,2020-03-27,1177,1175,6.93,14.820000000000002,2.72,72.0,0.18354,2902.35,40.31,418.81,0.0,-0.02,0.0,0.00025,0.0,0.0,-0.02,0.0,103.423,1.686,4.047,0.0,-0.059,1.851,50819.921,0.5288,0,0,0,0,,,drift_segment,2020-03-27_S03
2020-03-27_1178,2020-03-27,1178,1176,6.890000000000001,14.820000000000002,2.707,72.0,0.18266,2888.48,40.118,419.23,0.0,-0.02,0.0,0.0,-1.95,-0.04,0.0,-0.013,102.524,1.686,1.124,0.0,-0.96,1.389,50059.077,0.5447,0,0,0,0,,,drift_segment,2020-03-27_S03
2020-03-27_1179,2020-03-27,1179,1177,6.890000000000001,14.83,2.707,72.0,0.18254,2890.43,40.145,419.51,0.0,0.0,0.0,0.0,1.95,0.0,0.01,0.0,102.524,1.855,1.124,0.0,-1.087,1.454,50126.805,0.4625,0,0,0,0,,,drift_segment,2020-03-27_S03
2020-03-27_1180,2020-03-27,1180,1178,6.890000000000001,14.83,2.699,72.0,0.182,2881.88,40.026,418.27,0.0,0.0,0.0,0.0,0.0,0.0,0.0,-0.008,102.524,1.855,-0.674,0.0,-1.641,1.169,50205.168,0.4971,0,0,0,0,,,drift_segment,2020-03-27_S03
2020-03-27_1181,2020-03-27,1181,1179,6.65,14.85,2.694,72.0,0.18141,2880.42,40.006,433.15,-0.13,0.02,0.0,0.0,0.0,-0.24,0.02,-0.005,97.128,2.192,-1.799,0.0,-2.238,1.121,45285.147,0.6271,0,0,0,0,,,drift_segment,2020-03-27_S03
2020-03-27_1182,2020-03-27,1182,1180,6.68,14.85,2.685,71.0,0.18081,2830.93,39.872,423.79,-0.06,0.02,0.0,0.0,-44.65,0.03,0.0,-0.009,97.802,2.192,-3.822,-1.349,-2.861,-0.529,46042.914,0.6375,0,0,0,0,,,drift_segment,2020-03-27_S03
2020-03-27_1183,2020-03-27,1183,1181,6.7,14.83,2.677,71.0,0.18051,2818.69,39.7,420.7,-0.02,0.0,0.0,0.0,-32.23,0.02,-0.02,-0.008,98.252,1.855,-5.621,-1.349,-3.165,-0.937,46424.775,0.6008,0,0,0,0,,,drift_segment,2020-03-27_S03
2020-03-27_1184,2020-03-27,1184,1182,6.74,14.83,2.67,72.0,0.18004,2850.92,39.596,422.99,0.04,0.0,0.0,0.0,11.82,0.04,0.0,-0.007,99.151,1.855,-7.195,0.0,-3.65,0.137,47317.237,0.612,0,0,0,0,,,drift_segment,2020-03-27_S03
2020-03-27_1185,2020-03-27,1185,1183,6.720000000000001,14.820000000000002,2.6630000000000003,71.0,0.17969,2802.06,39.466,416.97,0.04,-0.03,0.0,0.0,-37.04,-0.02,-0.01,-0.007,98.702,1.686,-8.768,-1.349,-4.01,-1.491,46959.98,0.6432,0,0,0,0,,,drift_segment,2020-03-27_S03
2020-03-27_1186,2020-03-27,1186,1184,6.779999999999999,14.820000000000002,2.658,73.0,0.17935,2875.58,39.392,424.13,0.13,-0.03,0.0,0.0,36.48,0.06,0.0,-0.005,100.051,1.686,-9.893,1.349,-4.357,0.959,48231.41,0.6612,0,0,0,0,,,drift_segment,2020-03-27_S03
2020-03-27_1187,2020-03-27,1187,1185,6.58,14.85,2.65,72.0,0.17845,2833.38,39.352,430.6,-0.06,0.0,-0.007,0.0,0.0,-0.2,0.03,-0.008,95.554,2.192,-11.691,0.0,-5.282,-0.447,44390.858,0.678,0,0,0,0,,,drift_segment,2020-03-27_S03
2020-03-27_1188,2020-03-27,1188,1186,6.609999999999999,14.85,2.648,72.0,0.17832,2831.24,39.323,428.33,-0.03,0.0,-0.007,0.0,-7.86,0.03,0.0,-0.002,96.229,2.192,-12.141,0.0,-5.42,-0.519,45037.013,0.6092,0,0,0,0,,,drift_segment,2020-03-27_S03
2020-03-27_1189,2020-03-27,1189,1187,6.56,14.88,2.65,72.0,0.17809,2839.1,39.432,432.79,-0.08,0.0,-0.005,-7e-05,-1.07,-0.05,0.03,0.002,95.104,2.698,-11.691,0.0,-5.652,-0.257,44172.45,0.6422,0,0,0,0,,,drift_segment,2020-03-27_S03
2020-03-27_1190,2020-03-27,1190,1188,6.57,14.88,2.6510000000000002,72.0,0.17816,2840.18,39.447,432.29,-0.07,0.0,-0.003,7e-05,1.07,0.01,0.0,0.001,95.329,2.698,-11.466,0.0,-5.583,-0.221,44362.365,0.591,0,0,0,0,,,drift_segment,2020-03-27_S03
2020-03-27_1191,2020-03-27,1191,1189,6.640000000000001,14.97,2.654,72.0,0.17729,2860.59,39.73,430.81,0.01,0.06,0.001,-0.00065,20.41,0.07,0.09,0.003,96.903,4.216,-10.792,0.0,-6.477,0.46,46348.606,0.6724,0,0,0,0,,,drift_segment,2020-03-27_S03
2020-03-27_1192,2020-03-27,1192,1190,6.63,14.97,2.657,71.0,0.17749,2824.05,39.775,425.95,0.0,0.06,0.005,-0.00038,-15.06,-0.01,0.0,0.003,96.678,4.216,-10.117,-1.349,-6.271,-0.758,46134.058,0.6586,0,0,0,0,,,drift_segment,2020-03-27_S03
2020-03-27_1193,2020-03-27,1193,1191,6.67,14.94,2.655,72.0,0.17771,2855.93,39.666,428.18,0.03,0.01,0.002,-7e-05,16.83,0.04,-0.03,-0.002,97.578,3.71,-10.567,0.0,-6.043,0.304,46767.168,0.6307,0,0,0,0,,,drift_segment,2020-03-27_S03
2020-03-27_1194,2020-03-27,1194,1192,6.7299999999999995,14.94,2.656,72.0,0.17778,2857.01,39.681,424.52,0.09,0.01,0.002,1e-05,16.83,0.06,0.0,0.001,98.927,3.71,-10.342,0.0,-5.974,0.34,48022.815,0.6495,0,0,0,0,,,drift_segment,2020-03-27_S03
2020-03-27_1195,2020-03-27,1195,1193,6.7,14.910000000000002,2.6519999999999997,71.0,0.17787,2807.43,39.541,419.02,0.03,-0.03,-0.002,0.00016,-40.61,-0.03,-0.03,-0.004,98.252,3.204,-11.242,-1.349,-5.882,-1.312,47283.95,0.6515,0,0,0,0,,,drift_segment,2020-03-27_S03
2020-03-27_1196,2020-03-27,1196,1194,6.63,14.910000000000002,2.653,72.0,0.17793,2848.05,39.556,429.57,-0.04,-0.03,-0.001,0.00045,-7.88,-0.07,0.0,0.001,96.678,3.204,-11.017,0.0,-5.813,0.042,45764.068,0.6385,0,0,0,0,,,drift_segment,2020-03-27_S03
2020-03-27_1197,2020-03-27,1197,1195,6.640000000000001,14.930000000000001,2.6430000000000002,70.0,0.17703,2762.2,39.46,415.99,-0.06,-0.01,-0.011,-0.00046,-85.85,0.01,0.02,-0.01,96.903,3.541,-13.265,-2.698,-6.746,-2.82,46332.252,0.7043,0,0,0,0,,,drift_segment,2020-03-27_S03
2020-03-27_1198,2020-03-27,1198,1196,6.67,14.930000000000001,2.654,71.0,0.17776,2813.32,39.624,421.79,-0.03,-0.01,0.0,5e-05,-39.62,0.03,0.0,0.011,97.578,3.541,-10.792,-1.349,-5.989,-1.116,46753.615,0.646,0,0,0,0,,,drift_segment,2020-03-27_S03
2020-03-27_1199,2020-03-27,1199,1197,6.7,14.99,2.654,72.0,0.17705,2864.41,39.783,427.52,-0.03,0.06,0.0,-0.00038,16.36,0.03,0.06,0.0,98.252,4.553,-10.792,0.0,-6.72,0.587,47745.554,0.6606,0,0,0,0,,,drift_segment,2020-03-27_S03
2020-03-27_1200,2020-03-27,1200,1198,6.74,14.99,2.655,72.0,0.17712,2865.49,39.798,425.15,0.0,0.06,0.002,-0.00012,17.92,0.04,0.0,0.001,99.151,4.553,-10.567,0.0,-6.652,0.623,48584.498,0.6347,0,0,0,0,,,drift_segment,2020-03-27_S03
2020-03-27_1201,2020-03-27,1201,1199,6.82,15.070000000000002,2.656,72.0,0.17624,2881.87,40.026,422.56,0.08,0.13,0.003,-0.001,33.82,0.08,0.08,0.001,100.95,5.902,-10.342,0.0,-7.549,1.169,50846.992,0.7228,0,0,0,0,,,drift_segment,2020-03-27_S03
2020-03-27_1202,2020-03-27,1202,1200,6.74,15.070000000000002,2.653,71.0,0.17605,2838.63,39.981,421.16,-0.04,0.13,0.0,-0.0012,-8.94,-0.08,0.0,-0.003,99.151,5.902,-11.017,-1.349,-7.754,-0.272,49190.258,0.7017,0,0,0,0,,,drift_segment,2020-03-27_S03
2020-03-27_1203,2020-03-27,1203,1201,6.779999999999999,14.930000000000001,2.654,72.0,0.17776,2852.94,39.624,420.79,-0.04,-0.01,0.0,0.00033,5.37,0.04,-0.14,0.001,100.051,3.541,-10.792,0.0,-5.989,0.205,49056.219,0.6474,0,0,0,0,,,drift_segment,2020-03-27_S03
2020-03-27_1204,2020-03-27,1204,1202,6.909999999999999,14.930000000000001,2.6489999999999996,72.0,0.17743,2847.57,39.55,412.09,0.06,-0.01,-0.004,4e-05,-4.06,0.13,0.0,-0.005,102.974,3.541,-11.916,0.0,-6.333,0.026,51972.027,0.6654,0,0,0,0,,,drift_segment,2020-03-27_S03
2020-03-27_1205,2020-03-27,1205,1203,6.9,14.94,2.648,71.0,0.17724,2808.84,39.561,407.08,0.05,0.0,-0.005,-0.00019,-42.79,-0.01,0.01,-0.001,102.749,3.71,-12.141,-1.349,-6.524,-1.265,51874.617,0.6402,0,0,0,0,,,drift_segment,2020-03-27_S03
2020-03-27_1206,2020-03-27,1206,1204,6.94,14.94,2.6510000000000002,72.0,0.17744,2851.63,39.606,410.9,0.09,0.0,-0.002,0.0,4.06,0.04,0.0,0.003,103.648,3.71,-11.466,0.0,-6.318,0.161,52677.566,0.6441,0,0,0,0,,,drift_segment,2020-03-27_S03
2020-03-27_1207,2020-03-27,1207,1205,6.92,14.889999999999999,2.6519999999999997,70.0,0.17811,2764.18,39.488,399.45,0.07,-0.04,0.0,0.00058,-83.39,-0.02,-0.05,0.001,103.198,2.867,-11.242,-2.698,-5.637,-2.754,51955.887,0.6954,0,0,0,0,,,drift_segment,2020-03-27_S03
2020-03-27_1208,2020-03-27,1208,1206,6.88,14.889999999999999,2.654,71.0,0.17824,2805.78,39.518,407.82,0.03,-0.04,0.002,0.00048,-41.79,-0.04,0.0,0.002,102.299,2.867,-10.792,-1.349,-5.499,-1.367,50999.001,0.6469,0,0,0,0,,,drift_segment,2020-03-27_S03
2020-03-27_1209,2020-03-27,1209,1207,6.85,14.950000000000001,2.6519999999999997,72.0,0.17739,2854.61,39.647,416.73,0.0,0.06,0.0,-0.00071,36.91,-0.03,0.06,-0.002,101.625,3.878,-11.242,0.0,-6.371,0.26,50741.611,0.6487,0,0,0,0,,,drift_segment,2020-03-27_S03
2020-03-27_1210,2020-03-27,1210,1208,6.85,14.950000000000001,2.654,72.0,0.17753,2856.77,39.677,417.05,0.0,0.06,0.002,-0.00072,43.53,0.0,0.0,0.002,101.625,3.878,-10.792,0.0,-6.233,0.332,50711.674,0.6098,0,0,0,0,,,drift_segment,2020-03-27_S03
2020-03-27_1211,2020-03-27,1211,1209,6.83,14.74,2.655,72.0,0.18012,2817.7,39.135,412.55,-0.02,-0.01,0.003,0.00053,4.46,-0.02,-0.21,0.001,101.175,0.337,-10.567,0.0,-3.566,-0.97,48848.995,0.6124,0,0,0,0,,,drift_segment,2020-03-27_S03
2020-03-27_1212,2020-03-27,1212,1210,6.840000000000001,14.74,2.6519999999999997,73.0,0.17992,2853.61,39.09,417.19,-0.01,-0.01,0.0,0.00033,40.37,0.01,0.0,-0.003,101.4,0.337,-11.242,1.349,-3.775,0.227,49074.701,0.5646,0,0,0,0,,,drift_segment,2020-03-27_S03
2020-03-27_1213,2020-03-27,1213,1211,6.83,14.729999999999999,2.6519999999999997,71.0,0.18004,2773.54,39.064,406.08,-0.02,-0.02,0.0,0.00045,-39.7,-0.01,-0.01,0.0,101.175,0.169,-11.242,-1.349,-3.649,-2.442,48865.774,0.5851,0,0,0,0,,,drift_segment,2020-03-27_S03
2020-03-27_1214,2020-03-27,1214,1212,6.83,14.729999999999999,2.65,71.0,0.1799,2771.45,39.034,405.78,-0.02,-0.02,-0.002,0.00031,-45.82,0.0,0.0,-0.002,101.175,0.169,-11.691,-1.349,-3.789,-2.511,48895.899,0.5926,0,0,0,0,,,drift_segment,2020-03-27_S03
2020-03-27_1215,2020-03-27,1215,1213,7.0200000000000005,14.750000000000002,2.6489999999999996,72.0,0.17959,2813.24,39.073,400.75,0.11,0.0,-0.002,0.0,-4.03,0.19,0.02,-0.001,105.447,0.506,-11.916,0.0,-4.109,-1.119,53179.346,0.6349,0,0,0,0,,,drift_segment,2020-03-27_S03
2020-03-27_1216,2020-03-27,1216,1214,7.01,14.750000000000002,2.6489999999999996,72.0,0.17959,2813.24,39.073,401.32,0.07,0.0,-0.001,0.0,0.0,-0.01,0.0,0.0,105.222,0.506,-11.916,0.0,-4.109,-1.119,52955.388,0.5801,0,0,0,0,,,drift_segment,2020-03-27_S03
2020-03-27_1217,2020-03-27,1217,1215,7.029999999999999,14.76,2.6430000000000002,72.0,0.17907,2808.77,39.011,399.54,0.08,0.01,-0.006,-0.00053,-4.47,0.02,0.01,-0.006,105.672,0.674,-13.265,0.0,-4.652,-1.268,53569.349,0.6411,0,0,0,0,,,drift_segment,2020-03-27_S03
2020-03-27_1218,2020-03-27,1218,1216,6.970000000000001,14.76,2.6510000000000002,72.0,0.17961,2817.27,39.129,404.2,0.0,0.01,0.002,0.00018,8.5,-0.06,0.0,0.008,104.323,0.674,-11.466,0.0,-4.095,-0.984,52101.925,0.6133,0,0,0,0,,,drift_segment,2020-03-27_S03
2020-03-27_1219,2020-03-27,1219,1217,6.94,14.78,2.6519999999999997,72.0,0.17943,2822.15,39.197,406.65,-0.04,0.02,0.003,0.0002,13.38,-0.03,0.02,0.001,103.648,1.012,-11.242,0.0,-4.275,-0.822,51559.5,0.622,0,0,0,0,,,drift_segment,2020-03-27_S03
2020-03-27_1220,2020-03-27,1220,1218,6.909999999999999,14.78,2.6489999999999996,72.0,0.17923,2818.96,39.152,407.95,-0.07,0.02,0.0,0.0,10.19,-0.03,0.0,-0.003,102.974,1.012,-11.916,0.0,-4.483,-0.928,50945.191,0.6123,0,0,0,0,,,drift_segment,2020-03-27_S03
2020-03-27_1221,2020-03-27,1221,1219,6.95,14.750000000000002,2.6430000000000002,72.0,0.17919,2806.87,38.984,403.87,-0.02,-0.03,-0.008,-4e-05,0.0,0.04,-0.03,-0.006,103.873,0.506,-13.265,0.0,-4.527,-1.331,51716.649,0.6352,0,0,0,0,,,drift_segment,2020-03-27_S03
2020-03-27_1222,2020-03-27,1222,1220,8.16,14.750000000000002,2.6430000000000002,71.0,0.17919,2767.88,38.984,339.2,1.21,-0.03,-0.009,-4e-05,-38.98,1.21,0.0,0.0,131.078,0.506,-13.265,-1.349,-4.527,-2.63,81977.432,0.689,0,0,0,0,,,drift_segment,2020-03-27_S03
2020-03-27_1223,2020-03-27,1223,1221,7.15,14.83,2.657,71.0,0.17916,2797.64,39.403,391.28,0.2,0.03,0.005,-6e-05,-9.23,-1.01,0.08,0.014,108.37,1.855,-10.117,-1.349,-4.55,-1.639,56622.58,0.7248,0,0,0,0,,,drift_segment,2020-03-27_S03
2020-03-27_1224,2020-03-27,1224,1222,6.9799999999999995,14.83,2.656,71.0,0.1791,2796.58,39.388,400.66,0.04,0.03,0.004,-9e-05,-1.05,-0.17,0.0,-0.001,104.547,1.855,-10.342,-1.349,-4.619,-1.674,52771.485,0.6599,0,0,0,0,,,drift_segment,2020-03-27_S03
2020-03-27_1225,2020-03-27,1225,1223,6.95,14.799999999999999,2.659,71.0,0.17966,2794.08,39.353,402.03,0.04,0.0,0.003,0.00048,-3.56,-0.03,-0.03,0.003,103.873,1.349,-9.668,-1.349,-4.038,-1.757,51853.244,0.6384,0,0,0,0,,,drift_segment,2020-03-27_S03
2020-03-27_1226,2020-03-27,1226,1224,6.859999999999999,14.799999999999999,2.659,71.0,0.17966,2794.08,39.353,407.3,-0.02,0.0,0.002,0.00048,-3.56,-0.09,0.0,0.0,101.849,1.349,-9.668,-1.349,-4.038,-1.757,49879.147,0.6231,0,0,0,0,,,drift_segment,2020-03-27_S03
2020-03-27_1227,2020-03-27,1227,1225,6.85,14.799999999999999,2.658,72.0,0.17959,2832.36,39.338,413.48,-0.02,0.0,0.0,0.0,34.73,-0.01,0.0,-0.001,101.625,1.349,-9.893,0.0,-4.108,-0.481,49637.599,0.5547,0,0,0,0,,,drift_segment,2020-03-27_S03
2020-03-27_1228,2020-03-27,1228,1226,6.87,14.799999999999999,2.6510000000000002,73.0,0.17912,2864.14,39.235,416.91,0.0,0.0,-0.008,-0.00054,32.42,0.02,0.0,-0.007,102.074,1.349,-11.466,1.349,-4.593,0.578,50141.306,0.6186,0,0,0,0,,,drift_segment,2020-03-27_S03
2020-03-27_1229,2020-03-27,1229,1227,6.88,14.799999999999999,2.648,71.0,0.17892,2782.52,39.19,404.44,0.01,0.0,-0.011,-0.00074,-49.85,0.01,0.0,-0.003,102.299,1.349,-12.141,-1.349,-4.802,-2.143,50478.801,0.6233,0,0,0,0,,,drift_segment,2020-03-27_S03
2020-03-27_1230,2020-03-27,1230,1228,6.87,14.799999999999999,2.659,72.0,0.17966,2833.43,39.353,412.44,0.01,0.0,0.0,0.0,0.0,-0.01,0.0,0.011,102.074,1.349,-9.668,0.0,-4.038,-0.446,50057.515,0.594,0,0,0,0,,,drift_segment,2020-03-27_S03
2020-03-27_1231,2020-03-27,1231,1229,6.87,14.81,2.693,71.0,0.18184,2831.72,39.883,412.19,0.02,0.01,0.0,0.0,-32.42,0.0,0.01,0.034,102.074,1.518,-2.023,-1.349,-1.804,-0.503,49736.7,0.5801,0,0,0,0,,,drift_segment,2020-03-27_S03
2020-03-27_1232,2020-03-27,1232,1230,6.8,14.81,2.738,72.0,0.18488,2919.58,40.55,429.35,0.0,0.01,0.0,0.0,0.0,-0.07,0.0,0.045,100.5,1.518,8.094,0.0,1.317,2.426,47817.322,0.6208,0,0,0,0,,,drift_segment,2020-03-27_S03
2020-03-27_1233,2020-03-27,1233,1231,4.4,14.799999999999999,2.78,73.0,0.18784,3003.51,41.144,682.62,0.0,0.0,0.0,0.0,60.34,-2.4,-0.01,0.042,46.54,1.349,17.537,1.349,4.36,5.223,10426.997,0.6651,0,0,0,0,,,drift_segment,2020-03-27_S03
2020-03-27_1234,2020-03-27,1234,1232,4.4,14.799999999999999,2.802,71.0,0.18932,2944.34,41.47,669.17,0.0,0.0,0.01,0.00118,0.0,0.0,0.0,0.022,46.54,1.349,22.483,-1.349,5.887,3.251,10562.374,0.6256,0,0,0,0,,,drift_segment,2020-03-27_S03
2020-03-27_1235,2020-03-27,1235,1233,4.29,14.78,2.8110000000000004,72.0,0.19019,2991.35,41.547,697.29,0.0,-0.03,0.019,0.00205,18.84,-0.11,-0.02,0.009,44.067,1.012,24.507,0.0,6.776,4.818,9502.857,0.6682,0,0,0,0,,,drift_segment,2020-03-27_S03
2020-03-27_1236,2020-03-27,1236,1234,4.11,14.78,2.8110000000000004,72.0,0.19019,2991.35,41.547,727.82,0.0,-0.03,0.019,0.00205,18.84,-0.18,0.0,0.0,40.02,1.012,24.507,0.0,6.776,4.818,7927.805,0.6296,0,0,0,0,,,drift_segment,2020-03-27_S03
2020-03-27_1237,2020-03-27,1237,1235,3.53,14.81,2.807,72.0,0.18953,2993.16,41.572,847.92,-0.33,0.0,0.015,0.00139,20.65,-0.58,0.03,-0.004,26.98,1.518,23.607,0.0,6.103,4.878,3916.846,0.686,0,0,0,0,,,drift_segment,2020-03-27_S03
2020-03-27_1238,2020-03-27,1238,1236,3.81,14.81,2.799,71.0,0.18899,2943.18,41.453,772.49,0.0,0.0,0.007,0.00085,-29.33,0.28,0.0,-0.008,33.275,1.518,21.809,-1.349,5.548,3.212,5632.797,0.6452,0,0,0,0,,,drift_segment,2020-03-27_S03
2020-03-27_1239,2020-03-27,1239,1237,3.8600000000000003,14.840000000000002,2.792,72.0,0.18814,2983.2,41.433,772.85,0.12,0.03,0.0,0.0,27.64,0.05,0.03,-0.007,34.399,2.024,20.235,0.0,4.671,4.546,5999.001,0.6745,0,0,0,0,,,drift_segment,2020-03-27_S03
2020-03-27_1240,2020-03-27,1240,1238,3.72,14.840000000000002,2.782,72.0,0.18747,2972.51,41.285,799.06,-0.01,0.03,0.0,0.0,16.95,-0.14,0.0,-0.01,31.252,2.024,17.987,0.0,3.979,4.19,4969.861,0.6468,0,0,0,0,,,drift_segment,2020-03-27_S03
2020-03-27_1241,2020-03-27,1241,1239,3.7,14.83,2.775,71.0,0.18712,2921.88,41.153,789.7,-0.02,0.02,0.0,0.0,-21.3,-0.02,-0.01,-0.007,30.802,1.855,16.413,-1.349,3.624,2.502,4794.689,0.6237,0,0,0,0,,,drift_segment,2020-03-27_S03
2020-03-27_1242,2020-03-27,1242,1240,3.7,14.83,2.7680000000000002,72.0,0.18665,2955.56,41.049,798.8,0.0,0.02,0.0,0.0,16.33,0.0,0.0,-0.007,30.802,1.855,14.839,0.0,3.139,3.625,4753.008,0.593,0,0,0,0,,,drift_segment,2020-03-27_S03
2020-03-27_1243,2020-03-27,1243,1241,3.7299999999999995,14.81,2.7569999999999997,70.0,0.18616,2858.18,40.831,766.27,0.03,-0.02,-0.007,0.0,-81.05,0.03,-0.02,-0.011,31.477,1.518,12.366,-2.698,2.635,0.379,4903.165,0.6582,0,0,0,0,,,drift_segment,2020-03-27_S03
2020-03-27_1244,2020-03-27,1244,1242,3.7399999999999998,14.81,2.75,71.0,0.18569,2891.65,40.728,773.17,0.04,-0.02,-0.014,-0.00047,-33.26,0.01,0.0,-0.007,31.701,1.518,10.792,-1.349,2.149,1.495,4937.089,0.6345,0,0,0,0,,,drift_segment,2020-03-27_S03
2020-03-27_1245,2020-03-27,1245,1243,3.6,14.81,2.7430000000000003,72.0,0.18521,2924.92,40.624,812.48,-0.1,-0.02,-0.021,-0.00095,0.0,-0.14,0.0,-0.007,28.554,1.518,9.218,0.0,1.664,2.604,4013.601,0.6695,0,0,0,0,,,drift_segment,2020-03-27_S03
2020-03-27_1246,2020-03-27,1246,1244,3.6399999999999997,14.81,2.74,72.0,0.18501,2921.72,40.579,802.67,-0.06,-0.02,-0.024,-0.00115,-3.2,0.04,0.0,-0.003,29.453,1.518,8.544,0.0,1.456,2.497,4257.569,0.6504,0,0,0,0,,,drift_segment,2020-03-27_S03
2020-03-27_1247,2020-03-27,1247,1245,3.6399999999999997,14.85,2.7489999999999997,72.0,0.18512,2939.23,40.823,807.48,-0.03,0.03,-0.015,-0.00104,13.27,0.0,0.04,0.009,29.453,2.192,10.567,0.0,1.566,3.081,4351.79,0.6546,0,0,0,0,,,drift_segment,2020-03-27_S03
2020-03-27_1248,2020-03-27,1248,1246,3.6399999999999997,14.85,2.764,73.0,0.18613,2996.31,41.045,823.16,-0.01,0.03,0.004,0.0,70.36,0.0,0.0,0.015,29.453,2.192,13.94,1.349,2.604,4.983,4387.016,0.651,0,0,0,0,,,drift_segment,2020-03-27_S03
2020-03-27_1249,2020-03-27,1249,1247,3.7299999999999995,14.840000000000002,2.7760000000000002,71.0,0.18706,2924.9,41.196,784.16,0.09,0.01,0.016,0.00095,-14.33,0.09,-0.01,0.012,31.477,2.024,16.638,-1.349,3.563,2.603,5018.924,0.6957,0,0,0,0,,,drift_segment,2020-03-27_S03
2020-03-27_1250,2020-03-27,1250,1248,3.71,14.840000000000002,2.7769999999999997,71.0,0.18713,2925.96,41.211,788.67,0.07,0.01,0.017,0.00102,-13.27,-0.02,0.0,0.001,31.027,2.024,16.862,-1.349,3.633,2.638,4890.704,0.6405,0,0,0,0,,,drift_segment,2020-03-27_S03
2020-03-27_1251,2020-03-27,1251,1249,3.65,14.820000000000002,2.7760000000000002,72.0,0.18731,2962.1,41.14,811.54,0.0,-0.02,0.016,0.00121,22.87,-0.06,-0.02,-0.001,29.678,1.686,16.638,0.0,3.823,3.843,4446.698,0.6311,0,0,0,0,,,drift_segment,2020-03-27_S03
2020-03-27_1252,2020-03-27,1252,1250,3.6700000000000004,14.820000000000002,2.77,72.0,0.18691,2955.7,41.051,805.37,0.02,-0.02,0.01,0.0008,16.47,0.02,0.0,-0.006,30.128,1.686,15.289,0.0,3.407,3.63,4546.436,0.6278,0,0,0,0,,,drift_segment,2020-03-27_S03
2020-03-27_1253,2020-03-27,1253,1251,3.6399999999999997,14.83,2.76,72.0,0.18611,2947.02,40.931,809.62,-0.01,0.0,0.0,0.0,8.86,-0.03,0.01,-0.01,29.453,1.855,13.04,0.0,2.585,3.34,4340.053,0.6171,0,0,0,0,,,drift_segment,2020-03-27_S03
2020-03-27_1254,2020-03-27,1254,1252,3.59,14.83,2.7539999999999996,72.0,0.1857,2940.61,40.842,819.11,-0.06,0.0,-0.006,-0.0004,7.47,-0.05,0.0,-0.006,28.329,1.855,11.691,0.0,2.169,3.127,4014.217,0.6495,0,0,0,0,,,drift_segment,2020-03-27_S03
2020-03-27_1255,2020-03-27,1255,1253,3.6700000000000004,14.85,2.748,72.0,0.18505,2938.16,40.808,800.59,0.02,0.02,-0.012,-0.00106,5.02,0.08,0.02,-0.006,30.128,2.192,10.342,0.0,1.497,3.045,4542.012,0.6571,0,0,0,0,,,drift_segment,2020-03-27_S03
2020-03-27_1256,2020-03-27,1256,1254,3.65,14.85,2.74,72.0,0.18451,2929.61,40.689,802.63,0.0,0.02,-0.015,-0.00126,-3.53,-0.02,0.0,-0.008,29.678,2.192,8.544,0.0,0.944,2.76,4401.668,0.6226,0,0,0,0,,,drift_segment,2020-03-27_S03
2020-03-27_1257,2020-03-27,1257,1255,3.65,14.83,2.747,72.0,0.18523,2933.14,40.738,803.6,0.0,0.0,-0.007,-0.00047,3.53,0.0,-0.02,0.007,29.678,1.855,10.117,0.0,1.684,2.878,4371.019,0.6062,0,0,0,0,,,drift_segment,2020-03-27_S03
2020-03-27_1258,2020-03-27,1258,1256,3.69,14.83,2.755,71.0,0.18577,2900.82,40.857,786.13,0.05,0.0,0.001,7e-05,-28.79,0.04,0.0,0.008,30.577,1.855,11.916,-1.349,2.238,1.801,4658.067,0.6201,0,0,0,0,,,drift_segment,2020-03-27_S03
2020-03-27_1259,2020-03-27,1259,1257,3.6399999999999997,14.820000000000002,2.763,71.0,0.18644,2907.28,40.948,798.7,0.0,-0.03,0.009,0.00082,-22.32,-0.05,-0.01,0.008,29.453,1.686,13.715,-1.349,2.922,2.016,4341.666,0.6376,0,0,0,0,,,drift_segment,2020-03-27_S03
2020-03-27_1260,2020-03-27,1260,1258,3.63,14.820000000000002,2.766,71.0,0.18664,2910.44,40.992,801.77,-0.01,-0.03,0.011,0.00119,-19.17,-0.01,0.0,0.003,29.228,1.686,14.389,-1.349,3.129,2.121,4290.195,0.6092,0,0,0,0,,,drift_segment,2020-03-27_S03
2020-03-27_1261,2020-03-27,1261,1259,3.37,14.85,2.748,71.0,0.18505,2897.35,40.808,859.75,-0.26,0.0,-0.007,-0.0004,-32.25,-0.26,0.03,-0.018,23.383,2.192,10.342,-1.349,1.497,1.685,2821.621,0.681,0,0,0,0,,,drift_segment,2020-03-27_S03
2020-03-27_1262,2020-03-27,1262,1260,6.05,14.85,2.7539999999999996,71.0,0.18545,2903.68,40.897,479.95,2.68,0.0,-0.001,0.0,-12.29,2.68,0.0,0.006,83.638,2.192,11.691,-1.349,1.912,1.896,33392.637,0.6482,0,0,0,0,,,drift_segment,2020-03-27_S03
2020-03-27_1263,2020-03-27,1263,1261,3.07,14.88,2.764,72.0,0.18575,2961.24,41.128,964.57,0.0,0.0,0.009,0.0003,45.26,-2.98,0.03,0.01,16.638,2.698,13.94,0.0,2.218,3.814,1608.034,0.6728,0,0,0,0,,,drift_segment,2020-03-27_S03
2020-03-27_1264,2020-03-27,1264,1262,3.0100000000000002,14.88,2.762,73.0,0.18562,3000.19,41.099,996.74,0.0,0.0,0.007,0.00057,65.61,-0.06,0.0,-0.002,15.289,2.698,13.49,1.349,2.08,5.113,1386.812,0.6391,0,0,0,0,,,drift_segment,2020-03-27_S03
2020-03-27_1265,2020-03-27,1265,1263,2.91,14.97,2.761,71.0,0.18444,2934.58,41.332,1008.45,-0.03,0.06,0.007,-0.00021,0.0,-0.1,0.09,-0.001,13.04,4.216,13.265,-1.349,0.865,2.926,1166.924,0.7006,0,0,0,0,,,drift_segment,2020-03-27_S03
2020-03-27_1266,2020-03-27,1266,1264,2.88,14.97,2.755,72.0,0.18403,2969.45,41.242,1031.06,-0.03,0.06,0.001,-0.00061,15.63,-0.03,0.0,-0.006,12.366,4.216,11.916,0.0,0.454,4.088,1045.375,0.6567,0,0,0,0,,,drift_segment,2020-03-27_S03
2020-03-27_1267,2020-03-27,1267,1265,2.94,14.94,2.7489999999999997,71.0,0.184,2915.97,41.07,991.83,0.03,0.01,-0.006,-0.00064,-45.26,0.06,-0.03,-0.006,13.715,3.71,10.567,-1.349,0.421,2.306,1178.532,0.6546,0,0,0,0,,,drift_segment,2020-03-27_S03
2020-03-27_1268,2020-03-27,1268,1266,2.8899999999999997,14.94,2.7460000000000004,72.0,0.1838,2953.82,41.025,1022.08,-0.02,0.01,-0.011,-0.00063,-13.07,-0.05,0.0,-0.003,12.591,3.71,9.893,0.0,0.214,3.567,1010.751,0.6438,0,0,0,0,,,drift_segment,2020-03-27_S03
2020-03-27_1269,2020-03-27,1269,1267,2.79,14.910000000000002,2.747,73.0,0.18424,2989.92,40.958,1071.65,-0.12,-0.03,-0.008,0.0,23.03,-0.1,-0.03,0.001,10.342,3.204,10.117,1.349,0.663,4.77,721.462,0.6854,0,0,0,0,,,drift_segment,2020-03-27_S03
2020-03-27_1270,2020-03-27,1270,1268,2.8899999999999997,14.910000000000002,2.753,71.0,0.18464,2914.35,41.047,1008.43,-0.02,-0.03,0.0,0.00061,-39.46,0.1,0.0,0.006,12.591,3.204,11.466,-1.349,1.077,2.252,1012.506,0.6384,0,0,0,0,,,drift_segment,2020-03-27_S03
2020-03-27_1271,2020-03-27,1271,1269,2.8600000000000003,14.930000000000001,2.76,72.0,0.18486,2966.89,41.207,1037.37,-0.08,-0.01,0.011,0.00086,13.07,-0.03,0.02,0.007,11.916,3.541,13.04,0.0,1.304,4.003,973.112,0.6739,0,0,0,0,,,drift_segment,2020-03-27_S03
2020-03-27_1272,2020-03-27,1272,1270,3.1399999999999997,14.930000000000001,2.76,72.0,0.18486,2966.89,41.207,944.87,0.05,-0.01,0.013,0.00094,38.37,0.28,0.0,0.0,18.211,3.541,13.04,0.0,1.304,4.003,1923.243,0.6539,0,0,0,0,,,drift_segment,2020-03-27_S03
2020-03-27_1273,2020-03-27,1273,1271,3.09,14.99,2.7569999999999997,72.0,0.18392,2975.57,41.327,962.97,-0.05,0.06,0.011,0.00012,47.05,-0.05,0.06,-0.003,17.087,4.553,12.366,0.0,0.338,4.292,1791.601,0.7043,0,0,0,0,,,drift_segment,2020-03-27_S03
2020-03-27_1274,2020-03-27,1274,1272,3.2700000000000005,14.99,2.702,72.0,0.18025,2916.21,40.503,891.81,0.0,0.06,-0.045,-0.00367,-12.31,0.18,0.0,-0.055,21.134,4.553,0.0,0.0,-3.431,2.314,2532.977,0.699,0,0,0,0,,,drift_segment,2020-03-27_S03
2020-03-27_1275,2020-03-27,1275,1273,8.18,15.070000000000002,2.699,72.0,0.1791,2928.52,40.674,358.01,3.05,0.13,-0.054,-0.00483,0.0,4.91,0.08,-0.003,131.527,5.902,-0.674,0.0,-4.618,2.724,84388.369,0.7446,0,0,0,0,,,drift_segment,2020-03-27_S03
2020-03-27_1276,2020-03-27,1276,1274,8.91,15.070000000000002,2.6910000000000003,72.0,0.17857,2919.84,40.553,327.7,3.77,0.13,-0.066,-0.00536,-24.77,0.73,0.0,-0.008,147.94,5.902,-2.473,0.0,-5.163,2.434,106413.789,0.7484,0,0,0,0,,,drift_segment,2020-03-27_S03
2020-03-27_1277,2020-03-27,1277,1275,6.2,14.930000000000001,2.713,72.0,0.18171,2916.37,40.505,470.38,1.06,-0.01,-0.044,-0.00221,-28.25,-2.71,-0.14,0.022,87.01,3.541,2.473,0.0,-1.93,2.319,36750.887,0.7182,0,0,0,0,,,drift_segment,2020-03-27_S03
2020-03-27_1278,2020-03-27,1278,1276,6.0,14.930000000000001,2.7289999999999996,71.0,0.18279,2892.82,40.744,482.14,0.86,-0.01,-0.028,-0.00114,-51.79,-0.2,0.0,0.016,82.514,3.541,6.07,-1.349,-0.829,1.534,33048.818,0.6887,0,0,0,0,,,drift_segment,2020-03-27_S03
2020-03-27_1279,2020-03-27,1279,1277,5.91,14.94,2.7760000000000002,71.0,0.18581,2944.61,41.473,498.24,0.77,0.0,0.0,0.0,0.0,-0.09,0.01,0.047,80.49,3.71,16.638,-1.349,2.277,3.26,31410.08,0.6831,0,0,0,0,,,drift_segment,2020-03-27_S03
2020-03-27_1280,2020-03-27,1280,1278,5.13,14.94,2.818,72.0,0.18862,3031.27,42.101,590.89,-0.01,0.0,0.0,0.0,24.62,-0.78,0.0,0.042,62.953,3.71,26.081,0.0,5.165,6.148,19592.22,0.6634,0,0,0,0,,,drift_segment,2020-03-27_S03
2020-03-27_1281,2020-03-27,1281,1279,5.14,14.889999999999999,2.844,71.0,0.191,3006.65,42.347,584.95,0.0,-0.04,0.006,0.0001,-3.22,0.01,-0.05,0.026,63.178,2.867,31.926,-1.349,7.609,5.328,19727.864,0.6689,0,0,0,0,,,drift_segment,2020-03-27_S03
2020-03-27_1282,2020-03-27,1282,1280,5.14,14.889999999999999,2.8569999999999998,73.0,0.19187,3105.47,42.541,604.18,0.01,-0.04,0.019,0.00087,95.6,0.0,0.0,0.013,63.178,2.867,34.849,1.349,8.506,8.622,19807.497,0.6681,0,0,0,0,,,drift_segment,2020-03-27_S03
2020-03-27_1283,2020-03-27,1283,1281,5.09,14.950000000000001,2.861,72.0,0.19137,3079.58,42.772,605.03,0.0,0.06,0.023,0.0,69.71,-0.05,0.06,0.004,62.054,3.878,35.748,0.0,7.99,7.759,19459.242,0.689,0,0,0,0,,,drift_segment,2020-03-27_S03
2020-03-27_1284,2020-03-27,1284,1282,4.07,14.950000000000001,2.8539999999999996,72.0,0.1909,3072.05,42.667,754.8,-0.52,0.06,0.016,-0.00047,62.18,-1.02,0.0,-0.007,39.121,3.878,34.175,0.0,7.509,7.507,8466.923,0.7135,0,0,0,0,,,drift_segment,2020-03-27_S03
2020-03-27_1285,2020-03-27,1285,1283,4.51,14.74,2.847,72.0,0.19315,3021.46,41.965,669.95,-0.05,0.0,0.009,0.00178,11.59,0.44,-0.21,-0.007,49.014,0.337,32.601,0.0,9.815,5.822,11815.001,0.6945,0,0,0,0,,,drift_segment,2020-03-27_S03
2020-03-27_1286,2020-03-27,1286,1284,4.59,14.729999999999999,2.838,72.0,0.19267,3009.87,41.804,655.74,0.04,0.0,0.0,0.0013,3.22,0.08,-0.01,-0.009,50.812,0.169,30.577,0.0,9.322,5.435,12516.095,0.6529,0,0,0,0,,,drift_segment,2020-03-27_S03
2020-03-27_1287,2020-03-27,1287,1285,4.5600000000000005,14.729999999999999,2.83,72.0,0.19212,3001.38,41.686,658.2,0.01,0.0,0.0,0.00075,0.0,-0.03,0.0,-0.008,50.138,0.169,28.779,0.0,8.764,5.152,12132.722,0.6025,0,0,0,0,,,drift_segment,2020-03-27_S03
2020-03-27_1288,2020-03-27,1288,1286,4.5200000000000005,14.729999999999999,2.82,72.0,0.19145,2990.78,41.539,661.68,-0.03,0.0,0.0,0.00054,0.0,-0.04,0.0,-0.01,49.238,0.169,26.53,0.0,8.067,4.799,11641.988,0.6331,0,0,0,0,,,drift_segment,2020-03-27_S03
2020-03-27_1289,2020-03-27,1289,1287,4.5,14.729999999999999,2.81,72.0,0.19077,2980.17,41.391,662.26,-0.05,0.0,0.0,0.0,0.0,-0.02,0.0,-0.01,48.789,0.169,24.282,0.0,7.369,4.445,11368.612,0.6315,0,0,0,0,,,drift_segment,2020-03-27_S03
2020-03-27_1290,2020-03-27,1290,1288,4.49,14.72,2.802,72.0,0.19035,2969.67,41.245,661.4,-0.07,-0.01,0.0,0.0,0.0,-0.01,-0.01,-0.008,48.564,0.0,22.483,0.0,6.944,4.095,11186.997,0.6298,0,0,0,0,,,drift_segment,2020-03-27_S03
2020-03-27_1291,2020-03-27,1291,1289,4.55,14.72,2.7910000000000004,72.0,0.18961,2958.01,41.084,650.11,-0.04,-0.01,0.0,0.0,0.0,0.06,0.0,-0.011,49.913,0.0,20.01,0.0,6.177,3.707,11743.35,0.651,0,0,0,0,,,drift_segment,2020-03-27_S03
2020-03-27_1292,2020-03-27,1292,1290,5.14,14.709999999999999,2.782,71.0,0.18912,2905.55,40.923,565.28,0.29,-0.02,0.0,0.0,-26.9,0.59,-0.01,-0.009,63.178,-0.169,17.987,-1.349,5.68,1.958,18641.222,0.6678,0,0,0,0,,,drift_segment,2020-03-27_S03
2020-03-27_1293,2020-03-27,1293,1291,5.0200000000000005,14.709999999999999,2.7739999999999996,71.0,0.18858,2897.19,40.806,577.13,0.15,-0.02,0.0,0.0,-26.77,-0.12,0.0,-0.008,60.48,-0.169,16.188,-1.349,5.122,1.68,17077.748,0.6489,0,0,0,0,,,drift_segment,2020-03-27_S03
2020-03-27_1294,2020-03-27,1294,1292,4.87,14.729999999999999,2.765,72.0,0.18771,2932.45,40.728,602.15,-0.15,0.0,0.0,0.0,14.99,-0.15,0.02,-0.009,57.108,0.169,14.164,0.0,4.231,2.855,15276.583,0.6638,0,0,0,0,,,drift_segment,2020-03-27_S03
2020-03-27_1295,2020-03-27,1295,1293,4.85,14.729999999999999,2.7569999999999997,72.0,0.18717,2923.96,40.611,602.88,-0.29,0.0,-0.004,-0.00053,6.51,-0.02,0.0,-0.008,56.658,0.169,12.366,0.0,3.673,2.572,15032.944,0.6439,0,0,0,0,,,drift_segment,2020-03-27_S03
2020-03-27_1296,2020-03-27,1296,1294,5.15,14.729999999999999,2.7489999999999997,71.0,0.18663,2874.99,40.493,558.25,0.0,0.0,-0.012,-0.00107,-30.95,0.3,0.0,-0.008,63.403,0.169,10.567,-1.349,3.115,0.939,18838.797,0.6269,0,0,0,0,,,drift_segment,2020-03-27_S03
2020-03-27_1297,2020-03-27,1297,1295,5.37,14.729999999999999,2.74,72.0,0.18601,2905.93,40.36,541.14,0.0,0.0,-0.021,-0.00156,0.39,0.22,0.0,-0.009,68.349,0.169,8.544,0.0,2.488,1.971,21877.499,0.6302,0,0,0,0,,,drift_segment,2020-03-27_S03
2020-03-27_1298,2020-03-27,1298,1296,5.45,14.74,2.7489999999999997,72.0,0.1865,2917.46,40.52,535.31,0.0,0.01,-0.008,-0.00067,11.52,0.08,0.01,0.009,70.148,0.337,10.567,0.0,2.985,2.355,23067.573,0.642,0,0,0,0,,,drift_segment,2020-03-27_S03
2020-03-27_1299,2020-03-27,1299,1297,7.470000000000001,14.74,2.7569999999999997,71.0,0.18704,2885.31,40.638,386.25,1.59,0.01,0.0,0.0,-26.07,2.02,0.0,0.008,115.564,0.337,12.366,-1.349,3.543,1.284,62525.747,0.6433,0,0,0,0,,,drift_segment,2020-03-27_S03
2020-03-27_1300,2020-03-27,1300,1298,7.42,14.709999999999999,2.761,72.0,0.1877,2924.23,40.614,394.1,0.0,-0.02,0.006,0.00066,12.85,-0.05,-0.03,0.004,114.44,-0.169,13.265,0.0,4.214,2.581,61029.32,0.632,0,0,0,0,,,drift_segment,2020-03-27_S03
2020-03-27_1301,2020-03-27,1301,1299,7.42,14.709999999999999,2.762,70.0,0.18776,2844.03,40.629,383.29,0.0,-0.02,0.01,0.00073,-67.35,0.0,0.0,0.001,114.44,-0.169,13.49,-2.698,4.284,-0.092,61115.068,0.58,0,0,0,0,,,drift_segment,2020-03-27_S03
2020-03-27_1302,2020-03-27,1302,1300,8.17,14.729999999999999,2.763,71.0,0.18758,2889.63,40.699,353.69,0.7,0.01,0.008,0.00053,-21.75,0.75,0.02,0.001,131.303,0.169,13.715,-1.349,4.092,1.427,80580.394,0.6493,0,0,0,0,,,drift_segment,2020-03-27_S03
2020-03-27_1303,2020-03-27,1303,1301,5.88,14.729999999999999,2.755,72.0,0.18703,2921.84,40.581,496.91,-2.29,0.01,-0.002,-5e-05,10.46,-2.29,0.0,-0.008,79.816,0.169,11.916,0.0,3.534,2.501,29780.866,0.6683,0,0,0,0,,,drift_segment,2020-03-27_S03
2020-03-27_1304,2020-03-27,1304,1302,9.14,14.72,2.747,72.0,0.18662,2911.38,40.436,318.53,0.76,0.0,-0.012,-0.00082,0.0,3.26,-0.01,-0.008,153.111,0.0,10.117,0.0,3.106,2.152,109574.044,0.6813,0,0,0,0,,,drift_segment,2020-03-27_S03
2020-03-27_1305,2020-03-27,1305,1303,9.27,14.72,2.747,72.0,0.18662,2911.38,40.436,314.06,0.89,0.0,-0.012,-0.00082,0.0,0.13,0.0,0.0,156.034,0.0,10.117,0.0,3.106,2.152,113801.433,0.6493,0,0,0,0,,,drift_segment,2020-03-27_S03
2020-03-27_1306,2020-03-27,1306,1304,8.43,14.709999999999999,2.752,73.0,0.18708,2955.18,40.482,350.56,0.05,-0.02,-0.005,0.0,43.8,-0.84,-0.01,0.005,137.148,-0.169,11.242,1.349,3.585,3.612,87722.398,0.6823,0,0,0,0,,,drift_segment,2020-03-27_S03
2020-03-27_1307,2020-03-27,1307,1305,8.41,14.709999999999999,2.759,71.0,0.18756,2881.53,40.585,342.63,0.03,-0.02,0.004,0.00052,-33.81,-0.02,0.0,0.007,136.699,-0.169,12.815,-1.349,4.074,1.157,87191.357,0.6003,0,0,0,0,,,drift_segment,2020-03-27_S03
2020-03-27_1308,2020-03-27,1308,1306,8.4,14.729999999999999,2.764,71.0,0.18764,2890.67,40.714,344.13,0.02,0.0,0.012,0.00061,-24.66,-0.01,0.02,0.005,136.474,0.169,13.94,-1.349,4.161,1.462,87047.498,0.5964,0,0,0,0,,,drift_segment,2020-03-27_S03
2020-03-27_1309,2020-03-27,1309,1307,8.379999999999999,14.729999999999999,2.761,72.0,0.18744,2928.21,40.67,349.43,0.0,0.0,0.009,0.00048,12.87,-0.02,0.0,-0.003,136.024,0.169,13.265,0.0,3.952,2.713,86444.21,0.5932,0,0,0,0,,,drift_segment,2020-03-27_S03
2020-03-27_1310,2020-03-27,1310,1308,7.56,14.74,2.7569999999999997,72.0,0.18704,2925.95,40.638,387.03,0.0,0.01,0.003,0.0,5.31,-0.82,0.01,-0.004,117.588,0.337,12.366,0.0,3.543,2.638,64689.043,0.6143,0,0,0,0,,,drift_segment,2020-03-27_S03
2020-03-27_1311,2020-03-27,1311,1309,7.56,14.74,2.752,72.0,0.1867,2920.64,40.564,386.33,0.0,0.01,-0.005,-0.00038,0.0,0.0,0.0,-0.005,117.588,0.337,11.242,0.0,3.194,2.461,64718.226,0.5828,0,0,0,0,,,drift_segment,2020-03-27_S03
2020-03-27_1312,2020-03-27,1312,1310,7.540000000000001,14.74,2.747,72.0,0.18636,2915.34,40.491,386.65,0.0,0.0,-0.012,-0.00108,0.0,-0.02,0.0,-0.005,117.138,0.337,10.117,0.0,2.846,2.284,64255.918,0.5957,0,0,0,0,,,drift_segment,2020-03-27_S03
2020-03-27_1313,2020-03-27,1313,1311,7.18,14.74,2.745,72.0,0.18623,2913.21,40.461,405.74,0.0,0.0,-0.013,-0.00081,-2.12,-0.36,0.0,-0.002,109.044,0.337,9.668,0.0,2.707,2.214,55698.09,0.6127,0,0,0,0,,,drift_segment,2020-03-27_S03
2020-03-27_1314,2020-03-27,1314,1312,6.8,14.729999999999999,2.7539999999999996,72.0,0.18697,2920.78,40.566,429.53,-0.02,-0.01,-0.003,0.0,5.45,-0.38,-0.01,0.009,100.5,0.169,11.691,0.0,3.464,2.466,47208.982,0.6495,0,0,0,0,,,drift_segment,2020-03-27_S03
2020-03-27_1315,2020-03-27,1315,1313,6.82,14.729999999999999,2.761,72.0,0.18744,2928.21,40.67,429.36,0.02,-0.01,0.007,0.00071,14.99,0.02,0.0,0.007,100.95,0.169,13.265,0.0,3.952,2.713,47604.893,0.6266,0,0,0,0,,,drift_segment,2020-03-27_S03
2020-03-27_1316,2020-03-27,1316,1314,6.779999999999999,14.74,2.765,71.0,0.18758,2893.68,40.756,426.8,0.0,0.0,0.012,0.00088,-19.53,-0.04,0.01,0.004,100.051,0.337,14.164,-1.349,4.1,1.563,46850.344,0.5995,0,0,0,0,,,drift_segment,2020-03-27_S03
2020-03-27_1317,2020-03-27,1317,1315,6.16,14.74,2.763,71.0,0.18745,2891.59,40.727,469.41,0.0,0.0,0.01,0.00072,-21.62,-0.62,0.0,-0.002,86.111,0.337,13.715,-1.349,3.961,1.493,34729.028,0.6043,0,0,0,0,,,drift_segment,2020-03-27_S03
2020-03-27_1318,2020-03-27,1318,1316,5.9,14.770000000000001,2.758,71.0,0.18673,2892.23,40.736,490.21,0.0,0.03,0.004,-0.00017,-1.45,-0.26,0.03,-0.005,80.265,0.843,12.591,-1.349,3.222,1.514,30351.136,0.6191,0,0,0,0,,,drift_segment,2020-03-27_S03
2020-03-27_1319,2020-03-27,1319,1317,5.79,14.770000000000001,2.753,71.0,0.18639,2886.99,40.662,498.62,0.0,0.03,-0.004,-0.00057,-6.69,-0.11,0.0,-0.005,77.792,0.843,11.466,-1.349,2.874,1.339,28528.881,0.6113,0,0,0,0,,,drift_segment,2020-03-27_S03
2020-03-27_1320,2020-03-27,1320,1318,4.86,14.74,2.747,71.0,0.18636,2874.85,40.491,591.53,-0.17,0.0,-0.011,-0.00076,-17.39,-0.93,-0.03,-0.006,56.883,0.337,10.117,-1.349,2.846,0.935,15213.532,0.6648,0,0,0,0,,,drift_segment,2020-03-27_S03
2020-03-27_1321,2020-03-27,1321,1319,4.95,14.74,2.748,72.0,0.18643,2916.4,40.506,589.17,-0.08,0.0,-0.009,-0.00047,24.17,0.09,0.0,0.001,58.906,0.337,10.342,0.0,2.916,2.32,16286.207,0.6544,0,0,0,0,,,drift_segment,2020-03-27_S03
2020-03-27_1322,2020-03-27,1322,1320,4.96,14.729999999999999,2.753,73.0,0.1869,2960.27,40.552,596.83,-0.07,-0.02,-0.002,0.00017,68.04,0.01,-0.01,0.005,59.131,0.169,11.466,1.349,3.394,3.782,16350.817,0.6472,0,0,0,0,,,drift_segment,2020-03-27_S03
2020-03-27_1323,2020-03-27,1323,1321,5.01,14.729999999999999,2.7569999999999997,71.0,0.18717,2883.35,40.611,575.52,-0.02,-0.02,0.004,0.00052,-8.88,0.05,0.0,0.004,60.255,0.169,12.366,-1.349,3.673,1.218,17016.345,0.6012,0,0,0,0,,,drift_segment,2020-03-27_S03
2020-03-27_1324,2020-03-27,1324,1322,4.96,14.750000000000002,2.763,72.0,0.18732,2934.31,40.754,591.59,-0.07,0.0,0.01,0.00089,17.91,-0.05,0.02,0.006,59.131,0.506,13.715,0.0,3.83,2.917,16447.14,0.6625,0,0,0,0,,,drift_segment,2020-03-27_S03
2020-03-27_1325,2020-03-27,1325,1323,5.029999999999999,14.750000000000002,2.76,71.0,0.18712,2890.41,40.71,574.63,0.0,0.0,0.009,0.00061,-31.15,0.07,0.0,-0.003,60.705,0.506,13.04,-1.349,3.621,1.453,17349.578,0.5998,0,0,0,0,,,drift_segment,2020-03-27_S03
2020-03-27_1326,2020-03-27,1326,1324,7.24,14.76,2.755,72.0,0.18665,2927.79,40.664,404.39,0.3,0.01,0.002,0.0,2.42,2.21,0.01,-0.005,110.393,0.674,11.916,0.0,3.143,2.699,57172.043,0.6629,0,0,0,0,,,drift_segment,2020-03-27_S03
2020-03-27_1327,2020-03-27,1327,1325,7.17,14.76,2.75,73.0,0.18631,2963.07,40.59,413.26,0.0,0.01,-0.005,-0.00034,37.69,-0.07,0.0,-0.005,108.819,0.674,10.792,1.349,2.795,3.875,55546.428,0.6416,0,0,0,0,,,drift_segment,2020-03-27_S03
2020-03-27_1328,2020-03-27,1328,1326,6.94,14.78,2.75,71.0,0.18606,2885.79,40.645,415.82,-0.3,0.02,-0.006,-0.00045,-39.58,-0.23,0.02,0.0,103.648,1.012,10.792,-1.349,2.536,1.3,50609.247,0.6493,0,0,0,0,,,drift_segment,2020-03-27_S03
2020-03-27_1329,2020-03-27,1329,1327,7.92,14.78,2.7489999999999997,72.0,0.18599,2925.38,40.63,369.37,0.0,0.02,-0.006,-0.00032,-1.5,0.98,0.0,-0.001,125.682,1.012,10.567,0.0,2.467,2.619,74281.977,0.6235,0,0,0,0,,,drift_segment,2020-03-27_S03
2020-03-27_1330,2020-03-27,1330,1328,8.92,14.750000000000002,2.7510000000000003,72.0,0.18651,2921.56,40.577,327.53,1.0,-0.03,-0.002,0.00045,-3.81,1.0,-0.03,0.002,148.165,0.506,11.017,0.0,2.995,2.492,102854.887,0.669,0,0,0,0,,,drift_segment,2020-03-27_S03
2020-03-27_1331,2020-03-27,1331,1329,8.379999999999999,14.750000000000002,2.7560000000000002,72.0,0.18685,2926.87,40.651,349.27,0.46,-0.03,0.005,0.00083,0.73,-0.54,0.0,0.005,136.024,0.506,12.141,0.0,3.343,2.669,86657.569,0.6722,0,0,0,0,,,drift_segment,2020-03-27_S03
2020-03-27_1332,2020-03-27,1332,1330,8.32,14.83,2.758,71.0,0.18597,2903.98,40.901,349.04,0.4,0.03,0.008,-2e-05,-21.39,-0.06,0.08,0.002,134.675,1.855,12.591,-1.349,2.446,1.906,85689.699,0.6791,0,0,0,0,,,drift_segment,2020-03-27_S03
2020-03-27_1333,2020-03-27,1333,1331,8.1,14.83,2.7569999999999997,72.0,0.18591,2943.81,40.886,363.43,0.18,0.03,0.006,-9e-05,22.25,-0.22,0.0,-0.001,129.729,1.855,12.366,0.0,2.377,3.233,79499.146,0.6631,0,0,0,0,,,drift_segment,2020-03-27_S03
2020-03-27_1334,2020-03-27,1334,1332,8.120000000000001,14.799999999999999,2.753,72.0,0.18601,2933.6,40.744,361.28,0.2,0.0,0.0,2e-05,8.22,0.02,-0.03,-0.004,130.178,1.349,11.466,0.0,2.486,2.893,79820.154,0.6331,0,0,0,0,,,drift_segment,2020-03-27_S03
2020-03-27_1335,2020-03-27,1335,1333,7.9,14.799999999999999,2.75,71.0,0.18581,2889.7,40.7,365.78,-0.03,0.0,-0.005,-0.0002,-36.44,-0.22,0.0,-0.003,125.232,1.349,10.792,-1.349,2.278,1.43,73956.679,0.6272,0,0,0,0,,,drift_segment,2020-03-27_S03
2020-03-27_1336,2020-03-27,1336,1334,7.909999999999999,14.799999999999999,2.7460000000000004,72.0,0.18554,2926.14,40.641,369.93,-0.02,0.0,-0.01,-0.00047,-0.73,0.01,0.0,-0.004,125.457,1.349,9.893,0.0,2.0,2.644,74203.602,0.6129,0,0,0,0,,,drift_segment,2020-03-27_S03
2020-03-27_1337,2020-03-27,1337,1335,7.92,14.799999999999999,2.747,70.0,0.18561,2845.89,40.656,359.33,-0.01,0.0,-0.008,-0.00041,-87.7,0.01,0.0,0.001,125.682,1.349,10.117,-2.698,2.07,-0.03,74560.545,0.5894,0,0,0,0,,,drift_segment,2020-03-27_S03
2020-03-27_1338,2020-03-27,1338,1336,7.909999999999999,14.799999999999999,2.755,71.0,0.18615,2894.95,40.774,365.99,-0.01,0.0,0.0,0.00014,-38.64,-0.01,0.0,0.008,125.457,1.349,11.916,-1.349,2.625,1.605,74187.3,0.5796,0,0,0,0,,,drift_segment,2020-03-27_S03
2020-03-27_1339,2020-03-27,1339,1337,7.909999999999999,14.799999999999999,2.762,72.0,0.18662,2943.19,40.878,372.08,-0.01,0.0,0.009,0.00061,17.05,0.0,0.0,0.007,125.457,1.349,13.49,0.0,3.111,3.213,74096.953,0.6175,0,0,0,0,,,drift_segment,2020-03-27_S03
2020-03-27_1340,2020-03-27,1340,1338,7.93,14.81,2.763,72.0,0.18656,2946.24,40.92,371.53,0.02,0.01,0.01,0.00055,22.99,0.02,0.01,0.001,125.907,1.518,13.715,0.0,3.051,3.314,74704.003,0.609,0,0,0,0,,,drift_segment,2020-03-27_S03
2020-03-27_1341,2020-03-27,1341,1339,7.95,14.81,2.762,72.0,0.1865,2945.18,40.905,370.46,0.04,0.01,0.009,0.00048,19.04,0.02,0.0,-0.001,126.356,1.518,13.49,0.0,2.981,3.279,75242.291,0.6219,0,0,0,0,,,drift_segment,2020-03-27_S03
2020-03-27_1342,2020-03-27,1342,1340,7.93,14.799999999999999,2.755,73.0,0.18615,2976.5,40.774,375.35,0.02,0.0,0.002,0.00014,45.19,-0.02,-0.01,-0.007,125.907,1.349,11.916,1.349,2.625,4.323,74628.697,0.6322,0,0,0,0,,,drift_segment,2020-03-27_S03
2020-03-27_1343,2020-03-27,1343,1341,7.92,14.799999999999999,2.753,71.0,0.18601,2892.85,40.744,365.26,0.01,0.0,-0.002,0.0,-42.73,-0.01,0.0,-0.002,125.682,1.349,11.466,-1.349,2.486,1.535,74465.823,0.5592,0,0,0,0,,,drift_segment,2020-03-27_S03
2020-03-27_1344,2020-03-27,1344,1342,7.909999999999999,14.78,2.7489999999999997,71.0,0.18599,2884.75,40.63,364.7,0.0,-0.03,-0.006,0.0,-58.44,-0.01,-0.02,-0.004,125.457,1.012,10.567,-1.349,2.467,1.265,74064.092,0.597,0,0,0,0,,,drift_segment,2020-03-27_S03
2020-03-27_1345,2020-03-27,1345,1343,7.890000000000001,14.78,2.747,72.0,0.18586,2923.25,40.601,370.5,-0.03,-0.03,-0.008,-0.00012,-21.63,-0.02,0.0,-0.002,125.007,1.012,10.117,0.0,2.328,2.548,73503.217,0.6318,0,0,0,0,,,drift_segment,2020-03-27_S03
2020-03-27_1346,2020-03-27,1346,1344,7.909999999999999,14.81,2.7489999999999997,72.0,0.18562,2931.31,40.713,370.58,0.0,0.0,-0.005,-0.00036,-9.3,0.02,0.03,0.002,125.457,1.518,10.567,0.0,2.08,2.817,74263.926,0.5991,0,0,0,0,,,drift_segment,2020-03-27_S03
2020-03-27_1347,2020-03-27,1347,1345,7.9,14.81,2.753,72.0,0.18589,2935.58,40.772,371.59,-0.01,0.0,0.0,-3e-05,0.0,-0.01,0.0,0.004,125.232,1.518,11.466,0.0,2.357,2.959,73971.23,0.5807,0,0,0,0,,,drift_segment,2020-03-27_S03
2020-03-27_1348,2020-03-27,1348,1346,7.9,14.840000000000002,2.76,72.0,0.18598,2949.0,40.958,373.29,-0.01,0.03,0.007,0.0001,17.69,0.0,0.03,0.007,125.232,2.024,13.04,0.0,2.456,3.406,74173.485,0.6383,0,0,0,0,,,drift_segment,2020-03-27_S03
2020-03-27_1349,2020-03-27,1349,1347,7.93,14.840000000000002,2.759,72.0,0.18592,2947.94,40.944,371.74,0.02,0.03,0.006,3e-05,16.62,0.03,0.0,-0.001,125.907,2.024,12.815,0.0,2.387,3.371,74976.22,0.6236,0,0,0,0,,,drift_segment,2020-03-27_S03
2020-03-27_1350,2020-03-27,1350,1348,7.94,14.83,2.758,72.0,0.18597,2944.88,40.901,370.89,0.03,0.02,0.005,9e-05,13.57,0.01,-0.01,-0.001,126.131,1.855,12.591,0.0,2.446,3.269,75166.005,0.6106,0,0,0,0,,,drift_segment,2020-03-27_S03
2020-03-27_1351,2020-03-27,1351,1349,7.909999999999999,14.83,2.7539999999999996,72.0,0.1857,2940.61,40.842,371.76,0.0,0.02,0.001,-0.00018,9.3,-0.03,0.0,-0.004,125.457,1.855,11.691,0.0,2.169,3.127,74394.177,0.5932,0,0,0,0,,,drift_segment,2020-03-27_S03
2020-03-27_1352,2020-03-27,1352,1350,7.92,14.81,2.753,71.0,0.18589,2894.81,40.772,365.51,0.01,-0.02,-0.001,0.0,-40.77,0.01,-0.02,-0.001,125.682,1.518,11.466,-1.349,2.357,1.6,74548.317,0.5663,0,0,0,0,,,drift_segment,2020-03-27_S03
2020-03-27_1353,2020-03-27,1353,1351,7.9,14.81,2.747,71.0,0.18548,2888.5,40.683,365.63,-0.01,-0.02,-0.011,-0.00041,-52.11,-0.02,0.0,-0.006,125.232,1.518,10.117,-1.349,1.941,1.39,74060.577,0.6074,0,0,0,0,,,drift_segment,2020-03-27_S03
2020-03-27_1354,2020-03-27,1354,1352,7.890000000000001,14.81,2.747,71.0,0.18548,2888.5,40.683,366.1,-0.03,-0.02,-0.007,-0.00037,-20.45,-0.01,0.0,0.0,125.007,1.518,10.117,-1.349,1.941,1.39,73796.072,0.5937,0,0,0,0,,,drift_segment,2020-03-27_S03
2020-03-27_1355,2020-03-27,1355,1353,7.909999999999999,14.81,2.753,71.0,0.18589,2894.81,40.772,365.97,0.0,-0.02,0.0,0.0001,-14.14,0.02,0.0,0.006,125.457,1.518,11.466,-1.349,2.357,1.6,74282.993,0.576,0,0,0,0,,,drift_segment,2020-03-27_S03
2020-03-27_1356,2020-03-27,1356,1354,7.909999999999999,14.85,2.759,71.0,0.18579,2908.95,40.971,367.76,0.0,0.03,0.006,9e-05,8.28,0.0,0.04,0.006,125.457,2.192,12.815,-1.349,2.258,2.071,74574.249,0.6203,0,0,0,0,,,drift_segment,2020-03-27_S03
2020-03-27_1357,2020-03-27,1357,1355,7.92,14.85,2.762,72.0,0.18599,2953.13,41.016,372.87,0.01,0.03,0.009,0.00048,52.46,0.01,0.0,0.003,125.682,2.192,13.49,0.0,2.465,3.544,74774.884,0.6159,0,0,0,0,,,drift_segment,2020-03-27_S03
2020-03-27_1358,2020-03-27,1358,1356,7.92,14.840000000000002,2.758,73.0,0.18585,2987.8,40.929,377.25,0.01,0.01,0.005,0.00034,78.84,0.0,-0.01,-0.004,125.682,2.024,12.591,1.349,2.317,4.699,74674.299,0.6185,0,0,0,0,,,drift_segment,2020-03-27_S03
2020-03-27_1359,2020-03-27,1359,1357,7.93,14.840000000000002,2.753,71.0,0.18551,2900.67,40.855,365.78,0.02,0.01,0.0,-0.00028,-9.34,0.01,0.0,-0.005,125.907,2.024,11.466,-1.349,1.971,1.795,75062.49,0.5784,0,0,0,0,,,drift_segment,2020-03-27_S03
2020-03-27_1360,2020-03-27,1360,1358,7.909999999999999,14.820000000000002,2.747,72.0,0.18536,2931.16,40.711,370.56,0.0,-0.02,-0.01,-0.00049,0.0,-0.02,-0.02,-0.006,125.457,1.686,10.117,0.0,1.812,2.812,74360.954,0.6204,0,0,0,0,,,drift_segment,2020-03-27_S03
2020-03-27_1361,2020-03-27,1361,1359,7.909999999999999,14.820000000000002,2.747,71.0,0.18536,2890.45,40.711,365.42,0.0,-0.02,-0.011,-0.00049,-43.76,0.0,0.0,0.0,125.457,1.686,10.117,-1.349,1.812,1.455,74408.001,0.5734,0,0,0,0,,,drift_segment,2020-03-27_S03
2020-03-27_1362,2020-03-27,1362,1360,7.909999999999999,14.83,2.748,72.0,0.1853,2934.2,40.753,370.95,-0.01,0.0,-0.009,-0.00055,-4.27,0.0,0.01,0.001,125.457,1.855,10.342,0.0,1.753,2.913,74436.113,0.5928,0,0,0,0,,,drift_segment,2020-03-27_S03
2020-03-27_1363,2020-03-27,1363,1361,7.9,14.83,2.7569999999999997,73.0,0.18591,2984.7,40.886,377.81,-0.01,0.0,0.004,0.00034,50.34,-0.01,0.0,0.009,125.232,1.855,12.366,1.349,2.377,4.596,74067.681,0.6385,0,0,0,0,,,drift_segment,2020-03-27_S03
2020-03-27_1364,2020-03-27,1364,1362,7.93,14.85,2.76,71.0,0.18586,2910.01,40.986,366.96,0.02,0.02,0.008,0.0003,-24.2,0.03,0.02,0.003,125.907,2.192,13.04,-1.349,2.327,2.107,75100.121,0.6273,0,0,0,0,,,drift_segment,2020-03-27_S03
2020-03-27_1365,2020-03-27,1365,1363,7.909999999999999,14.85,2.763,72.0,0.18606,2954.2,41.031,373.48,0.0,0.02,0.013,0.0005,19.84,-0.02,0.0,0.003,125.457,2.192,13.715,0.0,2.535,3.58,74503.456,0.6156,0,0,0,0,,,drift_segment,2020-03-27_S03
2020-03-27_1366,2020-03-27,1366,1364,7.93,14.83,2.76,72.0,0.18611,2947.02,40.931,371.63,0.02,0.0,0.008,0.00055,10.99,0.02,-0.02,-0.003,125.907,1.855,13.04,0.0,2.585,3.34,74887.236,0.6197,0,0,0,0,,,drift_segment,2020-03-27_S03
2020-03-27_1367,2020-03-27,1367,1365,7.94,14.83,2.752,72.0,0.18557,2938.48,40.812,370.09,0.03,0.0,0.0,1e-05,2.45,0.01,0.0,-0.008,126.131,1.855,11.242,0.0,2.03,3.056,75205.825,0.5943,0,0,0,0,,,drift_segment,2020-03-27_S03
2020-03-27_1368,2020-03-27,1368,1366,7.9,14.820000000000002,2.75,72.0,0.18556,2934.36,40.755,371.44,-0.01,-0.03,-0.007,-1e-05,-1.66,-0.04,-0.01,-0.002,125.232,1.686,10.792,0.0,2.02,2.918,74074.236,0.6296,0,0,0,0,,,drift_segment,2020-03-27_S03
2020-03-27_1369,2020-03-27,1369,1367,7.9,14.820000000000002,2.745,72.0,0.18522,2929.02,40.681,370.76,-0.01,-0.03,-0.012,-0.00034,-7.0,0.0,0.0,-0.005,125.232,1.686,9.668,0.0,1.674,2.741,74110.882,0.612,0,0,0,0,,,drift_segment,2020-03-27_S03
2020-03-27_1370,2020-03-27,1370,1368,7.890000000000001,14.85,2.7460000000000004,72.0,0.18492,2936.02,40.778,372.12,-0.02,0.0,-0.011,-0.0004,0.0,-0.01,0.03,0.001,125.007,2.192,9.893,0.0,1.359,2.974,74085.654,0.6192,0,0,0,0,,,drift_segment,2020-03-27_S03
2020-03-27_1371,2020-03-27,1371,1369,7.890000000000001,14.85,2.752,72.0,0.18532,2942.44,40.867,372.93,-0.02,0.0,0.0,4e-05,6.42,0.0,0.0,0.006,125.007,2.192,11.242,0.0,1.774,3.188,74042.683,0.5896,0,0,0,0,,,drift_segment,2020-03-27_S03
2020-03-27_1372,2020-03-27,1372,1370,7.909999999999999,14.88,2.7569999999999997,71.0,0.18528,2912.72,41.024,368.23,0.01,0.0,0.005,6e-05,-23.31,0.02,0.03,0.005,125.457,2.698,12.366,-1.349,1.735,2.197,74835.16,0.6037,0,0,0,0,,,drift_segment,2020-03-27_S03
2020-03-27_1373,2020-03-27,1373,1371,7.93,14.88,2.762,71.0,0.18562,2918.0,41.099,367.97,0.03,0.0,0.01,0.0007,-18.03,0.02,0.0,0.005,125.907,2.698,13.49,-1.349,2.08,2.373,75337.302,0.6209,0,0,0,0,,,drift_segment,2020-03-27_S03
2020-03-27_1374,2020-03-27,1374,1372,7.909999999999999,14.97,2.76,72.0,0.18437,2974.84,41.317,376.09,0.01,0.06,0.008,-0.0,34.47,-0.02,0.09,-0.002,125.457,4.216,13.04,0.0,0.797,4.267,75518.487,0.6797,0,0,0,0,,,drift_segment,2020-03-27_S03
2020-03-27_1375,2020-03-27,1375,1373,7.92,14.97,2.7569999999999997,71.0,0.18417,2930.33,41.272,369.99,0.02,0.06,0.005,-0.0002,-12.11,0.01,0.0,-0.003,125.682,4.216,12.366,-1.349,0.591,2.784,75851.92,0.6404,0,0,0,0,,,drift_segment,2020-03-27_S03
2020-03-27_1376,2020-03-27,1376,1374,7.9,14.94,2.752,73.0,0.1842,3001.39,41.115,379.92,0.0,0.01,-0.002,-0.00017,50.28,-0.02,-0.03,-0.005,125.232,3.71,11.242,1.349,0.627,5.152,75011.415,0.6283,0,0,0,0,,,drift_segment,2020-03-27_S03
2020-03-27_1377,2020-03-27,1377,1375,7.9,14.94,2.7439999999999998,72.0,0.18367,2951.67,40.995,373.63,0.0,0.01,-0.013,-0.0007,0.0,0.0,0.0,-0.008,125.232,3.71,9.443,0.0,0.077,3.495,75112.056,0.6211,0,0,0,0,,,drift_segment,2020-03-27_S03
2020-03-27_1378,2020-03-27,1378,1376,7.890000000000001,14.910000000000002,2.739,72.0,0.1837,2940.37,40.838,372.67,-0.01,-0.03,-0.017,-0.0005,-20.07,-0.01,-0.03,-0.005,125.007,3.204,8.319,0.0,0.112,3.119,74636.529,0.634,0,0,0,0,,,drift_segment,2020-03-27_S03
2020-03-27_1379,2020-03-27,1379,1377,7.890000000000001,14.910000000000002,2.7489999999999997,72.0,0.18437,2951.11,40.988,374.03,-0.01,-0.03,-0.005,0.0002,-12.56,0.0,0.0,0.01,125.007,3.204,10.567,0.0,0.801,3.477,74559.479,0.6291,0,0,0,0,,,drift_segment,2020-03-27_S03
2020-03-27_1380,2020-03-27,1380,1378,7.890000000000001,14.930000000000001,2.7539999999999996,72.0,0.18446,2960.44,41.117,375.21,-0.01,-0.01,0.001,0.0004,-3.22,0.0,0.02,0.005,125.007,3.541,11.691,0.0,0.891,3.788,74690.697,0.5992,0,0,0,0,,,drift_segment,2020-03-27_S03
2020-03-27_1381,2020-03-27,1381,1379,7.9,14.930000000000001,2.7569999999999997,72.0,0.18466,2963.66,41.162,375.15,0.0,-0.01,0.005,0.00067,0.0,0.01,0.0,0.003,125.232,3.541,12.366,0.0,1.098,3.895,74937.123,0.596,0,0,0,0,,,drift_segment,2020-03-27_S03
2020-03-27_1382,2020-03-27,1382,1380,7.909999999999999,14.99,2.759,72.0,0.18406,2977.73,41.357,376.45,0.01,0.06,0.01,6e-05,17.29,0.01,0.06,0.002,125.457,4.553,12.815,0.0,0.475,4.364,75691.928,0.667,0,0,0,0,,,drift_segment,2020-03-27_S03
2020-03-27_1383,2020-03-27,1383,1381,7.92,14.99,2.7560000000000002,72.0,0.18386,2974.5,41.312,375.57,0.02,0.06,0.003,-0.0002,12.07,0.01,0.0,-0.003,125.682,4.553,12.141,0.0,0.27,4.256,75978.843,0.6281,0,0,0,0,,,drift_segment,2020-03-27_S03
2020-03-27_1384,2020-03-27,1384,1382,7.909999999999999,15.070000000000002,2.753,72.0,0.18268,2987.12,41.488,377.64,0.01,0.13,-0.001,-0.00145,24.69,-0.01,0.08,-0.003,125.457,5.902,11.466,0.0,-0.937,4.677,76403.433,0.6825,0,0,0,0,,,drift_segment,2020-03-27_S03
2020-03-27_1385,2020-03-27,1385,1383,7.9,15.070000000000002,2.748,72.0,0.18235,2981.69,41.412,377.43,0.0,0.13,-0.006,-0.00178,18.03,-0.01,0.0,-0.005,125.232,5.902,10.342,0.0,-1.278,4.496,76170.389,0.6705,0,0,0,0,,,drift_segment,2020-03-27_S03
2020-03-27_1386,2020-03-27,1386,1384,7.9,14.930000000000001,2.747,71.0,0.18399,2911.9,41.013,368.6,-0.01,-0.01,-0.008,-0.00013,-51.76,0.0,-0.14,-0.001,125.232,3.541,10.117,-1.349,0.41,2.17,75053.159,0.6204,0,0,0,0,,,drift_segment,2020-03-27_S03
2020-03-27_1387,2020-03-27,1387,1385,7.88,14.930000000000001,2.7489999999999997,71.0,0.18413,2914.02,41.043,369.8,-0.03,-0.01,-0.005,7e-05,-48.4,-0.02,0.0,0.002,124.782,3.541,10.567,-1.349,0.547,2.24,74506.549,0.6115,0,0,0,0,,,drift_segment,2020-03-27_S03
2020-03-27_1388,2020-03-27,1388,1386,7.88,14.94,2.7539999999999996,72.0,0.18434,2962.42,41.145,375.94,-0.02,0.0,0.001,0.00035,2.32,0.0,0.01,0.005,124.782,3.71,11.691,0.0,0.764,3.854,74508.026,0.602,0,0,0,0,,,drift_segment,2020-03-27_S03
2020-03-27_1389,2020-03-27,1389,1387,7.909999999999999,14.94,2.7569999999999997,71.0,0.18454,2924.46,41.19,369.72,0.01,0.0,0.007,0.00041,-33.49,0.03,0.0,0.003,125.457,3.71,12.366,-1.349,0.971,2.588,75333.932,0.619,0,0,0,0,,,drift_segment,2020-03-27_S03
2020-03-27_1390,2020-03-27,1390,1388,7.909999999999999,14.889999999999999,2.7569999999999997,73.0,0.18516,2996.78,41.052,378.86,0.01,-0.05,0.008,0.00103,38.83,0.0,-0.05,0.0,125.457,2.867,12.366,1.349,1.607,4.999,74828.984,0.6421,0,0,0,0,,,drift_segment,2020-03-27_S03
2020-03-27_1391,2020-03-27,1391,1389,7.92,14.889999999999999,2.755,72.0,0.18502,2953.58,41.022,372.93,0.02,-0.05,0.005,0.0009,-1.48,0.01,0.0,-0.002,125.682,2.867,11.916,0.0,1.469,3.559,75150.42,0.6172,0,0,0,0,,,drift_segment,2020-03-27_S03
2020-03-27_1392,2020-03-27,1392,1390,7.890000000000001,14.950000000000001,2.75,72.0,0.18395,2960.1,41.113,375.17,-0.01,0.01,-0.004,-0.00018,2.15,-0.03,0.06,-0.005,125.007,3.878,10.792,0.0,0.363,3.776,74884.369,0.6446,0,0,0,0,,,drift_segment,2020-03-27_S03
2020-03-27_1393,2020-03-27,1393,1391,7.890000000000001,14.950000000000001,2.748,72.0,0.18381,2957.95,41.083,374.9,-0.01,0.0,-0.007,-0.00013,-2.15,0.0,0.0,-0.002,125.007,3.878,10.342,0.0,0.225,3.705,74898.764,0.5994,0,0,0,0,,,drift_segment,2020-03-27_S03
2020-03-27_1394,2020-03-27,1394,1392,7.9,14.930000000000001,2.7489999999999997,72.0,0.18413,2955.07,41.043,374.06,0.0,-0.02,-0.006,0.00018,-2.88,0.01,-0.02,0.001,125.232,3.541,10.567,0.0,0.547,3.608,74991.481,0.601,0,0,0,0,,,drift_segment,2020-03-27_S03
2020-03-27_1395,2020-03-27,1395,1393,7.890000000000001,14.99,2.745,72.0,0.18312,2962.62,41.148,375.49,-0.01,0.04,-0.007,-0.00082,4.68,-0.01,0.06,-0.004,125.007,4.553,9.668,0.0,-0.484,3.86,75254.443,0.6594,0,0,0,0,,,drift_segment,2020-03-27_S03
2020-03-27_1396,2020-03-27,1396,1394,7.909999999999999,14.99,2.755,71.0,0.18379,2932.12,41.297,370.69,0.01,0.04,0.005,-0.00015,-22.95,0.02,0.0,0.01,125.457,4.553,11.916,-1.349,0.201,2.844,75764.723,0.655,0,0,0,0,,,drift_segment,2020-03-27_S03
2020-03-27_1397,2020-03-27,1397,1395,7.9,15.070000000000002,2.7560000000000002,72.0,0.18288,2990.37,41.533,378.53,0.0,0.12,0.007,-0.00093,35.31,-0.01,0.08,0.001,125.232,5.902,12.141,0.0,-0.733,4.785,76114.797,0.6925,0,0,0,0,,,drift_segment,2020-03-27_S03
2020-03-27_1398,2020-03-27,1398,1396,7.9,15.070000000000002,2.7560000000000002,72.0,0.18288,2990.37,41.533,378.53,0.0,0.13,0.007,-0.00093,37.46,0.0,0.0,0.0,125.232,5.902,12.141,0.0,-0.733,4.785,76114.797,0.6512,0,0,0,0,,,drift_segment,2020-03-27_S03
2020-03-27_1399,2020-03-27,1399,1397,7.909999999999999,14.930000000000001,2.752,71.0,0.18433,2917.2,41.087,368.8,0.01,-0.01,0.0,0.00039,-35.71,0.01,-0.14,-0.004,125.457,3.541,11.242,-1.349,0.754,2.346,75283.95,0.6236,0,0,0,0,,,drift_segment,2020-03-27_S03
2020-03-27_1400,2020-03-27,1400,1398,7.9,14.930000000000001,2.747,72.0,0.18399,2952.92,41.013,373.79,0.0,-0.01,-0.006,6e-05,0.0,-0.01,0.0,-0.005,125.232,3.541,10.117,0.0,0.41,3.537,75006.114,0.6016,0,0,0,0,,,drift_segment,2020-03-27_S03
2020-03-27_1401,2020-03-27,1401,1399,7.890000000000001,14.94,2.748,70.0,0.18394,2873.86,41.055,364.24,-0.01,0.0,-0.005,-6e-05,-79.06,-0.01,0.01,0.001,125.007,3.71,10.342,-2.698,0.352,0.902,74914.499,0.6015,0,0,0,0,,,drift_segment,2020-03-27_S03
2020-03-27_1402,2020-03-27,1402,1400,7.9,14.94,2.7439999999999998,71.0,0.18367,2910.67,40.995,368.44,0.0,0.0,-0.009,-0.00048,-42.24,0.01,0.0,-0.004,125.232,3.71,9.443,-1.349,0.077,2.129,75159.131,0.6068,0,0,0,0,,,drift_segment,2020-03-27_S03
2020-03-27_1403,2020-03-27,1403,1401,7.890000000000001,14.889999999999999,2.753,72.0,0.18489,2951.44,40.992,374.07,-0.01,-0.04,0.001,0.00056,0.0,-0.01,-0.05,0.009,125.007,2.867,11.466,0.0,1.331,3.487,74366.046,0.6465,0,0,0,0,,,drift_segment,2020-03-27_S03
2020-03-27_1404,2020-03-27,1404,1402,7.88,14.889999999999999,2.7569999999999997,72.0,0.18516,2955.72,41.052,375.09,-0.02,-0.04,0.007,0.00074,38.52,-0.01,0.0,0.004,124.782,2.867,12.366,0.0,1.607,3.63,74074.942,0.6345,0,0,0,0,,,drift_segment,2020-03-27_S03
2020-03-27_1405,2020-03-27,1405,1403,7.909999999999999,14.950000000000001,2.7569999999999997,72.0,0.18441,2967.63,41.217,375.18,0.02,0.06,0.007,-0.00047,48.97,0.03,0.06,0.0,125.457,3.878,12.366,0.0,0.844,4.027,75370.257,0.6714,0,0,0,0,,,drift_segment,2020-03-27_S03
2020-03-27_1406,2020-03-27,1406,1404,7.9,14.950000000000001,2.753,73.0,0.18415,3004.49,41.157,380.31,0.01,0.06,0.001,-0.00101,85.83,-0.01,0.0,-0.004,125.232,3.878,11.466,1.349,0.569,5.256,75087.819,0.6426,0,0,0,0,,,drift_segment,2020-03-27_S03
2020-03-27_1407,2020-03-27,1407,1405,7.9,14.74,2.75,71.0,0.18657,2877.98,40.535,364.3,0.0,-0.01,-0.002,0.00014,-44.64,0.0,-0.21,-0.003,125.232,0.337,10.792,-1.349,3.055,1.039,73464.997,0.5861,0,0,0,0,,,drift_segment,2020-03-27_S03
2020-03-27_1408,2020-03-27,1408,1406,7.890000000000001,14.74,2.748,71.0,0.18643,2875.89,40.506,364.5,0.0,-0.01,-0.005,0.0,-48.86,-0.01,0.0,-0.002,125.007,0.337,10.342,-1.349,2.916,0.97,73215.841,0.5585,0,0,0,0,,,drift_segment,2020-03-27_S03
2020-03-27_1409,2020-03-27,1409,1407,7.890000000000001,14.729999999999999,2.748,72.0,0.18656,2914.42,40.478,369.38,-0.01,-0.02,-0.004,0.00013,-10.33,0.0,-0.01,0.0,125.007,0.169,10.342,0.0,3.046,2.254,73087.489,0.567,0,0,0,0,,,drift_segment,2020-03-27_S03
2020-03-27_1410,2020-03-27,1410,1408,7.890000000000001,14.729999999999999,2.752,72.0,0.18683,2918.66,40.537,369.92,-0.01,-0.02,0.0,0.0004,-6.09,0.0,0.0,0.004,125.007,0.169,11.242,0.0,3.325,2.395,73059.43,0.5707,0,0,0,0,,,drift_segment,2020-03-27_S03
2020-03-27_1411,2020-03-27,1411,1409,7.9,14.750000000000002,2.752,72.0,0.18658,2922.62,40.592,369.95,0.0,0.0,0.002,0.00014,0.0,0.01,0.02,0.0,125.232,0.506,11.242,0.0,3.064,2.527,73485.985,0.5622,0,0,0,0,,,drift_segment,2020-03-27_S03
2020-03-27_1412,2020-03-27,1412,1410,7.9,14.750000000000002,2.7539999999999996,72.0,0.18671,2924.75,40.622,370.22,0.0,0.0,0.005,0.00028,6.09,0.0,0.0,0.002,125.232,0.506,11.691,0.0,3.204,2.598,73472.524,0.5663,0,0,0,0,,,drift_segment,2020-03-27_S03
2020-03-27_1413,2020-03-27,1413,1411,7.890000000000001,15.070000000000002,2.7539999999999996,72.0,0.18275,2988.2,41.503,378.73,-0.01,0.14,0.005,-0.00172,65.58,-0.01,0.32,0.0,125.007,5.902,11.691,0.0,-0.869,4.713,75859.992,0.6928,0,0,0,0,,,drift_segment,2020-03-27_S03
2020-03-27_1414,2020-03-27,1414,1412,7.909999999999999,15.070000000000002,2.7489999999999997,72.0,0.18242,2982.77,41.427,377.09,0.01,0.14,-0.003,-0.00206,60.15,0.02,0.0,-0.005,125.457,5.902,10.567,0.0,-1.21,4.532,76431.733,0.6691,0,0,0,0,,,drift_segment,2020-03-27_S03
2020-03-27_1415,2020-03-27,1415,1413,7.909999999999999,14.930000000000001,2.748,72.0,0.18406,2953.99,41.028,373.45,0.01,0.0,-0.004,-0.00041,31.37,0.0,-0.14,-0.001,125.457,3.541,10.342,0.0,0.478,3.573,75265.376,0.6142,0,0,0,0,,,drift_segment,2020-03-27_S03
2020-03-27_1416,2020-03-27,1416,1414,7.890000000000001,14.930000000000001,2.748,71.0,0.18406,2912.96,41.028,369.2,-0.01,0.0,-0.004,-2e-05,-10.44,-0.02,0.0,0.0,125.007,3.541,10.342,-1.349,0.478,2.205,74779.543,0.5847,0,0,0,0,,,drift_segment,2020-03-27_S03
2020-03-27_1417,2020-03-27,1417,1415,7.9,14.94,2.7489999999999997,71.0,0.184,2915.97,41.07,369.11,0.0,0.0,-0.003,-6e-05,-8.77,0.01,0.01,0.001,125.232,3.71,10.567,-1.349,0.421,2.306,75121.712,0.5757,0,0,0,0,,,drift_segment,2020-03-27_S03
2020-03-27_1418,2020-03-27,1418,1416,7.909999999999999,14.94,2.7560000000000002,71.0,0.18447,2923.4,41.175,369.58,0.01,0.0,0.007,0.00041,0.0,0.01,0.0,0.007,125.457,3.71,12.141,-1.349,0.902,2.553,75340.394,0.6221,0,0,0,0,,,drift_segment,2020-03-27_S03
2020-03-27_1419,2020-03-27,1419,1417,7.9,14.889999999999999,2.759,71.0,0.18529,2916.79,41.082,369.21,0.0,-0.05,0.01,0.00123,-6.61,-0.01,-0.05,0.003,125.232,2.867,12.815,-1.349,1.745,2.333,74639.633,0.6329,0,0,0,0,,,drift_segment,2020-03-27_S03
2020-03-27_1420,2020-03-27,1420,1418,7.9,14.889999999999999,2.7539999999999996,71.0,0.18496,2911.5,41.007,368.54,0.0,-0.05,0.005,0.0009,-11.9,0.0,0.0,-0.005,125.232,2.867,11.691,-1.349,1.4,2.156,74671.746,0.6023,0,0,0,0,,,drift_segment,2020-03-27_S03
2020-03-27_1421,2020-03-27,1421,1419,7.9,14.950000000000001,2.752,72.0,0.18408,2962.25,41.142,374.97,0.01,0.01,0.0,8e-05,38.85,0.0,0.06,-0.002,125.232,3.878,11.242,0.0,0.5,3.848,75136.754,0.6073,0,0,0,0,,,drift_segment,2020-03-27_S03
2020-03-27_1422,2020-03-27,1422,1420,7.890000000000001,14.950000000000001,2.7439999999999998,73.0,0.18355,2994.66,41.023,379.55,-0.01,0.0,-0.009,-0.00011,64.67,-0.01,0.0,-0.008,125.007,3.878,9.443,1.349,-0.049,4.928,74886.742,0.6487,0,0,0,0,,,drift_segment,2020-03-27_S03
2020-03-27_1423,2020-03-27,1423,1421,7.890000000000001,14.930000000000001,2.741,71.0,0.18359,2905.54,40.923,368.26,-0.01,-0.02,-0.013,-7e-05,-24.45,0.0,-0.02,-0.003,125.007,3.541,8.768,-1.349,-0.003,1.958,74833.215,0.6109,0,0,0,0,,,drift_segment,2020-03-27_S03
2020-03-27_1424,2020-03-27,1424,1422,7.87,14.99,2.748,72.0,0.18332,2965.86,41.193,376.86,-0.03,0.04,-0.006,-0.00033,5.42,-0.02,0.06,0.007,124.558,4.553,10.342,0.0,-0.278,3.968,74699.377,0.6782,0,0,0,0,,,drift_segment,2020-03-27_S03
2020-03-27_1425,2020-03-27,1425,1423,7.88,14.99,2.753,71.0,0.18366,2929.99,41.267,371.83,-0.01,0.04,0.0,0.0,-30.45,0.01,0.0,0.005,124.782,4.553,11.466,-1.349,0.064,2.773,74977.175,0.6221,0,0,0,0,,,drift_segment,2020-03-27_S03
2020-03-27_1426,2020-03-27,1426,1424,7.890000000000001,15.070000000000002,2.759,72.0,0.18308,2993.63,41.578,379.42,0.0,0.12,0.007,-0.00058,33.19,0.01,0.08,0.006,125.007,5.902,12.815,0.0,-0.528,4.894,75827.702,0.6986,0,0,0,0,,,drift_segment,2020-03-27_S03
2020-03-27_1427,2020-03-27,1427,1425,7.909999999999999,15.070000000000002,2.759,73.0,0.18308,3035.2,41.578,383.72,0.02,0.13,0.007,-0.00058,74.93,0.02,0.0,0.0,125.457,5.902,12.815,1.349,-0.528,6.279,76321.906,0.675,0,0,0,0,,,drift_segment,2020-03-27_S03
2020-03-27_1428,2020-03-27,1428,1426,7.9,14.930000000000001,2.7569999999999997,71.0,0.18466,2922.5,41.162,369.94,0.01,-0.01,0.005,0.00079,-32.39,-0.01,-0.14,-0.002,125.232,3.541,12.366,-1.349,1.098,2.523,74984.095,0.6365,0,0,0,0,,,drift_segment,2020-03-27_S03
2020-03-27_1429,2020-03-27,1429,1427,7.9,14.930000000000001,2.7539999999999996,72.0,0.18446,2960.44,41.117,374.74,0.0,-0.01,0.001,0.00026,0.17,0.0,0.0,-0.003,125.232,3.541,11.691,0.0,0.891,3.788,74956.725,0.5782,0,0,0,0,,,drift_segment,2020-03-27_S03
2020-03-27_1430,2020-03-27,1430,1428,7.890000000000001,14.94,2.752,72.0,0.1842,2960.27,41.115,375.19,-0.01,0.0,-0.002,-0.00014,0.0,-0.01,0.01,-0.002,125.007,3.71,11.242,0.0,0.627,3.782,74787.279,0.5921,0,0,0,0,,,drift_segment,2020-03-27_S03
2020-03-27_1431,2020-03-27,1431,1429,7.88,14.94,2.747,72.0,0.18387,2954.89,41.04,374.99,-0.03,0.0,-0.009,-0.00059,-5.38,-0.01,0.0,-0.005,124.782,3.71,10.117,0.0,0.283,3.603,74557.138,0.6331,0,0,0,0,,,drift_segment,2020-03-27_S03
2020-03-27_1432,2020-03-27,1432,1430,7.909999999999999,14.889999999999999,2.747,72.0,0.18449,2945.0,40.903,372.31,0.0,-0.04,-0.009,0.0,-9.89,0.03,-0.05,0.0,125.457,2.867,10.117,0.0,0.917,3.273,74940.138,0.6374,0,0,0,0,,,drift_segment,2020-03-27_S03
2020-03-27_1433,2020-03-27,1433,1431,7.92,14.889999999999999,2.75,72.0,0.18469,2948.22,40.948,372.25,0.01,-0.04,-0.006,0.00014,0.0,0.01,0.0,0.003,125.682,2.867,10.792,0.0,1.124,3.38,75184.799,0.6131,0,0,0,0,,,drift_segment,2020-03-27_S03
2020-03-27_1434,2020-03-27,1434,1432,7.909999999999999,14.950000000000001,2.7560000000000002,72.0,0.18435,2966.56,41.202,375.04,-0.01,0.06,0.002,-0.0002,18.34,-0.01,0.06,0.006,125.457,3.878,12.141,0.0,0.775,3.992,75376.715,0.6608,0,0,0,0,,,drift_segment,2020-03-27_S03
2020-03-27_1435,2020-03-27,1435,1433,7.92,14.950000000000001,2.759,72.0,0.18455,2969.79,41.247,374.97,0.0,0.06,0.007,-0.00014,24.78,0.01,0.0,0.003,125.682,3.878,12.815,0.0,0.981,4.099,75624.813,0.6366,0,0,0,0,,,drift_segment,2020-03-27_S03
2020-03-27_1436,2020-03-27,1436,1434,7.93,14.74,2.765,71.0,0.18758,2893.68,40.756,364.9,0.01,0.0,0.013,0.002,-30.28,0.01,-0.21,0.006,125.907,0.337,14.164,-1.349,4.1,1.563,74163.145,0.6253,0,0,0,0,,,drift_segment,2020-03-27_S03
2020-03-27_1437,2020-03-27,1437,1435,7.93,14.74,2.76,71.0,0.18725,2888.45,40.682,364.24,0.01,0.0,0.008,0.00166,-5.23,0.0,0.0,-0.005,125.907,0.337,13.04,-1.349,3.752,1.388,74192.185,0.5686,0,0,0,0,,,drift_segment,2020-03-27_S03
2020-03-27_1438,2020-03-27,1438,1436,7.95,14.729999999999999,2.7569999999999997,72.0,0.18717,2923.96,40.611,367.79,0.03,0.0,0.005,0.00158,35.51,0.02,-0.01,-0.003,126.356,0.169,12.366,0.0,3.673,2.572,74612.027,0.6088,0,0,0,0,,,drift_segment,2020-03-27_S03
2020-03-27_1439,2020-03-27,1439,1437,7.94,14.729999999999999,2.752,71.0,0.18683,2878.12,40.537,362.48,0.03,0.0,0.0,0.00124,0.0,-0.01,0.0,-0.005,126.131,0.169,11.242,-1.349,3.325,1.044,74427.081,0.5653,0,0,0,0,,,drift_segment,2020-03-27_S03
2020-03-30_44,2020-03-30,44,43,2.33,14.549999999999999,2.701,70.0,0.18564,2750.97,39.3,1180.67,-0.04,-0.04,0.0,0.00057,-84.43,-0.04,-0.04,0.001,0.0,-2.867,-0.225,-2.698,2.098,-3.194,14.78,0.5895,0,0,1,1,0.9634,0.0017,day_relative,
2020-03-30_290,2020-03-30,290,289,2.38,14.520000000000001,2.707,73.0,0.18643,2869.31,39.306,1205.59,0.0,-0.04,0.003,0.00046,30.09,-0.01,-0.04,-0.002,1.124,-3.373,1.124,1.349,2.917,0.75,9.014,0.5267,0,0,0,0,0.9398,0.0051,day_relative,
2020-03-30_328,2020-03-30,328,327,2.37,14.590000000000002,2.7,70.0,0.18506,2757.51,39.393,1163.51,0.01,0.0,0.0,-7e-05,-79.84,0.01,0.02,0.0,0.899,-2.192,-0.45,-2.698,1.505,-2.976,9.776,0.4817,0,0,0,0,0.9127,0.016,day_relative,
2020-03-30_364,2020-03-30,364,363,2.37,14.56,2.7,70.0,0.18544,2751.84,39.312,1161.11,0.0,0.0,0.0,0.0,-75.16,-0.01,-0.01,0.003,0.899,-2.698,-0.45,-2.698,1.897,-3.165,10.602,0.4978,0,0,0,0,0.9323,0.0078,day_relative,
2020-03-30_368,2020-03-30,368,367,2.3899999999999997,14.56,2.7119999999999997,72.0,0.18626,2843.04,39.487,1189.56,0.02,0.0,0.004,0.00053,13.48,0.02,0.01,0.011,1.349,-2.698,2.248,0.0,2.743,-0.125,7.705,0.5445,0,0,0,0,0.9096,0.0187,day_relative,
2020-03-30_369,2020-03-30,369,368,2.3899999999999997,14.56,2.7119999999999997,73.0,0.18626,2882.53,39.487,1206.08,0.02,0.0,0.004,0.00053,52.96,0.0,0.0,0.0,1.349,-2.698,2.248,1.349,2.743,1.191,11.185,0.5071,0,0,0,0,0.9206,0.0133,day_relative,
2020-03-30_370,2020-03-30,370,369,2.38,14.53,2.7110000000000003,71.0,0.18658,2796.75,39.391,1175.1,0.01,-0.03,0.003,0.00085,-39.7,-0.01,-0.03,-0.001,1.124,-3.204,2.023,-1.349,3.068,-1.668,8.96,0.516,0,0,0,0,0.9324,0.0065,day_relative,
2020-03-30_371,2020-03-30,371,370,2.38,14.53,2.7110000000000003,71.0,0.18658,2796.75,39.391,1175.1,0.01,-0.03,0.003,0.00085,-39.7,0.0,0.0,0.0,1.124,-3.204,2.023,-1.349,3.068,-1.668,8.96,0.4816,0,0,0,0,0.913,0.0146,day_relative,
2020-03-30_444,2020-03-30,444,443,2.35,14.53,2.7119999999999997,71.0,0.18665,2797.78,39.405,1190.54,-0.02,-0.02,0.001,0.00089,-32.83,-0.02,-0.07,0.0,0.45,-3.204,2.248,-1.349,3.138,-1.634,12.566,0.5388,0,0,0,0,0.9545,0.0037,day_relative,
2020-03-30_445,2020-03-30,445,444,2.35,14.53,2.7119999999999997,71.0,0.18665,2797.78,39.405,1190.54,-0.02,-0.02,0.001,0.00089,-13.48,0.0,0.0,0.0,0.45,-3.204,2.248,-1.349,3.138,-1.634,12.566,0.4798,0,0,0,0,0.9267,0.0105,day_relative,
2020-03-30_446,2020-03-30,446,445,2.38,14.549999999999999,2.7110000000000003,71.0,0.18632,2800.6,39.445,1176.72,0.03,-0.01,0.0,0.00057,-10.66,0.03,0.02,-0.001,1.124,-2.867,2.023,-1.349,2.804,-1.54,8.078,0.5186,0,0,0,0,0.9121,0.0173,day_relative,
2020-03-30_454,2020-03-30,454,453,2.35,14.540000000000001,2.696,73.0,0.18542,2861.59,39.2,1217.7,-0.01,-0.02,-0.004,0.0,31.12,-0.01,-0.03,-0.002,0.45,-3.035,-1.349,1.349,1.876,0.493,10.847,0.489,0,0,0,0,0.9244,0.0119,day_relative,
2020-03-30_464,2020-03-30,464,463,2.34,14.58,2.708,70.0,0.18573,2763.78,39.483,1181.1,-0.01,-0.01,0.0,0.0,-74.31,-0.04,-0.01,-0.002,0.225,-2.361,1.349,-2.698,2.199,-2.767,12.495,0.5348,0,0,0,0,0.9319,0.0092,day_relative,
2020-03-30_528,2020-03-30,528,527,2.33,14.549999999999999,2.701,70.0,0.18564,2750.97,39.3,1180.67,-0.04,-0.04,0.0,0.00057,-84.43,-0.04,-0.04,0.001,0.0,-2.867,-0.225,-2.698,2.098,-3.194,14.78,0.5895,0,0,1,1,0.9634,0.0017,day_relative,
2020-03-30_689,2020-03-30,689,688,2.38,14.520000000000001,2.707,73.0,0.18643,2869.31,39.306,1205.59,0.0,-0.04,0.003,0.00046,30.09,-0.01,-0.04,-0.002,1.124,-3.373,1.124,1.349,2.917,0.75,9.014,0.5267,0,0,0,0,0.9398,0.0051,day_relative,
2020-03-30_727,2020-03-30,727,726,2.37,14.590000000000002,2.7,70.0,0.18506,2757.51,39.393,1163.51,0.01,0.0,0.0,-7e-05,-79.84,0.01,0.02,0.0,0.899,-2.192,-0.45,-2.698,1.505,-2.976,9.776,0.4817,0,0,0,0,0.9127,0.016,day_relative,
2020-03-30_763,2020-03-30,763,762,2.37,14.56,2.7,70.0,0.18544,2751.84,39.312,1161.11,0.0,0.0,0.0,0.0,-75.16,-0.01,-0.01,0.003,0.899,-2.698,-0.45,-2.698,1.897,-3.165,10.602,0.4978,0,0,0,0,0.9323,0.0078,day_relative,
2020-03-30_767,2020-03-30,767,766,2.3899999999999997,14.56,2.7119999999999997,72.0,0.18626,2843.04,39.487,1189.56,0.02,0.0,0.004,0.00053,13.48,0.02,0.01,0.011,1.349,-2.698,2.248,0.0,2.743,-0.125,7.705,0.5445,0,0,0,0,0.9096,0.0187,day_relative,
2020-03-30_768,2020-03-30,768,767,2.3899999999999997,14.56,2.7119999999999997,73.0,0.18626,2882.53,39.487,1206.08,0.02,0.0,0.004,0.00053,52.96,0.0,0.0,0.0,1.349,-2.698,2.248,1.349,2.743,1.191,11.185,0.5071,0,0,0,0,0.9206,0.0133,day_relative,
2020-03-30_769,2020-03-30,769,768,2.38,14.53,2.7110000000000003,71.0,0.18658,2796.75,39.391,1175.1,0.01,-0.03,0.003,0.00085,-39.7,-0.01,-0.03,-0.001,1.124,-3.204,2.023,-1.349,3.068,-1.668,8.96,0.516,0,0,0,0,0.9324,0.0065,day_relative,
2020-03-30_770,2020-03-30,770,769,2.38,14.53,2.7110000000000003,71.0,0.18658,2796.75,39.391,1175.1,0.01,-0.03,0.003,0.00085,-39.7,0.0,0.0,0.0,1.124,-3.204,2.023,-1.349,3.068,-1.668,8.96,0.4816,0,0,0,0,0.913,0.0146,day_relative,
2020-03-30_843,2020-03-30,843,842,2.35,14.53,2.7119999999999997,71.0,0.18665,2797.78,39.405,1190.54,-0.02,-0.02,0.001,0.00089,-32.83,-0.02,-0.07,0.0,0.45,-3.204,2.248,-1.349,3.138,-1.634,12.566,0.5388,0,0,0,0,0.9545,0.0037,day_relative,
2020-03-30_844,2020-03-30,844,843,2.35,14.53,2.7119999999999997,71.0,0.18665,2797.78,39.405,1190.54,-0.02,-0.02,0.001,0.00089,-13.48,0.0,0.0,0.0,0.45,-3.204,2.248,-1.349,3.138,-1.634,12.566,0.4798,0,0,0,0,0.9267,0.0105,day_relative,
2020-03-30_845,2020-03-30,845,844,2.38,14.549999999999999,2.7110000000000003,71.0,0.18632,2800.6,39.445,1176.72,0.03,-0.01,0.0,0.00057,-10.66,0.03,0.02,-0.001,1.124,-2.867,2.023,-1.349,2.804,-1.54,8.078,0.5186,0,0,0,0,0.9121,0.0173,day_relative,
2020-03-30_853,2020-03-30,853,852,2.35,14.540000000000001,2.696,73.0,0.18542,2861.59,39.2,1217.7,-0.01,-0.02,-0.004,0.0,31.12,-0.01,-0.03,-0.002,0.45,-3.035,-1.349,1.349,1.876,0.493,10.847,0.489,0,0,0,0,0.9244,0.0119,day_relative,
2020-03-30_863,2020-03-30,863,862,2.34,14.58,2.708,70.0,0.18573,2763.78,39.483,1181.1,-0.01,-0.01,0.0,0.0,-74.31,-0.04,-0.01,-0.002,0.225,-2.361,1.349,-2.698,2.199,-2.767,12.495,0.5348,0,0,0,0,0.9319,0.0092,day_relative,
2020-03-30_927,2020-03-30,927,926,2.33,14.549999999999999,2.701,70.0,0.18564,2750.97,39.3,1180.67,-0.04,-0.04,0.0,0.00057,-84.43,-0.04,-0.04,0.001,0.0,-2.867,-0.225,-2.698,2.098,-3.194,14.78,0.5895,0,0,1,1,0.9634,0.0017,day_relative,
2020-03-30_1223,2020-03-30,1223,1222,2.33,14.549999999999999,2.701,70.0,0.18564,2750.97,39.3,1180.67,-0.04,-0.04,0.0,0.00057,-84.43,-0.04,-0.04,0.001,0.0,-2.867,-0.225,-2.698,2.098,-3.194,14.78,0.5895,0,0,1,1,0.9634,0.0017,day_relative,
2020-03-31_904,2020-03-31,904,903,2.3,14.97,2.7,72.0,0.18036,2910.17,40.419,1265.29,-0.01,0.06,0.0,-0.00102,25.47,-0.01,0.09,0.001,-0.674,4.216,-0.45,0.0,-3.321,2.112,19.917,0.5837,1,1,1,3,0.9758,0.0256,point_anomaly,
2020-03-31_905,2020-03-31,905,904,2.3,14.97,2.7,72.0,0.18036,2910.17,40.419,1265.29,-0.01,0.06,0.0,-0.00102,18.57,0.0,0.0,0.0,-0.674,4.216,-0.45,0.0,-3.321,2.112,19.917,0.5385,1,1,0,2,0.9681,0.035,point_anomaly,
2020-03-31_906,2020-03-31,906,905,2.32,14.94,2.705,71.0,0.18106,2869.3,40.413,1236.77,0.0,0.01,0.0,-0.00033,-22.3,0.02,-0.03,0.005,-0.225,3.71,0.674,-1.349,-2.605,0.75,21.674,0.5044,1,1,0,2,0.9549,0.0444,point_anomaly,
2020-03-31_907,2020-03-31,907,906,2.32,14.94,2.705,71.0,0.18106,2869.3,40.413,1236.77,0.0,0.01,0.0,-0.00033,-40.87,0.0,0.0,0.0,-0.225,3.71,0.674,-1.349,-2.605,0.75,21.674,0.4623,1,1,0,2,0.9212,0.0734,point_anomaly,
2020-03-31_908,2020-03-31,908,907,2.34,14.910000000000002,2.713,72.0,0.18196,2912.46,40.451,1244.64,0.0,-0.03,0.006,0.0009,2.29,0.02,-0.03,0.008,0.225,3.204,2.473,0.0,-1.679,2.188,26.775,0.588,0,1,1,2,0.9684,0.034,point_anomaly,
2020-03-31_910,2020-03-31,910,909,2.34,14.930000000000001,2.71,73.0,0.18151,2953.6,40.46,1262.22,0.0,-0.01,0.003,0.00046,40.46,0.0,0.02,-0.003,0.225,3.541,1.799,1.349,-2.136,3.56,31.427,0.563,1,1,1,3,0.9737,0.0283,point_anomaly,
2020-03-31_911,2020-03-31,911,910,2.34,14.930000000000001,2.71,72.0,0.18151,2913.14,40.46,1244.93,0.0,-0.01,0.003,0.00046,0.0,0.0,0.0,0.0,0.225,3.541,1.799,0.0,-2.136,2.211,27.82,0.496,1,1,0,2,0.9491,0.0498,point_anomaly,
2020-03-31_912,2020-03-31,912,911,2.35,14.99,2.707,72.0,0.18059,2921.61,40.578,1243.24,0.01,0.06,0.0,-6e-05,8.47,0.01,0.06,-0.003,0.45,4.553,1.124,0.0,-3.088,2.493,44.015,0.5986,1,1,1,3,0.9847,0.0162,point_anomaly,
2020-03-31_913,2020-03-31,913,912,2.35,14.99,2.707,72.0,0.18059,2921.61,40.578,1243.24,0.01,0.06,0.0,-6e-05,8.47,0.0,0.0,0.0,0.45,4.553,1.124,0.0,-3.088,2.493,44.015,0.5547,1,1,1,3,0.9806,0.0209,point_anomaly,
2020-03-31_914,2020-03-31,914,913,2.31,15.070000000000002,2.699,72.0,0.1791,2928.52,40.674,1267.76,-0.03,0.13,-0.001,-0.00155,15.38,-0.04,0.08,-0.008,-0.45,5.902,-0.674,0.0,-4.618,2.724,45.179,0.6827,1,1,1,3,0.9889,0.0094,point_anomaly,
2020-03-31_915,2020-03-31,915,914,2.31,15.070000000000002,2.699,72.0,0.1791,2928.52,40.674,1267.76,-0.03,0.13,-0.001,-0.00155,15.38,0.0,0.0,0.0,-0.45,5.902,-0.674,0.0,-4.618,2.724,45.179,0.6099,1,1,1,3,0.9871,0.0114,point_anomaly,
2020-03-31_916,2020-03-31,916,915,2.33,14.930000000000001,2.697,72.0,0.18064,2899.17,40.266,1244.28,0.0,-0.01,-0.003,0.0,-5.17,0.02,-0.14,-0.002,0.0,3.541,-1.124,0.0,-3.031,1.745,23.489,0.5599,1,1,1,3,0.9705,0.0323,point_anomaly,
2020-03-31_917,2020-03-31,917,916,2.33,14.930000000000001,2.697,72.0,0.18064,2899.17,40.266,1244.28,0.0,-0.01,-0.003,0.0,-5.17,0.0,0.0,0.0,0.0,3.541,-1.124,0.0,-3.031,1.745,23.489,0.4865,1,1,0,2,0.9419,0.0559,point_anomaly,
2020-03-31_918,2020-03-31,918,917,2.3600000000000003,14.94,2.7,72.0,0.18072,2904.34,40.338,1230.65,0.03,0.0,0.0,0.0,0.0,0.03,0.01,0.003,0.674,3.71,-0.45,0.0,-2.949,1.918,36.974,0.5311,1,1,0,2,0.9688,0.033,point_anomaly,
2020-03-31_919,2020-03-31,919,918,2.3600000000000003,14.94,2.7,72.0,0.18072,2904.34,40.338,1230.65,0.03,0.0,0.0,0.0,0.0,0.0,0.0,0.0,0.674,3.71,-0.45,0.0,-2.949,1.918,36.974,0.4935,1,1,0,2,0.9534,0.0458,point_anomaly,
2020-03-31_922,2020-03-31,922,921,2.35,14.950000000000001,2.7060000000000004,72.0,0.181,2912.74,40.455,1239.46,0.01,0.06,0.004,-0.00046,40.45,0.02,0.06,0.004,0.45,3.878,0.899,0.0,-2.66,2.198,34.153,0.6032,1,1,1,3,0.9802,0.0215,point_anomaly,
2020-03-31_923,2020-03-31,923,922,2.35,14.950000000000001,2.7060000000000004,71.0,0.181,2872.28,40.455,1222.25,0.01,0.06,0.004,-0.00046,2.58,0.0,0.0,0.0,0.45,3.878,0.899,-1.349,-2.66,0.849,35.607,0.5359,1,1,0,2,0.9709,0.0316,point_anomaly,
2020-03-31_940,2020-03-31,940,939,2.4,14.799999999999999,2.697,73.0,0.18223,2913.84,39.916,1214.1,0.06,0.0,-0.003,-0.0002,36.72,0.06,0.0,-0.003,1.574,1.349,-1.124,1.349,-1.401,2.234,32.381,0.5892,0,1,1,2,0.8929,0.0976,point_anomaly,
2020-03-31_972,2020-03-31,972,971,2.38,14.820000000000002,2.698,72.0,0.18205,2878.87,39.984,1209.61,0.06,-0.03,-0.006,0.0,0.0,0.06,-0.01,-0.001,1.124,1.686,-0.899,0.0,-1.584,1.069,22.966,0.5588,0,1,1,2,0.824,0.1615,point_anomaly,
2020-03-31_978,2020-03-31,978,977,2.37,14.97,2.7060000000000004,72.0,0.18076,2916.64,40.509,1230.65,0.02,0.06,0.002,-0.00019,20.28,0.02,0.09,-0.001,0.899,4.216,0.899,0.0,-2.909,2.328,49.488,0.611,1,1,1,3,0.9863,0.0128,point_anomaly,
2020-03-31_979,2020-03-31,979,978,2.37,14.97,2.7060000000000004,72.0,0.18076,2916.64,40.509,1230.65,0.02,0.06,0.002,-0.00019,20.28,0.0,0.0,0.0,0.899,4.216,0.899,0.0,-2.909,2.328,49.488,0.5569,1,1,1,3,0.9823,0.0195,point_anomaly,
2020-03-31_980,2020-03-31,980,979,2.34,14.94,2.699,72.0,0.18066,2903.26,40.323,1240.71,-0.01,0.01,0.0,-0.00011,6.9,-0.03,-0.03,-0.007,0.225,3.71,-0.674,0.0,-3.017,1.882,28.208,0.5455,1,1,0,2,0.9719,0.0293,point_anomaly,
2020-03-31_981,2020-03-31,981,980,2.34,14.94,2.699,72.0,0.18066,2903.26,40.323,1240.71,-0.01,0.01,0.0,-0.00011,6.9,0.0,0.0,0.0,0.225,3.71,-0.674,0.0,-3.017,1.882,28.208,0.4852,1,1,0,2,0.9447,0.0532,point_anomaly,
2020-03-31_984,2020-03-31,984,983,2.2800000000000002,14.930000000000001,2.693,72.0,0.18038,2894.87,40.206,1269.68,-0.01,-0.01,-0.006,0.0,0.0,-0.09,0.02,-0.005,-1.124,3.541,-2.023,0.0,-3.306,1.602,14.557,0.6155,1,0,1,2,0.971,0.031,point_anomaly,
2020-03-31_986,2020-03-31,986,985,2.2800000000000002,14.99,2.7,71.0,0.18012,2873.58,40.473,1260.34,-0.01,0.06,0.0,-0.00026,-21.28,0.0,0.06,0.007,-1.124,4.553,-0.45,-1.349,-3.568,0.893,19.449,0.6034,1,1,1,3,0.9776,0.0249,point_anomaly,
2020-03-31_987,2020-03-31,987,986,2.2800000000000002,14.99,2.7,71.0,0.18012,2873.58,40.473,1260.34,-0.01,0.06,0.0,-0.00026,-16.41,0.0,0.0,0.0,-1.124,4.553,-0.45,-1.349,-3.568,0.893,19.449,0.5433,1,1,0,2,0.9716,0.0303,point_anomaly,
2020-03-31_988,2020-03-31,988,987,2.29,15.070000000000002,2.701,71.0,0.17923,2889.99,40.704,1262.0,0.0,0.13,0.0,-0.00114,0.0,0.01,0.08,0.001,-0.899,5.902,-0.225,-1.349,-4.482,1.439,37.477,0.6155,1,1,1,3,0.986,0.0135,point_anomaly,
2020-03-31_989,2020-03-31,989,988,2.29,15.070000000000002,2.701,71.0,0.17923,2889.99,40.704,1262.0,0.0,0.13,0.0,-0.00114,0.0,0.0,0.0,0.0,-0.899,5.902,-0.225,-1.349,-4.482,1.439,37.477,0.5767,1,1,1,3,0.9834,0.0175,point_anomaly,
2020-03-31_996,2020-03-31,996,995,2.31,14.950000000000001,2.7030000000000003,73.0,0.1808,2949.92,40.41,1277.02,0.01,0.06,0.0,-0.0008,80.82,0.04,0.06,-0.001,-0.45,3.878,0.225,1.349,-2.867,3.437,22.763,0.6141,1,1,1,3,0.9777,0.0242,point_anomaly,
2020-03-31_997,2020-03-31,997,996,2.31,14.950000000000001,2.7030000000000003,71.0,0.1808,2869.1,40.41,1242.03,0.01,0.06,0.0,-0.0008,2.41,0.0,0.0,0.0,-0.45,3.878,0.225,-1.349,-2.867,0.743,20.119,0.5123,1,1,0,2,0.9591,0.0424,point_anomaly,
2020-03-31_1004,2020-03-31,1004,1003,1.7399999999999998,14.72,2.702,71.0,0.18356,2823.91,39.773,1622.94,-0.61,-0.01,0.001,0.00019,-38.54,-0.61,0.0,-0.001,-13.265,0.0,0.0,-1.349,-0.034,-0.763,800.204,0.5241,1,1,0,2,0.9849,0.0155,point_anomaly,
2020-03-31_1005,2020-03-31,1005,1004,1.7399999999999998,14.709999999999999,2.702,72.0,0.18368,2861.74,39.746,1644.68,-0.61,-0.02,0.001,0.00032,-0.71,0.0,-0.01,0.0,-13.265,-0.169,0.0,0.0,0.094,0.498,812.392,0.4622,1,1,0,2,0.9439,0.0545,point_anomaly,
2020-03-31_1006,2020-03-31,1006,1005,2.21,14.709999999999999,2.69,70.0,0.18287,2769.89,39.57,1253.35,-0.14,-0.02,-0.012,-0.00063,-94.68,0.47,0.0,-0.012,-2.698,-0.169,-2.698,-2.698,-0.744,-2.563,41.832,0.6785,0,1,1,2,0.9469,0.0505,point_anomaly,
2020-03-31_1010,2020-03-31,1010,1009,2.48,14.729999999999999,2.708,72.0,0.18384,2872.0,39.889,1158.06,0.08,0.0,0.0,0.00012,7.42,0.13,0.0,0.007,3.372,0.169,1.349,0.0,0.256,0.84,61.489,0.5704,0,1,1,2,0.978,0.0236,point_anomaly,
2020-03-31_1026,2020-03-31,1026,1025,2.57,14.74,2.708,72.0,0.18372,2873.95,39.916,1118.27,0.09,0.0,0.006,0.00041,46.2,0.11,0.0,0.006,5.396,0.337,1.349,0.0,0.128,0.905,151.883,0.6008,1,1,1,3,0.9955,0.004,point_anomaly,
2020-03-31_1027,2020-03-31,1027,1026,2.57,14.729999999999999,2.708,73.0,0.18384,2911.89,39.889,1133.03,0.09,-0.01,0.006,0.00053,79.78,0.0,-0.01,0.0,5.396,0.169,1.349,1.349,0.256,2.169,149.9,0.5835,1,1,1,3,0.9942,0.0061,point_anomaly,
2020-03-31_1032,2020-03-31,1032,1031,2.55,14.770000000000001,2.698,73.0,0.18267,2909.01,39.849,1140.79,0.07,0.03,-0.004,-0.00056,43.38,0.07,0.0,-0.004,4.946,0.843,-0.899,1.349,-0.951,2.073,146.031,0.6293,1,1,1,3,0.9963,0.0027,point_anomaly,
2020-03-31_1033,2020-03-31,1033,1032,2.55,14.74,2.698,71.0,0.18304,2823.56,39.769,1107.28,0.07,0.0,-0.004,-0.00015,-42.07,0.0,-0.03,0.0,4.946,0.337,-0.899,-1.349,-0.569,-0.774,136.001,0.5374,1,1,0,2,0.9853,0.0148,point_anomaly,
2020-03-31_1040,2020-03-31,1040,1039,2.4899999999999998,14.76,2.702,72.0,0.18306,2871.47,39.882,1153.2,0.02,0.01,0.001,0.0,3.01,0.03,0.0,0.001,3.597,0.674,0.0,0.0,-0.545,0.822,77.774,0.4627,1,1,0,2,0.9326,0.0626,point_anomaly,
2020-03-31_1041,2020-03-31,1041,1040,2.4899999999999998,14.78,2.702,71.0,0.18281,2835.42,39.936,1138.72,0.02,0.02,0.001,-0.00018,-33.04,0.0,0.02,0.0,3.597,1.012,0.0,-1.349,-0.8,-0.379,86.163,0.4742,1,1,0,2,0.9454,0.0518,point_anomaly,
2020-03-31_1045,2020-03-31,1045,1044,2.4699999999999998,14.83,2.698,73.0,0.18193,2920.83,40.011,1182.52,0.0,0.03,-0.001,-0.00082,46.9,0.0,0.08,0.0,3.148,1.855,-0.899,1.349,-1.71,2.467,86.279,0.5669,0,1,1,2,0.9755,0.0266,point_anomaly,
2020-03-31_1070,2020-03-31,1070,1069,2.4,14.85,2.713,70.0,0.18269,2820.16,40.288,1175.07,-0.01,0.03,0.009,0.00038,-58.9,0.0,0.0,0.005,1.574,2.192,2.473,-2.698,-0.924,-0.888,49.523,0.5705,0,1,1,2,0.945,0.0525,point_anomaly,
2020-03-31_1072,2020-03-31,1072,1071,2.48,14.840000000000002,2.7039999999999997,72.0,0.18221,2889.17,40.127,1164.99,0.01,0.01,0.0,-0.0001,10.11,0.08,0.0,-0.009,3.372,2.024,0.45,0.0,-1.421,1.412,93.056,0.5533,0,1,1,2,0.9791,0.0229,point_anomaly,
2020-03-31_1078,2020-03-31,1078,1077,2.5,14.85,2.699,72.0,0.18175,2885.77,40.08,1154.31,0.02,0.02,0.0,-0.00034,3.7,0.02,0.0,0.0,3.822,2.192,-0.674,0.0,-1.893,1.299,118.429,0.4964,1,1,0,2,0.9657,0.0384,point_anomaly,
2020-03-31_1079,2020-03-31,1079,1078,2.5,14.83,2.699,72.0,0.182,2881.88,40.026,1152.75,0.02,0.0,0.0,-9e-05,-0.19,0.0,-0.02,0.0,3.822,1.855,-0.674,0.0,-1.641,1.169,111.183,0.4759,1,1,0,2,0.9503,0.0485,point_anomaly,
2020-03-31_1082,2020-03-31,1082,1081,2.4899999999999998,14.820000000000002,2.7039999999999997,71.0,0.18246,2845.2,40.073,1142.65,0.0,-0.03,0.0,0.0004,-36.87,0.02,0.0,0.003,3.597,1.686,0.45,-1.349,-1.168,-0.053,98.241,0.4976,1,1,0,2,0.9631,0.0397,point_anomaly,
2020-03-31_1083,2020-03-31,1083,1082,2.4899999999999998,14.85,2.7039999999999997,72.0,0.18209,2891.12,40.154,1161.09,0.0,0.0,0.0,3e-05,9.04,0.0,0.03,0.0,3.597,2.192,0.45,0.0,-1.547,1.477,105.973,0.4661,1,1,0,2,0.9386,0.0585,point_anomaly,
2020-03-31_1086,2020-03-31,1086,1085,2.5100000000000002,14.88,2.708,72.0,0.18199,2901.24,40.295,1155.87,0.02,0.0,0.003,0.0,10.13,0.04,0.0,-0.001,4.047,2.698,1.349,0.0,-1.648,1.815,138.167,0.5471,1,1,0,2,0.9878,0.0108,point_anomaly,
2020-03-31_1087,2020-03-31,1087,1086,2.5100000000000002,14.97,2.708,70.0,0.1809,2837.71,40.539,1130.56,0.02,0.06,0.003,-0.00039,-58.75,0.0,0.09,0.0,4.047,4.216,1.349,-2.698,-2.772,-0.303,188.087,0.6541,1,1,1,3,0.9961,0.0034,point_anomaly,
2020-03-31_1088,2020-03-31,1088,1087,2.5,14.97,2.705,71.0,0.18069,2875.06,40.494,1150.03,0.03,0.06,0.0,-0.00039,-21.4,-0.01,0.0,-0.003,3.822,4.216,0.674,-1.349,-2.977,0.942,168.143,0.6132,1,1,1,3,0.9949,0.0047,point_anomaly,
2020-03-31_1089,2020-03-31,1089,1088,2.5,14.94,2.705,72.0,0.18106,2909.71,40.413,1163.89,0.03,0.01,0.0,0.0,13.25,0.0,-0.03,0.0,3.822,3.71,0.674,0.0,-2.605,2.097,152.008,0.5623,1,1,1,3,0.9898,0.0087,point_anomaly,
2020-03-31_1090,2020-03-31,1090,1089,2.46,14.94,2.7030000000000003,72.0,0.18092,2907.56,40.383,1181.94,0.0,0.01,0.0,0.0,6.32,-0.04,0.0,-0.002,2.923,3.71,0.225,0.0,-2.742,2.025,109.844,0.5566,1,1,1,3,0.9859,0.0141,point_anomaly,
2020-03-31_1092,2020-03-31,1092,1091,2.46,14.910000000000002,2.7,73.0,0.18109,2938.76,40.257,1194.62,0.0,-0.03,0.0,0.00024,31.2,0.0,0.0,-0.003,2.923,3.204,-0.45,1.349,-2.575,3.065,102.653,0.5723,0,1,1,2,0.9801,0.0222,point_anomaly,
2020-03-31_1093,2020-03-31,1093,1092,2.46,14.930000000000001,2.7,71.0,0.18084,2862.08,40.311,1163.45,0.0,-0.01,0.0,0.00013,-47.63,0.0,0.02,0.0,2.923,3.541,-0.45,-1.349,-2.824,0.509,109.771,0.5156,1,1,0,2,0.9719,0.0293,point_anomaly,
2020-03-31_1094,2020-03-31,1094,1093,2.46,14.930000000000001,2.698,71.0,0.18071,2859.96,40.281,1162.59,0.0,-0.01,-0.002,-0.00013,-49.75,0.0,0.0,-0.002,2.923,3.541,-0.899,-1.349,-2.962,0.439,111.158,0.5278,1,1,0,2,0.9755,0.0266,point_anomaly,
2020-03-31_1095,2020-03-31,1095,1094,2.46,14.99,2.698,72.0,0.17999,2911.9,40.443,1183.7,0.0,0.06,-0.002,-0.00086,3.06,0.0,0.06,0.0,2.923,4.553,-0.899,0.0,-3.705,2.17,132.451,0.6132,1,1,1,3,0.9943,0.0054,point_anomaly,
2020-03-31_1096,2020-03-31,1096,1095,2.5,14.99,2.697,72.0,0.17992,2910.82,40.428,1164.33,0.01,0.06,-0.003,-0.00092,0.03,0.04,0.0,-0.001,3.822,4.553,-1.124,0.0,-3.773,2.134,179.433,0.6296,1,1,1,3,0.9967,0.002,point_anomaly,
2020-03-31_1097,2020-03-31,1097,1096,2.5,15.070000000000002,2.697,72.0,0.17896,2926.35,40.644,1170.54,0.01,0.13,-0.003,-0.00188,15.56,0.0,0.08,0.0,3.822,5.902,-1.124,0.0,-4.754,2.651,219.988,0.6656,1,1,1,3,0.9987,0.0007,point_anomaly,
2020-03-31_1098,2020-03-31,1098,1097,2.4899999999999998,15.070000000000002,2.7030000000000003,72.0,0.17936,2932.86,40.734,1177.86,0.0,0.13,0.0,-0.00148,24.02,-0.01,0.0,0.006,3.597,5.902,0.225,0.0,-4.346,2.868,202.397,0.659,1,1,1,3,0.9984,0.0013,point_anomaly,
2020-03-31_1099,2020-03-31,1099,1098,2.4899999999999998,14.930000000000001,2.7030000000000003,72.0,0.18104,2905.62,40.356,1166.91,0.0,-0.01,0.0,0.0,-3.22,0.0,-0.14,0.0,3.597,3.541,0.225,0.0,-2.618,1.96,136.956,0.5599,1,1,1,3,0.9866,0.0121,point_anomaly,
2020-03-31_1100,2020-03-31,1100,1099,2.4899999999999998,14.930000000000001,2.7060000000000004,72.0,0.18125,2908.84,40.401,1168.21,0.0,-0.01,0.003,0.0002,0.0,0.0,0.0,0.003,3.597,3.541,0.899,0.0,-2.411,2.068,136.425,0.542,1,1,0,2,0.9827,0.0188,point_anomaly,
2020-03-31_1101,2020-03-31,1101,1100,2.4899999999999998,14.94,2.7060000000000004,72.0,0.18112,2910.79,40.428,1168.99,0.0,0.0,0.003,8e-05,5.17,0.0,0.01,0.0,3.597,3.71,0.899,0.0,-2.536,2.133,140.596,0.5396,1,1,0,2,0.9839,0.0168,point_anomaly,
2020-03-31_1102,2020-03-31,1102,1101,2.48,14.94,2.7089999999999996,71.0,0.18133,2873.54,40.472,1158.69,-0.01,0.0,0.006,0.0002,0.0,-0.01,0.0,0.003,3.372,3.71,1.574,-1.349,-2.33,0.891,132.717,0.5728,1,1,1,3,0.9887,0.0101,point_anomaly,
2020-03-31_1103,2020-03-31,1103,1102,2.48,14.889999999999999,2.7089999999999996,71.0,0.18193,2863.93,40.337,1154.81,-0.01,-0.04,0.006,0.00069,-9.62,0.0,-0.05,0.0,3.372,2.867,1.574,-1.349,-1.704,0.571,113.367,0.5679,0,1,1,2,0.9829,0.0182,point_anomaly,
2020-03-31_1104,2020-03-31,1104,1103,2.5100000000000002,14.889999999999999,2.7030000000000003,71.0,0.18153,2857.58,40.248,1138.48,0.02,-0.04,0.0,0.00021,-11.51,0.03,0.0,-0.006,4.047,2.867,0.225,-1.349,-2.118,0.359,145.509,0.5781,1,1,1,3,0.9917,0.0081,point_anomaly,
2020-03-31_1105,2020-03-31,1105,1104,2.5100000000000002,14.950000000000001,2.7030000000000003,71.0,0.1808,2869.1,40.41,1143.07,0.02,0.06,0.0,-0.00073,5.17,0.0,0.06,0.0,4.047,3.878,0.225,-1.349,-2.867,0.743,171.72,0.5973,1,1,1,3,0.9935,0.0067,point_anomaly,
2020-03-31_1106,2020-03-31,1106,1105,2.44,14.950000000000001,2.696,71.0,0.18033,2861.67,40.305,1172.82,-0.04,0.06,-0.006,-0.0016,0.0,-0.07,0.0,-0.007,2.473,3.878,-1.349,-1.349,-3.348,0.496,101.336,0.6679,1,1,1,3,0.9924,0.0074,point_anomaly,
2020-03-31_1108,2020-03-31,1108,1107,2.4899999999999998,14.74,2.702,73.0,0.18331,2907.41,39.827,1167.63,0.01,0.0,0.004,0.00016,46.02,0.05,0.0,0.006,3.597,0.337,0.0,1.349,-0.29,2.02,74.652,0.5557,1,1,1,3,0.9819,0.0202,point_anomaly,
2020-03-31_1109,2020-03-31,1109,1108,2.4899999999999998,14.729999999999999,2.702,71.0,0.18344,2825.83,39.8,1134.87,0.01,0.0,0.004,0.00027,-35.38,0.0,-0.01,0.0,3.597,0.169,0.0,-1.349,-0.162,-0.699,72.015,0.4484,1,1,0,2,0.9123,0.0814,point_anomaly,
2020-03-31_1116,2020-03-31,1116,1115,2.52,14.729999999999999,2.705,72.0,0.18364,2868.81,39.845,1138.42,0.03,0.0,0.001,0.00012,4.42,0.06,0.0,0.001,4.272,0.169,0.674,0.0,0.047,0.734,95.113,0.5024,0,0,0,0,,,drift_segment,2020-03-31_S04
2020-03-31_1117,2020-03-31,1117,1116,2.52,14.74,2.705,72.0,0.18351,2870.76,39.872,1139.19,0.03,0.01,0.001,0.0,6.37,0.0,0.01,0.0,4.272,0.337,0.674,0.0,-0.081,0.799,98.212,0.4572,0,0,0,0,,,drift_segment,2020-03-31_S04
2020-03-31_1118,2020-03-31,1118,1117,2.4899999999999998,14.74,2.7060000000000004,71.0,0.18358,2831.94,39.886,1137.32,0.0,0.01,0.002,7e-05,-32.46,-0.03,0.0,0.001,3.597,0.337,0.899,-1.349,-0.011,-0.495,74.017,0.468,0,0,0,0,,,drift_segment,2020-03-31_S04
2020-03-31_1119,2020-03-31,1119,1118,2.4899999999999998,14.74,2.7060000000000004,72.0,0.18358,2871.82,39.886,1153.34,0.0,0.0,0.002,7e-05,10.43,0.0,0.0,0.0,3.597,0.337,0.899,0.0,-0.011,0.834,71.559,0.4224,0,0,0,0,,,drift_segment,2020-03-31_S04
2020-03-31_1120,2020-03-31,1120,1119,2.4899999999999998,14.74,2.699,72.0,0.18311,2864.39,39.783,1150.36,0.0,0.0,0.0,-0.00012,0.0,0.0,0.0,-0.007,3.597,0.337,-0.674,0.0,-0.499,0.586,73.785,0.452,0,0,0,0,,,drift_segment,2020-03-31_S04
2020-03-31_1121,2020-03-31,1121,1120,2.4899999999999998,14.729999999999999,2.699,71.0,0.18323,2822.7,39.756,1133.61,0.0,-0.01,0.0,7e-05,-41.7,0.0,-0.01,0.0,3.597,0.169,-0.674,-1.349,-0.372,-0.803,73.606,0.432,0,0,0,0,,,drift_segment,2020-03-31_S04
2020-03-31_1122,2020-03-31,1122,1121,2.5,14.729999999999999,2.698,72.0,0.18316,2861.39,39.742,1144.56,0.01,-0.01,-0.001,0.0,-3.0,0.01,0.0,-0.001,3.822,0.169,-0.899,0.0,-0.441,0.486,80.248,0.4367,0,0,0,0,,,drift_segment,2020-03-31_S04
2020-03-31_1123,2020-03-31,1123,1122,2.5,14.74,2.698,70.0,0.18304,2783.8,39.769,1113.52,0.01,0.0,-0.001,-7e-05,-77.59,0.0,0.01,0.0,3.822,0.337,-0.899,-2.698,-0.569,-2.1,93.215,0.5142,0,0,0,0,,,drift_segment,2020-03-31_S04
2020-03-31_1124,2020-03-31,1124,1123,2.48,14.74,2.694,71.0,0.18277,2819.38,39.71,1136.85,-0.01,0.0,-0.004,-0.00027,-42.01,-0.02,0.0,-0.004,3.372,0.337,-1.799,-1.349,-0.848,-0.914,72.796,0.5136,0,0,0,0,,,drift_segment,2020-03-31_S04
2020-03-31_1125,2020-03-31,1125,1124,2.48,14.770000000000001,2.694,72.0,0.1824,2864.91,39.79,1155.2,-0.01,0.03,-0.004,-0.00047,42.21,0.0,0.03,0.0,3.372,0.843,-1.799,0.0,-1.229,0.603,78.445,0.5009,0,0,0,0,,,drift_segment,2020-03-31_S04
2020-03-31_1126,2020-03-31,1126,1125,2.48,14.770000000000001,2.701,72.0,0.18287,2872.35,39.894,1158.21,-0.01,0.03,0.007,0.0001,52.97,0.0,0.0,0.007,3.372,0.843,-0.225,0.0,-0.742,0.852,72.645,0.5244,0,0,0,0,,,drift_segment,2020-03-31_S04
2020-03-31_1127,2020-03-31,1127,1126,2.48,14.74,2.701,72.0,0.18324,2866.52,39.813,1155.85,-0.01,0.0,0.007,0.00085,82.72,0.0,-0.03,0.0,3.372,0.337,-0.225,0.0,-0.36,0.657,64.606,0.4742,0,0,0,0,,,drift_segment,2020-03-31_S04
2020-03-31_1128,2020-03-31,1128,1127,2.4899999999999998,14.74,2.542,73.0,0.17246,2735.24,37.469,1098.49,0.0,0.0,0.0,-0.00012,0.0,0.01,0.0,-0.159,3.597,0.337,-35.973,1.349,-11.441,-3.718,1468.11,0.6147,0,0,0,0,,,drift_segment,2020-03-31_S04
2020-03-31_1129,2020-03-31,1129,1128,2.4899999999999998,14.729999999999999,2.542,71.0,0.17257,2658.5,37.444,1067.67,0.0,-0.02,0.0,0.00012,0.0,0.0,-0.01,0.0,3.597,0.169,-35.973,-1.349,-11.32,-6.276,1467.265,0.5666,0,0,0,0,,,drift_segment,2020-03-31_S04
2020-03-31_1130,2020-03-31,1130,1129,2.4899999999999998,14.729999999999999,2.481,71.0,0.16843,2594.7,36.545,1042.05,0.0,-0.02,0.0,0.0,-40.12,0.0,0.0,-0.061,3.597,0.169,-49.688,-1.349,-15.575,-8.402,2702.442,0.6177,0,0,0,0,,,drift_segment,2020-03-31_S04
2020-03-31_1131,2020-03-31,1131,1130,2.4899999999999998,14.750000000000002,2.481,72.0,0.1682,2634.82,36.595,1058.16,0.0,0.0,0.0,0.0,2.09,0.0,0.02,0.0,3.597,0.506,-49.688,0.0,-15.809,-7.065,2705.325,0.5565,0,0,0,0,,,drift_segment,2020-03-31_S04
2020-03-31_1132,2020-03-31,1132,1131,10.540000000000001,14.750000000000002,2.476,72.0,0.16786,2629.51,36.521,249.48,1.47,0.0,0.0,0.0,-1.78,8.05,0.0,-0.005,184.588,0.506,-50.812,0.0,-16.157,-7.242,167042.471,0.6547,0,0,0,0,,,drift_segment,2020-03-31_S04
2020-03-31_1133,2020-03-31,1133,1132,10.540000000000001,14.76,2.476,72.0,0.16775,2631.29,36.546,249.65,1.47,0.01,0.0,0.0,1.78,0.0,0.01,0.0,184.588,0.674,-50.812,0.0,-16.274,-7.183,167163.912,0.6074,0,0,0,0,,,drift_segment,2020-03-31_S04
2020-03-31_1134,2020-03-31,1134,1133,9.27,14.76,2.474,72.0,0.16762,2629.17,36.516,283.62,0.2,0.01,0.0,0.0,0.0,-1.27,0.0,-0.002,156.034,0.674,-51.262,0.0,-16.413,-7.254,120912.92,0.6541,0,0,0,0,,,drift_segment,2020-03-31_S04
2020-03-31_1135,2020-03-31,1135,1134,9.27,14.78,2.474,72.0,0.16739,2632.73,36.566,284.01,0.2,0.02,0.0,0.0,6.38,0.0,0.02,0.0,156.034,1.012,-51.262,0.0,-16.646,-7.135,121118.872,0.6179,0,0,0,0,,,drift_segment,2020-03-31_S04
2020-03-31_1136,2020-03-31,1136,1135,9.07,14.78,2.468,72.0,0.16698,2626.35,36.477,289.56,0.0,0.02,0.0,-0.00034,0.0,-0.2,0.0,-0.006,151.538,1.012,-52.611,0.0,-17.063,-7.348,114745.078,0.6394,0,0,0,0,,,drift_segment,2020-03-31_S04
2020-03-31_1137,2020-03-31,1137,1136,9.07,14.750000000000002,2.468,72.0,0.16732,2621.02,36.403,288.98,0.0,-0.03,0.0,0.0,-1.78,0.0,-0.03,0.0,151.538,0.506,-52.611,0.0,-16.715,-7.525,114444.981,0.5803,0,0,0,0,,,drift_segment,2020-03-31_S04
2020-03-31_1138,2020-03-31,1138,1137,9.01,14.750000000000002,2.464,71.0,0.16705,2580.42,36.344,286.4,-0.04,-0.03,-0.004,-0.00027,-42.37,-0.06,0.0,-0.004,150.189,0.506,-53.51,-1.349,-16.993,-8.878,112716.487,0.6614,0,0,0,0,,,drift_segment,2020-03-31_S04
2020-03-31_1139,2020-03-31,1139,1138,9.01,14.83,2.464,71.0,0.16615,2594.42,36.541,287.95,-0.04,0.03,-0.004,-0.00117,-28.38,0.0,0.08,0.0,150.189,1.855,-53.51,-1.349,-17.919,-8.412,113511.408,0.6513,0,0,0,0,,,drift_segment,2020-03-31_S04
2020-03-31_1140,2020-03-31,1140,1139,9.05,14.83,2.467,71.0,0.16635,2597.58,36.586,287.03,0.01,0.03,-0.001,-0.00097,-25.22,0.04,0.0,0.003,151.088,1.855,-52.836,-1.349,-17.711,-8.307,114692.445,0.633,0,0,0,0,,,drift_segment,2020-03-31_S04
2020-03-31_1141,2020-03-31,1141,1140,9.05,14.799999999999999,2.467,71.0,0.16669,2592.32,36.512,286.44,0.01,0.0,-0.001,-0.00063,-30.47,0.0,-0.03,0.0,151.088,1.349,-52.836,-1.349,-17.365,-8.482,114392.058,0.5927,0,0,0,0,,,drift_segment,2020-03-31_S04
2020-03-31_1142,2020-03-31,1142,1141,9.040000000000001,14.799999999999999,2.496,71.0,0.16865,2622.8,36.941,290.13,0.03,0.0,0.0,0.0,0.0,-0.01,0.0,0.029,150.863,1.349,-46.316,-1.349,-15.352,-7.466,112978.44,0.6393,0,0,0,0,,,drift_segment,2020-03-31_S04
2020-03-31_1143,2020-03-31,1143,1142,9.040000000000001,14.799999999999999,2.496,72.0,0.16865,2659.74,36.941,294.22,0.03,0.0,0.0,0.0,0.0,0.0,0.0,0.0,150.863,1.349,-46.316,0.0,-15.352,-6.235,112920.205,0.5801,0,0,0,0,,,drift_segment,2020-03-31_S04
2020-03-31_1144,2020-03-31,1144,1143,8.98,14.799999999999999,2.54,73.0,0.17162,2744.22,37.592,305.59,0.0,0.0,0.0,0.0,75.18,-0.06,0.0,0.044,149.514,1.349,-36.423,1.349,-12.298,-3.419,109454.265,0.6607,0,0,0,0,,,drift_segment,2020-03-31_S04
2020-03-31_1145,2020-03-31,1145,1144,8.98,14.799999999999999,2.54,71.0,0.17162,2669.03,37.592,297.22,0.0,0.0,0.0,0.0,-70.15,0.0,0.0,0.0,149.514,1.349,-36.423,-1.349,-12.298,-5.925,109564.156,0.5769,0,0,0,0,,,drift_segment,2020-03-31_S04
2020-03-31_1146,2020-03-31,1146,1145,8.95,14.799999999999999,2.605,72.0,0.17601,2775.89,38.554,310.16,0.0,0.0,0.0,0.00012,31.67,-0.03,0.0,0.065,148.84,1.349,-21.809,0.0,-7.786,-2.364,106738.383,0.6304,0,0,0,0,,,drift_segment,2020-03-31_S04
2020-03-31_1147,2020-03-31,1147,1146,8.95,14.81,2.605,71.0,0.17589,2739.18,38.58,306.05,0.0,0.01,0.0,-0.00012,-36.7,0.0,0.01,0.0,148.84,1.518,-21.809,-1.349,-7.908,-3.587,106893.165,0.5857,0,0,0,0,,,drift_segment,2020-03-31_S04
2020-03-31_1148,2020-03-31,1148,1147,8.790000000000001,14.81,2.673,72.0,0.18049,2850.27,39.587,324.26,0.0,0.01,0.0,0.0,0.0,-0.16,0.0,0.068,145.242,1.518,-6.52,0.0,-3.192,0.116,100418.889,0.6224,0,0,0,0,,,drift_segment,2020-03-31_S04
2020-03-31_1149,2020-03-31,1149,1148,8.790000000000001,14.799999999999999,2.673,73.0,0.18061,2887.91,39.56,328.54,0.0,0.0,0.0,0.0,29.73,0.0,-0.01,0.0,145.242,1.349,-6.52,1.349,-3.066,1.37,100273.46,0.5508,0,0,0,0,,,drift_segment,2020-03-31_S04
2020-03-31_1150,2020-03-31,1150,1149,8.58,14.799999999999999,2.72,71.0,0.18378,2858.18,40.256,333.12,0.0,0.0,0.0,0.0,-29.73,-0.21,0.0,0.047,140.521,1.349,4.047,-1.349,0.196,0.379,93343.444,0.608,0,0,0,0,,,drift_segment,2020-03-31_S04
2020-03-31_1151,2020-03-31,1151,1150,8.58,14.78,2.72,72.0,0.18403,2894.52,40.202,337.36,0.0,-0.03,0.0,0.0,0.0,0.0,-0.02,0.0,140.521,1.012,4.047,0.0,0.451,1.59,93106.369,0.5276,0,0,0,0,,,drift_segment,2020-03-31_S04
2020-03-31_1152,2020-03-31,1152,1151,8.25,14.78,2.745,72.0,0.18572,2921.12,40.571,354.08,0.0,-0.03,0.0,0.00038,0.0,-0.33,0.0,0.025,133.101,1.012,9.668,0.0,2.189,2.477,83321.619,0.6421,0,0,0,0,,,drift_segment,2020-03-31_S04
2020-03-31_1153,2020-03-31,1153,1152,8.25,14.81,2.745,72.0,0.18535,2927.05,40.653,354.79,0.0,0.0,0.0,0.0,5.93,0.0,0.03,0.0,133.101,1.518,9.668,0.0,1.802,2.675,83583.426,0.548,0,0,0,0,,,drift_segment,2020-03-31_S04
2020-03-31_1154,2020-03-31,1154,1153,7.92,14.81,2.7510000000000003,72.0,0.18575,2933.45,40.742,370.38,0.0,0.0,0.003,0.00038,12.33,-0.33,0.0,0.006,125.682,1.518,11.017,0.0,2.218,2.888,74515.037,0.6163,0,0,0,0,,,drift_segment,2020-03-31_S04
2020-03-31_1155,2020-03-31,1155,1154,7.92,14.840000000000002,2.7510000000000003,72.0,0.18538,2939.39,40.825,371.13,0.0,0.03,0.003,0.0,16.61,0.0,0.03,0.0,125.682,2.024,11.017,0.0,1.833,3.086,74762.973,0.5789,0,0,0,0,,,drift_segment,2020-03-31_S04
2020-03-31_1156,2020-03-31,1156,1155,7.609999999999999,14.840000000000002,2.7560000000000002,72.0,0.18571,2944.73,40.899,386.96,0.0,0.03,0.008,0.00034,21.95,-0.31,0.0,0.005,118.712,2.024,12.141,0.0,2.179,3.264,66715.495,0.642,0,0,0,0,,,drift_segment,2020-03-31_S04
2020-03-31_1157,2020-03-31,1157,1156,7.609999999999999,14.83,2.7560000000000002,72.0,0.18584,2942.75,40.871,386.69,0.0,0.02,0.008,0.00046,15.7,0.0,-0.01,0.0,118.712,1.855,12.141,0.0,2.307,3.198,66637.328,0.5901,0,0,0,0,,,drift_segment,2020-03-31_S04
2020-03-31_1158,2020-03-31,1158,1157,7.33,14.83,2.748,71.0,0.1853,2893.45,40.753,394.74,0.0,0.02,0.0,-5e-05,-33.6,-0.28,0.0,-0.008,112.417,1.855,10.342,-1.349,1.753,1.555,59881.975,0.6075,0,0,0,0,,,drift_segment,2020-03-31_S04
2020-03-31_1159,2020-03-31,1159,1158,7.33,14.81,2.748,71.0,0.18555,2889.55,40.698,394.21,0.0,-0.02,0.0,0.00025,-34.71,0.0,-0.02,0.0,112.417,1.518,10.342,-1.349,2.01,1.425,59733.993,0.5428,0,0,0,0,,,drift_segment,2020-03-31_S04
2020-03-31_1160,2020-03-31,1160,1159,7.18,14.81,2.741,72.0,0.18508,2922.78,40.594,407.07,0.0,-0.02,0.0,0.0,0.0,-0.15,0.0,-0.007,109.044,1.518,8.768,0.0,1.525,2.532,56223.262,0.6097,0,0,0,0,,,drift_segment,2020-03-31_S04
2020-03-31_1161,2020-03-31,1161,1160,7.18,14.81,2.741,71.0,0.18508,2882.19,40.594,401.42,0.0,-0.02,0.0,0.0,-34.59,0.0,0.0,0.0,109.044,1.518,8.768,-1.349,1.525,1.179,56264.309,0.5206,0,0,0,0,,,drift_segment,2020-03-31_S04
2020-03-31_1162,2020-03-31,1162,1161,7.05,14.81,2.735,73.0,0.18467,2956.89,40.505,419.42,0.0,-0.02,0.0,0.0,42.08,-0.13,0.0,-0.006,106.121,1.518,7.419,1.349,1.109,3.669,53268.414,0.6262,0,0,0,0,,,drift_segment,2020-03-31_S04
2020-03-31_1163,2020-03-31,1163,1162,7.05,14.85,2.735,72.0,0.18418,2924.26,40.615,414.79,0.0,0.03,0.0,0.0,18.0,0.0,0.04,0.0,106.121,2.192,7.419,0.0,0.598,2.582,53583.527,0.5634,0,0,0,0,,,drift_segment,2020-03-31_S04
2020-03-31_1164,2020-03-31,1164,1163,7.0,14.85,2.728,72.0,0.1837,2916.78,40.511,416.68,0.0,0.03,0.0,-0.00012,10.51,-0.05,0.0,-0.007,104.997,2.192,5.846,0.0,0.113,2.332,52512.797,0.6035,0,0,0,0,,,drift_segment,2020-03-31_S04
2020-03-31_1165,2020-03-31,1165,1164,7.0,14.840000000000002,2.728,72.0,0.18383,2914.81,40.484,416.4,0.0,0.01,0.0,0.00012,8.55,0.0,-0.01,0.0,104.997,2.024,5.846,0.0,0.241,2.267,52443.382,0.5318,0,0,0,0,,,drift_segment,2020-03-31_S04
2020-03-31_1166,2020-03-31,1166,1165,6.93,14.840000000000002,2.72,72.0,0.18329,2906.27,40.365,419.37,0.0,0.01,0.0,-0.00025,3.92,-0.07,0.0,-0.008,103.423,2.024,4.047,0.0,-0.313,1.982,50956.532,0.5928,0,0,0,0,,,drift_segment,2020-03-31_S04
2020-03-31_1167,2020-03-31,1167,1166,6.93,14.820000000000002,2.72,72.0,0.18354,2902.35,40.31,418.81,0.0,-0.02,0.0,0.00025,0.0,0.0,-0.02,0.0,103.423,1.686,4.047,0.0,-0.059,1.851,50819.921,0.5288,0,0,0,0,,,drift_segment,2020-03-31_S04
2020-03-31_1168,2020-03-31,1168,1167,6.890000000000001,14.820000000000002,2.707,72.0,0.18266,2888.48,40.118,419.23,0.0,-0.02,0.0,0.0,-1.95,-0.04,0.0,-0.013,102.524,1.686,1.124,0.0,-0.96,1.389,50059.077,0.5447,0,0,0,0,,,drift_segment,2020-03-31_S04
2020-03-31_1169,2020-03-31,1169,1168,6.890000000000001,14.83,2.707,72.0,0.18254,2890.43,40.145,419.51,0.0,0.0,0.0,0.0,1.95,0.0,0.01,0.0,102.524,1.855,1.124,0.0,-1.087,1.454,50126.805,0.4625,0,0,0,0,,,drift_segment,2020-03-31_S04
2020-03-31_1170,2020-03-31,1170,1169,6.890000000000001,14.83,2.699,72.0,0.182,2881.88,40.026,418.27,0.0,0.0,0.0,0.0,0.0,0.0,0.0,-0.008,102.524,1.855,-0.674,0.0,-1.641,1.169,50205.168,0.4971,0,0,0,0,,,drift_segment,2020-03-31_S04
2020-03-31_1171,2020-03-31,1171,1170,6.65,14.85,2.694,72.0,0.18141,2880.42,40.006,433.15,-0.13,0.02,0.0,0.0,0.0,-0.24,0.02,-0.005,97.128,2.192,-1.799,0.0,-2.238,1.121,45285.147,0.6271,0,0,0,0,,,drift_segment,2020-03-31_S04
2020-03-31_1172,2020-03-31,1172,1171,6.68,14.85,2.685,71.0,0.18081,2830.93,39.872,423.79,-0.06,0.02,0.0,0.0,-44.65,0.03,0.0,-0.009,97.802,2.192,-3.822,-1.349,-2.861,-0.529,46042.914,0.6375,0,0,0,0,,,drift_segment,2020-03-31_S04
2020-03-31_1173,2020-03-31,1173,1172,6.7,14.83,2.677,71.0,0.18051,2818.69,39.7,420.7,-0.02,0.0,0.0,0.0,-32.23,0.02,-0.02,-0.008,98.252,1.855,-5.621,-1.349,-3.165,-0.937,46424.775,0.6008,0,0,0,0,,,drift_segment,2020-03-31_S04
2020-03-31_1174,2020-03-31,1174,1173,6.74,14.83,2.67,72.0,0.18004,2850.92,39.596,422.99,0.04,0.0,0.0,0.0,11.82,0.04,0.0,-0.007,99.151,1.855,-7.195,0.0,-3.65,0.137,47317.237,0.612,0,0,0,0,,,drift_segment,2020-03-31_S04
2020-03-31_1175,2020-03-31,1175,1174,6.720000000000001,14.820000000000002,2.6630000000000003,71.0,0.17969,2802.06,39.466,416.97,0.04,-0.03,0.0,0.0,-37.04,-0.02,-0.01,-0.007,98.702,1.686,-8.768,-1.349,-4.01,-1.491,46959.98,0.6432,0,0,0,0,,,drift_segment,2020-03-31_S04
2020-03-31_1176,2020-03-31,1176,1175,6.779999999999999,14.820000000000002,2.658,73.0,0.17935,2875.58,39.392,424.13,0.13,-0.03,0.0,0.0,36.48,0.06,0.0,-0.005,100.051,1.686,-9.893,1.349,-4.357,0.959,48231.41,0.6612,0,0,0,0,,,drift_segment,2020-03-31_S04
2020-03-31_1177,2020-03-31,1177,1176,6.58,14.85,2.65,72.0,0.17845,2833.38,39.352,430.6,-0.06,0.0,-0.007,0.0,0.0,-0.2,0.03,-0.008,95.554,2.192,-11.691,0.0,-5.282,-0.447,44390.858,0.678,0,0,0,0,,,drift_segment,2020-03-31_S04
2020-03-31_1178,2020-03-31,1178,1177,6.609999999999999,14.85,2.648,72.0,0.17832,2831.24,39.323,428.33,-0.03,0.0,-0.007,0.0,-7.86,0.03,0.0,-0.002,96.229,2.192,-12.141,0.0,-5.42,-0.519,45037.013,0.6092,0,0,0,0,,,drift_segment,2020-03-31_S04
2020-03-31_1179,2020-03-31,1179,1178,6.56,14.88,2.65,72.0,0.17809,2839.1,39.432,432.79,-0.08,0.0,-0.005,-7e-05,-1.07,-0.05,0.03,0.002,95.104,2.698,-11.691,0.0,-5.652,-0.257,44172.45,0.6422,0,0,0,0,,,drift_segment,2020-03-31_S04
2020-03-31_1180,2020-03-31,1180,1179,6.57,14.88,2.6510000000000002,72.0,0.17816,2840.18,39.447,432.29,-0.07,0.0,-0.003,7e-05,1.07,0.01,0.0,0.001,95.329,2.698,-11.466,0.0,-5.583,-0.221,44362.365,0.591,0,0,0,0,,,drift_segment,2020-03-31_S04
2020-03-31_1181,2020-03-31,1181,1180,6.640000000000001,14.97,2.654,72.0,0.17729,2860.59,39.73,430.81,0.01,0.06,0.001,-0.00065,20.41,0.07,0.09,0.003,96.903,4.216,-10.792,0.0,-6.477,0.46,46348.606,0.6724,0,0,0,0,,,drift_segment,2020-03-31_S04
2020-03-31_1182,2020-03-31,1182,1181,6.63,14.97,2.657,71.0,0.17749,2824.05,39.775,425.95,0.0,0.06,0.005,-0.00038,-15.06,-0.01,0.0,0.003,96.678,4.216,-10.117,-1.349,-6.271,-0.758,46134.058,0.6586,0,0,0,0,,,drift_segment,2020-03-31_S04
2020-03-31_1183,2020-03-31,1183,1182,6.67,14.94,2.655,72.0,0.17771,2855.93,39.666,428.18,0.03,0.01,0.002,-7e-05,16.83,0.04,-0.03,-0.002,97.578,3.71,-10.567,0.0,-6.043,0.304,46767.168,0.6307,0,0,0,0,,,drift_segment,2020-03-31_S04
2020-03-31_1184,2020-03-31,1184,1183,6.7299999999999995,14.94,2.656,72.0,0.17778,2857.01,39.681,424.52,0.09,0.01,0.002,1e-05,16.83,0.06,0.0,0.001,98.927,3.71,-10.342,0.0,-5.974,0.34,48022.815,0.6495,0,0,0,0,,,drift_segment,2020-03-31_S04
2020-03-31_1185,2020-03-31,1185,1184,6.7,14.910000000000002,2.6519999999999997,71.0,0.17787,2807.43,39.541,419.02,0.03,-0.03,-0.002,0.00016,-40.61,-0.03,-0.03,-0.004,98.252,3.204,-11.242,-1.349,-5.882,-1.312,47283.95,0.6515,0,0,0,0,,,drift_segment,2020-03-31_S04
2020-03-31_1186,2020-03-31,1186,1185,6.63,14.910000000000002,2.653,72.0,0.17793,2848.05,39.556,429.57,-0.04,-0.03,-0.001,0.00045,-7.88,-0.07,0.0,0.001,96.678,3.204,-11.017,0.0,-5.813,0.042,45764.068,0.6385,0,0,0,0,,,drift_segment,2020-03-31_S04
2020-03-31_1187,2020-03-31,1187,1186,6.640000000000001,14.930000000000001,2.6430000000000002,70.0,0.17703,2762.2,39.46,415.99,-0.06,-0.01,-0.011,-0.00046,-85.85,0.01,0.02,-0.01,96.903,3.541,-13.265,-2.698,-6.746,-2.82,46332.252,0.7043,0,0,0,0,,,drift_segment,2020-03-31_S04
2020-03-31_1188,2020-03-31,1188,1187,6.67,14.930000000000001,2.654,71.0,0.17776,2813.32,39.624,421.79,-0.03,-0.01,0.0,5e-05,-39.62,0.03,0.0,0.011,97.578,3.541,-10.792,-1.349,-5.989,-1.116,46753.615,0.646,0,0,0,0,,,drift_segment,2020-03-31_S04
2020-03-31_1189,2020-03-31,1189,1188,6.7,14.99,2.654,72.0,0.17705,2864.41,39.783,427.52,-0.03,0.06,0.0,-0.00038,16.36,0.03,0.06,0.0,98.252,4.553,-10.792,0.0,-6.72,0.587,47745.554,0.6606,0,0,0,0,,,drift_segment,2020-03-31_S04
2020-03-31_1190,2020-03-31,1190,1189,6.74,14.99,2.655,72.0,0.17712,2865.49,39.798,425.15,0.0,0.06,0.002,-0.00012,17.92,0.04,0.0,0.001,99.151,4.553,-10.567,0.0,-6.652,0.623,48584.498,0.6347,0,0,0,0,,,drift_segment,2020-03-31_S04
2020-03-31_1191,2020-03-31,1191,1190,6.82,15.070000000000002,2.656,72.0,0.17624,2881.87,40.026,422.56,0.08,0.13,0.003,-0.001,33.82,0.08,0.08,0.001,100.95,5.902,-10.342,0.0,-7.549,1.169,50846.992,0.7228,0,0,0,0,,,drift_segment,2020-03-31_S04
2020-03-31_1192,2020-03-31,1192,1191,6.74,15.070000000000002,2.653,71.0,0.17605,2838.63,39.981,421.16,-0.04,0.13,0.0,-0.0012,-8.94,-0.08,0.0,-0.003,99.151,5.902,-11.017,-1.349,-7.754,-0.272,49190.258,0.7017,0,0,0,0,,,drift_segment,2020-03-31_S04
2020-03-31_1193,2020-03-31,1193,1192,6.779999999999999,14.930000000000001,2.654,72.0,0.17776,2852.94,39.624,420.79,-0.04,-0.01,0.0,0.00033,5.37,0.04,-0.14,0.001,100.051,3.541,-10.792,0.0,-5.989,0.205,49056.219,0.6474,0,0,0,0,,,drift_segment,2020-03-31_S04
2020-03-31_1194,2020-03-31,1194,1193,6.909999999999999,14.930000000000001,2.6489999999999996,72.0,0.17743,2847.57,39.55,412.09,0.06,-0.01,-0.004,4e-05,-4.06,0.13,0.0,-0.005,102.974,3.541,-11.916,0.0,-6.333,0.026,51972.027,0.6654,0,0,0,0,,,drift_segment,2020-03-31_S04
2020-03-31_1195,2020-03-31,1195,1194,6.9,14.94,2.648,71.0,0.17724,2808.84,39.561,407.08,0.05,0.0,-0.005,-0.00019,-42.79,-0.01,0.01,-0.001,102.749,3.71,-12.141,-1.349,-6.524,-1.265,51874.617,0.6402,0,0,0,0,,,drift_segment,2020-03-31_S04
2020-03-31_1196,2020-03-31,1196,1195,6.94,14.94,2.6510000000000002,72.0,0.17744,2851.63,39.606,410.9,0.09,0.0,-0.002,0.0,4.06,0.04,0.0,0.003,103.648,3.71,-11.466,0.0,-6.318,0.161,52677.566,0.6441,0,0,0,0,,,drift_segment,2020-03-31_S04
2020-03-31_1197,2020-03-31,1197,1196,6.92,14.889999999999999,2.6519999999999997,70.0,0.17811,2764.18,39.488,399.45,0.07,-0.04,0.0,0.00058,-83.39,-0.02,-0.05,0.001,103.198,2.867,-11.242,-2.698,-5.637,-2.754,51955.887,0.6954,0,0,0,0,,,drift_segment,2020-03-31_S04
2020-03-31_1198,2020-03-31,1198,1197,6.88,14.889999999999999,2.654,71.0,0.17824,2805.78,39.518,407.82,0.03,-0.04,0.002,0.00048,-41.79,-0.04,0.0,0.002,102.299,2.867,-10.792,-1.349,-5.499,-1.367,50999.001,0.6469,0,0,0,0,,,drift_segment,2020-03-31_S04
2020-03-31_1199,2020-03-31,1199,1198,6.85,14.950000000000001,2.6519999999999997,72.0,0.17739,2854.61,39.647,416.73,0.0,0.06,0.0,-0.00071,36.91,-0.03,0.06,-0.002,101.625,3.878,-11.242,0.0,-6.371,0.26,50741.611,0.6487,0,0,0,0,,,drift_segment,2020-03-31_S04
2020-03-31_1200,2020-03-31,1200,1199,6.85,14.950000000000001,2.654,72.0,0.17753,2856.77,39.677,417.05,0.0,0.06,0.002,-0.00072,43.53,0.0,0.0,0.002,101.625,3.878,-10.792,0.0,-6.233,0.332,50711.674,0.6098,0,0,0,0,,,drift_segment,2020-03-31_S04
2020-03-31_1201,2020-03-31,1201,1200,6.83,14.74,2.655,72.0,0.18012,2817.7,39.135,412.55,-0.02,-0.01,0.003,0.00053,4.46,-0.02,-0.21,0.001,101.175,0.337,-10.567,0.0,-3.566,-0.97,48848.995,0.6124,0,0,0,0,,,drift_segment,2020-03-31_S04
2020-03-31_1202,2020-03-31,1202,1201,6.840000000000001,14.74,2.6519999999999997,73.0,0.17992,2853.61,39.09,417.19,-0.01,-0.01,0.0,0.00033,40.37,0.01,0.0,-0.003,101.4,0.337,-11.242,1.349,-3.775,0.227,49074.701,0.5646,0,0,0,0,,,drift_segment,2020-03-31_S04
2020-03-31_1203,2020-03-31,1203,1202,6.83,14.729999999999999,2.6519999999999997,71.0,0.18004,2773.54,39.064,406.08,-0.02,-0.02,0.0,0.00045,-39.7,-0.01,-0.01,0.0,101.175,0.169,-11.242,-1.349,-3.649,-2.442,48865.774,0.5851,0,0,0,0,,,drift_segment,2020-03-31_S04
2020-03-31_1204,2020-03-31,1204,1203,6.83,14.729999999999999,2.65,71.0,0.1799,2771.45,39.034,405.78,-0.02,-0.02,-0.002,0.00031,-45.82,0.0,0.0,-0.002,101.175,0.169,-11.691,-1.349,-3.789,-2.511,48895.899,0.5926,0,0,0,0,,,drift_segment,2020-03-31_S04
2020-03-31_1205,2020-03-31,1205,1204,7.0200000000000005,14.750000000000002,2.6489999999999996,72.0,0.17959,2813.24,39.073,400.75,0.11,0.0,-0.002,0.0,-4.03,0.19,0.02,-0.001,105.447,0.506,-11.916,0.0,-4.109,-1.119,53179.346,0.6349,0,0,0,0,,,drift_segment,2020-03-31_S04
2020-03-31_1206,2020-03-31,1206,1205,7.01,14.750000000000002,2.6489999999999996,72.0,0.17959,2813.24,39.073,401.32,0.07,0.0,-0.001,0.0,0.0,-0.01,0.0,0.0,105.222,0.506,-11.916,0.0,-4.109,-1.119,52955.388,0.5801,0,0,0,0,,,drift_segment,2020-03-31_S04
2020-03-31_1207,2020-03-31,1207,1206,7.029999999999999,14.76,2.6430000000000002,72.0,0.17907,2808.77,39.011,399.54,0.08,0.01,-0.006,-0.00053,-4.47,0.02,0.01,-0.006,105.672,0.674,-13.265,0.0,-4.652,-1.268,53569.349,0.6411,0,0,0,0,,,drift_segment,2020-03-31_S04
2020-03-31_1208,2020-03-31,1208,1207,6.970000000000001,14.76,2.6510000000000002,72.0,0.17961,2817.27,39.129,404.2,0.0,0.01,0.002,0.00018,8.5,-0.06,0.0,0.008,104.323,0.674,-11.466,0.0,-4.095,-0.984,52101.925,0.6133,0,0,0,0,,,drift_segment,2020-03-31_S04
2020-03-31_1209,2020-03-31,1209,1208,6.94,14.78,2.6519999999999997,72.0,0.17943,2822.15,39.197,406.65,-0.04,0.02,0.003,0.0002,13.38,-0.03,0.02,0.001,103.648,1.012,-11.242,0.0,-4.275,-0.822,51559.5,0.622,0,0,0,0,,,drift_segment,2020-03-31_S04
2020-03-31_1210,2020-03-31,1210,1209,6.909999999999999,14.78,2.6489999999999996,72.0,0.17923,2818.96,39.152,407.95,-0.07,0.02,0.0,0.0,10.19,-0.03,0.0,-0.003,102.974,1.012,-11.916,0.0,-4.483,-0.928,50945.191,0.6123,0,0,0,0,,,drift_segment,2020-03-31_S04
2020-03-31_1211,2020-03-31,1211,1210,6.95,14.750000000000002,2.6430000000000002,72.0,0.17919,2806.87,38.984,403.87,-0.02,-0.03,-0.008,-4e-05,0.0,0.04,-0.03,-0.006,103.873,0.506,-13.265,0.0,-4.527,-1.331,51716.649,0.6352,0,0,0,0,,,drift_segment,2020-03-31_S04
2020-03-31_1212,2020-03-31,1212,1211,8.16,14.750000000000002,2.6430000000000002,71.0,0.17919,2767.88,38.984,339.2,1.21,-0.03,-0.009,-4e-05,-38.98,1.21,0.0,0.0,131.078,0.506,-13.265,-1.349,-4.527,-2.63,81977.432,0.689,0,0,0,0,,,drift_segment,2020-03-31_S04
2020-03-31_1213,2020-03-31,1213,1212,7.15,14.83,2.657,71.0,0.17916,2797.64,39.403,391.28,0.2,0.03,0.005,-6e-05,-9.23,-1.01,0.08,0.014,108.37,1.855,-10.117,-1.349,-4.55,-1.639,56622.58,0.7248,0,0,0,0,,,drift_segment,2020-03-31_S04
2020-03-31_1214,2020-03-31,1214,1213,6.9799999999999995,14.83,2.656,71.0,0.1791,2796.58,39.388,400.66,0.04,0.03,0.004,-9e-05,-1.05,-0.17,0.0,-0.001,104.547,1.855,-10.342,-1.349,-4.619,-1.674,52771.485,0.6599,0,0,0,0,,,drift_segment,2020-03-31_S04
2020-03-31_1215,2020-03-31,1215,1214,6.95,14.799999999999999,2.659,71.0,0.17966,2794.08,39.353,402.03,0.04,0.0,0.003,0.00048,-3.56,-0.03,-0.03,0.003,103.873,1.349,-9.668,-1.349,-4.038,-1.757,51853.244,0.6384,0,0,0,0,,,drift_segment,2020-03-31_S04
2020-03-31_1216,2020-03-31,1216,1215,6.859999999999999,14.799999999999999,2.659,71.0,0.17966,2794.08,39.353,407.3,-0.02,0.0,0.002,0.00048,-3.56,-0.09,0.0,0.0,101.849,1.349,-9.668,-1.349,-4.038,-1.757,49879.147,0.6231,0,0,0,0,,,drift_segment,2020-03-31_S04
2020-03-31_1217,2020-03-31,1217,1216,6.85,14.799999999999999,2.658,72.0,0.17959,2832.36,39.338,413.48,-0.02,0.0,0.0,0.0,34.73,-0.01,0.0,-0.001,101.625,1.349,-9.893,0.0,-4.108,-0.481,49637.599,0.5547,0,0,0,0,,,drift_segment,2020-03-31_S04
2020-03-31_1218,2020-03-31,1218,1217,6.87,14.799999999999999,2.6510000000000002,73.0,0.17912,2864.14,39.235,416.91,0.0,0.0,-0.008,-0.00054,32.42,0.02,0.0,-0.007,102.074,1.349,-11.466,1.349,-4.593,0.578,50141.306,0.6186,0,0,0,0,,,drift_segment,2020-03-31_S04
2020-03-31_1219,2020-03-31,1219,1218,6.88,14.799999999999999,2.648,71.0,0.17892,2782.52,39.19,404.44,0.01,0.0,-0.011,-0.00074,-49.85,0.01,0.0,-0.003,102.299,1.349,-12.141,-1.349,-4.802,-2.143,50478.801,0.6233,0,0,0,0,,,drift_segment,2020-03-31_S04
2020-03-31_1220,2020-03-31,1220,1219,6.87,14.799999999999999,2.659,72.0,0.17966,2833.43,39.353,412.44,0.01,0.0,0.0,0.0,0.0,-0.01,0.0,0.011,102.074,1.349,-9.668,0.0,-4.038,-0.446,50057.515,0.594,0,0,0,0,,,drift_segment,2020-03-31_S04
2020-03-31_1221,2020-03-31,1221,1220,6.87,14.81,2.693,71.0,0.18184,2831.72,39.883,412.19,0.02,0.01,0.0,0.0,-32.42,0.0,0.01,0.034,102.074,1.518,-2.023,-1.349,-1.804,-0.503,49736.7,0.5801,0,0,0,0,,,drift_segment,2020-03-31_S04
2020-03-31_1222,2020-03-31,1222,1221,6.8,14.81,2.738,72.0,0.18488,2919.58,40.55,429.35,0.0,0.01,0.0,0.0,0.0,-0.07,0.0,0.045,100.5,1.518,8.094,0.0,1.317,2.426,47817.322,0.6208,0,0,0,0,,,drift_segment,2020-03-31_S04
2020-03-31_1223,2020-03-31,1223,1222,4.4,14.799999999999999,2.78,73.0,0.18784,3003.51,41.144,682.62,0.0,0.0,0.0,0.0,60.34,-2.4,-0.01,0.042,46.54,1.349,17.537,1.349,4.36,5.223,10426.997,0.6651,0,0,0,0,,,drift_segment,2020-03-31_S04
2020-03-31_1224,2020-03-31,1224,1223,4.4,14.799999999999999,2.802,71.0,0.18932,2944.34,41.47,669.17,0.0,0.0,0.01,0.00118,0.0,0.0,0.0,0.022,46.54,1.349,22.483,-1.349,5.887,3.251,10562.374,0.6256,0,0,0,0,,,drift_segment,2020-03-31_S04
2020-03-31_1225,2020-03-31,1225,1224,4.29,14.78,2.8110000000000004,72.0,0.19019,2991.35,41.547,697.29,0.0,-0.03,0.019,0.00205,18.84,-0.11,-0.02,0.009,44.067,1.012,24.507,0.0,6.776,4.818,9502.857,0.6682,0,0,0,0,,,drift_segment,2020-03-31_S04
2020-03-31_1226,2020-03-31,1226,1225,4.11,14.78,2.8110000000000004,72.0,0.19019,2991.35,41.547,727.82,0.0,-0.03,0.019,0.00205,18.84,-0.18,0.0,0.0,40.02,1.012,24.507,0.0,6.776,4.818,7927.805,0.6296,0,0,0,0,,,drift_segment,2020-03-31_S04
2020-03-31_1227,2020-03-31,1227,1226,3.53,14.81,2.807,72.0,0.18953,2993.16,41.572,847.92,-0.33,0.0,0.015,0.00139,20.65,-0.58,0.03,-0.004,26.98,1.518,23.607,0.0,6.103,4.878,3916.846,0.686,0,0,0,0,,,drift_segment,2020-03-31_S04
2020-03-31_1228,2020-03-31,1228,1227,3.81,14.81,2.799,71.0,0.18899,2943.18,41.453,772.49,0.0,0.0,0.007,0.00085,-29.33,0.28,0.0,-0.008,33.275,1.518,21.809,-1.349,5.548,3.212,5632.797,0.6452,0,0,0,0,,,drift_segment,2020-03-31_S04
2020-03-31_1229,2020-03-31,1229,1228,3.8600000000000003,14.840000000000002,2.792,72.0,0.18814,2983.2,41.433,772.85,0.12,0.03,0.0,0.0,27.64,0.05,0.03,-0.007,34.399,2.024,20.235,0.0,4.671,4.546,5999.001,0.6745,0,0,0,0,,,drift_segment,2020-03-31_S04
2020-03-31_1230,2020-03-31,1230,1229,3.72,14.840000000000002,2.782,72.0,0.18747,2972.51,41.285,799.06,-0.01,0.03,0.0,0.0,16.95,-0.14,0.0,-0.01,31.252,2.024,17.987,0.0,3.979,4.19,4969.861,0.6468,0,0,0,0,,,drift_segment,2020-03-31_S04
2020-03-31_1231,2020-03-31,1231,1230,3.7,14.83,2.775,71.0,0.18712,2921.88,41.153,789.7,-0.02,0.02,0.0,0.0,-21.3,-0.02,-0.01,-0.007,30.802,1.855,16.413,-1.349,3.624,2.502,4794.689,0.6237,0,0,0,0,,,drift_segment,2020-03-31_S04
2020-03-31_1232,2020-03-31,1232,1231,3.7,14.83,2.7680000000000002,72.0,0.18665,2955.56,41.049,798.8,0.0,0.02,0.0,0.0,16.33,0.0,0.0,-0.007,30.802,1.855,14.839,0.0,3.139,3.625,4753.008,0.593,0,0,0,0,,,drift_segment,2020-03-31_S04
2020-03-31_1233,2020-03-31,1233,1232,3.7299999999999995,14.81,2.7569999999999997,70.0,0.18616,2858.18,40.831,766.27,0.03,-0.02,-0.007,0.0,-81.05,0.03,-0.02,-0.011,31.477,1.518,12.366,-2.698,2.635,0.379,4903.165,0.6582,0,0,0,0,,,drift_segment,2020-03-31_S04
2020-03-31_1234,2020-03-31,1234,1233,3.7399999999999998,14.81,2.75,71.0,0.18569,2891.65,40.728,773.17,0.04,-0.02,-0.014,-0.00047,-33.26,0.01,0.0,-0.007,31.701,1.518,10.792,-1.349,2.149,1.495,4937.089,0.6345,0,0,0,0,,,drift_segment,2020-03-31_S04
2020-03-31_1235,2020-03-31,1235,1234,3.6,14.81,2.7430000000000003,72.0,0.18521,2924.92,40.624,812.48,-0.1,-0.02,-0.021,-0.00095,0.0,-0.14,0.0,-0.007,28.554,1.518,9.218,0.0,1.664,2.604,4013.601,0.6695,0,0,0,0,,,drift_segment,2020-03-31_S04
2020-03-31_1236,2020-03-31,1236,1235,3.6399999999999997,14.81,2.74,72.0,0.18501,2921.72,40.579,802.67,-0.06,-0.02,-0.024,-0.00115,-3.2,0.04,0.0,-0.003,29.453,1.518,8.544,0.0,1.456,2.497,4257.569,0.6504,0,0,0,0,,,drift_segment,2020-03-31_S04
2020-03-31_1237,2020-03-31,1237,1236,3.6399999999999997,14.85,2.7489999999999997,72.0,0.18512,2939.23,40.823,807.48,-0.03,0.03,-0.015,-0.00104,13.27,0.0,0.04,0.009,29.453,2.192,10.567,0.0,1.566,3.081,4351.79,0.6546,0,0,0,0,,,drift_segment,2020-03-31_S04
2020-03-31_1238,2020-03-31,1238,1237,3.6399999999999997,14.85,2.764,73.0,0.18613,2996.31,41.045,823.16,-0.01,0.03,0.004,0.0,70.36,0.0,0.0,0.015,29.453,2.192,13.94,1.349,2.604,4.983,4387.016,0.651,0,0,0,0,,,drift_segment,2020-03-31_S04
2020-03-31_1239,2020-03-31,1239,1238,3.7299999999999995,14.840000000000002,2.7760000000000002,71.0,0.18706,2924.9,41.196,784.16,0.09,0.01,0.016,0.00095,-14.33,0.09,-0.01,0.012,31.477,2.024,16.638,-1.349,3.563,2.603,5018.924,0.6957,0,0,0,0,,,drift_segment,2020-03-31_S04
2020-03-31_1240,2020-03-31,1240,1239,3.71,14.840000000000002,2.7769999999999997,71.0,0.18713,2925.96,41.211,788.67,0.07,0.01,0.017,0.00102,-13.27,-0.02,0.0,0.001,31.027,2.024,16.862,-1.349,3.633,2.638,4890.704,0.6405,0,0,0,0,,,drift_segment,2020-03-31_S04
2020-03-31_1241,2020-03-31,1241,1240,3.65,14.820000000000002,2.7760000000000002,72.0,0.18731,2962.1,41.14,811.54,0.0,-0.02,0.016,0.00121,22.87,-0.06,-0.02,-0.001,29.678,1.686,16.638,0.0,3.823,3.843,4446.698,0.6311,0,0,0,0,,,drift_segment,2020-03-31_S04
2020-03-31_1242,2020-03-31,1242,1241,3.6700000000000004,14.820000000000002,2.77,72.0,0.18691,2955.7,41.051,805.37,0.02,-0.02,0.01,0.0008,16.47,0.02,0.0,-0.006,30.128,1.686,15.289,0.0,3.407,3.63,4546.436,0.6278,0,0,0,0,,,drift_segment,2020-03-31_S04
2020-03-31_1243,2020-03-31,1243,1242,3.6399999999999997,14.83,2.76,72.0,0.18611,2947.02,40.931,809.62,-0.01,0.0,0.0,0.0,8.86,-0.03,0.01,-0.01,29.453,1.855,13.04,0.0,2.585,3.34,4340.053,0.6171,0,0,0,0,,,drift_segment,2020-03-31_S04
2020-03-31_1244,2020-03-31,1244,1243,3.59,14.83,2.7539999999999996,72.0,0.1857,2940.61,40.842,819.11,-0.06,0.0,-0.006,-0.0004,7.47,-0.05,0.0,-0.006,28.329,1.855,11.691,0.0,2.169,3.127,4014.217,0.6495,0,0,0,0,,,drift_segment,2020-03-31_S04
2020-03-31_1245,2020-03-31,1245,1244,3.6700000000000004,14.85,2.748,72.0,0.18505,2938.16,40.808,800.59,0.02,0.02,-0.012,-0.00106,5.02,0.08,0.02,-0.006,30.128,2.192,10.342,0.0,1.497,3.045,4542.012,0.6571,0,0,0,0,,,drift_segment,2020-03-31_S04
2020-03-31_1246,2020-03-31,1246,1245,3.65,14.85,2.74,72.0,0.18451,2929.61,40.689,802.63,0.0,0.02,-0.015,-0.00126,-3.53,-0.02,0.0,-0.008,29.678,2.192,8.544,0.0,0.944,2.76,4401.668,0.6226,0,0,0,0,,,drift_segment,2020-03-31_S04
2020-03-31_1247,2020-03-31,1247,1246,3.65,14.83,2.747,72.0,0.18523,2933.14,40.738,803.6,0.0,0.0,-0.007,-0.00047,3.53,0.0,-0.02,0.007,29.678,1.855,10.117,0.0,1.684,2.878,4371.019,0.6062,0,0,0,0,,,drift_segment,2020-03-31_S04
2020-03-31_1248,2020-03-31,1248,1247,3.69,14.83,2.755,71.0,0.18577,2900.82,40.857,786.13,0.05,0.0,0.001,7e-05,-28.79,0.04,0.0,0.008,30.577,1.855,11.916,-1.349,2.238,1.801,4658.067,0.6201,0,0,0,0,,,drift_segment,2020-03-31_S04
2020-03-31_1249,2020-03-31,1249,1248,3.6399999999999997,14.820000000000002,2.763,71.0,0.18644,2907.28,40.948,798.7,0.0,-0.03,0.009,0.00082,-22.32,-0.05,-0.01,0.008,29.453,1.686,13.715,-1.349,2.922,2.016,4341.666,0.6376,0,0,0,0,,,drift_segment,2020-03-31_S04
2020-03-31_1250,2020-03-31,1250,1249,3.63,14.820000000000002,2.766,71.0,0.18664,2910.44,40.992,801.77,-0.01,-0.03,0.011,0.00119,-19.17,-0.01,0.0,0.003,29.228,1.686,14.389,-1.349,3.129,2.121,4290.195,0.6092,0,0,0,0,,,drift_segment,2020-03-31_S04
2020-03-31_1251,2020-03-31,1251,1250,3.37,14.85,2.748,71.0,0.18505,2897.35,40.808,859.75,-0.26,0.0,-0.007,-0.0004,-32.25,-0.26,0.03,-0.018,23.383,2.192,10.342,-1.349,1.497,1.685,2821.621,0.681,0,0,0,0,,,drift_segment,2020-03-31_S04
2020-03-31_1252,2020-03-31,1252,1251,6.05,14.85,2.7539999999999996,71.0,0.18545,2903.68,40.897,479.95,2.68,0.0,-0.001,0.0,-12.29,2.68,0.0,0.006,83.638,2.192,11.691,-1.349,1.912,1.896,33392.637,0.6482,0,0,0,0,,,drift_segment,2020-03-31_S04
2020-03-31_1253,2020-03-31,1253,1252,3.07,14.88,2.764,72.0,0.18575,2961.24,41.128,964.57,0.0,0.0,0.009,0.0003,45.26,-2.98,0.03,0.01,16.638,2.698,13.94,0.0,2.218,3.814,1608.034,0.6728,0,0,0,0,,,drift_segment,2020-03-31_S04
2020-03-31_1254,2020-03-31,1254,1253,3.0100000000000002,14.88,2.762,73.0,0.18562,3000.19,41.099,996.74,0.0,0.0,0.007,0.00057,65.61,-0.06,0.0,-0.002,15.289,2.698,13.49,1.349,2.08,5.113,1386.812,0.6391,0,0,0,0,,,drift_segment,2020-03-31_S04
2020-03-31_1255,2020-03-31,1255,1254,2.91,14.97,2.761,71.0,0.18444,2934.58,41.332,1008.45,-0.03,0.06,0.007,-0.00021,0.0,-0.1,0.09,-0.001,13.04,4.216,13.265,-1.349,0.865,2.926,1166.924,0.7006,0,0,0,0,,,drift_segment,2020-03-31_S04
2020-03-31_1256,2020-03-31,1256,1255,2.88,14.97,2.755,72.0,0.18403,2969.45,41.242,1031.06,-0.03,0.06,0.001,-0.00061,15.63,-0.03,0.0,-0.006,12.366,4.216,11.916,0.0,0.454,4.088,1045.375,0.6567,0,0,0,0,,,drift_segment,2020-03-31_S04
2020-03-31_1257,2020-03-31,1257,1256,2.94,14.94,2.7489999999999997,71.0,0.184,2915.97,41.07,991.83,0.03,0.01,-0.006,-0.00064,-45.26,0.06,-0.03,-0.006,13.715,3.71,10.567,-1.349,0.421,2.306,1178.532,0.6546,0,0,0,0,,,drift_segment,2020-03-31_S04
2020-03-31_1258,2020-03-31,1258,1257,2.8899999999999997,14.94,2.7460000000000004,72.0,0.1838,2953.82,41.025,1022.08,-0.02,0.01,-0.011,-0.00063,-13.07,-0.05,0.0,-0.003,12.591,3.71,9.893,0.0,0.214,3.567,1010.751,0.6438,0,0,0,0,,,drift_segment,2020-03-31_S04
2020-03-31_1259,2020-03-31,1259,1258,2.79,14.910000000000002,2.747,73.0,0.18424,2989.92,40.958,1071.65,-0.12,-0.03,-0.008,0.0,23.03,-0.1,-0.03,0.001,10.342,3.204,10.117,1.349,0.663,4.77,721.462,0.6854,0,0,0,0,,,drift_segment,2020-03-31_S04
2020-03-31_1260,2020-03-31,1260,1259,2.8899999999999997,14.910000000000002,2.753,71.0,0.18464,2914.35,41.047,1008.43,-0.02,-0.03,0.0,0.00061,-39.46,0.1,0.0,0.006,12.591,3.204,11.466,-1.349,1.077,2.252,1012.506,0.6384,0,0,0,0,,,drift_segment,2020-03-31_S04
2020-03-31_1261,2020-03-31,1261,1260,2.8600000000000003,14.930000000000001,2.76,72.0,0.18486,2966.89,41.207,1037.37,-0.08,-0.01,0.011,0.00086,13.07,-0.03,0.02,0.007,11.916,3.541,13.04,0.0,1.304,4.003,973.112,0.6739,0,0,0,0,,,drift_segment,2020-03-31_S04
2020-03-31_1262,2020-03-31,1262,1261,3.1399999999999997,14.930000000000001,2.76,72.0,0.18486,2966.89,41.207,944.87,0.05,-0.01,0.013,0.00094,38.37,0.28,0.0,0.0,18.211,3.541,13.04,0.0,1.304,4.003,1923.243,0.6539,0,0,0,0,,,drift_segment,2020-03-31_S04
2020-03-31_1263,2020-03-31,1263,1262,3.09,14.99,2.7569999999999997,72.0,0.18392,2975.57,41.327,962.97,-0.05,0.06,0.011,0.00012,47.05,-0.05,0.06,-0.003,17.087,4.553,12.366,0.0,0.338,4.292,1791.601,0.7043,0,0,0,0,,,drift_segment,2020-03-31_S04
2020-03-31_1264,2020-03-31,1264,1263,3.2700000000000005,14.99,2.702,72.0,0.18025,2916.21,40.503,891.81,0.0,0.06,-0.045,-0.00367,-12.31,0.18,0.0,-0.055,21.134,4.553,0.0,0.0,-3.431,2.314,2532.977,0.699,0,0,0,0,,,drift_segment,2020-03-31_S04
2020-03-31_1265,2020-03-31,1265,1264,8.18,15.070000000000002,2.699,72.0,0.1791,2928.52,40.674,358.01,3.05,0.13,-0.054,-0.00483,0.0,4.91,0.08,-0.003,131.527,5.902,-0.674,0.0,-4.618,2.724,84388.369,0.7446,0,0,0,0,,,drift_segment,2020-03-31_S04
2020-03-31_1266,2020-03-31,1266,1265,8.91,15.070000000000002,2.6910000000000003,72.0,0.17857,2919.84,40.553,327.7,3.77,0.13,-0.066,-0.00536,-24.77,0.73,0.0,-0.008,147.94,5.902,-2.473,0.0,-5.163,2.434,106413.789,0.7484,0,0,0,0,,,drift_segment,2020-03-31_S04
2020-03-31_1267,2020-03-31,1267,1266,6.2,14.930000000000001,2.713,72.0,0.18171,2916.37,40.505,470.38,1.06,-0.01,-0.044,-0.00221,-28.25,-2.71,-0.14,0.022,87.01,3.541,2.473,0.0,-1.93,2.319,36750.887,0.7182,0,0,0,0,,,drift_segment,2020-03-31_S04
2020-03-31_1268,2020-03-31,1268,1267,6.0,14.930000000000001,2.7289999999999996,71.0,0.18279,2892.82,40.744,482.14,0.86,-0.01,-0.028,-0.00114,-51.79,-0.2,0.0,0.016,82.514,3.541,6.07,-1.349,-0.829,1.534,33048.818,0.6887,0,0,0,0,,,drift_segment,2020-03-31_S04
2020-03-31_1269,2020-03-31,1269,1268,5.91,14.94,2.7760000000000002,71.0,0.18581,2944.61,41.473,498.24,0.77,0.0,0.0,0.0,0.0,-0.09,0.01,0.047,80.49,3.71,16.638,-1.349,2.277,3.26,31410.08,0.6831,0,0,0,0,,,drift_segment,2020-03-31_S04
2020-03-31_1270,2020-03-31,1270,1269,5.13,14.94,2.818,72.0,0.18862,3031.27,42.101,590.89,-0.01,0.0,0.0,0.0,24.62,-0.78,0.0,0.042,62.953,3.71,26.081,0.0,5.165,6.148,19592.22,0.6634,0,0,0,0,,,drift_segment,2020-03-31_S04
2020-03-31_1271,2020-03-31,1271,1270,5.14,14.889999999999999,2.844,71.0,0.191,3006.65,42.347,584.95,0.0,-0.04,0.006,0.0001,-3.22,0.01,-0.05,0.026,63.178,2.867,31.926,-1.349,7.609,5.328,19727.864,0.6689,0,0,0,0,,,drift_segment,2020-03-31_S04
2020-03-31_1272,2020-03-31,1272,1271,5.14,14.889999999999999,2.8569999999999998,73.0,0.19187,3105.47,42.541,604.18,0.01,-0.04,0.019,0.00087,95.6,0.0,0.0,0.013,63.178,2.867,34.849,1.349,8.506,8.622,19807.497,0.6681,0,0,0,0,,,drift_segment,2020-03-31_S04
2020-03-31_1273,2020-03-31,1273,1272,5.09,14.950000000000001,2.861,72.0,0.19137,3079.58,42.772,605.03,0.0,0.06,0.023,0.0,69.71,-0.05,0.06,0.004,62.054,3.878,35.748,0.0,7.99,7.759,19459.242,0.689,0,0,0,0,,,drift_segment,2020-03-31_S04
2020-03-31_1274,2020-03-31,1274,1273,4.07,14.950000000000001,2.8539999999999996,72.0,0.1909,3072.05,42.667,754.8,-0.52,0.06,0.016,-0.00047,62.18,-1.02,0.0,-0.007,39.121,3.878,34.175,0.0,7.509,7.507,8466.923,0.7135,0,0,0,0,,,drift_segment,2020-03-31_S04
2020-03-31_1275,2020-03-31,1275,1274,4.51,14.74,2.847,72.0,0.19315,3021.46,41.965,669.95,-0.05,0.0,0.009,0.00178,11.59,0.44,-0.21,-0.007,49.014,0.337,32.601,0.0,9.815,5.822,11815.001,0.6945,0,0,0,0,,,drift_segment,2020-03-31_S04
2020-03-31_1276,2020-03-31,1276,1275,4.59,14.729999999999999,2.838,72.0,0.19267,3009.87,41.804,655.74,0.04,0.0,0.0,0.0013,3.22,0.08,-0.01,-0.009,50.812,0.169,30.577,0.0,9.322,5.435,12516.095,0.6529,0,0,0,0,,,drift_segment,2020-03-31_S04
2020-03-31_1277,2020-03-31,1277,1276,4.5600000000000005,14.729999999999999,2.83,72.0,0.19212,3001.38,41.686,658.2,0.01,0.0,0.0,0.00075,0.0,-0.03,0.0,-0.008,50.138,0.169,28.779,0.0,8.764,5.152,12132.722,0.6025,0,0,0,0,,,drift_segment,2020-03-31_S04
2020-03-31_1278,2020-03-31,1278,1277,4.5200000000000005,14.729999999999999,2.82,72.0,0.19145,2990.78,41.539,661.68,-0.03,0.0,0.0,0.00054,0.0,-0.04,0.0,-0.01,49.238,0.169,26.53,0.0,8.067,4.799,11641.988,0.6331,0,0,0,0,,,drift_segment,2020-03-31_S04
2020-03-31_1279,2020-03-31,1279,1278,4.5,14.729999999999999,2.81,72.0,0.19077,2980.17,41.391,662.26,-0.05,0.0,0.0,0.0,0.0,-0.02,0.0,-0.01,48.789,0.169,24.282,0.0,7.369,4.445,11368.612,0.6315,0,0,0,0,,,drift_segment,2020-03-31_S04
2020-03-31_1280,2020-03-31,1280,1279,4.49,14.72,2.802,72.0,0.19035,2969.67,41.245,661.4,-0.07,-0.01,0.0,0.0,0.0,-0.01,-0.01,-0.008,48.564,0.0,22.483,0.0,6.944,4.095,11186.997,0.6298,0,0,0,0,,,drift_segment,2020-03-31_S04
2020-03-31_1281,2020-03-31,1281,1280,4.55,14.72,2.7910000000000004,72.0,0.18961,2958.01,41.084,650.11,-0.04,-0.01,0.0,0.0,0.0,0.06,0.0,-0.011,49.913,0.0,20.01,0.0,6.177,3.707,11743.35,0.651,0,0,0,0,,,drift_segment,2020-03-31_S04
2020-03-31_1282,2020-03-31,1282,1281,5.14,14.709999999999999,2.782,71.0,0.18912,2905.55,40.923,565.28,0.29,-0.02,0.0,0.0,-26.9,0.59,-0.01,-0.009,63.178,-0.169,17.987,-1.349,5.68,1.958,18641.222,0.6678,0,0,0,0,,,drift_segment,2020-03-31_S04
2020-03-31_1283,2020-03-31,1283,1282,5.0200000000000005,14.709999999999999,2.7739999999999996,71.0,0.18858,2897.19,40.806,577.13,0.15,-0.02,0.0,0.0,-26.77,-0.12,0.0,-0.008,60.48,-0.169,16.188,-1.349,5.122,1.68,17077.748,0.6489,0,0,0,0,,,drift_segment,2020-03-31_S04
2020-03-31_1284,2020-03-31,1284,1283,4.87,14.729999999999999,2.765,72.0,0.18771,2932.45,40.728,602.15,-0.15,0.0,0.0,0.0,14.99,-0.15,0.02,-0.009,57.108,0.169,14.164,0.0,4.231,2.855,15276.583,0.6638,0,0,0,0,,,drift_segment,2020-03-31_S04
2020-03-31_1285,2020-03-31,1285,1284,4.85,14.729999999999999,2.7569999999999997,72.0,0.18717,2923.96,40.611,602.88,-0.29,0.0,-0.004,-0.00053,6.51,-0.02,0.0,-0.008,56.658,0.169,12.366,0.0,3.673,2.572,15032.944,0.6439,0,0,0,0,,,drift_segment,2020-03-31_S04
2020-03-31_1286,2020-03-31,1286,1285,5.15,14.729999999999999,2.7489999999999997,71.0,0.18663,2874.99,40.493,558.25,0.0,0.0,-0.012,-0.00107,-30.95,0.3,0.0,-0.008,63.403,0.169,10.567,-1.349,3.115,0.939,18838.797,0.6269,0,0,0,0,,,drift_segment,2020-03-31_S04
2020-03-31_1287,2020-03-31,1287,1286,5.37,14.729999999999999,2.74,72.0,0.18601,2905.93,40.36,541.14,0.0,0.0,-0.021,-0.00156,0.39,0.22,0.0,-0.009,68.349,0.169,8.544,0.0,2.488,1.971,21877.499,0.6302,0,0,0,0,,,drift_segment,2020-03-31_S04
2020-03-31_1288,2020-03-31,1288,1287,5.45,14.74,2.7489999999999997,72.0,0.1865,2917.46,40.52,535.31,0.0,0.01,-0.008,-0.00067,11.52,0.08,0.01,0.009,70.148,0.337,10.567,0.0,2.985,2.355,23067.573,0.642,0,0,0,0,,,drift_segment,2020-03-31_S04
2020-03-31_1289,2020-03-31,1289,1288,7.470000000000001,14.74,2.7569999999999997,71.0,0.18704,2885.31,40.638,386.25,1.59,0.01,0.0,0.0,-26.07,2.02,0.0,0.008,115.564,0.337,12.366,-1.349,3.543,1.284,62525.747,0.6433,0,0,0,0,,,drift_segment,2020-03-31_S04
2020-03-31_1290,2020-03-31,1290,1289,7.42,14.709999999999999,2.761,72.0,0.1877,2924.23,40.614,394.1,0.0,-0.02,0.006,0.00066,12.85,-0.05,-0.03,0.004,114.44,-0.169,13.265,0.0,4.214,2.581,61029.32,0.632,0,0,0,0,,,drift_segment,2020-03-31_S04
2020-03-31_1291,2020-03-31,1291,1290,7.42,14.709999999999999,2.762,70.0,0.18776,2844.03,40.629,383.29,0.0,-0.02,0.01,0.00073,-67.35,0.0,0.0,0.001,114.44,-0.169,13.49,-2.698,4.284,-0.092,61115.068,0.58,0,0,0,0,,,drift_segment,2020-03-31_S04
2020-03-31_1292,2020-03-31,1292,1291,8.17,14.729999999999999,2.763,71.0,0.18758,2889.63,40.699,353.69,0.7,0.01,0.008,0.00053,-21.75,0.75,0.02,0.001,131.303,0.169,13.715,-1.349,4.092,1.427,80580.394,0.6493,0,0,0,0,,,drift_segment,2020-03-31_S04
2020-03-31_1293,2020-03-31,1293,1292,5.88,14.729999999999999,2.755,72.0,0.18703,2921.84,40.581,496.91,-2.29,0.01,-0.002,-5e-05,10.46,-2.29,0.0,-0.008,79.816,0.169,11.916,0.0,3.534,2.501,29780.866,0.6683,0,0,0,0,,,drift_segment,2020-03-31_S04
2020-03-31_1294,2020-03-31,1294,1293,9.14,14.72,2.747,72.0,0.18662,2911.38,40.436,318.53,0.76,0.0,-0.012,-0.00082,0.0,3.26,-0.01,-0.008,153.111,0.0,10.117,0.0,3.106,2.152,109574.044,0.6813,0,0,0,0,,,drift_segment,2020-03-31_S04
2020-03-31_1295,2020-03-31,1295,1294,9.27,14.72,2.747,72.0,0.18662,2911.38,40.436,314.06,0.89,0.0,-0.012,-0.00082,0.0,0.13,0.0,0.0,156.034,0.0,10.117,0.0,3.106,2.152,113801.433,0.6493,0,0,0,0,,,drift_segment,2020-03-31_S04
2020-03-31_1296,2020-03-31,1296,1295,8.43,14.709999999999999,2.752,73.0,0.18708,2955.18,40.482,350.56,0.05,-0.02,-0.005,0.0,43.8,-0.84,-0.01,0.005,137.148,-0.169,11.242,1.349,3.585,3.612,87722.398,0.6823,0,0,0,0,,,drift_segment,2020-03-31_S04
2020-03-31_1297,2020-03-31,1297,1296,8.41,14.709999999999999,2.759,71.0,0.18756,2881.53,40.585,342.63,0.03,-0.02,0.004,0.00052,-33.81,-0.02,0.0,0.007,136.699,-0.169,12.815,-1.349,4.074,1.157,87191.357,0.6003,0,0,0,0,,,drift_segment,2020-03-31_S04
2020-03-31_1298,2020-03-31,1298,1297,8.4,14.729999999999999,2.764,71.0,0.18764,2890.67,40.714,344.13,0.02,0.0,0.012,0.00061,-24.66,-0.01,0.02,0.005,136.474,0.169,13.94,-1.349,4.161,1.462,87047.498,0.5964,0,0,0,0,,,drift_segment,2020-03-31_S04
2020-03-31_1299,2020-03-31,1299,1298,8.379999999999999,14.729999999999999,2.761,72.0,0.18744,2928.21,40.67,349.43,0.0,0.0,0.009,0.00048,12.87,-0.02,0.0,-0.003,136.024,0.169,13.265,0.0,3.952,2.713,86444.21,0.5932,0,0,0,0,,,drift_segment,2020-03-31_S04
2020-03-31_1300,2020-03-31,1300,1299,7.56,14.74,2.7569999999999997,72.0,0.18704,2925.95,40.638,387.03,0.0,0.01,0.003,0.0,5.31,-0.82,0.01,-0.004,117.588,0.337,12.366,0.0,3.543,2.638,64689.043,0.6143,0,0,0,0,,,drift_segment,2020-03-31_S04
2020-03-31_1301,2020-03-31,1301,1300,7.56,14.74,2.752,72.0,0.1867,2920.64,40.564,386.33,0.0,0.01,-0.005,-0.00038,0.0,0.0,0.0,-0.005,117.588,0.337,11.242,0.0,3.194,2.461,64718.226,0.5828,0,0,0,0,,,drift_segment,2020-03-31_S04
2020-03-31_1302,2020-03-31,1302,1301,7.540000000000001,14.74,2.747,72.0,0.18636,2915.34,40.491,386.65,0.0,0.0,-0.012,-0.00108,0.0,-0.02,0.0,-0.005,117.138,0.337,10.117,0.0,2.846,2.284,64255.918,0.5957,0,0,0,0,,,drift_segment,2020-03-31_S04
2020-03-31_1303,2020-03-31,1303,1302,7.18,14.74,2.745,72.0,0.18623,2913.21,40.461,405.74,0.0,0.0,-0.013,-0.00081,-2.12,-0.36,0.0,-0.002,109.044,0.337,9.668,0.0,2.707,2.214,55698.09,0.6127,0,0,0,0,,,drift_segment,2020-03-31_S04
2020-03-31_1304,2020-03-31,1304,1303,6.8,14.729999999999999,2.7539999999999996,72.0,0.18697,2920.78,40.566,429.53,-0.02,-0.01,-0.003,0.0,5.45,-0.38,-0.01,0.009,100.5,0.169,11.691,0.0,3.464,2.466,47208.982,0.6495,0,0,0,0,,,drift_segment,2020-03-31_S04
2020-03-31_1305,2020-03-31,1305,1304,6.82,14.729999999999999,2.761,72.0,0.18744,2928.21,40.67,429.36,0.02,-0.01,0.007,0.00071,14.99,0.02,0.0,0.007,100.95,0.169,13.265,0.0,3.952,2.713,47604.893,0.6266,0,0,0,0,,,drift_segment,2020-03-31_S04
2020-03-31_1306,2020-03-31,1306,1305,6.779999999999999,14.74,2.765,71.0,0.18758,2893.68,40.756,426.8,0.0,0.0,0.012,0.00088,-19.53,-0.04,0.01,0.004,100.051,0.337,14.164,-1.349,4.1,1.563,46850.344,0.5995,0,0,0,0,,,drift_segment,2020-03-31_S04
2020-03-31_1307,2020-03-31,1307,1306,6.16,14.74,2.763,71.0,0.18745,2891.59,40.727,469.41,0.0,0.0,0.01,0.00072,-21.62,-0.62,0.0,-0.002,86.111,0.337,13.715,-1.349,3.961,1.493,34729.028,0.6043,0,0,0,0,,,drift_segment,2020-03-31_S04
2020-03-31_1308,2020-03-31,1308,1307,5.9,14.770000000000001,2.758,71.0,0.18673,2892.23,40.736,490.21,0.0,0.03,0.004,-0.00017,-1.45,-0.26,0.03,-0.005,80.265,0.843,12.591,-1.349,3.222,1.514,30351.136,0.6191,0,0,0,0,,,drift_segment,2020-03-31_S04
2020-03-31_1309,2020-03-31,1309,1308,5.79,14.770000000000001,2.753,71.0,0.18639,2886.99,40.662,498.62,0.0,0.03,-0.004,-0.00057,-6.69,-0.11,0.0,-0.005,77.792,0.843,11.466,-1.349,2.874,1.339,28528.881,0.6113,0,0,0,0,,,drift_segment,2020-03-31_S04
2020-03-31_1310,2020-03-31,1310,1309,4.86,14.74,2.747,71.0,0.18636,2874.85,40.491,591.53,-0.17,0.0,-0.011,-0.00076,-17.39,-0.93,-0.03,-0.006,56.883,0.337,10.117,-1.349,2.846,0.935,15213.532,0.6648,0,0,0,0,,,drift_segment,2020-03-31_S04
2020-03-31_1311,2020-03-31,1311,1310,4.95,14.74,2.748,72.0,0.18643,2916.4,40.506,589.17,-0.08,0.0,-0.009,-0.00047,24.17,0.09,0.0,0.001,58.906,0.337,10.342,0.0,2.916,2.32,16286.207,0.6544,0,0,0,0,,,drift_segment,2020-03-31_S04
2020-03-31_1312,2020-03-31,1312,1311,4.96,14.729999999999999,2.753,73.0,0.1869,2960.27,40.552,596.83,-0.07,-0.02,-0.002,0.00017,68.04,0.01,-0.01,0.005,59.131,0.169,11.466,1.349,3.394,3.782,16350.817,0.6472,0,0,0,0,,,drift_segment,2020-03-31_S04
2020-03-31_1313,2020-03-31,1313,1312,5.01,14.729999999999999,2.7569999999999997,71.0,0.18717,2883.35,40.611,575.52,-0.02,-0.02,0.004,0.00052,-8.88,0.05,0.0,0.004,60.255,0.169,12.366,-1.349,3.673,1.218,17016.345,0.6012,0,0,0,0,,,drift_segment,2020-03-31_S04
2020-03-31_1314,2020-03-31,1314,1313,4.96,14.750000000000002,2.763,72.0,0.18732,2934.31,40.754,591.59,-0.07,0.0,0.01,0.00089,17.91,-0.05,0.02,0.006,59.131,0.506,13.715,0.0,3.83,2.917,16447.14,0.6625,0,0,0,0,,,drift_segment,2020-03-31_S04
2020-03-31_1315,2020-03-31,1315,1314,5.029999999999999,14.750000000000002,2.76,71.0,0.18712,2890.41,40.71,574.63,0.0,0.0,0.009,0.00061,-31.15,0.07,0.0,-0.003,60.705,0.506,13.04,-1.349,3.621,1.453,17349.578,0.5998,0,0,0,0,,,drift_segment,2020-03-31_S04
2020-03-31_1316,2020-03-31,1316,1315,7.24,14.76,2.755,72.0,0.18665,2927.79,40.664,404.39,0.3,0.01,0.002,0.0,2.42,2.21,0.01,-0.005,110.393,0.674,11.916,0.0,3.143,2.699,57172.043,0.6629,0,0,0,0,,,drift_segment,2020-03-31_S04
2020-03-31_1317,2020-03-31,1317,1316,7.17,14.76,2.75,73.0,0.18631,2963.07,40.59,413.26,0.0,0.01,-0.005,-0.00034,37.69,-0.07,0.0,-0.005,108.819,0.674,10.792,1.349,2.795,3.875,55546.428,0.6416,0,0,0,0,,,drift_segment,2020-03-31_S04
2020-03-31_1318,2020-03-31,1318,1317,6.94,14.78,2.75,71.0,0.18606,2885.79,40.645,415.82,-0.3,0.02,-0.006,-0.00045,-39.58,-0.23,0.02,0.0,103.648,1.012,10.792,-1.349,2.536,1.3,50609.247,0.6493,0,0,0,0,,,drift_segment,2020-03-31_S04
2020-03-31_1319,2020-03-31,1319,1318,7.92,14.78,2.7489999999999997,72.0,0.18599,2925.38,40.63,369.37,0.0,0.02,-0.006,-0.00032,-1.5,0.98,0.0,-0.001,125.682,1.012,10.567,0.0,2.467,2.619,74281.977,0.6235,0,0,0,0,,,drift_segment,2020-03-31_S04
2020-03-31_1320,2020-03-31,1320,1319,8.92,14.750000000000002,2.7510000000000003,72.0,0.18651,2921.56,40.577,327.53,1.0,-0.03,-0.002,0.00045,-3.81,1.0,-0.03,0.002,148.165,0.506,11.017,0.0,2.995,2.492,102854.887,0.669,0,0,0,0,,,drift_segment,2020-03-31_S04
2020-03-31_1321,2020-03-31,1321,1320,8.379999999999999,14.750000000000002,2.7560000000000002,72.0,0.18685,2926.87,40.651,349.27,0.46,-0.03,0.005,0.00083,0.73,-0.54,0.0,0.005,136.024,0.506,12.141,0.0,3.343,2.669,86657.569,0.6722,0,0,0,0,,,drift_segment,2020-03-31_S04
2020-03-31_1322,2020-03-31,1322,1321,8.32,14.83,2.758,71.0,0.18597,2903.98,40.901,349.04,0.4,0.03,0.008,-2e-05,-21.39,-0.06,0.08,0.002,134.675,1.855,12.591,-1.349,2.446,1.906,85689.699,0.6791,0,0,0,0,,,drift_segment,2020-03-31_S04
2020-03-31_1323,2020-03-31,1323,1322,8.1,14.83,2.7569999999999997,72.0,0.18591,2943.81,40.886,363.43,0.18,0.03,0.006,-9e-05,22.25,-0.22,0.0,-0.001,129.729,1.855,12.366,0.0,2.377,3.233,79499.146,0.6631,0,0,0,0,,,drift_segment,2020-03-31_S04
2020-03-31_1324,2020-03-31,1324,1323,8.120000000000001,14.799999999999999,2.753,72.0,0.18601,2933.6,40.744,361.28,0.2,0.0,0.0,2e-05,8.22,0.02,-0.03,-0.004,130.178,1.349,11.466,0.0,2.486,2.893,79820.154,0.6331,0,0,0,0,,,drift_segment,2020-03-31_S04
2020-03-31_1325,2020-03-31,1325,1324,7.9,14.799999999999999,2.75,71.0,0.18581,2889.7,40.7,365.78,-0.03,0.0,-0.005,-0.0002,-36.44,-0.22,0.0,-0.003,125.232,1.349,10.792,-1.349,2.278,1.43,73956.679,0.6272,0,0,0,0,,,drift_segment,2020-03-31_S04
2020-03-31_1326,2020-03-31,1326,1325,7.909999999999999,14.799999999999999,2.7460000000000004,72.0,0.18554,2926.14,40.641,369.93,-0.02,0.0,-0.01,-0.00047,-0.73,0.01,0.0,-0.004,125.457,1.349,9.893,0.0,2.0,2.644,74203.602,0.6129,0,0,0,0,,,drift_segment,2020-03-31_S04
2020-03-31_1327,2020-03-31,1327,1326,7.92,14.799999999999999,2.747,70.0,0.18561,2845.89,40.656,359.33,-0.01,0.0,-0.008,-0.00041,-87.7,0.01,0.0,0.001,125.682,1.349,10.117,-2.698,2.07,-0.03,74560.545,0.5894,0,0,0,0,,,drift_segment,2020-03-31_S04
2020-03-31_1328,2020-03-31,1328,1327,7.909999999999999,14.799999999999999,2.755,71.0,0.18615,2894.95,40.774,365.99,-0.01,0.0,0.0,0.00014,-38.64,-0.01,0.0,0.008,125.457,1.349,11.916,-1.349,2.625,1.605,74187.3,0.5796,0,0,0,0,,,drift_segment,2020-03-31_S04
2020-03-31_1329,2020-03-31,1329,1328,7.909999999999999,14.799999999999999,2.762,72.0,0.18662,2943.19,40.878,372.08,-0.01,0.0,0.009,0.00061,17.05,0.0,0.0,0.007,125.457,1.349,13.49,0.0,3.111,3.213,74096.953,0.6175,0,0,0,0,,,drift_segment,2020-03-31_S04
2020-03-31_1330,2020-03-31,1330,1329,7.93,14.81,2.763,72.0,0.18656,2946.24,40.92,371.53,0.02,0.01,0.01,0.00055,22.99,0.02,0.01,0.001,125.907,1.518,13.715,0.0,3.051,3.314,74704.003,0.609,0,0,0,0,,,drift_segment,2020-03-31_S04
2020-03-31_1331,2020-03-31,1331,1330,7.95,14.81,2.762,72.0,0.1865,2945.18,40.905,370.46,0.04,0.01,0.009,0.00048,19.04,0.02,0.0,-0.001,126.356,1.518,13.49,0.0,2.981,3.279,75242.291,0.6219,0,0,0,0,,,drift_segment,2020-03-31_S04
2020-03-31_1332,2020-03-31,1332,1331,7.93,14.799999999999999,2.755,73.0,0.18615,2976.5,40.774,375.35,0.02,0.0,0.002,0.00014,45.19,-0.02,-0.01,-0.007,125.907,1.349,11.916,1.349,2.625,4.323,74628.697,0.6322,0,0,0,0,,,drift_segment,2020-03-31_S04
2020-03-31_1333,2020-03-31,1333,1332,7.92,14.799999999999999,2.753,71.0,0.18601,2892.85,40.744,365.26,0.01,0.0,-0.002,0.0,-42.73,-0.01,0.0,-0.002,125.682,1.349,11.466,-1.349,2.486,1.535,74465.823,0.5592,0,0,0,0,,,drift_segment,2020-03-31_S04
2020-03-31_1334,2020-03-31,1334,1333,7.909999999999999,14.78,2.7489999999999997,71.0,0.18599,2884.75,40.63,364.7,0.0,-0.03,-0.006,0.0,-58.44,-0.01,-0.02,-0.004,125.457,1.012,10.567,-1.349,2.467,1.265,74064.092,0.597,0,0,0,0,,,drift_segment,2020-03-31_S04
2020-03-31_1335,2020-03-31,1335,1334,7.890000000000001,14.78,2.747,72.0,0.18586,2923.25,40.601,370.5,-0.03,-0.03,-0.008,-0.00012,-21.63,-0.02,0.0,-0.002,125.007,1.012,10.117,0.0,2.328,2.548,73503.217,0.6318,0,0,0,0,,,drift_segment,2020-03-31_S04
2020-03-31_1336,2020-03-31,1336,1335,7.909999999999999,14.81,2.7489999999999997,72.0,0.18562,2931.31,40.713,370.58,0.0,0.0,-0.005,-0.00036,-9.3,0.02,0.03,0.002,125.457,1.518,10.567,0.0,2.08,2.817,74263.926,0.5991,0,0,0,0,,,drift_segment,2020-03-31_S04
2020-03-31_1337,2020-03-31,1337,1336,7.9,14.81,2.753,72.0,0.18589,2935.58,40.772,371.59,-0.01,0.0,0.0,-3e-05,0.0,-0.01,0.0,0.004,125.232,1.518,11.466,0.0,2.357,2.959,73971.23,0.5807,0,0,0,0,,,drift_segment,2020-03-31_S04
2020-03-31_1338,2020-03-31,1338,1337,7.9,14.840000000000002,2.76,72.0,0.18598,2949.0,40.958,373.29,-0.01,0.03,0.007,0.0001,17.69,0.0,0.03,0.007,125.232,2.024,13.04,0.0,2.456,3.406,74173.485,0.6383,0,0,0,0,,,drift_segment,2020-03-31_S04
2020-03-31_1339,2020-03-31,1339,1338,7.93,14.840000000000002,2.759,72.0,0.18592,2947.94,40.944,371.74,0.02,0.03,0.006,3e-05,16.62,0.03,0.0,-0.001,125.907,2.024,12.815,0.0,2.387,3.371,74976.22,0.6236,0,0,0,0,,,drift_segment,2020-03-31_S04
2020-03-31_1340,2020-03-31,1340,1339,7.94,14.83,2.758,72.0,0.18597,2944.88,40.901,370.89,0.03,0.02,0.005,9e-05,13.57,0.01,-0.01,-0.001,126.131,1.855,12.591,0.0,2.446,3.269,75166.005,0.6106,0,0,0,0,,,drift_segment,2020-03-31_S04
2020-03-31_1341,2020-03-31,1341,1340,7.909999999999999,14.83,2.7539999999999996,72.0,0.1857,2940.61,40.842,371.76,0.0,0.02,0.001,-0.00018,9.3,-0.03,0.0,-0.004,125.457,1.855,11.691,0.0,2.169,3.127,74394.177,0.5932,0,0,0,0,,,drift_segment,2020-03-31_S04
2020-03-31_1342,2020-03-31,1342,1341,7.92,14.81,2.753,71.0,0.18589,2894.81,40.772,365.51,0.01,-0.02,-0.001,0.0,-40.77,0.01,-0.02,-0.001,125.682,1.518,11.466,-1.349,2.357,1.6,74548.317,0.5663,0,0,0,0,,,drift_segment,2020-03-31_S04
2020-03-31_1343,2020-03-31,1343,1342,7.9,14.81,2.747,71.0,0.18548,2888.5,40.683,365.63,-0.01,-0.02,-0.011,-0.00041,-52.11,-0.02,0.0,-0.006,125.232,1.518,10.117,-1.349,1.941,1.39,74060.577,0.6074,0,0,0,0,,,drift_segment,2020-03-31_S04
2020-03-31_1344,2020-03-31,1344,1343,7.890000000000001,14.81,2.747,71.0,0.18548,2888.5,40.683,366.1,-0.03,-0.02,-0.007,-0.00037,-20.45,-0.01,0.0,0.0,125.007,1.518,10.117,-1.349,1.941,1.39,73796.072,0.5937,0,0,0,0,,,drift_segment,2020-03-31_S04
2020-03-31_1345,2020-03-31,1345,1344,7.909999999999999,14.81,2.753,71.0,0.18589,2894.81,40.772,365.97,0.0,-0.02,0.0,0.0001,-14.14,0.02,0.0,0.006,125.457,1.518,11.466,-1.349,2.357,1.6,74282.993,0.576,0,0,0,0,,,drift_segment,2020-03-31_S04
2020-03-31_1346,2020-03-31,1346,1345,7.909999999999999,14.85,2.759,71.0,0.18579,2908.95,40.971,367.76,0.0,0.03,0.006,9e-05,8.28,0.0,0.04,0.006,125.457,2.192,12.815,-1.349,2.258,2.071,74574.249,0.6203,0,0,0,0,,,drift_segment,2020-03-31_S04
2020-03-31_1347,2020-03-31,1347,1346,7.92,14.85,2.762,72.0,0.18599,2953.13,41.016,372.87,0.01,0.03,0.009,0.00048,52.46,0.01,0.0,0.003,125.682,2.192,13.49,0.0,2.465,3.544,74774.884,0.6159,0,0,0,0,,,drift_segment,2020-03-31_S04
2020-03-31_1348,2020-03-31,1348,1347,7.92,14.840000000000002,2.758,73.0,0.18585,2987.8,40.929,377.25,0.01,0.01,0.005,0.00034,78.84,0.0,-0.01,-0.004,125.682,2.024,12.591,1.349,2.317,4.699,74674.299,0.6185,0,0,0,0,,,drift_segment,2020-03-31_S04
2020-03-31_1349,2020-03-31,1349,1348,7.93,14.840000000000002,2.753,71.0,0.18551,2900.67,40.855,365.78,0.02,0.01,0.0,-0.00028,-9.34,0.01,0.0,-0.005,125.907,2.024,11.466,-1.349,1.971,1.795,75062.49,0.5784,0,0,0,0,,,drift_segment,2020-03-31_S04
2020-03-31_1350,2020-03-31,1350,1349,7.909999999999999,14.820000000000002,2.747,72.0,0.18536,2931.16,40.711,370.56,0.0,-0.02,-0.01,-0.00049,0.0,-0.02,-0.02,-0.006,125.457,1.686,10.117,0.0,1.812,2.812,74360.954,0.6204,0,0,0,0,,,drift_segment,2020-03-31_S04
2020-03-31_1351,2020-03-31,1351,1350,7.909999999999999,14.820000000000002,2.747,71.0,0.18536,2890.45,40.711,365.42,0.0,-0.02,-0.011,-0.00049,-43.76,0.0,0.0,0.0,125.457,1.686,10.117,-1.349,1.812,1.455,74408.001,0.5734,0,0,0,0,,,drift_segment,2020-03-31_S04
2020-03-31_1352,2020-03-31,1352,1351,7.909999999999999,14.83,2.748,72.0,0.1853,2934.2,40.753,370.95,-0.01,0.0,-0.009,-0.00055,-4.27,0.0,0.01,0.001,125.457,1.855,10.342,0.0,1.753,2.913,74436.113,0.5928,0,0,0,0,,,drift_segment,2020-03-31_S04
2020-03-31_1353,2020-03-31,1353,1352,7.9,14.83,2.7569999999999997,73.0,0.18591,2984.7,40.886,377.81,-0.01,0.0,0.004,0.00034,50.34,-0.01,0.0,0.009,125.232,1.855,12.366,1.349,2.377,4.596,74067.681,0.6385,0,0,0,0,,,drift_segment,2020-03-31_S04
2020-03-31_1354,2020-03-31,1354,1353,7.93,14.85,2.76,71.0,0.18586,2910.01,40.986,366.96,0.02,0.02,0.008,0.0003,-24.2,0.03,0.02,0.003,125.907,2.192,13.04,-1.349,2.327,2.107,75100.121,0.6273,0,0,0,0,,,drift_segment,2020-03-31_S04
2020-03-31_1355,2020-03-31,1355,1354,7.909999999999999,14.85,2.763,72.0,0.18606,2954.2,41.031,373.48,0.0,0.02,0.013,0.0005,19.84,-0.02,0.0,0.003,125.457,2.192,13.715,0.0,2.535,3.58,74503.456,0.6156,0,0,0,0,,,drift_segment,2020-03-31_S04
2020-03-31_1356,2020-03-31,1356,1355,7.93,14.83,2.76,72.0,0.18611,2947.02,40.931,371.63,0.02,0.0,0.008,0.00055,10.99,0.02,-0.02,-0.003,125.907,1.855,13.04,0.0,2.585,3.34,74887.236,0.6197,0,0,0,0,,,drift_segment,2020-03-31_S04
2020-03-31_1357,2020-03-31,1357,1356,7.94,14.83,2.752,72.0,0.18557,2938.48,40.812,370.09,0.03,0.0,0.0,1e-05,2.45,0.01,0.0,-0.008,126.131,1.855,11.242,0.0,2.03,3.056,75205.825,0.5943,0,0,0,0,,,drift_segment,2020-03-31_S04
2020-03-31_1358,2020-03-31,1358,1357,7.9,14.820000000000002,2.75,72.0,0.18556,2934.36,40.755,371.44,-0.01,-0.03,-0.007,-1e-05,-1.66,-0.04,-0.01,-0.002,125.232,1.686,10.792,0.0,2.02,2.918,74074.236,0.6296,0,0,0,0,,,drift_segment,2020-03-31_S04
2020-03-31_1359,2020-03-31,1359,1358,7.9,14.820000000000002,2.745,72.0,0.18522,2929.02,40.681,370.76,-0.01,-0.03,-0.012,-0.00034,-7.0,0.0,0.0,-0.005,125.232,1.686,9.668,0.0,1.674,2.741,74110.882,0.612,0,0,0,0,,,drift_segment,2020-03-31_S04
2020-03-31_1360,2020-03-31,1360,1359,7.890000000000001,14.85,2.7460000000000004,72.0,0.18492,2936.02,40.778,372.12,-0.02,0.0,-0.011,-0.0004,0.0,-0.01,0.03,0.001,125.007,2.192,9.893,0.0,1.359,2.974,74085.654,0.6192,0,0,0,0,,,drift_segment,2020-03-31_S04
2020-03-31_1361,2020-03-31,1361,1360,7.890000000000001,14.85,2.752,72.0,0.18532,2942.44,40.867,372.93,-0.02,0.0,0.0,4e-05,6.42,0.0,0.0,0.006,125.007,2.192,11.242,0.0,1.774,3.188,74042.683,0.5896,0,0,0,0,,,drift_segment,2020-03-31_S04
2020-03-31_1362,2020-03-31,1362,1361,7.909999999999999,14.88,2.7569999999999997,71.0,0.18528,2912.72,41.024,368.23,0.01,0.0,0.005,6e-05,-23.31,0.02,0.03,0.005,125.457,2.698,12.366,-1.349,1.735,2.197,74835.16,0.6037,0,0,0,0,,,drift_segment,2020-03-31_S04
2020-03-31_1363,2020-03-31,1363,1362,7.93,14.88,2.762,71.0,0.18562,2918.0,41.099,367.97,0.03,0.0,0.01,0.0007,-18.03,0.02,0.0,0.005,125.907,2.698,13.49,-1.349,2.08,2.373,75337.302,0.6209,0,0,0,0,,,drift_segment,2020-03-31_S04
2020-03-31_1364,2020-03-31,1364,1363,7.909999999999999,14.97,2.76,72.0,0.18437,2974.84,41.317,376.09,0.01,0.06,0.008,-0.0,34.47,-0.02,0.09,-0.002,125.457,4.216,13.04,0.0,0.797,4.267,75518.487,0.6797,0,0,0,0,,,drift_segment,2020-03-31_S04
2020-03-31_1365,2020-03-31,1365,1364,7.92,14.97,2.7569999999999997,71.0,0.18417,2930.33,41.272,369.99,0.02,0.06,0.005,-0.0002,-12.11,0.01,0.0,-0.003,125.682,4.216,12.366,-1.349,0.591,2.784,75851.92,0.6404,0,0,0,0,,,drift_segment,2020-03-31_S04
2020-03-31_1366,2020-03-31,1366,1365,7.9,14.94,2.752,73.0,0.1842,3001.39,41.115,379.92,0.0,0.01,-0.002,-0.00017,50.28,-0.02,-0.03,-0.005,125.232,3.71,11.242,1.349,0.627,5.152,75011.415,0.6283,0,0,0,0,,,drift_segment,2020-03-31_S04
2020-03-31_1367,2020-03-31,1367,1366,7.9,14.94,2.7439999999999998,72.0,0.18367,2951.67,40.995,373.63,0.0,0.01,-0.013,-0.0007,0.0,0.0,0.0,-0.008,125.232,3.71,9.443,0.0,0.077,3.495,75112.056,0.6211,0,0,0,0,,,drift_segment,2020-03-31_S04
2020-03-31_1368,2020-03-31,1368,1367,7.890000000000001,14.910000000000002,2.739,72.0,0.1837,2940.37,40.838,372.67,-0.01,-0.03,-0.017,-0.0005,-20.07,-0.01,-0.03,-0.005,125.007,3.204,8.319,0.0,0.112,3.119,74636.529,0.634,0,0,0,0,,,drift_segment,2020-03-31_S04
2020-03-31_1369,2020-03-31,1369,1368,7.890000000000001,14.910000000000002,2.7489999999999997,72.0,0.18437,2951.11,40.988,374.03,-0.01,-0.03,-0.005,0.0002,-12.56,0.0,0.0,0.01,125.007,3.204,10.567,0.0,0.801,3.477,74559.479,0.6291,0,0,0,0,,,drift_segment,2020-03-31_S04
2020-03-31_1370,2020-03-31,1370,1369,7.890000000000001,14.930000000000001,2.7539999999999996,72.0,0.18446,2960.44,41.117,375.21,-0.01,-0.01,0.001,0.0004,-3.22,0.0,0.02,0.005,125.007,3.541,11.691,0.0,0.891,3.788,74690.697,0.5992,0,0,0,0,,,drift_segment,2020-03-31_S04
2020-03-31_1371,2020-03-31,1371,1370,7.9,14.930000000000001,2.7569999999999997,72.0,0.18466,2963.66,41.162,375.15,0.0,-0.01,0.005,0.00067,0.0,0.01,0.0,0.003,125.232,3.541,12.366,0.0,1.098,3.895,74937.123,0.596,0,0,0,0,,,drift_segment,2020-03-31_S04
2020-03-31_1372,2020-03-31,1372,1371,7.909999999999999,14.99,2.759,72.0,0.18406,2977.73,41.357,376.45,0.01,0.06,0.01,6e-05,17.29,0.01,0.06,0.002,125.457,4.553,12.815,0.0,0.475,4.364,75691.928,0.667,0,0,0,0,,,drift_segment,2020-03-31_S04
2020-03-31_1373,2020-03-31,1373,1372,7.92,14.99,2.7560000000000002,72.0,0.18386,2974.5,41.312,375.57,0.02,0.06,0.003,-0.0002,12.07,0.01,0.0,-0.003,125.682,4.553,12.141,0.0,0.27,4.256,75978.843,0.6281,0,0,0,0,,,drift_segment,2020-03-31_S04
2020-03-31_1374,2020-03-31,1374,1373,7.909999999999999,15.070000000000002,2.753,72.0,0.18268,2987.12,41.488,377.64,0.01,0.13,-0.001,-0.00145,24.69,-0.01,0.08,-0.003,125.457,5.902,11.466,0.0,-0.937,4.677,76403.433,0.6825,0,0,0,0,,,drift_segment,2020-03-31_S04
2020-03-31_1375,2020-03-31,1375,1374,7.9,15.070000000000002,2.748,72.0,0.18235,2981.69,41.412,377.43,0.0,0.13,-0.006,-0.00178,18.03,-0.01,0.0,-0.005,125.232,5.902,10.342,0.0,-1.278,4.496,76170.389,0.6705,0,0,0,0,,,drift_segment,2020-03-31_S04
2020-03-31_1376,2020-03-31,1376,1375,7.9,14.930000000000001,2.747,71.0,0.18399,2911.9,41.013,368.6,-0.01,-0.01,-0.008,-0.00013,-51.76,0.0,-0.14,-0.001,125.232,3.541,10.117,-1.349,0.41,2.17,75053.159,0.6204,0,0,0,0,,,drift_segment,2020-03-31_S04
2020-03-31_1377,2020-03-31,1377,1376,7.88,14.930000000000001,2.7489999999999997,71.0,0.18413,2914.02,41.043,369.8,-0.03,-0.01,-0.005,7e-05,-48.4,-0.02,0.0,0.002,124.782,3.541,10.567,-1.349,0.547,2.24,74506.549,0.6115,0,0,0,0,,,drift_segment,2020-03-31_S04
2020-03-31_1378,2020-03-31,1378,1377,7.88,14.94,2.7539999999999996,72.0,0.18434,2962.42,41.145,375.94,-0.02,0.0,0.001,0.00035,2.32,0.0,0.01,0.005,124.782,3.71,11.691,0.0,0.764,3.854,74508.026,0.602,0,0,0,0,,,drift_segment,2020-03-31_S04
2020-03-31_1379,2020-03-31,1379,1378,7.909999999999999,14.94,2.7569999999999997,71.0,0.18454,2924.46,41.19,369.72,0.01,0.0,0.007,0.00041,-33.49,0.03,0.0,0.003,125.457,3.71,12.366,-1.349,0.971,2.588,75333.932,0.619,0,0,0,0,,,drift_segment,2020-03-31_S04
2020-03-31_1380,2020-03-31,1380,1379,7.909999999999999,14.889999999999999,2.7569999999999997,73.0,0.18516,2996.78,41.052,378.86,0.01,-0.05,0.008,0.00103,38.83,0.0,-0.05,0.0,125.457,2.867,12.366,1.349,1.607,4.999,74828.984,0.6421,0,0,0,0,,,drift_segment,2020-03-31_S04
2020-03-31_1381,2020-03-31,1381,1380,7.92,14.889999999999999,2.755,72.0,0.18502,2953.58,41.022,372.93,0.02,-0.05,0.005,0.0009,-1.48,0.01,0.0,-0.002,125.682,2.867,11.916,0.0,1.469,3.559,75150.42,0.6172,0,0,0,0,,,drift_segment,2020-03-31_S04
2020-03-31_1382,2020-03-31,1382,1381,7.890000000000001,14.950000000000001,2.75,72.0,0.18395,2960.1,41.113,375.17,-0.01,0.01,-0.004,-0.00018,2.15,-0.03,0.06,-0.005,125.007,3.878,10.792,0.0,0.363,3.776,74884.369,0.6446,0,0,0,0,,,drift_segment,2020-03-31_S04
2020-03-31_1383,2020-03-31,1383,1382,7.890000000000001,14.950000000000001,2.748,72.0,0.18381,2957.95,41.083,374.9,-0.01,0.0,-0.007,-0.00013,-2.15,0.0,0.0,-0.002,125.007,3.878,10.342,0.0,0.225,3.705,74898.764,0.5994,0,0,0,0,,,drift_segment,2020-03-31_S04
2020-03-31_1384,2020-03-31,1384,1383,7.9,14.930000000000001,2.7489999999999997,72.0,0.18413,2955.07,41.043,374.06,0.0,-0.02,-0.006,0.00018,-2.88,0.01,-0.02,0.001,125.232,3.541,10.567,0.0,0.547,3.608,74991.481,0.601,0,0,0,0,,,drift_segment,2020-03-31_S04
2020-03-31_1385,2020-03-31,1385,1384,7.890000000000001,14.99,2.745,72.0,0.18312,2962.62,41.148,375.49,-0.01,0.04,-0.007,-0.00082,4.68,-0.01,0.06,-0.004,125.007,4.553,9.668,0.0,-0.484,3.86,75254.443,0.6594,0,0,0,0,,,drift_segment,2020-03-31_S04
2020-03-31_1386,2020-03-31,1386,1385,7.909999999999999,14.99,2.755,71.0,0.18379,2932.12,41.297,370.69,0.01,0.04,0.005,-0.00015,-22.95,0.02,0.0,0.01,125.457,4.553,11.916,-1.349,0.201,2.844,75764.723,0.655,0,0,0,0,,,drift_segment,2020-03-31_S04
2020-03-31_1387,2020-03-31,1387,1386,7.9,15.070000000000002,2.7560000000000002,72.0,0.18288,2990.37,41.533,378.53,0.0,0.12,0.007,-0.00093,35.31,-0.01,0.08,0.001,125.232,5.902,12.141,0.0,-0.733,4.785,76114.797,0.6925,0,0,0,0,,,drift_segment,2020-03-31_S04
2020-03-31_1388,2020-03-31,1388,1387,7.9,15.070000000000002,2.7560000000000002,72.0,0.18288,2990.37,41.533,378.53,0.0,0.13,0.007,-0.00093,37.46,0.0,0.0,0.0,125.232,5.902,12.141,0.0,-0.733,4.785,76114.797,0.6512,0,0,0,0,,,drift_segment,2020-03-31_S04
2020-03-31_1389,2020-03-31,1389,1388,7.909999999999999,14.930000000000001,2.752,71.0,0.18433,2917.2,41.087,368.8,0.01,-0.01,0.0,0.00039,-35.71,0.01,-0.14,-0.004,125.457,3.541,11.242,-1.349,0.754,2.346,75283.95,0.6236,0,0,0,0,,,drift_segment,2020-03-31_S04
2020-03-31_1390,2020-03-31,1390,1389,7.9,14.930000000000001,2.747,72.0,0.18399,2952.92,41.013,373.79,0.0,-0.01,-0.006,6e-05,0.0,-0.01,0.0,-0.005,125.232,3.541,10.117,0.0,0.41,3.537,75006.114,0.6016,0,0,0,0,,,drift_segment,2020-03-31_S04
2020-03-31_1391,2020-03-31,1391,1390,7.890000000000001,14.94,2.748,70.0,0.18394,2873.86,41.055,364.24,-0.01,0.0,-0.005,-6e-05,-79.06,-0.01,0.01,0.001,125.007,3.71,10.342,-2.698,0.352,0.902,74914.499,0.6015,0,0,0,0,,,drift_segment,2020-03-31_S04
2020-03-31_1392,2020-03-31,1392,1391,7.9,14.94,2.7439999999999998,71.0,0.18367,2910.67,40.995,368.44,0.0,0.0,-0.009,-0.00048,-42.24,0.01,0.0,-0.004,125.232,3.71,9.443,-1.349,0.077,2.129,75159.131,0.6068,0,0,0,0,,,drift_segment,2020-03-31_S04
2020-03-31_1393,2020-03-31,1393,1392,7.890000000000001,14.889999999999999,2.753,72.0,0.18489,2951.44,40.992,374.07,-0.01,-0.04,0.001,0.00056,0.0,-0.01,-0.05,0.009,125.007,2.867,11.466,0.0,1.331,3.487,74366.046,0.6465,0,0,0,0,,,drift_segment,2020-03-31_S04
2020-03-31_1394,2020-03-31,1394,1393,7.88,14.889999999999999,2.7569999999999997,72.0,0.18516,2955.72,41.052,375.09,-0.02,-0.04,0.007,0.00074,38.52,-0.01,0.0,0.004,124.782,2.867,12.366,0.0,1.607,3.63,74074.942,0.6345,0,0,0,0,,,drift_segment,2020-03-31_S04
2020-03-31_1395,2020-03-31,1395,1394,7.909999999999999,14.950000000000001,2.7569999999999997,72.0,0.18441,2967.63,41.217,375.18,0.02,0.06,0.007,-0.00047,48.97,0.03,0.06,0.0,125.457,3.878,12.366,0.0,0.844,4.027,75370.257,0.6714,0,0,0,0,,,drift_segment,2020-03-31_S04
2020-03-31_1396,2020-03-31,1396,1395,7.9,14.950000000000001,2.753,73.0,0.18415,3004.49,41.157,380.31,0.01,0.06,0.001,-0.00101,85.83,-0.01,0.0,-0.004,125.232,3.878,11.466,1.349,0.569,5.256,75087.819,0.6426,0,0,0,0,,,drift_segment,2020-03-31_S04
2020-03-31_1397,2020-03-31,1397,1396,7.9,14.74,2.75,71.0,0.18657,2877.98,40.535,364.3,0.0,-0.01,-0.002,0.00014,-44.64,0.0,-0.21,-0.003,125.232,0.337,10.792,-1.349,3.055,1.039,73464.997,0.5861,0,0,0,0,,,drift_segment,2020-03-31_S04
2020-03-31_1398,2020-03-31,1398,1397,7.890000000000001,14.74,2.748,71.0,0.18643,2875.89,40.506,364.5,0.0,-0.01,-0.005,0.0,-48.86,-0.01,0.0,-0.002,125.007,0.337,10.342,-1.349,2.916,0.97,73215.841,0.5585,0,0,0,0,,,drift_segment,2020-03-31_S04
2020-03-31_1399,2020-03-31,1399,1398,7.890000000000001,14.729999999999999,2.748,72.0,0.18656,2914.42,40.478,369.38,-0.01,-0.02,-0.004,0.00013,-10.33,0.0,-0.01,0.0,125.007,0.169,10.342,0.0,3.046,2.254,73087.489,0.567,0,0,0,0,,,drift_segment,2020-03-31_S04
2020-03-31_1400,2020-03-31,1400,1399,7.890000000000001,14.729999999999999,2.752,72.0,0.18683,2918.66,40.537,369.92,-0.01,-0.02,0.0,0.0004,-6.09,0.0,0.0,0.004,125.007,0.169,11.242,0.0,3.325,2.395,73059.43,0.5707,0,0,0,0,,,drift_segment,2020-03-31_S04
2020-03-31_1401,2020-03-31,1401,1400,7.9,14.750000000000002,2.752,72.0,0.18658,2922.62,40.592,369.95,0.0,0.0,0.002,0.00014,0.0,0.01,0.02,0.0,125.232,0.506,11.242,0.0,3.064,2.527,73485.985,0.5622,0,0,0,0,,,drift_segment,2020-03-31_S04
2020-03-31_1402,2020-03-31,1402,1401,7.9,14.750000000000002,2.7539999999999996,72.0,0.18671,2924.75,40.622,370.22,0.0,0.0,0.005,0.00028,6.09,0.0,0.0,0.002,125.232,0.506,11.691,0.0,3.204,2.598,73472.524,0.5663,0,0,0,0,,,drift_segment,2020-03-31_S04
2020-03-31_1403,2020-03-31,1403,1402,7.890000000000001,15.070000000000002,2.7539999999999996,72.0,0.18275,2988.2,41.503,378.73,-0.01,0.14,0.005,-0.00172,65.58,-0.01,0.32,0.0,125.007,5.902,11.691,0.0,-0.869,4.713,75859.992,0.6928,0,0,0,0,,,drift_segment,2020-03-31_S04
2020-03-31_1404,2020-03-31,1404,1403,7.909999999999999,15.070000000000002,2.7489999999999997,72.0,0.18242,2982.77,41.427,377.09,0.01,0.14,-0.003,-0.00206,60.15,0.02,0.0,-0.005,125.457,5.902,10.567,0.0,-1.21,4.532,76431.733,0.6691,0,0,0,0,,,drift_segment,2020-03-31_S04
2020-03-31_1405,2020-03-31,1405,1404,7.909999999999999,14.930000000000001,2.748,72.0,0.18406,2953.99,41.028,373.45,0.01,0.0,-0.004,-0.00041,31.37,0.0,-0.14,-0.001,125.457,3.541,10.342,0.0,0.478,3.573,75265.376,0.6142,0,0,0,0,,,drift_segment,2020-03-31_S04
2020-03-31_1406,2020-03-31,1406,1405,7.890000000000001,14.930000000000001,2.748,71.0,0.18406,2912.96,41.028,369.2,-0.01,0.0,-0.004,-2e-05,-10.44,-0.02,0.0,0.0,125.007,3.541,10.342,-1.349,0.478,2.205,74779.543,0.5847,0,0,0,0,,,drift_segment,2020-03-31_S04
2020-03-31_1407,2020-03-31,1407,1406,7.9,14.94,2.7489999999999997,71.0,0.184,2915.97,41.07,369.11,0.0,0.0,-0.003,-6e-05,-8.77,0.01,0.01,0.001,125.232,3.71,10.567,-1.349,0.421,2.306,75121.712,0.5757,0,0,0,0,,,drift_segment,2020-03-31_S04
2020-03-31_1408,2020-03-31,1408,1407,7.909999999999999,14.94,2.7560000000000002,71.0,0.18447,2923.4,41.175,369.58,0.01,0.0,0.007,0.00041,0.0,0.01,0.0,0.007,125.457,3.71,12.141,-1.349,0.902,2.553,75340.394,0.6221,0,0,0,0,,,drift_segment,2020-03-31_S04
2020-03-31_1409,2020-03-31,1409,1408,7.9,14.889999999999999,2.759,71.0,0.18529,2916.79,41.082,369.21,0.0,-0.05,0.01,0.00123,-6.61,-0.01,-0.05,0.003,125.232,2.867,12.815,-1.349,1.745,2.333,74639.633,0.6329,0,0,0,0,,,drift_segment,2020-03-31_S04
2020-03-31_1410,2020-03-31,1410,1409,7.9,14.889999999999999,2.7539999999999996,71.0,0.18496,2911.5,41.007,368.54,0.0,-0.05,0.005,0.0009,-11.9,0.0,0.0,-0.005,125.232,2.867,11.691,-1.349,1.4,2.156,74671.746,0.6023,0,0,0,0,,,drift_segment,2020-03-31_S04
2020-03-31_1411,2020-03-31,1411,1410,7.9,14.950000000000001,2.752,72.0,0.18408,2962.25,41.142,374.97,0.01,0.01,0.0,8e-05,38.85,0.0,0.06,-0.002,125.232,3.878,11.242,0.0,0.5,3.848,75136.754,0.6073,0,0,0,0,,,drift_segment,2020-03-31_S04
2020-03-31_1412,2020-03-31,1412,1411,7.890000000000001,14.950000000000001,2.7439999999999998,73.0,0.18355,2994.66,41.023,379.55,-0.01,0.0,-0.009,-0.00011,64.67,-0.01,0.0,-0.008,125.007,3.878,9.443,1.349,-0.049,4.928,74886.742,0.6487,0,0,0,0,,,drift_segment,2020-03-31_S04
2020-03-31_1413,2020-03-31,1413,1412,7.890000000000001,14.930000000000001,2.741,71.0,0.18359,2905.54,40.923,368.26,-0.01,-0.02,-0.013,-7e-05,-24.45,0.0,-0.02,-0.003,125.007,3.541,8.768,-1.349,-0.003,1.958,74833.215,0.6109,0,0,0,0,,,drift_segment,2020-03-31_S04
2020-03-31_1414,2020-03-31,1414,1413,7.87,14.99,2.748,72.0,0.18332,2965.86,41.193,376.86,-0.03,0.04,-0.006,-0.00033,5.42,-0.02,0.06,0.007,124.558,4.553,10.342,0.0,-0.278,3.968,74699.377,0.6782,0,0,0,0,,,drift_segment,2020-03-31_S04
2020-03-31_1415,2020-03-31,1415,1414,7.88,14.99,2.753,71.0,0.18366,2929.99,41.267,371.83,-0.01,0.04,0.0,0.0,-30.45,0.01,0.0,0.005,124.782,4.553,11.466,-1.349,0.064,2.773,74977.175,0.6221,0,0,0,0,,,drift_segment,2020-03-31_S04
2020-03-31_1416,2020-03-31,1416,1415,7.890000000000001,15.070000000000002,2.759,72.0,0.18308,2993.63,41.578,379.42,0.0,0.12,0.007,-0.00058,33.19,0.01,0.08,0.006,125.007,5.902,12.815,0.0,-0.528,4.894,75827.702,0.6986,0,0,0,0,,,drift_segment,2020-03-31_S04
2020-03-31_1417,2020-03-31,1417,1416,7.909999999999999,15.070000000000002,2.759,73.0,0.18308,3035.2,41.578,383.72,0.02,0.13,0.007,-0.00058,74.93,0.02,0.0,0.0,125.457,5.902,12.815,1.349,-0.528,6.279,76321.906,0.675,0,0,0,0,,,drift_segment,2020-03-31_S04
2020-03-31_1418,2020-03-31,1418,1417,7.9,14.930000000000001,2.7569999999999997,71.0,0.18466,2922.5,41.162,369.94,0.01,-0.01,0.005,0.00079,-32.39,-0.01,-0.14,-0.002,125.232,3.541,12.366,-1.349,1.098,2.523,74984.095,0.6365,0,0,0,0,,,drift_segment,2020-03-31_S04
2020-03-31_1419,2020-03-31,1419,1418,7.9,14.930000000000001,2.7539999999999996,72.0,0.18446,2960.44,41.117,374.74,0.0,-0.01,0.001,0.00026,0.17,0.0,0.0,-0.003,125.232,3.541,11.691,0.0,0.891,3.788,74956.725,0.5782,0,0,0,0,,,drift_segment,2020-03-31_S04
2020-03-31_1420,2020-03-31,1420,1419,7.890000000000001,14.94,2.752,72.0,0.1842,2960.27,41.115,375.19,-0.01,0.0,-0.002,-0.00014,0.0,-0.01,0.01,-0.002,125.007,3.71,11.242,0.0,0.627,3.782,74787.279,0.5921,0,0,0,0,,,drift_segment,2020-03-31_S04
2020-03-31_1421,2020-03-31,1421,1420,7.88,14.94,2.747,72.0,0.18387,2954.89,41.04,374.99,-0.03,0.0,-0.009,-0.00059,-5.38,-0.01,0.0,-0.005,124.782,3.71,10.117,0.0,0.283,3.603,74557.138,0.6331,0,0,0,0,,,drift_segment,2020-03-31_S04
2020-03-31_1422,2020-03-31,1422,1421,7.909999999999999,14.889999999999999,2.747,72.0,0.18449,2945.0,40.903,372.31,0.0,-0.04,-0.009,0.0,-9.89,0.03,-0.05,0.0,125.457,2.867,10.117,0.0,0.917,3.273,74940.138,0.6374,0,0,0,0,,,drift_segment,2020-03-31_S04
2020-03-31_1423,2020-03-31,1423,1422,7.92,14.889999999999999,2.75,72.0,0.18469,2948.22,40.948,372.25,0.01,-0.04,-0.006,0.00014,0.0,0.01,0.0,0.003,125.682,2.867,10.792,0.0,1.124,3.38,75184.799,0.6131,0,0,0,0,,,drift_segment,2020-03-31_S04
2020-03-31_1424,2020-03-31,1424,1423,7.909999999999999,14.950000000000001,2.7560000000000002,72.0,0.18435,2966.56,41.202,375.04,-0.01,0.06,0.002,-0.0002,18.34,-0.01,0.06,0.006,125.457,3.878,12.141,0.0,0.775,3.992,75376.715,0.6608,0,0,0,0,,,drift_segment,2020-03-31_S04
2020-03-31_1425,2020-03-31,1425,1424,7.92,14.950000000000001,2.759,72.0,0.18455,2969.79,41.247,374.97,0.0,0.06,0.007,-0.00014,24.78,0.01,0.0,0.003,125.682,3.878,12.815,0.0,0.981,4.099,75624.813,0.6366,0,0,0,0,,,drift_segment,2020-03-31_S04
2020-03-31_1426,2020-03-31,1426,1425,7.93,14.74,2.765,71.0,0.18758,2893.68,40.756,364.9,0.01,0.0,0.013,0.002,-30.28,0.01,-0.21,0.006,125.907,0.337,14.164,-1.349,4.1,1.563,74163.145,0.6253,0,0,0,0,,,drift_segment,2020-03-31_S04
2020-03-31_1427,2020-03-31,1427,1426,7.93,14.74,2.76,71.0,0.18725,2888.45,40.682,364.24,0.01,0.0,0.008,0.00166,-5.23,0.0,0.0,-0.005,125.907,0.337,13.04,-1.349,3.752,1.388,74192.185,0.5686,0,0,0,0,,,drift_segment,2020-03-31_S04
2020-03-31_1428,2020-03-31,1428,1427,7.95,14.729999999999999,2.7569999999999997,72.0,0.18717,2923.96,40.611,367.79,0.03,0.0,0.005,0.00158,35.51,0.02,-0.01,-0.003,126.356,0.169,12.366,0.0,3.673,2.572,74612.027,0.6088,0,0,0,0,,,drift_segment,2020-03-31_S04
2020-03-31_1429,2020-03-31,1429,1428,7.94,14.729999999999999,2.752,71.0,0.18683,2878.12,40.537,362.48,0.03,0.0,0.0,0.00124,0.0,-0.01,0.0,-0.005,126.131,0.169,11.242,-1.349,3.325,1.044,74427.081,0.5653,0,0,0,0,,,drift_segment,2020-03-31_S04
2020-04-02_130,2020-04-02,130,129,2.38,14.520000000000001,2.707,73.0,0.18643,2869.31,39.306,1205.59,0.0,-0.04,0.003,0.00046,30.09,-0.01,-0.04,-0.002,1.124,-3.373,1.124,1.349,2.917,0.75,9.014,0.5267,0,0,0,0,0.9398,0.0042,day_relative,
2020-04-02_168,2020-04-02,168,167,2.37,14.590000000000002,2.7,70.0,0.18506,2757.51,39.393,1163.51,0.01,0.0,0.0,-7e-05,-79.84,0.01,0.02,0.0,0.899,-2.192,-0.45,-2.698,1.505,-2.976,9.776,0.4817,0,0,0,0,0.9127,0.0148,day_relative,
2020-04-02_204,2020-04-02,204,203,2.37,14.56,2.7,70.0,0.18544,2751.84,39.312,1161.11,0.0,0.0,0.0,0.0,-75.16,-0.01,-0.01,0.003,0.899,-2.698,-0.45,-2.698,1.897,-3.165,10.602,0.4978,0,0,0,0,0.9323,0.0062,day_relative,
2020-04-02_208,2020-04-02,208,207,2.3899999999999997,14.56,2.7119999999999997,72.0,0.18626,2843.04,39.487,1189.56,0.02,0.0,0.004,0.00053,13.48,0.02,0.01,0.011,1.349,-2.698,2.248,0.0,2.743,-0.125,7.705,0.5445,0,0,0,0,0.9096,0.0168,day_relative,
2020-04-02_209,2020-04-02,209,208,2.3899999999999997,14.56,2.7119999999999997,73.0,0.18626,2882.53,39.487,1206.08,0.02,0.0,0.004,0.00053,52.96,0.0,0.0,0.0,1.349,-2.698,2.248,1.349,2.743,1.191,11.185,0.5071,0,0,0,0,0.9206,0.0118,day_relative,
2020-04-02_210,2020-04-02,210,209,2.38,14.53,2.7110000000000003,71.0,0.18658,2796.75,39.391,1175.1,0.01,-0.03,0.003,0.00085,-39.7,-0.01,-0.03,-0.001,1.124,-3.204,2.023,-1.349,3.068,-1.668,8.96,0.516,0,0,0,0,0.9324,0.0052,day_relative,
2020-04-02_211,2020-04-02,211,210,2.38,14.53,2.7110000000000003,71.0,0.18658,2796.75,39.391,1175.1,0.01,-0.03,0.003,0.00085,-39.7,0.0,0.0,0.0,1.124,-3.204,2.023,-1.349,3.068,-1.668,8.96,0.4816,0,0,0,0,0.913,0.0135,day_relative,
2020-04-02_284,2020-04-02,284,283,2.35,14.53,2.7119999999999997,71.0,0.18665,2797.78,39.405,1190.54,-0.02,-0.02,0.001,0.00089,-32.83,-0.02,-0.07,0.0,0.45,-3.204,2.248,-1.349,3.138,-1.634,12.566,0.5388,0,0,0,0,0.9545,0.0022,day_relative,
2020-04-02_285,2020-04-02,285,284,2.35,14.53,2.7119999999999997,71.0,0.18665,2797.78,39.405,1190.54,-0.02,-0.02,0.001,0.00089,-13.48,0.0,0.0,0.0,0.45,-3.204,2.248,-1.349,3.138,-1.634,12.566,0.4798,0,0,0,0,0.9267,0.0088,day_relative,
2020-04-02_286,2020-04-02,286,285,2.38,14.549999999999999,2.7110000000000003,71.0,0.18632,2800.6,39.445,1176.72,0.03,-0.01,0.0,0.00057,-10.66,0.03,0.02,-0.001,1.124,-2.867,2.023,-1.349,2.804,-1.54,8.078,0.5186,0,0,0,0,0.9121,0.0158,day_relative,
2020-04-02_294,2020-04-02,294,293,2.35,14.540000000000001,2.696,73.0,0.18542,2861.59,39.2,1217.7,-0.01,-0.02,-0.004,0.0,31.12,-0.01,-0.03,-0.002,0.45,-3.035,-1.349,1.349,1.876,0.493,10.847,0.489,0,0,0,0,0.9244,0.0102,day_relative,
2020-04-02_304,2020-04-02,304,303,2.34,14.58,2.708,70.0,0.18573,2763.78,39.483,1181.1,-0.01,-0.01,0.0,0.0,-74.31,-0.04,-0.01,-0.002,0.225,-2.361,1.349,-2.698,2.199,-2.767,12.495,0.5348,0,0,0,0,0.9319,0.0072,day_relative,
2020-04-02_334,2020-04-02,334,333,2.33,14.549999999999999,2.701,70.0,0.18564,2750.97,39.3,1180.67,-0.04,-0.04,0.0,0.00057,-85.33,-0.04,-0.04,0.001,0.0,-2.867,-0.225,-2.698,2.098,-3.194,14.78,0.5895,0,0,1,1,0.9634,0.001,day_relative,
2020-04-02_495,2020-04-02,495,494,2.38,14.520000000000001,2.707,73.0,0.18643,2869.31,39.306,1205.59,0.0,-0.04,0.003,0.00046,30.09,-0.01,-0.04,-0.002,1.124,-3.373,1.124,1.349,2.917,0.75,9.014,0.5267,0,0,0,0,0.9398,0.0042,day_relative,
2020-04-02_533,2020-04-02,533,532,2.37,14.590000000000002,2.7,70.0,0.18506,2757.51,39.393,1163.51,0.01,0.0,0.0,-7e-05,-79.84,0.01,0.02,0.0,0.899,-2.192,-0.45,-2.698,1.505,-2.976,9.776,0.4817,0,0,0,0,0.9127,0.0148,day_relative,
2020-04-02_569,2020-04-02,569,568,2.37,14.56,2.7,70.0,0.18544,2751.84,39.312,1161.11,0.0,0.0,0.0,0.0,-75.16,-0.01,-0.01,0.003,0.899,-2.698,-0.45,-2.698,1.897,-3.165,10.602,0.4978,0,0,0,0,0.9323,0.0062,day_relative,
2020-04-02_573,2020-04-02,573,572,2.3899999999999997,14.56,2.7119999999999997,72.0,0.18626,2843.04,39.487,1189.56,0.02,0.0,0.004,0.00053,13.48,0.02,0.01,0.011,1.349,-2.698,2.248,0.0,2.743,-0.125,7.705,0.5445,0,0,0,0,0.9096,0.0168,day_relative,
2020-04-02_574,2020-04-02,574,573,2.3899999999999997,14.56,2.7119999999999997,73.0,0.18626,2882.53,39.487,1206.08,0.02,0.0,0.004,0.00053,52.96,0.0,0.0,0.0,1.349,-2.698,2.248,1.349,2.743,1.191,11.185,0.5071,0,0,0,0,0.9206,0.0118,day_relative,
2020-04-02_575,2020-04-02,575,574,2.38,14.53,2.7110000000000003,71.0,0.18658,2796.75,39.391,1175.1,0.01,-0.03,0.003,0.00085,-39.7,-0.01,-0.03,-0.001,1.124,-3.204,2.023,-1.349,3.068,-1.668,8.96,0.516,0,0,0,0,0.9324,0.0052,day_relative,
2020-04-02_576,2020-04-02,576,575,2.38,14.53,2.7110000000000003,71.0,0.18658,2796.75,39.391,1175.1,0.01,-0.03,0.003,0.00085,-39.7,0.0,0.0,0.0,1.124,-3.204,2.023,-1.349,3.068,-1.668,8.96,0.4816,0,0,0,0,0.913,0.0135,day_relative,
2020-04-02_649,2020-04-02,649,648,2.35,14.53,2.7119999999999997,71.0,0.18665,2797.78,39.405,1190.54,-0.02,-0.02,0.001,0.00089,-32.83,-0.02,-0.07,0.0,0.45,-3.204,2.248,-1.349,3.138,-1.634,12.566,0.5388,0,0,0,0,0.9545,0.0022,day_relative,
2020-04-02_650,2020-04-02,650,649,2.35,14.53,2.7119999999999997,71.0,0.18665,2797.78,39.405,1190.54,-0.02,-0.02,0.001,0.00089,-13.48,0.0,0.0,0.0,0.45,-3.204,2.248,-1.349,3.138,-1.634,12.566,0.4798,0,0,0,0,0.9267,0.0088,day_relative,
2020-04-02_651,2020-04-02,651,650,2.38,14.549999999999999,2.7110000000000003,71.0,0.18632,2800.6,39.445,1176.72,0.03,-0.01,0.0,0.00057,-10.66,0.03,0.02,-0.001,1.124,-2.867,2.023,-1.349,2.804,-1.54,8.078,0.5186,0,0,0,0,0.9121,0.0158,day_relative,
2020-04-02_659,2020-04-02,659,658,2.35,14.540000000000001,2.696,73.0,0.18542,2861.59,39.2,1217.7,-0.01,-0.02,-0.004,0.0,31.12,-0.01,-0.03,-0.002,0.45,-3.035,-1.349,1.349,1.876,0.493,10.847,0.489,0,0,0,0,0.9244,0.0102,day_relative,
2020-04-02_669,2020-04-02,669,668,2.34,14.58,2.708,70.0,0.18573,2763.78,39.483,1181.1,-0.01,-0.01,0.0,0.0,-74.31,-0.04,-0.01,-0.002,0.225,-2.361,1.349,-2.698,2.199,-2.767,12.495,0.5348,0,0,0,0,0.9319,0.0072,day_relative,
2020-04-02_733,2020-04-02,733,732,2.33,14.549999999999999,2.701,70.0,0.18564,2750.97,39.3,1180.67,-0.04,-0.04,0.0,0.00057,-84.43,-0.04,-0.04,0.001,0.0,-2.867,-0.225,-2.698,2.098,-3.194,14.78,0.5895,0,0,1,1,0.9634,0.001,day_relative,
2020-04-02_1029,2020-04-02,1029,1028,2.33,14.549999999999999,2.701,70.0,0.18564,2750.97,39.3,1180.67,-0.04,-0.04,0.0,0.00057,-84.43,-0.04,-0.04,0.001,0.0,-2.867,-0.225,-2.698,2.098,-3.194,14.78,0.5895,0,0,1,1,0.9634,0.001,day_relative,
2020-04-02_1351,2020-04-02,1351,1350,2.33,14.709999999999999,2.717,72.0,0.1847,2877.63,39.967,1235.03,0.0,-0.01,0.008,0.00058,15.0,-0.01,-0.04,0.008,0.0,-0.169,3.372,0.0,1.141,1.028,11.842,0.5323,0,0,0,0,0.9526,0.003,day_relative,
2020-04-02_1353,2020-04-02,1353,1352,2.34,14.74,2.714,73.0,0.18412,2920.32,40.004,1248.0,0.01,0.02,0.005,0.0,57.69,0.01,0.03,-0.003,0.225,0.337,2.698,1.349,0.546,2.45,12.7,0.5389,0,0,0,0,0.9261,0.0095,day_relative,
2020-04-02_1547,2020-04-02,1547,1546,2.32,14.74,2.715,72.0,0.18419,2881.38,40.019,1241.97,0.0,0.0,0.006,0.00041,15.74,-0.01,0.0,0.006,-0.225,0.337,2.923,0.0,0.616,1.152,9.433,0.4829,0,0,0,0,0.9095,0.0175,day_relative,
2020-04-02_1741,2020-04-02,1741,1740,2.29,14.76,2.71,70.0,0.1836,2799.97,40.0,1222.7,-0.01,0.02,0.004,2e-05,-71.85,-0.02,0.03,-0.001,-0.899,0.674,1.799,-2.698,0.011,-1.561,12.251,0.517,0,0,0,0,0.9177,0.0125,day_relative,
2020-04-02_1755,2020-04-02,1755,1754,2.29,14.72,2.714,72.0,0.18438,2876.41,39.95,1256.07,0.0,-0.01,0.003,0.00046,3.55,-0.03,-0.04,0.003,-0.899,0.0,2.698,0.0,0.803,0.987,11.173,0.494,0,0,0,0,0.9045,0.0195,day_relative,
2020-04-02_1787,2020-04-02,1787,1786,2.29,14.72,2.716,72.0,0.18451,2878.53,39.98,1257.0,0.0,0.0,0.005,0.00039,7.25,-0.01,-0.02,0.002,-0.899,0.0,3.148,0.0,0.943,1.057,14.024,0.4806,0,0,0,0,0.9269,0.008,day_relative,
2020-04-02_1846,2020-04-02,1846,1845,2.32,14.76,2.714,72.0,0.18388,2884.22,40.059,1243.2,0.03,0.02,0.007,0.00045,10.99,0.03,-0.01,0.007,-0.225,0.674,2.698,0.0,0.29,1.247,8.639,0.5391,0,0,0,0,0.9076,0.018,day_relative,
2020-04-02_1876,2020-04-02,1876,1875,2.27,14.72,2.702,70.0,0.18356,2784.14,39.773,1226.49,-0.03,-0.03,0.0,0.00037,-81.14,-0.03,-0.03,-0.001,-1.349,0.0,0.0,-2.698,-0.034,-2.088,13.093,0.5254,0,0,0,0,0.9216,0.011,day_relative,
2020-04-02_1900,2020-04-02,1900,1899,2.29,14.729999999999999,2.697,70.0,0.1831,2780.88,39.727,1214.36,0.0,-0.02,-0.004,0.0,-85.64,0.0,-0.04,-0.001,-0.899,0.169,-1.124,-2.698,-0.511,-2.197,10.144,0.5013,0,0,0,0,0.9053,0.019,day_relative,
2020-04-02_1936,2020-04-02,1936,1935,2.2800000000000002,14.74,2.7030000000000003,70.0,0.18338,2788.96,39.842,1223.23,-0.01,0.0,0.0,0.0,-81.96,-0.01,-0.07,0.003,-1.124,0.337,0.225,-2.698,-0.221,-1.928,10.284,0.5004,0,0,0,0,0.906,0.0185,day_relative,
2020-04-02_1940,2020-04-02,1940,1939,2.31,14.709999999999999,2.715,72.0,0.18457,2875.51,39.938,1244.81,0.03,-0.03,0.003,0.0007,-2.85,0.01,-0.02,0.001,-0.45,-0.169,2.923,0.0,1.002,0.957,10.027,0.4835,0,0,0,0,0.913,0.0135,day_relative,
2020-04-02_1941,2020-04-02,1941,1940,2.31,14.709999999999999,2.715,73.0,0.18457,2915.45,39.938,1262.1,0.03,-0.03,0.003,0.0007,39.94,0.0,0.0,0.0,-0.45,-0.169,2.923,1.349,1.002,2.288,14.081,0.525,0,0,0,0,0.9433,0.0035,day_relative,
2020-04-03_180,2020-04-03,180,179,2.3,14.97,2.7,72.0,0.18036,2910.17,40.419,1265.29,-0.01,0.06,0.0,-0.00102,25.47,-0.01,0.09,0.001,-0.674,4.216,-0.45,0.0,-3.321,2.112,19.917,0.5837,1,1,1,3,0.9758,0.0782,point_anomaly,
2020-04-03_181,2020-04-03,181,180,2.3,14.97,2.7,72.0,0.18036,2910.17,40.419,1265.29,-0.01,0.06,0.0,-0.00102,18.57,0.0,0.0,0.0,-0.674,4.216,-0.45,0.0,-3.321,2.112,19.917,0.5385,1,1,0,2,0.9681,0.107,point_anomaly,
2020-04-03_182,2020-04-03,182,181,2.32,14.94,2.705,71.0,0.18106,2869.3,40.413,1236.77,0.0,0.01,0.0,-0.00033,-22.3,0.02,-0.03,0.005,-0.225,3.71,0.674,-1.349,-2.605,0.75,21.674,0.5044,1,1,0,2,0.9549,0.1337,point_anomaly,
2020-04-03_183,2020-04-03,183,182,2.32,14.94,2.705,71.0,0.18106,2869.3,40.413,1236.77,0.0,0.01,0.0,-0.00033,-40.87,0.0,0.0,0.0,-0.225,3.71,0.674,-1.349,-2.605,0.75,21.674,0.4623,1,1,0,2,0.9212,0.2016,point_anomaly,
2020-04-03_184,2020-04-03,184,183,2.34,14.910000000000002,2.713,72.0,0.18196,2912.46,40.451,1244.64,0.0,-0.03,0.006,0.0009,2.29,0.02,-0.03,0.008,0.225,3.204,2.473,0.0,-1.679,2.188,26.775,0.588,0,1,1,2,0.9684,0.1039,point_anomaly,
2020-04-03_186,2020-04-03,186,185,2.34,14.930000000000001,2.71,73.0,0.18151,2953.6,40.46,1262.22,0.0,-0.01,0.003,0.00046,40.46,0.0,0.02,-0.003,0.225,3.541,1.799,1.349,-2.136,3.56,31.427,0.563,1,1,1,3,0.9737,0.0864,point_anomaly,
2020-04-03_187,2020-04-03,187,186,2.34,14.930000000000001,2.71,72.0,0.18151,2913.14,40.46,1244.93,0.0,-0.01,0.003,0.00046,0.0,0.0,0.0,0.0,0.225,3.541,1.799,0.0,-2.136,2.211,27.82,0.496,1,1,0,2,0.9491,0.1461,point_anomaly,
2020-04-03_188,2020-04-03,188,187,2.35,14.99,2.707,72.0,0.18059,2921.61,40.578,1243.24,0.01,0.06,0.0,-6e-05,8.47,0.01,0.06,-0.003,0.45,4.553,1.124,0.0,-3.088,2.493,44.015,0.5986,1,1,1,3,0.9847,0.0494,point_anomaly,
2020-04-03_189,2020-04-03,189,188,2.35,14.99,2.707,72.0,0.18059,2921.61,40.578,1243.24,0.01,0.06,0.0,-6e-05,8.47,0.0,0.0,0.0,0.45,4.553,1.124,0.0,-3.088,2.493,44.015,0.5547,1,1,1,3,0.9806,0.0638,point_anomaly,
2020-04-03_190,2020-04-03,190,189,2.31,15.070000000000002,2.699,72.0,0.1791,2928.52,40.674,1267.76,-0.03,0.13,-0.001,-0.00155,15.38,-0.04,0.08,-0.008,-0.45,5.902,-0.674,0.0,-4.618,2.724,45.179,0.6827,1,1,1,3,0.9889,0.0288,point_anomaly,
2020-04-03_191,2020-04-03,191,190,2.31,15.070000000000002,2.699,72.0,0.1791,2928.52,40.674,1267.76,-0.03,0.13,-0.001,-0.00155,15.38,0.0,0.0,0.0,-0.45,5.902,-0.674,0.0,-4.618,2.724,45.179,0.6099,1,1,1,3,0.9871,0.035,point_anomaly,
2020-04-03_192,2020-04-03,192,191,2.33,14.930000000000001,2.697,72.0,0.18064,2899.17,40.266,1244.28,0.0,-0.01,-0.003,0.0,-5.17,0.02,-0.14,-0.002,0.0,3.541,-1.124,0.0,-3.031,1.745,23.489,0.5599,1,1,1,3,0.9705,0.0988,point_anomaly,
2020-04-03_193,2020-04-03,193,192,2.33,14.930000000000001,2.697,72.0,0.18064,2899.17,40.266,1244.28,0.0,-0.01,-0.003,0.0,-5.17,0.0,0.0,0.0,0.0,3.541,-1.124,0.0,-3.031,1.745,23.489,0.4865,1,1,0,2,0.9419,0.1626,point_anomaly,
2020-04-03_194,2020-04-03,194,193,2.3600000000000003,14.94,2.7,72.0,0.18072,2904.34,40.338,1230.65,0.03,0.0,0.0,0.0,0.0,0.03,0.01,0.003,0.674,3.71,-0.45,0.0,-2.949,1.918,36.974,0.5311,1,1,0,2,0.9688,0.1008,point_anomaly,
2020-04-03_195,2020-04-03,195,194,2.3600000000000003,14.94,2.7,72.0,0.18072,2904.34,40.338,1230.65,0.03,0.0,0.0,0.0,0.0,0.0,0.0,0.0,0.674,3.71,-0.45,0.0,-2.949,1.918,36.974,0.4935,1,1,0,2,0.9534,0.1358,point_anomaly,
2020-04-03_198,2020-04-03,198,197,2.35,14.950000000000001,2.7060000000000004,72.0,0.181,2912.74,40.455,1239.46,0.01,0.06,0.004,-0.00046,40.45,0.02,0.06,0.004,0.45,3.878,0.899,0.0,-2.66,2.198,34.153,0.6032,1,1,1,3,0.9802,0.0658,point_anomaly,
2020-04-03_199,2020-04-03,199,198,2.35,14.950000000000001,2.7060000000000004,71.0,0.181,2872.28,40.455,1222.25,0.01,0.06,0.004,-0.00046,2.58,0.0,0.0,0.0,0.45,3.878,0.899,-1.349,-2.66,0.849,35.607,0.5359,1,1,0,2,0.9709,0.0967,point_anomaly,
2020-04-03_216,2020-04-03,216,215,2.4,14.799999999999999,2.697,73.0,0.18223,2913.84,39.916,1214.1,0.06,0.0,-0.003,-0.0002,36.72,0.06,0.0,-0.003,1.574,1.349,-1.124,1.349,-1.401,2.234,32.381,0.5892,0,1,1,2,0.8929,0.2407,point_anomaly,
2020-04-03_248,2020-04-03,248,247,2.38,14.820000000000002,2.698,72.0,0.18205,2878.87,39.984,1209.61,0.06,-0.03,-0.006,0.0,0.0,0.06,-0.01,-0.001,1.124,1.686,-0.899,0.0,-1.584,1.069,22.966,0.5588,0,1,1,2,0.824,0.3354,point_anomaly,
2020-04-03_254,2020-04-03,254,253,2.37,14.97,2.7060000000000004,72.0,0.18076,2916.64,40.509,1230.65,0.02,0.06,0.002,-0.00019,20.28,0.02,0.09,-0.001,0.899,4.216,0.899,0.0,-2.909,2.328,49.488,0.611,1,1,1,3,0.9863,0.0391,point_anomaly,
2020-04-03_255,2020-04-03,255,254,2.37,14.97,2.7060000000000004,72.0,0.18076,2916.64,40.509,1230.65,0.02,0.06,0.002,-0.00019,20.28,0.0,0.0,0.0,0.899,4.216,0.899,0.0,-2.909,2.328,49.488,0.5569,1,1,1,3,0.9823,0.0597,point_anomaly,
2020-04-03_256,2020-04-03,256,255,2.34,14.94,2.699,72.0,0.18066,2903.26,40.323,1240.71,-0.01,0.01,0.0,-0.00011,6.9,-0.03,-0.03,-0.007,0.225,3.71,-0.674,0.0,-3.017,1.882,28.208,0.5455,1,1,0,2,0.9719,0.0895,point_anomaly,
2020-04-03_257,2020-04-03,257,256,2.34,14.94,2.699,72.0,0.18066,2903.26,40.323,1240.71,-0.01,0.01,0.0,-0.00011,6.9,0.0,0.0,0.0,0.225,3.71,-0.674,0.0,-3.017,1.882,28.208,0.4852,1,1,0,2,0.9447,0.1564,point_anomaly,
2020-04-03_260,2020-04-03,260,259,2.2800000000000002,14.930000000000001,2.693,72.0,0.18038,2894.87,40.206,1269.68,-0.01,-0.01,-0.006,0.0,0.0,-0.09,0.02,-0.005,-1.124,3.541,-2.023,0.0,-3.306,1.602,14.557,0.6155,1,0,1,2,0.971,0.0947,point_anomaly,
2020-04-03_262,2020-04-03,262,261,2.2800000000000002,14.99,2.7,71.0,0.18012,2873.58,40.473,1260.34,-0.01,0.06,0.0,-0.00026,-21.28,0.0,0.06,0.007,-1.124,4.553,-0.45,-1.349,-3.568,0.893,19.449,0.6034,1,1,1,3,0.9776,0.0761,point_anomaly,
2020-04-03_263,2020-04-03,263,262,2.2800000000000002,14.99,2.7,71.0,0.18012,2873.58,40.473,1260.34,-0.01,0.06,0.0,-0.00026,-16.41,0.0,0.0,0.0,-1.124,4.553,-0.45,-1.349,-3.568,0.893,19.449,0.5433,1,1,0,2,0.9716,0.0926,point_anomaly,
2020-04-03_264,2020-04-03,264,263,2.29,15.070000000000002,2.701,71.0,0.17923,2889.99,40.704,1262.0,0.0,0.13,0.0,-0.00114,0.0,0.01,0.08,0.001,-0.899,5.902,-0.225,-1.349,-4.482,1.439,37.477,0.6155,1,1,1,3,0.986,0.0412,point_anomaly,
2020-04-03_265,2020-04-03,265,264,2.29,15.070000000000002,2.701,71.0,0.17923,2889.99,40.704,1262.0,0.0,0.13,0.0,-0.00114,0.0,0.0,0.0,0.0,-0.899,5.902,-0.225,-1.349,-4.482,1.439,37.477,0.5767,1,1,1,3,0.9834,0.0535,point_anomaly,
2020-04-03_272,2020-04-03,272,271,2.31,14.950000000000001,2.7030000000000003,73.0,0.1808,2949.92,40.41,1277.02,0.01,0.06,0.0,-0.0008,80.82,0.04,0.06,-0.001,-0.45,3.878,0.225,1.349,-2.867,3.437,22.763,0.6141,1,1,1,3,0.9777,0.0741,point_anomaly,
2020-04-03_273,2020-04-03,273,272,2.31,14.950000000000001,2.7030000000000003,71.0,0.1808,2869.1,40.41,1242.03,0.01,0.06,0.0,-0.0008,2.41,0.0,0.0,0.0,-0.45,3.878,0.225,-1.349,-2.867,0.743,20.119,0.5123,1,1,0,2,0.9591,0.1276,point_anomaly,
2020-04-03_280,2020-04-03,280,279,1.7399999999999998,14.72,2.702,71.0,0.18356,2823.91,39.773,1622.94,-0.61,-0.01,0.001,0.00019,-38.54,-0.61,0.0,-0.001,-13.265,0.0,0.0,-1.349,-0.034,-0.763,800.204,0.5241,1,1,0,2,0.9849,0.0473,point_anomaly,
2020-04-03_281,2020-04-03,281,280,1.7399999999999998,14.709999999999999,2.702,72.0,0.18368,2861.74,39.746,1644.68,-0.61,-0.02,0.001,0.00032,-0.71,0.0,-0.01,0.0,-13.265,-0.169,0.0,0.0,0.094,0.498,812.392,0.4622,1,1,0,2,0.9439,0.1605,point_anomaly,
2020-04-03_282,2020-04-03,282,281,2.21,14.709999999999999,2.69,70.0,0.18287,2769.89,39.57,1253.35,-0.14,-0.02,-0.012,-0.00063,-94.68,0.47,0.0,-0.012,-2.698,-0.169,-2.698,-2.698,-0.744,-2.563,41.832,0.6785,0,1,1,2,0.9469,0.1481,point_anomaly,
2020-04-03_286,2020-04-03,286,285,2.48,14.729999999999999,2.708,72.0,0.18384,2872.0,39.889,1158.06,0.08,0.0,0.0,0.00012,7.42,0.13,0.0,0.007,3.372,0.169,1.349,0.0,0.256,0.84,61.489,0.5704,0,1,1,2,0.978,0.072,point_anomaly,
2020-04-03_302,2020-04-03,302,301,2.57,14.74,2.708,72.0,0.18372,2873.95,39.916,1118.27,0.09,0.0,0.006,0.00041,46.2,0.11,0.0,0.006,5.396,0.337,1.349,0.0,0.128,0.905,151.883,0.6008,1,1,1,3,0.9955,0.0123,point_anomaly,
2020-04-03_303,2020-04-03,303,302,2.57,14.729999999999999,2.708,73.0,0.18384,2911.89,39.889,1133.03,0.09,-0.01,0.006,0.00053,79.78,0.0,-0.01,0.0,5.396,0.169,1.349,1.349,0.256,2.169,149.9,0.5835,1,1,1,3,0.9942,0.0185,point_anomaly,
2020-04-03_308,2020-04-03,308,307,2.55,14.770000000000001,2.698,73.0,0.18267,2909.01,39.849,1140.79,0.07,0.03,-0.004,-0.00056,43.38,0.07,0.0,-0.004,4.946,0.843,-0.899,1.349,-0.951,2.073,146.031,0.6293,1,1,1,3,0.9963,0.0082,point_anomaly,
2020-04-03_309,2020-04-03,309,308,2.55,14.74,2.698,71.0,0.18304,2823.56,39.769,1107.28,0.07,0.0,-0.004,-0.00015,-42.07,0.0,-0.03,0.0,4.946,0.337,-0.899,-1.349,-0.569,-0.774,136.001,0.5374,1,1,0,2,0.9853,0.0453,point_anomaly,
2020-04-03_316,2020-04-03,316,315,2.4899999999999998,14.76,2.702,72.0,0.18306,2871.47,39.882,1153.2,0.02,0.01,0.001,0.0,3.01,0.03,0.0,0.001,3.597,0.674,0.0,0.0,-0.545,0.822,77.774,0.4627,1,1,0,2,0.9326,0.1852,point_anomaly,
2020-04-03_317,2020-04-03,317,316,2.4899999999999998,14.78,2.702,71.0,0.18281,2835.42,39.936,1138.72,0.02,0.02,0.001,-0.00018,-33.04,0.0,0.02,0.0,3.597,1.012,0.0,-1.349,-0.8,-0.379,86.163,0.4742,1,1,0,2,0.9454,0.1523,point_anomaly,
2020-04-03_321,2020-04-03,321,320,2.4699999999999998,14.83,2.698,73.0,0.18193,2920.83,40.011,1182.52,0.0,0.03,-0.001,-0.00082,46.9,0.0,0.08,0.0,3.148,1.855,-0.899,1.349,-1.71,2.467,86.279,0.5669,0,1,1,2,0.9755,0.0813,point_anomaly,
2020-04-03_346,2020-04-03,346,345,2.4,14.85,2.713,70.0,0.18269,2820.16,40.288,1175.07,-0.01,0.03,0.009,0.00038,-58.9,0.0,0.0,0.005,1.574,2.192,2.473,-2.698,-0.924,-0.888,49.523,0.5705,0,1,1,2,0.945,0.1543,point_anomaly,
2020-04-03_348,2020-04-03,348,347,2.48,14.840000000000002,2.7039999999999997,72.0,0.18221,2889.17,40.127,1164.99,0.01,0.01,0.0,-0.0001,10.11,0.08,0.0,-0.009,3.372,2.024,0.45,0.0,-1.421,1.412,93.056,0.5533,0,1,1,2,0.9791,0.07,point_anomaly,
2020-04-03_354,2020-04-03,354,353,2.5,14.85,2.699,72.0,0.18175,2885.77,40.08,1154.31,0.02,0.02,0.0,-0.00034,3.7,0.02,0.0,0.0,3.822,2.192,-0.674,0.0,-1.893,1.299,118.429,0.4964,1,1,0,2,0.9657,0.1173,point_anomaly,
2020-04-03_355,2020-04-03,355,354,2.5,14.83,2.699,72.0,0.182,2881.88,40.026,1152.75,0.02,0.0,0.0,-9e-05,-0.19,0.0,-0.02,0.0,3.822,1.855,-0.674,0.0,-1.641,1.169,111.183,0.4759,1,1,0,2,0.9503,0.142,point_anomaly,
2020-04-03_358,2020-04-03,358,357,2.4899999999999998,14.820000000000002,2.7039999999999997,71.0,0.18246,2845.2,40.073,1142.65,0.0,-0.03,0.0,0.0004,-36.87,0.02,0.0,0.003,3.597,1.686,0.45,-1.349,-1.168,-0.053,98.241,0.4976,1,1,0,2,0.9631,0.1193,point_anomaly,
2020-04-03_359,2020-04-03,359,358,2.4899999999999998,14.85,2.7039999999999997,72.0,0.18209,2891.12,40.154,1161.09,0.0,0.0,0.0,3e-05,9.04,0.0,0.03,0.0,3.597,2.192,0.45,0.0,-1.547,1.477,105.973,0.4661,1,1,0,2,0.9386,0.1708,point_anomaly,
2020-04-03_362,2020-04-03,362,361,2.5100000000000002,14.88,2.708,72.0,0.18199,2901.24,40.295,1155.87,0.02,0.0,0.003,0.0,10.13,0.04,0.0,-0.001,4.047,2.698,1.349,0.0,-1.648,1.815,138.167,0.5471,1,1,0,2,0.9878,0.0329,point_anomaly,
2020-04-03_363,2020-04-03,363,362,2.5100000000000002,14.97,2.708,70.0,0.1809,2837.71,40.539,1130.56,0.02,0.06,0.003,-0.00039,-58.75,0.0,0.09,0.0,4.047,4.216,1.349,-2.698,-2.772,-0.303,188.087,0.6541,1,1,1,3,0.9961,0.0103,point_anomaly,
2020-04-03_364,2020-04-03,364,363,2.5,14.97,2.705,71.0,0.18069,2875.06,40.494,1150.03,0.03,0.06,0.0,-0.00039,-21.4,-0.01,0.0,-0.003,3.822,4.216,0.674,-1.349,-2.977,0.942,168.143,0.6132,1,1,1,3,0.9949,0.0144,point_anomaly,
2020-04-03_365,2020-04-03,365,364,2.5,14.94,2.705,72.0,0.18106,2909.71,40.413,1163.89,0.03,0.01,0.0,0.0,13.25,0.0,-0.03,0.0,3.822,3.71,0.674,0.0,-2.605,2.097,152.008,0.5623,1,1,1,3,0.9898,0.0267,point_anomaly,
2020-04-03_366,2020-04-03,366,365,2.46,14.94,2.7030000000000003,72.0,0.18092,2907.56,40.383,1181.94,0.0,0.01,0.0,0.0,6.32,-0.04,0.0,-0.002,2.923,3.71,0.225,0.0,-2.742,2.025,109.844,0.5566,1,1,1,3,0.9859,0.0432,point_anomaly,
2020-04-03_368,2020-04-03,368,367,2.46,14.910000000000002,2.7,73.0,0.18109,2938.76,40.257,1194.62,0.0,-0.03,0.0,0.00024,31.2,0.0,0.0,-0.003,2.923,3.204,-0.45,1.349,-2.575,3.065,102.653,0.5723,0,1,1,2,0.9801,0.0679,point_anomaly,
2020-04-03_369,2020-04-03,369,368,2.46,14.930000000000001,2.7,71.0,0.18084,2862.08,40.311,1163.45,0.0,-0.01,0.0,0.00013,-47.63,0.0,0.02,0.0,2.923,3.541,-0.45,-1.349,-2.824,0.509,109.771,0.5156,1,1,0,2,0.9719,0.0895,point_anomaly,
2020-04-03_370,2020-04-03,370,369,2.46,14.930000000000001,2.698,71.0,0.18071,2859.96,40.281,1162.59,0.0,-0.01,-0.002,-0.00013,-49.75,0.0,0.0,-0.002,2.923,3.541,-0.899,-1.349,-2.962,0.439,111.158,0.5278,1,1,0,2,0.9755,0.0813,point_anomaly,
2020-04-03_371,2020-04-03,371,370,2.46,14.99,2.698,72.0,0.17999,2911.9,40.443,1183.7,0.0,0.06,-0.002,-0.00086,3.06,0.0,0.06,0.0,2.923,4.553,-0.899,0.0,-3.705,2.17,132.451,0.6132,1,1,1,3,0.9943,0.0165,point_anomaly,
2020-04-03_372,2020-04-03,372,371,2.5,14.99,2.697,72.0,0.17992,2910.82,40.428,1164.33,0.01,0.06,-0.003,-0.00092,0.03,0.04,0.0,-0.001,3.822,4.553,-1.124,0.0,-3.773,2.134,179.433,0.6296,1,1,1,3,0.9967,0.0062,point_anomaly,
2020-04-03_373,2020-04-03,373,372,2.5,15.070000000000002,2.697,72.0,0.17896,2926.35,40.644,1170.54,0.01,0.13,-0.003,-0.00188,15.56,0.0,0.08,0.0,3.822,5.902,-1.124,0.0,-4.754,2.651,219.988,0.6656,1,1,1,3,0.9987,0.0021,point_anomaly,
2020-04-03_374,2020-04-03,374,373,2.4899999999999998,15.070000000000002,2.7030000000000003,72.0,0.17936,2932.86,40.734,1177.86,0.0,0.13,0.0,-0.00148,24.02,-0.01,0.0,0.006,3.597,5.902,0.225,0.0,-4.346,2.868,202.397,0.659,1,1,1,3,0.9984,0.0041,point_anomaly,
2020-04-03_375,2020-04-03,375,374,2.4899999999999998,14.930000000000001,2.7030000000000003,72.0,0.18104,2905.62,40.356,1166.91,0.0,-0.01,0.0,0.0,-3.22,0.0,-0.14,0.0,3.597,3.541,0.225,0.0,-2.618,1.96,136.956,0.5599,1,1,1,3,0.9866,0.037,point_anomaly,
2020-04-03_376,2020-04-03,376,375,2.4899999999999998,14.930000000000001,2.7060000000000004,72.0,0.18125,2908.84,40.401,1168.21,0.0,-0.01,0.003,0.0002,0.0,0.0,0.0,0.003,3.597,3.541,0.899,0.0,-2.411,2.068,136.425,0.542,1,1,0,2,0.9827,0.0576,point_anomaly,
2020-04-03_377,2020-04-03,377,376,2.4899999999999998,14.94,2.7060000000000004,72.0,0.18112,2910.79,40.428,1168.99,0.0,0.0,0.003,8e-05,5.17,0.0,0.01,0.0,3.597,3.71,0.899,0.0,-2.536,2.133,140.596,0.5396,1,1,0,2,0.9839,0.0514,point_anomaly,
2020-04-03_378,2020-04-03,378,377,2.48,14.94,2.7089999999999996,71.0,0.18133,2873.54,40.472,1158.69,-0.01,0.0,0.006,0.0002,0.0,-0.01,0.0,0.003,3.372,3.71,1.574,-1.349,-2.33,0.891,132.717,0.5728,1,1,1,3,0.9887,0.0309,point_anomaly,
2020-04-03_379,2020-04-03,379,378,2.48,14.889999999999999,2.7089999999999996,71.0,0.18193,2863.93,40.337,1154.81,-0.01,-0.04,0.006,0.00069,-9.62,0.0,-0.05,0.0,3.372,2.867,1.574,-1.349,-1.704,0.571,113.367,0.5679,0,1,1,2,0.9829,0.0556,point_anomaly,
2020-04-03_380,2020-04-03,380,379,2.5100000000000002,14.889999999999999,2.7030000000000003,71.0,0.18153,2857.58,40.248,1138.48,0.02,-0.04,0.0,0.00021,-11.51,0.03,0.0,-0.006,4.047,2.867,0.225,-1.349,-2.118,0.359,145.509,0.5781,1,1,1,3,0.9917,0.0247,point_anomaly,
2020-04-03_381,2020-04-03,381,380,2.5100000000000002,14.950000000000001,2.7030000000000003,71.0,0.1808,2869.1,40.41,1143.07,0.02,0.06,0.0,-0.00073,5.17,0.0,0.06,0.0,4.047,3.878,0.225,-1.349,-2.867,0.743,171.72,0.5973,1,1,1,3,0.9935,0.0206,point_anomaly,
2020-04-03_382,2020-04-03,382,381,2.44,14.950000000000001,2.696,71.0,0.18033,2861.67,40.305,1172.82,-0.04,0.06,-0.006,-0.0016,0.0,-0.07,0.0,-0.007,2.473,3.878,-1.349,-1.349,-3.348,0.496,101.336,0.6679,1,1,1,3,0.9924,0.0226,point_anomaly,
2020-04-03_384,2020-04-03,384,383,2.4899999999999998,14.74,2.702,73.0,0.18331,2907.41,39.827,1167.63,0.01,0.0,0.004,0.00016,46.02,0.05,0.0,0.006,3.597,0.337,0.0,1.349,-0.29,2.02,74.652,0.5557,1,1,1,3,0.9819,0.0617,point_anomaly,
2020-04-03_385,2020-04-03,385,384,2.4899999999999998,14.729999999999999,2.702,71.0,0.18344,2825.83,39.8,1134.87,0.01,0.0,0.004,0.00027,-35.38,0.0,-0.01,0.0,3.597,0.169,0.0,-1.349,-0.162,-0.699,72.015,0.4484,1,1,0,2,0.9123,0.2191,point_anomaly,
2020-04-03_392,2020-04-03,392,391,2.52,14.729999999999999,2.705,72.0,0.18364,2868.81,39.845,1138.42,0.03,0.0,0.001,0.00012,4.42,0.06,0.0,0.001,4.272,0.169,0.674,0.0,0.047,0.734,95.113,0.5024,0,0,0,0,,,drift_segment,2020-04-03_S05
2020-04-03_393,2020-04-03,393,392,2.52,14.74,2.705,72.0,0.18351,2870.76,39.872,1139.19,0.03,0.01,0.001,0.0,6.37,0.0,0.01,0.0,4.272,0.337,0.674,0.0,-0.081,0.799,98.212,0.4572,0,0,0,0,,,drift_segment,2020-04-03_S05
2020-04-03_394,2020-04-03,394,393,2.4899999999999998,14.74,2.7060000000000004,71.0,0.18358,2831.94,39.886,1137.32,0.0,0.01,0.002,7e-05,-32.46,-0.03,0.0,0.001,3.597,0.337,0.899,-1.349,-0.011,-0.495,74.017,0.468,0,0,0,0,,,drift_segment,2020-04-03_S05
2020-04-03_395,2020-04-03,395,394,2.4899999999999998,14.74,2.7060000000000004,72.0,0.18358,2871.82,39.886,1153.34,0.0,0.0,0.002,7e-05,10.43,0.0,0.0,0.0,3.597,0.337,0.899,0.0,-0.011,0.834,71.559,0.4224,0,0,0,0,,,drift_segment,2020-04-03_S05
2020-04-03_396,2020-04-03,396,395,2.4899999999999998,14.74,2.699,72.0,0.18311,2864.39,39.783,1150.36,0.0,0.0,0.0,-0.00012,0.0,0.0,0.0,-0.007,3.597,0.337,-0.674,0.0,-0.499,0.586,73.785,0.452,0,0,0,0,,,drift_segment,2020-04-03_S05
2020-04-03_397,2020-04-03,397,396,2.4899999999999998,14.729999999999999,2.699,71.0,0.18323,2822.7,39.756,1133.61,0.0,-0.01,0.0,7e-05,-41.7,0.0,-0.01,0.0,3.597,0.169,-0.674,-1.349,-0.372,-0.803,73.606,0.432,0,0,0,0,,,drift_segment,2020-04-03_S05
2020-04-03_398,2020-04-03,398,397,2.5,14.729999999999999,2.698,72.0,0.18316,2861.39,39.742,1144.56,0.01,-0.01,-0.001,0.0,-3.0,0.01,0.0,-0.001,3.822,0.169,-0.899,0.0,-0.441,0.486,80.248,0.4367,0,0,0,0,,,drift_segment,2020-04-03_S05
2020-04-03_399,2020-04-03,399,398,2.5,14.74,2.698,70.0,0.18304,2783.8,39.769,1113.52,0.01,0.0,-0.001,-7e-05,-77.59,0.0,0.01,0.0,3.822,0.337,-0.899,-2.698,-0.569,-2.1,93.215,0.5142,0,0,0,0,,,drift_segment,2020-04-03_S05
2020-04-03_400,2020-04-03,400,399,2.48,14.74,2.694,71.0,0.18277,2819.38,39.71,1136.85,-0.01,0.0,-0.004,-0.00027,-42.01,-0.02,0.0,-0.004,3.372,0.337,-1.799,-1.349,-0.848,-0.914,72.796,0.5136,0,0,0,0,,,drift_segment,2020-04-03_S05
2020-04-03_401,2020-04-03,401,400,2.48,14.770000000000001,2.694,72.0,0.1824,2864.91,39.79,1155.2,-0.01,0.03,-0.004,-0.00047,42.21,0.0,0.03,0.0,3.372,0.843,-1.799,0.0,-1.229,0.603,78.445,0.5009,0,0,0,0,,,drift_segment,2020-04-03_S05
2020-04-03_402,2020-04-03,402,401,2.48,14.770000000000001,2.701,72.0,0.18287,2872.35,39.894,1158.21,-0.01,0.03,0.007,0.0001,52.97,0.0,0.0,0.007,3.372,0.843,-0.225,0.0,-0.742,0.852,72.645,0.5244,0,0,0,0,,,drift_segment,2020-04-03_S05
2020-04-03_403,2020-04-03,403,402,2.48,14.74,2.701,72.0,0.18324,2866.52,39.813,1155.85,-0.01,0.0,0.007,0.00085,82.72,0.0,-0.03,0.0,3.372,0.337,-0.225,0.0,-0.36,0.657,64.606,0.4742,0,0,0,0,,,drift_segment,2020-04-03_S05
2020-04-03_404,2020-04-03,404,403,2.4899999999999998,14.74,2.542,73.0,0.17246,2735.24,37.469,1098.49,0.0,0.0,0.0,-0.00012,0.0,0.01,0.0,-0.159,3.597,0.337,-35.973,1.349,-11.441,-3.718,1468.11,0.6147,0,0,0,0,,,drift_segment,2020-04-03_S05
2020-04-03_405,2020-04-03,405,404,2.4899999999999998,14.729999999999999,2.542,71.0,0.17257,2658.5,37.444,1067.67,0.0,-0.02,0.0,0.00012,0.0,0.0,-0.01,0.0,3.597,0.169,-35.973,-1.349,-11.32,-6.276,1467.265,0.5666,0,0,0,0,,,drift_segment,2020-04-03_S05
2020-04-03_406,2020-04-03,406,405,2.4899999999999998,14.729999999999999,2.481,71.0,0.16843,2594.7,36.545,1042.05,0.0,-0.02,0.0,0.0,-40.12,0.0,0.0,-0.061,3.597,0.169,-49.688,-1.349,-15.575,-8.402,2702.442,0.6177,0,0,0,0,,,drift_segment,2020-04-03_S05
2020-04-03_407,2020-04-03,407,406,2.4899999999999998,14.750000000000002,2.481,72.0,0.1682,2634.82,36.595,1058.16,0.0,0.0,0.0,0.0,2.09,0.0,0.02,0.0,3.597,0.506,-49.688,0.0,-15.809,-7.065,2705.325,0.5565,0,0,0,0,,,drift_segment,2020-04-03_S05
2020-04-03_408,2020-04-03,408,407,10.540000000000001,14.750000000000002,2.476,72.0,0.16786,2629.51,36.521,249.48,1.47,0.0,0.0,0.0,-1.78,8.05,0.0,-0.005,184.588,0.506,-50.812,0.0,-16.157,-7.242,167042.471,0.6547,0,0,0,0,,,drift_segment,2020-04-03_S05
2020-04-03_409,2020-04-03,409,408,10.540000000000001,14.76,2.476,72.0,0.16775,2631.29,36.546,249.65,1.47,0.01,0.0,0.0,1.78,0.0,0.01,0.0,184.588,0.674,-50.812,0.0,-16.274,-7.183,167163.912,0.6074,0,0,0,0,,,drift_segment,2020-04-03_S05
2020-04-03_410,2020-04-03,410,409,9.27,14.76,2.474,72.0,0.16762,2629.17,36.516,283.62,0.2,0.01,0.0,0.0,0.0,-1.27,0.0,-0.002,156.034,0.674,-51.262,0.0,-16.413,-7.254,120912.92,0.6541,0,0,0,0,,,drift_segment,2020-04-03_S05
2020-04-03_411,2020-04-03,411,410,9.27,14.78,2.474,72.0,0.16739,2632.73,36.566,284.01,0.2,0.02,0.0,0.0,6.38,0.0,0.02,0.0,156.034,1.012,-51.262,0.0,-16.646,-7.135,121118.872,0.6179,0,0,0,0,,,drift_segment,2020-04-03_S05
2020-04-03_412,2020-04-03,412,411,9.07,14.78,2.468,72.0,0.16698,2626.35,36.477,289.56,0.0,0.02,0.0,-0.00034,0.0,-0.2,0.0,-0.006,151.538,1.012,-52.611,0.0,-17.063,-7.348,114745.078,0.6394,0,0,0,0,,,drift_segment,2020-04-03_S05
2020-04-03_413,2020-04-03,413,412,9.07,14.750000000000002,2.468,72.0,0.16732,2621.02,36.403,288.98,0.0,-0.03,0.0,0.0,-1.78,0.0,-0.03,0.0,151.538,0.506,-52.611,0.0,-16.715,-7.525,114444.981,0.5803,0,0,0,0,,,drift_segment,2020-04-03_S05
2020-04-03_414,2020-04-03,414,413,9.01,14.750000000000002,2.464,71.0,0.16705,2580.42,36.344,286.4,-0.04,-0.03,-0.004,-0.00027,-42.37,-0.06,0.0,-0.004,150.189,0.506,-53.51,-1.349,-16.993,-8.878,112716.487,0.6614,0,0,0,0,,,drift_segment,2020-04-03_S05
2020-04-03_415,2020-04-03,415,414,9.01,14.83,2.464,71.0,0.16615,2594.42,36.541,287.95,-0.04,0.03,-0.004,-0.00117,-28.38,0.0,0.08,0.0,150.189,1.855,-53.51,-1.349,-17.919,-8.412,113511.408,0.6513,0,0,0,0,,,drift_segment,2020-04-03_S05
2020-04-03_416,2020-04-03,416,415,9.05,14.83,2.467,71.0,0.16635,2597.58,36.586,287.03,0.01,0.03,-0.001,-0.00097,-25.22,0.04,0.0,0.003,151.088,1.855,-52.836,-1.349,-17.711,-8.307,114692.445,0.633,0,0,0,0,,,drift_segment,2020-04-03_S05
2020-04-03_417,2020-04-03,417,416,9.05,14.799999999999999,2.467,71.0,0.16669,2592.32,36.512,286.44,0.01,0.0,-0.001,-0.00063,-30.47,0.0,-0.03,0.0,151.088,1.349,-52.836,-1.349,-17.365,-8.482,114392.058,0.5927,0,0,0,0,,,drift_segment,2020-04-03_S05
2020-04-03_418,2020-04-03,418,417,9.040000000000001,14.799999999999999,2.496,71.0,0.16865,2622.8,36.941,290.13,0.03,0.0,0.0,0.0,0.0,-0.01,0.0,0.029,150.863,1.349,-46.316,-1.349,-15.352,-7.466,112978.44,0.6393,0,0,0,0,,,drift_segment,2020-04-03_S05
2020-04-03_419,2020-04-03,419,418,9.040000000000001,14.799999999999999,2.496,72.0,0.16865,2659.74,36.941,294.22,0.03,0.0,0.0,0.0,0.0,0.0,0.0,0.0,150.863,1.349,-46.316,0.0,-15.352,-6.235,112920.205,0.5801,0,0,0,0,,,drift_segment,2020-04-03_S05
2020-04-03_420,2020-04-03,420,419,8.98,14.799999999999999,2.54,73.0,0.17162,2744.22,37.592,305.59,0.0,0.0,0.0,0.0,75.18,-0.06,0.0,0.044,149.514,1.349,-36.423,1.349,-12.298,-3.419,109454.265,0.6607,0,0,0,0,,,drift_segment,2020-04-03_S05
2020-04-03_421,2020-04-03,421,420,8.98,14.799999999999999,2.54,71.0,0.17162,2669.03,37.592,297.22,0.0,0.0,0.0,0.0,-70.15,0.0,0.0,0.0,149.514,1.349,-36.423,-1.349,-12.298,-5.925,109564.156,0.5769,0,0,0,0,,,drift_segment,2020-04-03_S05
2020-04-03_422,2020-04-03,422,421,8.95,14.799999999999999,2.605,72.0,0.17601,2775.89,38.554,310.16,0.0,0.0,0.0,0.00012,31.67,-0.03,0.0,0.065,148.84,1.349,-21.809,0.0,-7.786,-2.364,106738.383,0.6304,0,0,0,0,,,drift_segment,2020-04-03_S05
2020-04-03_423,2020-04-03,423,422,8.95,14.81,2.605,71.0,0.17589,2739.18,38.58,306.05,0.0,0.01,0.0,-0.00012,-36.7,0.0,0.01,0.0,148.84,1.518,-21.809,-1.349,-7.908,-3.587,106893.165,0.5857,0,0,0,0,,,drift_segment,2020-04-03_S05
2020-04-03_424,2020-04-03,424,423,8.790000000000001,14.81,2.673,72.0,0.18049,2850.27,39.587,324.26,0.0,0.01,0.0,0.0,0.0,-0.16,0.0,0.068,145.242,1.518,-6.52,0.0,-3.192,0.116,100418.889,0.6224,0,0,0,0,,,drift_segment,2020-04-03_S05
2020-04-03_425,2020-04-03,425,424,8.790000000000001,14.799999999999999,2.673,73.0,0.18061,2887.91,39.56,328.54,0.0,0.0,0.0,0.0,29.73,0.0,-0.01,0.0,145.242,1.349,-6.52,1.349,-3.066,1.37,100273.46,0.5508,0,0,0,0,,,drift_segment,2020-04-03_S05
2020-04-03_426,2020-04-03,426,425,8.58,14.799999999999999,2.72,71.0,0.18378,2858.18,40.256,333.12,0.0,0.0,0.0,0.0,-29.73,-0.21,0.0,0.047,140.521,1.349,4.047,-1.349,0.196,0.379,93343.444,0.608,0,0,0,0,,,drift_segment,2020-04-03_S05
2020-04-03_427,2020-04-03,427,426,8.58,14.78,2.72,72.0,0.18403,2894.52,40.202,337.36,0.0,-0.03,0.0,0.0,0.0,0.0,-0.02,0.0,140.521,1.012,4.047,0.0,0.451,1.59,93106.369,0.5276,0,0,0,0,,,drift_segment,2020-04-03_S05
2020-04-03_428,2020-04-03,428,427,8.25,14.78,2.745,72.0,0.18572,2921.12,40.571,354.08,0.0,-0.03,0.0,0.00038,0.0,-0.33,0.0,0.025,133.101,1.012,9.668,0.0,2.189,2.477,83321.619,0.6421,0,0,0,0,,,drift_segment,2020-04-03_S05
2020-04-03_429,2020-04-03,429,428,8.25,14.81,2.745,72.0,0.18535,2927.05,40.653,354.79,0.0,0.0,0.0,0.0,5.93,0.0,0.03,0.0,133.101,1.518,9.668,0.0,1.802,2.675,83583.426,0.548,0,0,0,0,,,drift_segment,2020-04-03_S05
2020-04-03_430,2020-04-03,430,429,7.92,14.81,2.7510000000000003,72.0,0.18575,2933.45,40.742,370.38,0.0,0.0,0.003,0.00038,12.33,-0.33,0.0,0.006,125.682,1.518,11.017,0.0,2.218,2.888,74515.037,0.6163,0,0,0,0,,,drift_segment,2020-04-03_S05
2020-04-03_431,2020-04-03,431,430,7.92,14.840000000000002,2.7510000000000003,72.0,0.18538,2939.39,40.825,371.13,0.0,0.03,0.003,0.0,16.61,0.0,0.03,0.0,125.682,2.024,11.017,0.0,1.833,3.086,74762.973,0.5789,0,0,0,0,,,drift_segment,2020-04-03_S05
2020-04-03_432,2020-04-03,432,431,7.609999999999999,14.840000000000002,2.7560000000000002,72.0,0.18571,2944.73,40.899,386.96,0.0,0.03,0.008,0.00034,21.95,-0.31,0.0,0.005,118.712,2.024,12.141,0.0,2.179,3.264,66715.495,0.642,0,0,0,0,,,drift_segment,2020-04-03_S05
2020-04-03_433,2020-04-03,433,432,7.609999999999999,14.83,2.7560000000000002,72.0,0.18584,2942.75,40.871,386.69,0.0,0.02,0.008,0.00046,15.7,0.0,-0.01,0.0,118.712,1.855,12.141,0.0,2.307,3.198,66637.328,0.5901,0,0,0,0,,,drift_segment,2020-04-03_S05
2020-04-03_434,2020-04-03,434,433,7.33,14.83,2.748,71.0,0.1853,2893.45,40.753,394.74,0.0,0.02,0.0,-5e-05,-33.6,-0.28,0.0,-0.008,112.417,1.855,10.342,-1.349,1.753,1.555,59881.975,0.6075,0,0,0,0,,,drift_segment,2020-04-03_S05
2020-04-03_435,2020-04-03,435,434,7.33,14.81,2.748,71.0,0.18555,2889.55,40.698,394.21,0.0,-0.02,0.0,0.00025,-34.71,0.0,-0.02,0.0,112.417,1.518,10.342,-1.349,2.01,1.425,59733.993,0.5428,0,0,0,0,,,drift_segment,2020-04-03_S05
2020-04-03_436,2020-04-03,436,435,7.18,14.81,2.741,72.0,0.18508,2922.78,40.594,407.07,0.0,-0.02,0.0,0.0,0.0,-0.15,0.0,-0.007,109.044,1.518,8.768,0.0,1.525,2.532,56223.262,0.6097,0,0,0,0,,,drift_segment,2020-04-03_S05
2020-04-03_437,2020-04-03,437,436,7.18,14.81,2.741,71.0,0.18508,2882.19,40.594,401.42,0.0,-0.02,0.0,0.0,-34.59,0.0,0.0,0.0,109.044,1.518,8.768,-1.349,1.525,1.179,56264.309,0.5206,0,0,0,0,,,drift_segment,2020-04-03_S05
2020-04-03_438,2020-04-03,438,437,7.05,14.81,2.735,73.0,0.18467,2956.89,40.505,419.42,0.0,-0.02,0.0,0.0,42.08,-0.13,0.0,-0.006,106.121,1.518,7.419,1.349,1.109,3.669,53268.414,0.6262,0,0,0,0,,,drift_segment,2020-04-03_S05
2020-04-03_439,2020-04-03,439,438,7.05,14.85,2.735,72.0,0.18418,2924.26,40.615,414.79,0.0,0.03,0.0,0.0,18.0,0.0,0.04,0.0,106.121,2.192,7.419,0.0,0.598,2.582,53583.527,0.5634,0,0,0,0,,,drift_segment,2020-04-03_S05
2020-04-03_440,2020-04-03,440,439,7.0,14.85,2.728,72.0,0.1837,2916.78,40.511,416.68,0.0,0.03,0.0,-0.00012,10.51,-0.05,0.0,-0.007,104.997,2.192,5.846,0.0,0.113,2.332,52512.797,0.6035,0,0,0,0,,,drift_segment,2020-04-03_S05
2020-04-03_441,2020-04-03,441,440,7.0,14.840000000000002,2.728,72.0,0.18383,2914.81,40.484,416.4,0.0,0.01,0.0,0.00012,8.55,0.0,-0.01,0.0,104.997,2.024,5.846,0.0,0.241,2.267,52443.382,0.5318,0,0,0,0,,,drift_segment,2020-04-03_S05
2020-04-03_442,2020-04-03,442,441,6.93,14.840000000000002,2.72,72.0,0.18329,2906.27,40.365,419.37,0.0,0.01,0.0,-0.00025,3.92,-0.07,0.0,-0.008,103.423,2.024,4.047,0.0,-0.313,1.982,50956.532,0.5928,0,0,0,0,,,drift_segment,2020-04-03_S05
2020-04-03_443,2020-04-03,443,442,6.93,14.820000000000002,2.72,72.0,0.18354,2902.35,40.31,418.81,0.0,-0.02,0.0,0.00025,0.0,0.0,-0.02,0.0,103.423,1.686,4.047,0.0,-0.059,1.851,50819.921,0.5288,0,0,0,0,,,drift_segment,2020-04-03_S05
2020-04-03_444,2020-04-03,444,443,6.890000000000001,14.820000000000002,2.707,72.0,0.18266,2888.48,40.118,419.23,0.0,-0.02,0.0,0.0,-1.95,-0.04,0.0,-0.013,102.524,1.686,1.124,0.0,-0.96,1.389,50059.077,0.5447,0,0,0,0,,,drift_segment,2020-04-03_S05
2020-04-03_445,2020-04-03,445,444,6.890000000000001,14.83,2.707,72.0,0.18254,2890.43,40.145,419.51,0.0,0.0,0.0,0.0,1.95,0.0,0.01,0.0,102.524,1.855,1.124,0.0,-1.087,1.454,50126.805,0.4625,0,0,0,0,,,drift_segment,2020-04-03_S05
2020-04-03_446,2020-04-03,446,445,6.890000000000001,14.83,2.699,72.0,0.182,2881.88,40.026,418.27,0.0,0.0,0.0,0.0,0.0,0.0,0.0,-0.008,102.524,1.855,-0.674,0.0,-1.641,1.169,50205.168,0.4971,0,0,0,0,,,drift_segment,2020-04-03_S05
2020-04-03_447,2020-04-03,447,446,6.65,14.85,2.694,72.0,0.18141,2880.42,40.006,433.15,-0.13,0.02,0.0,0.0,0.0,-0.24,0.02,-0.005,97.128,2.192,-1.799,0.0,-2.238,1.121,45285.147,0.6271,0,0,0,0,,,drift_segment,2020-04-03_S05
2020-04-03_448,2020-04-03,448,447,6.68,14.85,2.685,71.0,0.18081,2830.93,39.872,423.79,-0.06,0.02,0.0,0.0,-44.65,0.03,0.0,-0.009,97.802,2.192,-3.822,-1.349,-2.861,-0.529,46042.914,0.6375,0,0,0,0,,,drift_segment,2020-04-03_S05
2020-04-03_449,2020-04-03,449,448,6.7,14.83,2.677,71.0,0.18051,2818.69,39.7,420.7,-0.02,0.0,0.0,0.0,-32.23,0.02,-0.02,-0.008,98.252,1.855,-5.621,-1.349,-3.165,-0.937,46424.775,0.6008,0,0,0,0,,,drift_segment,2020-04-03_S05
2020-04-03_450,2020-04-03,450,449,6.74,14.83,2.67,72.0,0.18004,2850.92,39.596,422.99,0.04,0.0,0.0,0.0,11.82,0.04,0.0,-0.007,99.151,1.855,-7.195,0.0,-3.65,0.137,47317.237,0.612,0,0,0,0,,,drift_segment,2020-04-03_S05
2020-04-03_451,2020-04-03,451,450,6.720000000000001,14.820000000000002,2.6630000000000003,71.0,0.17969,2802.06,39.466,416.97,0.04,-0.03,0.0,0.0,-37.04,-0.02,-0.01,-0.007,98.702,1.686,-8.768,-1.349,-4.01,-1.491,46959.98,0.6432,0,0,0,0,,,drift_segment,2020-04-03_S05
2020-04-03_452,2020-04-03,452,451,6.779999999999999,14.820000000000002,2.658,73.0,0.17935,2875.58,39.392,424.13,0.13,-0.03,0.0,0.0,36.48,0.06,0.0,-0.005,100.051,1.686,-9.893,1.349,-4.357,0.959,48231.41,0.6612,0,0,0,0,,,drift_segment,2020-04-03_S05
2020-04-03_453,2020-04-03,453,452,6.58,14.85,2.65,72.0,0.17845,2833.38,39.352,430.6,-0.06,0.0,-0.007,0.0,0.0,-0.2,0.03,-0.008,95.554,2.192,-11.691,0.0,-5.282,-0.447,44390.858,0.678,0,0,0,0,,,drift_segment,2020-04-03_S05
2020-04-03_454,2020-04-03,454,453,6.609999999999999,14.85,2.648,72.0,0.17832,2831.24,39.323,428.33,-0.03,0.0,-0.007,0.0,-7.86,0.03,0.0,-0.002,96.229,2.192,-12.141,0.0,-5.42,-0.519,45037.013,0.6092,0,0,0,0,,,drift_segment,2020-04-03_S05
2020-04-03_455,2020-04-03,455,454,6.56,14.88,2.65,72.0,0.17809,2839.1,39.432,432.79,-0.08,0.0,-0.005,-7e-05,-1.07,-0.05,0.03,0.002,95.104,2.698,-11.691,0.0,-5.652,-0.257,44172.45,0.6422,0,0,0,0,,,drift_segment,2020-04-03_S05
2020-04-03_456,2020-04-03,456,455,6.57,14.88,2.6510000000000002,72.0,0.17816,2840.18,39.447,432.29,-0.07,0.0,-0.003,7e-05,1.07,0.01,0.0,0.001,95.329,2.698,-11.466,0.0,-5.583,-0.221,44362.365,0.591,0,0,0,0,,,drift_segment,2020-04-03_S05
2020-04-03_457,2020-04-03,457,456,6.640000000000001,14.97,2.654,72.0,0.17729,2860.59,39.73,430.81,0.01,0.06,0.001,-0.00065,20.41,0.07,0.09,0.003,96.903,4.216,-10.792,0.0,-6.477,0.46,46348.606,0.6724,0,0,0,0,,,drift_segment,2020-04-03_S05
2020-04-03_458,2020-04-03,458,457,6.63,14.97,2.657,71.0,0.17749,2824.05,39.775,425.95,0.0,0.06,0.005,-0.00038,-15.06,-0.01,0.0,0.003,96.678,4.216,-10.117,-1.349,-6.271,-0.758,46134.058,0.6586,0,0,0,0,,,drift_segment,2020-04-03_S05
2020-04-03_459,2020-04-03,459,458,6.67,14.94,2.655,72.0,0.17771,2855.93,39.666,428.18,0.03,0.01,0.002,-7e-05,16.83,0.04,-0.03,-0.002,97.578,3.71,-10.567,0.0,-6.043,0.304,46767.168,0.6307,0,0,0,0,,,drift_segment,2020-04-03_S05
2020-04-03_460,2020-04-03,460,459,6.7299999999999995,14.94,2.656,72.0,0.17778,2857.01,39.681,424.52,0.09,0.01,0.002,1e-05,16.83,0.06,0.0,0.001,98.927,3.71,-10.342,0.0,-5.974,0.34,48022.815,0.6495,0,0,0,0,,,drift_segment,2020-04-03_S05
2020-04-03_461,2020-04-03,461,460,6.7,14.910000000000002,2.6519999999999997,71.0,0.17787,2807.43,39.541,419.02,0.03,-0.03,-0.002,0.00016,-40.61,-0.03,-0.03,-0.004,98.252,3.204,-11.242,-1.349,-5.882,-1.312,47283.95,0.6515,0,0,0,0,,,drift_segment,2020-04-03_S05
2020-04-03_462,2020-04-03,462,461,6.63,14.910000000000002,2.653,72.0,0.17793,2848.05,39.556,429.57,-0.04,-0.03,-0.001,0.00045,-7.88,-0.07,0.0,0.001,96.678,3.204,-11.017,0.0,-5.813,0.042,45764.068,0.6385,0,0,0,0,,,drift_segment,2020-04-03_S05
2020-04-03_463,2020-04-03,463,462,6.640000000000001,14.930000000000001,2.6430000000000002,70.0,0.17703,2762.2,39.46,415.99,-0.06,-0.01,-0.011,-0.00046,-85.85,0.01,0.02,-0.01,96.903,3.541,-13.265,-2.698,-6.746,-2.82,46332.252,0.7043,0,0,0,0,,,drift_segment,2020-04-03_S05
2020-04-03_464,2020-04-03,464,463,6.67,14.930000000000001,2.654,71.0,0.17776,2813.32,39.624,421.79,-0.03,-0.01,0.0,5e-05,-39.62,0.03,0.0,0.011,97.578,3.541,-10.792,-1.349,-5.989,-1.116,46753.615,0.646,0,0,0,0,,,drift_segment,2020-04-03_S05
2020-04-03_465,2020-04-03,465,464,6.7,14.99,2.654,72.0,0.17705,2864.41,39.783,427.52,-0.03,0.06,0.0,-0.00038,16.36,0.03,0.06,0.0,98.252,4.553,-10.792,0.0,-6.72,0.587,47745.554,0.6606,0,0,0,0,,,drift_segment,2020-04-03_S05
2020-04-03_466,2020-04-03,466,465,6.74,14.99,2.655,72.0,0.17712,2865.49,39.798,425.15,0.0,0.06,0.002,-0.00012,17.92,0.04,0.0,0.001,99.151,4.553,-10.567,0.0,-6.652,0.623,48584.498,0.6347,0,0,0,0,,,drift_segment,2020-04-03_S05
2020-04-03_467,2020-04-03,467,466,6.82,15.070000000000002,2.656,72.0,0.17624,2881.87,40.026,422.56,0.08,0.13,0.003,-0.001,33.82,0.08,0.08,0.001,100.95,5.902,-10.342,0.0,-7.549,1.169,50846.992,0.7228,0,0,0,0,,,drift_segment,2020-04-03_S05
2020-04-03_468,2020-04-03,468,467,6.74,15.070000000000002,2.653,71.0,0.17605,2838.63,39.981,421.16,-0.04,0.13,0.0,-0.0012,-8.94,-0.08,0.0,-0.003,99.151,5.902,-11.017,-1.349,-7.754,-0.272,49190.258,0.7017,0,0,0,0,,,drift_segment,2020-04-03_S05
2020-04-03_469,2020-04-03,469,468,6.779999999999999,14.930000000000001,2.654,72.0,0.17776,2852.94,39.624,420.79,-0.04,-0.01,0.0,0.00033,5.37,0.04,-0.14,0.001,100.051,3.541,-10.792,0.0,-5.989,0.205,49056.219,0.6474,0,0,0,0,,,drift_segment,2020-04-03_S05
2020-04-03_470,2020-04-03,470,469,6.909999999999999,14.930000000000001,2.6489999999999996,72.0,0.17743,2847.57,39.55,412.09,0.06,-0.01,-0.004,4e-05,-4.06,0.13,0.0,-0.005,102.974,3.541,-11.916,0.0,-6.333,0.026,51972.027,0.6654,0,0,0,0,,,drift_segment,2020-04-03_S05
2020-04-03_471,2020-04-03,471,470,6.9,14.94,2.648,71.0,0.17724,2808.84,39.561,407.08,0.05,0.0,-0.005,-0.00019,-42.79,-0.01,0.01,-0.001,102.749,3.71,-12.141,-1.349,-6.524,-1.265,51874.617,0.6402,0,0,0,0,,,drift_segment,2020-04-03_S05
2020-04-03_472,2020-04-03,472,471,6.94,14.94,2.6510000000000002,72.0,0.17744,2851.63,39.606,410.9,0.09,0.0,-0.002,0.0,4.06,0.04,0.0,0.003,103.648,3.71,-11.466,0.0,-6.318,0.161,52677.566,0.6441,0,0,0,0,,,drift_segment,2020-04-03_S05
2020-04-03_473,2020-04-03,473,472,6.92,14.889999999999999,2.6519999999999997,70.0,0.17811,2764.18,39.488,399.45,0.07,-0.04,0.0,0.00058,-83.39,-0.02,-0.05,0.001,103.198,2.867,-11.242,-2.698,-5.637,-2.754,51955.887,0.6954,0,0,0,0,,,drift_segment,2020-04-03_S05
2020-04-03_474,2020-04-03,474,473,6.88,14.889999999999999,2.654,71.0,0.17824,2805.78,39.518,407.82,0.03,-0.04,0.002,0.00048,-41.79,-0.04,0.0,0.002,102.299,2.867,-10.792,-1.349,-5.499,-1.367,50999.001,0.6469,0,0,0,0,,,drift_segment,2020-04-03_S05
2020-04-03_475,2020-04-03,475,474,6.85,14.950000000000001,2.6519999999999997,72.0,0.17739,2854.61,39.647,416.73,0.0,0.06,0.0,-0.00071,36.91,-0.03,0.06,-0.002,101.625,3.878,-11.242,0.0,-6.371,0.26,50741.611,0.6487,0,0,0,0,,,drift_segment,2020-04-03_S05
2020-04-03_476,2020-04-03,476,475,6.85,14.950000000000001,2.654,72.0,0.17753,2856.77,39.677,417.05,0.0,0.06,0.002,-0.00072,43.53,0.0,0.0,0.002,101.625,3.878,-10.792,0.0,-6.233,0.332,50711.674,0.6098,0,0,0,0,,,drift_segment,2020-04-03_S05
2020-04-03_477,2020-04-03,477,476,6.83,14.74,2.655,72.0,0.18012,2817.7,39.135,412.55,-0.02,-0.01,0.003,0.00053,4.46,-0.02,-0.21,0.001,101.175,0.337,-10.567,0.0,-3.566,-0.97,48848.995,0.6124,0,0,0,0,,,drift_segment,2020-04-03_S05
2020-04-03_478,2020-04-03,478,477,6.840000000000001,14.74,2.6519999999999997,73.0,0.17992,2853.61,39.09,417.19,-0.01,-0.01,0.0,0.00033,40.37,0.01,0.0,-0.003,101.4,0.337,-11.242,1.349,-3.775,0.227,49074.701,0.5646,0,0,0,0,,,drift_segment,2020-04-03_S05
2020-04-03_479,2020-04-03,479,478,6.83,14.729999999999999,2.6519999999999997,71.0,0.18004,2773.54,39.064,406.08,-0.02,-0.02,0.0,0.00045,-39.7,-0.01,-0.01,0.0,101.175,0.169,-11.242,-1.349,-3.649,-2.442,48865.774,0.5851,0,0,0,0,,,drift_segment,2020-04-03_S05
2020-04-03_480,2020-04-03,480,479,6.83,14.729999999999999,2.65,71.0,0.1799,2771.45,39.034,405.78,-0.02,-0.02,-0.002,0.00031,-45.82,0.0,0.0,-0.002,101.175,0.169,-11.691,-1.349,-3.789,-2.511,48895.899,0.5926,0,0,0,0,,,drift_segment,2020-04-03_S05
2020-04-03_481,2020-04-03,481,480,7.0200000000000005,14.750000000000002,2.6489999999999996,72.0,0.17959,2813.24,39.073,400.75,0.11,0.0,-0.002,0.0,-4.03,0.19,0.02,-0.001,105.447,0.506,-11.916,0.0,-4.109,-1.119,53179.346,0.6349,0,0,0,0,,,drift_segment,2020-04-03_S05
2020-04-03_482,2020-04-03,482,481,7.01,14.750000000000002,2.6489999999999996,72.0,0.17959,2813.24,39.073,401.32,0.07,0.0,-0.001,0.0,0.0,-0.01,0.0,0.0,105.222,0.506,-11.916,0.0,-4.109,-1.119,52955.388,0.5801,0,0,0,0,,,drift_segment,2020-04-03_S05
2020-04-03_483,2020-04-03,483,482,7.029999999999999,14.76,2.6430000000000002,72.0,0.17907,2808.77,39.011,399.54,0.08,0.01,-0.006,-0.00053,-4.47,0.02,0.01,-0.006,105.672,0.674,-13.265,0.0,-4.652,-1.268,53569.349,0.6411,0,0,0,0,,,drift_segment,2020-04-03_S05
2020-04-03_484,2020-04-03,484,483,6.970000000000001,14.76,2.6510000000000002,72.0,0.17961,2817.27,39.129,404.2,0.0,0.01,0.002,0.00018,8.5,-0.06,0.0,0.008,104.323,0.674,-11.466,0.0,-4.095,-0.984,52101.925,0.6133,0,0,0,0,,,drift_segment,2020-04-03_S05
2020-04-03_485,2020-04-03,485,484,6.94,14.78,2.6519999999999997,72.0,0.17943,2822.15,39.197,406.65,-0.04,0.02,0.003,0.0002,13.38,-0.03,0.02,0.001,103.648,1.012,-11.242,0.0,-4.275,-0.822,51559.5,0.622,0,0,0,0,,,drift_segment,2020-04-03_S05
2020-04-03_486,2020-04-03,486,485,6.909999999999999,14.78,2.6489999999999996,72.0,0.17923,2818.96,39.152,407.95,-0.07,0.02,0.0,0.0,10.19,-0.03,0.0,-0.003,102.974,1.012,-11.916,0.0,-4.483,-0.928,50945.191,0.6123,0,0,0,0,,,drift_segment,2020-04-03_S05
2020-04-03_487,2020-04-03,487,486,6.95,14.750000000000002,2.6430000000000002,72.0,0.17919,2806.87,38.984,403.87,-0.02,-0.03,-0.008,-4e-05,0.0,0.04,-0.03,-0.006,103.873,0.506,-13.265,0.0,-4.527,-1.331,51716.649,0.6352,0,0,0,0,,,drift_segment,2020-04-03_S05
2020-04-03_488,2020-04-03,488,487,8.16,14.750000000000002,2.6430000000000002,71.0,0.17919,2767.88,38.984,339.2,1.21,-0.03,-0.009,-4e-05,-38.98,1.21,0.0,0.0,131.078,0.506,-13.265,-1.349,-4.527,-2.63,81977.432,0.689,0,0,0,0,,,drift_segment,2020-04-03_S05
2020-04-03_489,2020-04-03,489,488,7.15,14.83,2.657,71.0,0.17916,2797.64,39.403,391.28,0.2,0.03,0.005,-6e-05,-9.23,-1.01,0.08,0.014,108.37,1.855,-10.117,-1.349,-4.55,-1.639,56622.58,0.7248,0,0,0,0,,,drift_segment,2020-04-03_S05
2020-04-03_490,2020-04-03,490,489,6.9799999999999995,14.83,2.656,71.0,0.1791,2796.58,39.388,400.66,0.04,0.03,0.004,-9e-05,-1.05,-0.17,0.0,-0.001,104.547,1.855,-10.342,-1.349,-4.619,-1.674,52771.485,0.6599,0,0,0,0,,,drift_segment,2020-04-03_S05
2020-04-03_491,2020-04-03,491,490,6.95,14.799999999999999,2.659,71.0,0.17966,2794.08,39.353,402.03,0.04,0.0,0.003,0.00048,-3.56,-0.03,-0.03,0.003,103.873,1.349,-9.668,-1.349,-4.038,-1.757,51853.244,0.6384,0,0,0,0,,,drift_segment,2020-04-03_S05
2020-04-03_492,2020-04-03,492,491,6.859999999999999,14.799999999999999,2.659,71.0,0.17966,2794.08,39.353,407.3,-0.02,0.0,0.002,0.00048,-3.56,-0.09,0.0,0.0,101.849,1.349,-9.668,-1.349,-4.038,-1.757,49879.147,0.6231,0,0,0,0,,,drift_segment,2020-04-03_S05
2020-04-03_493,2020-04-03,493,492,6.85,14.799999999999999,2.658,72.0,0.17959,2832.36,39.338,413.48,-0.02,0.0,0.0,0.0,34.73,-0.01,0.0,-0.001,101.625,1.349,-9.893,0.0,-4.108,-0.481,49637.599,0.5547,0,0,0,0,,,drift_segment,2020-04-03_S05
2020-04-03_494,2020-04-03,494,493,6.87,14.799999999999999,2.6510000000000002,73.0,0.17912,2864.14,39.235,416.91,0.0,0.0,-0.008,-0.00054,32.42,0.02,0.0,-0.007,102.074,1.349,-11.466,1.349,-4.593,0.578,50141.306,0.6186,0,0,0,0,,,drift_segment,2020-04-03_S05
2020-04-03_495,2020-04-03,495,494,6.88,14.799999999999999,2.648,71.0,0.17892,2782.52,39.19,404.44,0.01,0.0,-0.011,-0.00074,-49.85,0.01,0.0,-0.003,102.299,1.349,-12.141,-1.349,-4.802,-2.143,50478.801,0.6233,0,0,0,0,,,drift_segment,2020-04-03_S05
2020-04-03_496,2020-04-03,496,495,6.87,14.799999999999999,2.659,72.0,0.17966,2833.43,39.353,412.44,0.01,0.0,0.0,0.0,0.0,-0.01,0.0,0.011,102.074,1.349,-9.668,0.0,-4.038,-0.446,50057.515,0.594,0,0,0,0,,,drift_segment,2020-04-03_S05
2020-04-03_497,2020-04-03,497,496,6.87,14.81,2.693,71.0,0.18184,2831.72,39.883,412.19,0.02,0.01,0.0,0.0,-32.42,0.0,0.01,0.034,102.074,1.518,-2.023,-1.349,-1.804,-0.503,49736.7,0.5801,0,0,0,0,,,drift_segment,2020-04-03_S05
2020-04-03_498,2020-04-03,498,497,6.8,14.81,2.738,72.0,0.18488,2919.58,40.55,429.35,0.0,0.01,0.0,0.0,0.0,-0.07,0.0,0.045,100.5,1.518,8.094,0.0,1.317,2.426,47817.322,0.6208,0,0,0,0,,,drift_segment,2020-04-03_S05
2020-04-03_499,2020-04-03,499,498,4.4,14.799999999999999,2.78,73.0,0.18784,3003.51,41.144,682.62,0.0,0.0,0.0,0.0,60.34,-2.4,-0.01,0.042,46.54,1.349,17.537,1.349,4.36,5.223,10426.997,0.6651,0,0,0,0,,,drift_segment,2020-04-03_S05
2020-04-03_500,2020-04-03,500,499,4.4,14.799999999999999,2.802,71.0,0.18932,2944.34,41.47,669.17,0.0,0.0,0.01,0.00118,0.0,0.0,0.0,0.022,46.54,1.349,22.483,-1.349,5.887,3.251,10562.374,0.6256,0,0,0,0,,,drift_segment,2020-04-03_S05
2020-04-03_501,2020-04-03,501,500,4.29,14.78,2.8110000000000004,72.0,0.19019,2991.35,41.547,697.29,0.0,-0.03,0.019,0.00205,18.84,-0.11,-0.02,0.009,44.067,1.012,24.507,0.0,6.776,4.818,9502.857,0.6682,0,0,0,0,,,drift_segment,2020-04-03_S05
2020-04-03_502,2020-04-03,502,501,4.11,14.78,2.8110000000000004,72.0,0.19019,2991.35,41.547,727.82,0.0,-0.03,0.019,0.00205,18.84,-0.18,0.0,0.0,40.02,1.012,24.507,0.0,6.776,4.818,7927.805,0.6296,0,0,0,0,,,drift_segment,2020-04-03_S05
2020-04-03_503,2020-04-03,503,502,3.53,14.81,2.807,72.0,0.18953,2993.16,41.572,847.92,-0.33,0.0,0.015,0.00139,20.65,-0.58,0.03,-0.004,26.98,1.518,23.607,0.0,6.103,4.878,3916.846,0.686,0,0,0,0,,,drift_segment,2020-04-03_S05
2020-04-03_504,2020-04-03,504,503,3.81,14.81,2.799,71.0,0.18899,2943.18,41.453,772.49,0.0,0.0,0.007,0.00085,-29.33,0.28,0.0,-0.008,33.275,1.518,21.809,-1.349,5.548,3.212,5632.797,0.6452,0,0,0,0,,,drift_segment,2020-04-03_S05
2020-04-03_505,2020-04-03,505,504,3.8600000000000003,14.840000000000002,2.792,72.0,0.18814,2983.2,41.433,772.85,0.12,0.03,0.0,0.0,27.64,0.05,0.03,-0.007,34.399,2.024,20.235,0.0,4.671,4.546,5999.001,0.6745,0,0,0,0,,,drift_segment,2020-04-03_S05
2020-04-03_506,2020-04-03,506,505,3.72,14.840000000000002,2.782,72.0,0.18747,2972.51,41.285,799.06,-0.01,0.03,0.0,0.0,16.95,-0.14,0.0,-0.01,31.252,2.024,17.987,0.0,3.979,4.19,4969.861,0.6468,0,0,0,0,,,drift_segment,2020-04-03_S05
2020-04-03_507,2020-04-03,507,506,3.7,14.83,2.775,71.0,0.18712,2921.88,41.153,789.7,-0.02,0.02,0.0,0.0,-21.3,-0.02,-0.01,-0.007,30.802,1.855,16.413,-1.349,3.624,2.502,4794.689,0.6237,0,0,0,0,,,drift_segment,2020-04-03_S05
2020-04-03_508,2020-04-03,508,507,3.7,14.83,2.7680000000000002,72.0,0.18665,2955.56,41.049,798.8,0.0,0.02,0.0,0.0,16.33,0.0,0.0,-0.007,30.802,1.855,14.839,0.0,3.139,3.625,4753.008,0.593,0,0,0,0,,,drift_segment,2020-04-03_S05
2020-04-03_509,2020-04-03,509,508,3.7299999999999995,14.81,2.7569999999999997,70.0,0.18616,2858.18,40.831,766.27,0.03,-0.02,-0.007,0.0,-81.05,0.03,-0.02,-0.011,31.477,1.518,12.366,-2.698,2.635,0.379,4903.165,0.6582,0,0,0,0,,,drift_segment,2020-04-03_S05
2020-04-03_510,2020-04-03,510,509,3.7399999999999998,14.81,2.75,71.0,0.18569,2891.65,40.728,773.17,0.04,-0.02,-0.014,-0.00047,-33.26,0.01,0.0,-0.007,31.701,1.518,10.792,-1.349,2.149,1.495,4937.089,0.6345,0,0,0,0,,,drift_segment,2020-04-03_S05
2020-04-03_511,2020-04-03,511,510,3.6,14.81,2.7430000000000003,72.0,0.18521,2924.92,40.624,812.48,-0.1,-0.02,-0.021,-0.00095,0.0,-0.14,0.0,-0.007,28.554,1.518,9.218,0.0,1.664,2.604,4013.601,0.6695,0,0,0,0,,,drift_segment,2020-04-03_S05
2020-04-03_512,2020-04-03,512,511,3.6399999999999997,14.81,2.74,72.0,0.18501,2921.72,40.579,802.67,-0.06,-0.02,-0.024,-0.00115,-3.2,0.04,0.0,-0.003,29.453,1.518,8.544,0.0,1.456,2.497,4257.569,0.6504,0,0,0,0,,,drift_segment,2020-04-03_S05
2020-04-03_513,2020-04-03,513,512,3.6399999999999997,14.85,2.7489999999999997,72.0,0.18512,2939.23,40.823,807.48,-0.03,0.03,-0.015,-0.00104,13.27,0.0,0.04,0.009,29.453,2.192,10.567,0.0,1.566,3.081,4351.79,0.6546,0,0,0,0,,,drift_segment,2020-04-03_S05
2020-04-03_514,2020-04-03,514,513,3.6399999999999997,14.85,2.764,73.0,0.18613,2996.31,41.045,823.16,-0.01,0.03,0.004,0.0,70.36,0.0,0.0,0.015,29.453,2.192,13.94,1.349,2.604,4.983,4387.016,0.651,0,0,0,0,,,drift_segment,2020-04-03_S05
2020-04-03_515,2020-04-03,515,514,3.7299999999999995,14.840000000000002,2.7760000000000002,71.0,0.18706,2924.9,41.196,784.16,0.09,0.01,0.016,0.00095,-14.33,0.09,-0.01,0.012,31.477,2.024,16.638,-1.349,3.563,2.603,5018.924,0.6957,0,0,0,0,,,drift_segment,2020-04-03_S05
2020-04-03_516,2020-04-03,516,515,3.71,14.840000000000002,2.7769999999999997,71.0,0.18713,2925.96,41.211,788.67,0.07,0.01,0.017,0.00102,-13.27,-0.02,0.0,0.001,31.027,2.024,16.862,-1.349,3.633,2.638,4890.704,0.6405,0,0,0,0,,,drift_segment,2020-04-03_S05
2020-04-03_517,2020-04-03,517,516,3.65,14.820000000000002,2.7760000000000002,72.0,0.18731,2962.1,41.14,811.54,0.0,-0.02,0.016,0.00121,22.87,-0.06,-0.02,-0.001,29.678,1.686,16.638,0.0,3.823,3.843,4446.698,0.6311,0,0,0,0,,,drift_segment,2020-04-03_S05
2020-04-03_518,2020-04-03,518,517,3.6700000000000004,14.820000000000002,2.77,72.0,0.18691,2955.7,41.051,805.37,0.02,-0.02,0.01,0.0008,16.47,0.02,0.0,-0.006,30.128,1.686,15.289,0.0,3.407,3.63,4546.436,0.6278,0,0,0,0,,,drift_segment,2020-04-03_S05
2020-04-03_519,2020-04-03,519,518,3.6399999999999997,14.83,2.76,72.0,0.18611,2947.02,40.931,809.62,-0.01,0.0,0.0,0.0,8.86,-0.03,0.01,-0.01,29.453,1.855,13.04,0.0,2.585,3.34,4340.053,0.6171,0,0,0,0,,,drift_segment,2020-04-03_S05
2020-04-03_520,2020-04-03,520,519,3.59,14.83,2.7539999999999996,72.0,0.1857,2940.61,40.842,819.11,-0.06,0.0,-0.006,-0.0004,7.47,-0.05,0.0,-0.006,28.329,1.855,11.691,0.0,2.169,3.127,4014.217,0.6495,0,0,0,0,,,drift_segment,2020-04-03_S05
2020-04-03_521,2020-04-03,521,520,3.6700000000000004,14.85,2.748,72.0,0.18505,2938.16,40.808,800.59,0.02,0.02,-0.012,-0.00106,5.02,0.08,0.02,-0.006,30.128,2.192,10.342,0.0,1.497,3.045,4542.012,0.6571,0,0,0,0,,,drift_segment,2020-04-03_S05
2020-04-03_522,2020-04-03,522,521,3.65,14.85,2.74,72.0,0.18451,2929.61,40.689,802.63,0.0,0.02,-0.015,-0.00126,-3.53,-0.02,0.0,-0.008,29.678,2.192,8.544,0.0,0.944,2.76,4401.668,0.6226,0,0,0,0,,,drift_segment,2020-04-03_S05
2020-04-03_523,2020-04-03,523,522,3.65,14.83,2.747,72.0,0.18523,2933.14,40.738,803.6,0.0,0.0,-0.007,-0.00047,3.53,0.0,-0.02,0.007,29.678,1.855,10.117,0.0,1.684,2.878,4371.019,0.6062,0,0,0,0,,,drift_segment,2020-04-03_S05
2020-04-03_524,2020-04-03,524,523,3.69,14.83,2.755,71.0,0.18577,2900.82,40.857,786.13,0.05,0.0,0.001,7e-05,-28.79,0.04,0.0,0.008,30.577,1.855,11.916,-1.349,2.238,1.801,4658.067,0.6201,0,0,0,0,,,drift_segment,2020-04-03_S05
2020-04-03_525,2020-04-03,525,524,3.6399999999999997,14.820000000000002,2.763,71.0,0.18644,2907.28,40.948,798.7,0.0,-0.03,0.009,0.00082,-22.32,-0.05,-0.01,0.008,29.453,1.686,13.715,-1.349,2.922,2.016,4341.666,0.6376,0,0,0,0,,,drift_segment,2020-04-03_S05
2020-04-03_526,2020-04-03,526,525,3.63,14.820000000000002,2.766,71.0,0.18664,2910.44,40.992,801.77,-0.01,-0.03,0.011,0.00119,-19.17,-0.01,0.0,0.003,29.228,1.686,14.389,-1.349,3.129,2.121,4290.195,0.6092,0,0,0,0,,,drift_segment,2020-04-03_S05
2020-04-03_527,2020-04-03,527,526,3.37,14.85,2.748,71.0,0.18505,2897.35,40.808,859.75,-0.26,0.0,-0.007,-0.0004,-32.25,-0.26,0.03,-0.018,23.383,2.192,10.342,-1.349,1.497,1.685,2821.621,0.681,0,0,0,0,,,drift_segment,2020-04-03_S05
2020-04-03_528,2020-04-03,528,527,6.05,14.85,2.7539999999999996,71.0,0.18545,2903.68,40.897,479.95,2.68,0.0,-0.001,0.0,-12.29,2.68,0.0,0.006,83.638,2.192,11.691,-1.349,1.912,1.896,33392.637,0.6482,0,0,0,0,,,drift_segment,2020-04-03_S05
2020-04-03_529,2020-04-03,529,528,3.07,14.88,2.764,72.0,0.18575,2961.24,41.128,964.57,0.0,0.0,0.009,0.0003,45.26,-2.98,0.03,0.01,16.638,2.698,13.94,0.0,2.218,3.814,1608.034,0.6728,0,0,0,0,,,drift_segment,2020-04-03_S05
2020-04-03_530,2020-04-03,530,529,3.0100000000000002,14.88,2.762,73.0,0.18562,3000.19,41.099,996.74,0.0,0.0,0.007,0.00057,65.61,-0.06,0.0,-0.002,15.289,2.698,13.49,1.349,2.08,5.113,1386.812,0.6391,0,0,0,0,,,drift_segment,2020-04-03_S05
2020-04-03_531,2020-04-03,531,530,2.91,14.97,2.761,71.0,0.18444,2934.58,41.332,1008.45,-0.03,0.06,0.007,-0.00021,0.0,-0.1,0.09,-0.001,13.04,4.216,13.265,-1.349,0.865,2.926,1166.924,0.7006,0,0,0,0,,,drift_segment,2020-04-03_S05
2020-04-03_532,2020-04-03,532,531,2.88,14.97,2.755,72.0,0.18403,2969.45,41.242,1031.06,-0.03,0.06,0.001,-0.00061,15.63,-0.03,0.0,-0.006,12.366,4.216,11.916,0.0,0.454,4.088,1045.375,0.6567,0,0,0,0,,,drift_segment,2020-04-03_S05
2020-04-03_533,2020-04-03,533,532,2.94,14.94,2.7489999999999997,71.0,0.184,2915.97,41.07,991.83,0.03,0.01,-0.006,-0.00064,-45.26,0.06,-0.03,-0.006,13.715,3.71,10.567,-1.349,0.421,2.306,1178.532,0.6546,0,0,0,0,,,drift_segment,2020-04-03_S05
2020-04-03_534,2020-04-03,534,533,2.8899999999999997,14.94,2.7460000000000004,72.0,0.1838,2953.82,41.025,1022.08,-0.02,0.01,-0.011,-0.00063,-13.07,-0.05,0.0,-0.003,12.591,3.71,9.893,0.0,0.214,3.567,1010.751,0.6438,0,0,0,0,,,drift_segment,2020-04-03_S05
2020-04-03_535,2020-04-03,535,534,2.79,14.910000000000002,2.747,73.0,0.18424,2989.92,40.958,1071.65,-0.12,-0.03,-0.008,0.0,23.03,-0.1,-0.03,0.001,10.342,3.204,10.117,1.349,0.663,4.77,721.462,0.6854,0,0,0,0,,,drift_segment,2020-04-03_S05
2020-04-03_536,2020-04-03,536,535,2.8899999999999997,14.910000000000002,2.753,71.0,0.18464,2914.35,41.047,1008.43,-0.02,-0.03,0.0,0.00061,-39.46,0.1,0.0,0.006,12.591,3.204,11.466,-1.349,1.077,2.252,1012.506,0.6384,0,0,0,0,,,drift_segment,2020-04-03_S05
2020-04-03_537,2020-04-03,537,536,2.8600000000000003,14.930000000000001,2.76,72.0,0.18486,2966.89,41.207,1037.37,-0.08,-0.01,0.011,0.00086,13.07,-0.03,0.02,0.007,11.916,3.541,13.04,0.0,1.304,4.003,973.112,0.6739,0,0,0,0,,,drift_segment,2020-04-03_S05
2020-04-03_538,2020-04-03,538,537,3.1399999999999997,14.930000000000001,2.76,72.0,0.18486,2966.89,41.207,944.87,0.05,-0.01,0.013,0.00094,38.37,0.28,0.0,0.0,18.211,3.541,13.04,0.0,1.304,4.003,1923.243,0.6539,0,0,0,0,,,drift_segment,2020-04-03_S05
2020-04-03_539,2020-04-03,539,538,3.09,14.99,2.7569999999999997,72.0,0.18392,2975.57,41.327,962.97,-0.05,0.06,0.011,0.00012,47.05,-0.05,0.06,-0.003,17.087,4.553,12.366,0.0,0.338,4.292,1791.601,0.7043,0,0,0,0,,,drift_segment,2020-04-03_S05
2020-04-03_540,2020-04-03,540,539,3.2700000000000005,14.99,2.702,72.0,0.18025,2916.21,40.503,891.81,0.0,0.06,-0.045,-0.00367,-12.31,0.18,0.0,-0.055,21.134,4.553,0.0,0.0,-3.431,2.314,2532.977,0.699,0,0,0,0,,,drift_segment,2020-04-03_S05
2020-04-03_541,2020-04-03,541,540,8.18,15.070000000000002,2.699,72.0,0.1791,2928.52,40.674,358.01,3.05,0.13,-0.054,-0.00483,0.0,4.91,0.08,-0.003,131.527,5.902,-0.674,0.0,-4.618,2.724,84388.369,0.7446,0,0,0,0,,,drift_segment,2020-04-03_S05
2020-04-03_542,2020-04-03,542,541,8.91,15.070000000000002,2.6910000000000003,72.0,0.17857,2919.84,40.553,327.7,3.77,0.13,-0.066,-0.00536,-24.77,0.73,0.0,-0.008,147.94,5.902,-2.473,0.0,-5.163,2.434,106413.789,0.7484,0,0,0,0,,,drift_segment,2020-04-03_S05
2020-04-03_543,2020-04-03,543,542,6.2,14.930000000000001,2.713,72.0,0.18171,2916.37,40.505,470.38,1.06,-0.01,-0.044,-0.00221,-28.25,-2.71,-0.14,0.022,87.01,3.541,2.473,0.0,-1.93,2.319,36750.887,0.7182,0,0,0,0,,,drift_segment,2020-04-03_S05
2020-04-03_544,2020-04-03,544,543,6.0,14.930000000000001,2.7289999999999996,71.0,0.18279,2892.82,40.744,482.14,0.86,-0.01,-0.028,-0.00114,-51.79,-0.2,0.0,0.016,82.514,3.541,6.07,-1.349,-0.829,1.534,33048.818,0.6887,0,0,0,0,,,drift_segment,2020-04-03_S05
2020-04-03_545,2020-04-03,545,544,5.91,14.94,2.7760000000000002,71.0,0.18581,2944.61,41.473,498.24,0.77,0.0,0.0,0.0,0.0,-0.09,0.01,0.047,80.49,3.71,16.638,-1.349,2.277,3.26,31410.08,0.6831,0,0,0,0,,,drift_segment,2020-04-03_S05
2020-04-03_546,2020-04-03,546,545,5.13,14.94,2.818,72.0,0.18862,3031.27,42.101,590.89,-0.01,0.0,0.0,0.0,24.62,-0.78,0.0,0.042,62.953,3.71,26.081,0.0,5.165,6.148,19592.22,0.6634,0,0,0,0,,,drift_segment,2020-04-03_S05
2020-04-03_547,2020-04-03,547,546,5.14,14.889999999999999,2.844,71.0,0.191,3006.65,42.347,584.95,0.0,-0.04,0.006,0.0001,-3.22,0.01,-0.05,0.026,63.178,2.867,31.926,-1.349,7.609,5.328,19727.864,0.6689,0,0,0,0,,,drift_segment,2020-04-03_S05
2020-04-03_548,2020-04-03,548,547,5.14,14.889999999999999,2.8569999999999998,73.0,0.19187,3105.47,42.541,604.18,0.01,-0.04,0.019,0.00087,95.6,0.0,0.0,0.013,63.178,2.867,34.849,1.349,8.506,8.622,19807.497,0.6681,0,0,0,0,,,drift_segment,2020-04-03_S05
2020-04-03_549,2020-04-03,549,548,5.09,14.950000000000001,2.861,72.0,0.19137,3079.58,42.772,605.03,0.0,0.06,0.023,0.0,69.71,-0.05,0.06,0.004,62.054,3.878,35.748,0.0,7.99,7.759,19459.242,0.689,0,0,0,0,,,drift_segment,2020-04-03_S05
2020-04-03_550,2020-04-03,550,549,4.07,14.950000000000001,2.8539999999999996,72.0,0.1909,3072.05,42.667,754.8,-0.52,0.06,0.016,-0.00047,62.18,-1.02,0.0,-0.007,39.121,3.878,34.175,0.0,7.509,7.507,8466.923,0.7135,0,0,0,0,,,drift_segment,2020-04-03_S05
2020-04-03_551,2020-04-03,551,550,4.51,14.74,2.847,72.0,0.19315,3021.46,41.965,669.95,-0.05,0.0,0.009,0.00178,11.59,0.44,-0.21,-0.007,49.014,0.337,32.601,0.0,9.815,5.822,11815.001,0.6945,0,0,0,0,,,drift_segment,2020-04-03_S05
2020-04-03_552,2020-04-03,552,551,4.59,14.729999999999999,2.838,72.0,0.19267,3009.87,41.804,655.74,0.04,0.0,0.0,0.0013,3.22,0.08,-0.01,-0.009,50.812,0.169,30.577,0.0,9.322,5.435,12516.095,0.6529,0,0,0,0,,,drift_segment,2020-04-03_S05
2020-04-03_553,2020-04-03,553,552,4.5600000000000005,14.729999999999999,2.83,72.0,0.19212,3001.38,41.686,658.2,0.01,0.0,0.0,0.00075,0.0,-0.03,0.0,-0.008,50.138,0.169,28.779,0.0,8.764,5.152,12132.722,0.6025,0,0,0,0,,,drift_segment,2020-04-03_S05
2020-04-03_554,2020-04-03,554,553,4.5200000000000005,14.729999999999999,2.82,72.0,0.19145,2990.78,41.539,661.68,-0.03,0.0,0.0,0.00054,0.0,-0.04,0.0,-0.01,49.238,0.169,26.53,0.0,8.067,4.799,11641.988,0.6331,0,0,0,0,,,drift_segment,2020-04-03_S05
2020-04-03_555,2020-04-03,555,554,4.5,14.729999999999999,2.81,72.0,0.19077,2980.17,41.391,662.26,-0.05,0.0,0.0,0.0,0.0,-0.02,0.0,-0.01,48.789,0.169,24.282,0.0,7.369,4.445,11368.612,0.6315,0,0,0,0,,,drift_segment,2020-04-03_S05
2020-04-03_556,2020-04-03,556,555,4.49,14.72,2.802,72.0,0.19035,2969.67,41.245,661.4,-0.07,-0.01,0.0,0.0,0.0,-0.01,-0.01,-0.008,48.564,0.0,22.483,0.0,6.944,4.095,11186.997,0.6298,0,0,0,0,,,drift_segment,2020-04-03_S05
2020-04-03_557,2020-04-03,557,556,4.55,14.72,2.7910000000000004,72.0,0.18961,2958.01,41.084,650.11,-0.04,-0.01,0.0,0.0,0.0,0.06,0.0,-0.011,49.913,0.0,20.01,0.0,6.177,3.707,11743.35,0.651,0,0,0,0,,,drift_segment,2020-04-03_S05
2020-04-03_558,2020-04-03,558,557,5.14,14.709999999999999,2.782,71.0,0.18912,2905.55,40.923,565.28,0.29,-0.02,0.0,0.0,-26.9,0.59,-0.01,-0.009,63.178,-0.169,17.987,-1.349,5.68,1.958,18641.222,0.6678,0,0,0,0,,,drift_segment,2020-04-03_S05
2020-04-03_559,2020-04-03,559,558,5.0200000000000005,14.709999999999999,2.7739999999999996,71.0,0.18858,2897.19,40.806,577.13,0.15,-0.02,0.0,0.0,-26.77,-0.12,0.0,-0.008,60.48,-0.169,16.188,-1.349,5.122,1.68,17077.748,0.6489,0,0,0,0,,,drift_segment,2020-04-03_S05
2020-04-03_560,2020-04-03,560,559,4.87,14.729999999999999,2.765,72.0,0.18771,2932.45,40.728,602.15,-0.15,0.0,0.0,0.0,14.99,-0.15,0.02,-0.009,57.108,0.169,14.164,0.0,4.231,2.855,15276.583,0.6638,0,0,0,0,,,drift_segment,2020-04-03_S05
2020-04-03_561,2020-04-03,561,560,4.85,14.729999999999999,2.7569999999999997,72.0,0.18717,2923.96,40.611,602.88,-0.29,0.0,-0.004,-0.00053,6.51,-0.02,0.0,-0.008,56.658,0.169,12.366,0.0,3.673,2.572,15032.944,0.6439,0,0,0,0,,,drift_segment,2020-04-03_S05
2020-04-03_562,2020-04-03,562,561,5.15,14.729999999999999,2.7489999999999997,71.0,0.18663,2874.99,40.493,558.25,0.0,0.0,-0.012,-0.00107,-30.95,0.3,0.0,-0.008,63.403,0.169,10.567,-1.349,3.115,0.939,18838.797,0.6269,0,0,0,0,,,drift_segment,2020-04-03_S05
2020-04-03_563,2020-04-03,563,562,5.37,14.729999999999999,2.74,72.0,0.18601,2905.93,40.36,541.14,0.0,0.0,-0.021,-0.00156,0.39,0.22,0.0,-0.009,68.349,0.169,8.544,0.0,2.488,1.971,21877.499,0.6302,0,0,0,0,,,drift_segment,2020-04-03_S05
2020-04-03_564,2020-04-03,564,563,5.45,14.74,2.7489999999999997,72.0,0.1865,2917.46,40.52,535.31,0.0,0.01,-0.008,-0.00067,11.52,0.08,0.01,0.009,70.148,0.337,10.567,0.0,2.985,2.355,23067.573,0.642,0,0,0,0,,,drift_segment,2020-04-03_S05
2020-04-03_565,2020-04-03,565,564,7.470000000000001,14.74,2.7569999999999997,71.0,0.18704,2885.31,40.638,386.25,1.59,0.01,0.0,0.0,-26.07,2.02,0.0,0.008,115.564,0.337,12.366,-1.349,3.543,1.284,62525.747,0.6433,0,0,0,0,,,drift_segment,2020-04-03_S05
2020-04-03_566,2020-04-03,566,565,7.42,14.709999999999999,2.761,72.0,0.1877,2924.23,40.614,394.1,0.0,-0.02,0.006,0.00066,12.85,-0.05,-0.03,0.004,114.44,-0.169,13.265,0.0,4.214,2.581,61029.32,0.632,0,0,0,0,,,drift_segment,2020-04-03_S05
2020-04-03_567,2020-04-03,567,566,7.42,14.709999999999999,2.762,70.0,0.18776,2844.03,40.629,383.29,0.0,-0.02,0.01,0.00073,-67.35,0.0,0.0,0.001,114.44,-0.169,13.49,-2.698,4.284,-0.092,61115.068,0.58,0,0,0,0,,,drift_segment,2020-04-03_S05
2020-04-03_568,2020-04-03,568,567,8.17,14.729999999999999,2.763,71.0,0.18758,2889.63,40.699,353.69,0.7,0.01,0.008,0.00053,-21.75,0.75,0.02,0.001,131.303,0.169,13.715,-1.349,4.092,1.427,80580.394,0.6493,0,0,0,0,,,drift_segment,2020-04-03_S05
2020-04-03_569,2020-04-03,569,568,5.88,14.729999999999999,2.755,72.0,0.18703,2921.84,40.581,496.91,-2.29,0.01,-0.002,-5e-05,10.46,-2.29,0.0,-0.008,79.816,0.169,11.916,0.0,3.534,2.501,29780.866,0.6683,0,0,0,0,,,drift_segment,2020-04-03_S05
2020-04-03_570,2020-04-03,570,569,9.14,14.72,2.747,72.0,0.18662,2911.38,40.436,318.53,0.76,0.0,-0.012,-0.00082,0.0,3.26,-0.01,-0.008,153.111,0.0,10.117,0.0,3.106,2.152,109574.044,0.6813,0,0,0,0,,,drift_segment,2020-04-03_S05
2020-04-03_571,2020-04-03,571,570,9.27,14.72,2.747,72.0,0.18662,2911.38,40.436,314.06,0.89,0.0,-0.012,-0.00082,0.0,0.13,0.0,0.0,156.034,0.0,10.117,0.0,3.106,2.152,113801.433,0.6493,0,0,0,0,,,drift_segment,2020-04-03_S05
2020-04-03_572,2020-04-03,572,571,8.43,14.709999999999999,2.752,73.0,0.18708,2955.18,40.482,350.56,0.05,-0.02,-0.005,0.0,43.8,-0.84,-0.01,0.005,137.148,-0.169,11.242,1.349,3.585,3.612,87722.398,0.6823,0,0,0,0,,,drift_segment,2020-04-03_S05
2020-04-03_573,2020-04-03,573,572,8.41,14.709999999999999,2.759,71.0,0.18756,2881.53,40.585,342.63,0.03,-0.02,0.004,0.00052,-33.81,-0.02,0.0,0.007,136.699,-0.169,12.815,-1.349,4.074,1.157,87191.357,0.6003,0,0,0,0,,,drift_segment,2020-04-03_S05
2020-04-03_574,2020-04-03,574,573,8.4,14.729999999999999,2.764,71.0,0.18764,2890.67,40.714,344.13,0.02,0.0,0.012,0.00061,-24.66,-0.01,0.02,0.005,136.474,0.169,13.94,-1.349,4.161,1.462,87047.498,0.5964,0,0,0,0,,,drift_segment,2020-04-03_S05
2020-04-03_575,2020-04-03,575,574,8.379999999999999,14.729999999999999,2.761,72.0,0.18744,2928.21,40.67,349.43,0.0,0.0,0.009,0.00048,12.87,-0.02,0.0,-0.003,136.024,0.169,13.265,0.0,3.952,2.713,86444.21,0.5932,0,0,0,0,,,drift_segment,2020-04-03_S05
2020-04-03_576,2020-04-03,576,575,7.56,14.74,2.7569999999999997,72.0,0.18704,2925.95,40.638,387.03,0.0,0.01,0.003,0.0,5.31,-0.82,0.01,-0.004,117.588,0.337,12.366,0.0,3.543,2.638,64689.043,0.6143,0,0,0,0,,,drift_segment,2020-04-03_S05
2020-04-03_577,2020-04-03,577,576,7.56,14.74,2.752,72.0,0.1867,2920.64,40.564,386.33,0.0,0.01,-0.005,-0.00038,0.0,0.0,0.0,-0.005,117.588,0.337,11.242,0.0,3.194,2.461,64718.226,0.5828,0,0,0,0,,,drift_segment,2020-04-03_S05
2020-04-03_578,2020-04-03,578,577,7.540000000000001,14.74,2.747,72.0,0.18636,2915.34,40.491,386.65,0.0,0.0,-0.012,-0.00108,0.0,-0.02,0.0,-0.005,117.138,0.337,10.117,0.0,2.846,2.284,64255.918,0.5957,0,0,0,0,,,drift_segment,2020-04-03_S05
2020-04-03_579,2020-04-03,579,578,7.18,14.74,2.745,72.0,0.18623,2913.21,40.461,405.74,0.0,0.0,-0.013,-0.00081,-2.12,-0.36,0.0,-0.002,109.044,0.337,9.668,0.0,2.707,2.214,55698.09,0.6127,0,0,0,0,,,drift_segment,2020-04-03_S05
2020-04-03_580,2020-04-03,580,579,6.8,14.729999999999999,2.7539999999999996,72.0,0.18697,2920.78,40.566,429.53,-0.02,-0.01,-0.003,0.0,5.45,-0.38,-0.01,0.009,100.5,0.169,11.691,0.0,3.464,2.466,47208.982,0.6495,0,0,0,0,,,drift_segment,2020-04-03_S05
2020-04-03_581,2020-04-03,581,580,6.82,14.729999999999999,2.761,72.0,0.18744,2928.21,40.67,429.36,0.02,-0.01,0.007,0.00071,14.99,0.02,0.0,0.007,100.95,0.169,13.265,0.0,3.952,2.713,47604.893,0.6266,0,0,0,0,,,drift_segment,2020-04-03_S05
2020-04-03_582,2020-04-03,582,581,6.779999999999999,14.74,2.765,71.0,0.18758,2893.68,40.756,426.8,0.0,0.0,0.012,0.00088,-19.53,-0.04,0.01,0.004,100.051,0.337,14.164,-1.349,4.1,1.563,46850.344,0.5995,0,0,0,0,,,drift_segment,2020-04-03_S05
2020-04-03_583,2020-04-03,583,582,6.16,14.74,2.763,71.0,0.18745,2891.59,40.727,469.41,0.0,0.0,0.01,0.00072,-21.62,-0.62,0.0,-0.002,86.111,0.337,13.715,-1.349,3.961,1.493,34729.028,0.6043,0,0,0,0,,,drift_segment,2020-04-03_S05
2020-04-03_584,2020-04-03,584,583,5.9,14.770000000000001,2.758,71.0,0.18673,2892.23,40.736,490.21,0.0,0.03,0.004,-0.00017,-1.45,-0.26,0.03,-0.005,80.265,0.843,12.591,-1.349,3.222,1.514,30351.136,0.6191,0,0,0,0,,,drift_segment,2020-04-03_S05
2020-04-03_585,2020-04-03,585,584,5.79,14.770000000000001,2.753,71.0,0.18639,2886.99,40.662,498.62,0.0,0.03,-0.004,-0.00057,-6.69,-0.11,0.0,-0.005,77.792,0.843,11.466,-1.349,2.874,1.339,28528.881,0.6113,0,0,0,0,,,drift_segment,2020-04-03_S05
2020-04-03_586,2020-04-03,586,585,4.86,14.74,2.747,71.0,0.18636,2874.85,40.491,591.53,-0.17,0.0,-0.011,-0.00076,-17.39,-0.93,-0.03,-0.006,56.883,0.337,10.117,-1.349,2.846,0.935,15213.532,0.6648,0,0,0,0,,,drift_segment,2020-04-03_S05
2020-04-03_587,2020-04-03,587,586,4.95,14.74,2.748,72.0,0.18643,2916.4,40.506,589.17,-0.08,0.0,-0.009,-0.00047,24.17,0.09,0.0,0.001,58.906,0.337,10.342,0.0,2.916,2.32,16286.207,0.6544,0,0,0,0,,,drift_segment,2020-04-03_S05
2020-04-03_588,2020-04-03,588,587,4.96,14.729999999999999,2.753,73.0,0.1869,2960.27,40.552,596.83,-0.07,-0.02,-0.002,0.00017,68.04,0.01,-0.01,0.005,59.131,0.169,11.466,1.349,3.394,3.782,16350.817,0.6472,0,0,0,0,,,drift_segment,2020-04-03_S05
2020-04-03_589,2020-04-03,589,588,5.01,14.729999999999999,2.7569999999999997,71.0,0.18717,2883.35,40.611,575.52,-0.02,-0.02,0.004,0.00052,-8.88,0.05,0.0,0.004,60.255,0.169,12.366,-1.349,3.673,1.218,17016.345,0.6012,0,0,0,0,,,drift_segment,2020-04-03_S05
2020-04-03_590,2020-04-03,590,589,4.96,14.750000000000002,2.763,72.0,0.18732,2934.31,40.754,591.59,-0.07,0.0,0.01,0.00089,17.91,-0.05,0.02,0.006,59.131,0.506,13.715,0.0,3.83,2.917,16447.14,0.6625,0,0,0,0,,,drift_segment,2020-04-03_S05
2020-04-03_591,2020-04-03,591,590,5.029999999999999,14.750000000000002,2.76,71.0,0.18712,2890.41,40.71,574.63,0.0,0.0,0.009,0.00061,-31.15,0.07,0.0,-0.003,60.705,0.506,13.04,-1.349,3.621,1.453,17349.578,0.5998,0,0,0,0,,,drift_segment,2020-04-03_S05
2020-04-03_592,2020-04-03,592,591,7.24,14.76,2.755,72.0,0.18665,2927.79,40.664,404.39,0.3,0.01,0.002,0.0,2.42,2.21,0.01,-0.005,110.393,0.674,11.916,0.0,3.143,2.699,57172.043,0.6629,0,0,0,0,,,drift_segment,2020-04-03_S05
2020-04-03_593,2020-04-03,593,592,7.17,14.76,2.75,73.0,0.18631,2963.07,40.59,413.26,0.0,0.01,-0.005,-0.00034,37.69,-0.07,0.0,-0.005,108.819,0.674,10.792,1.349,2.795,3.875,55546.428,0.6416,0,0,0,0,,,drift_segment,2020-04-03_S05
2020-04-03_594,2020-04-03,594,593,6.94,14.78,2.75,71.0,0.18606,2885.79,40.645,415.82,-0.3,0.02,-0.006,-0.00045,-39.58,-0.23,0.02,0.0,103.648,1.012,10.792,-1.349,2.536,1.3,50609.247,0.6493,0,0,0,0,,,drift_segment,2020-04-03_S05
2020-04-03_595,2020-04-03,595,594,7.92,14.78,2.7489999999999997,72.0,0.18599,2925.38,40.63,369.37,0.0,0.02,-0.006,-0.00032,-1.5,0.98,0.0,-0.001,125.682,1.012,10.567,0.0,2.467,2.619,74281.977,0.6235,0,0,0,0,,,drift_segment,2020-04-03_S05
2020-04-03_596,2020-04-03,596,595,8.92,14.750000000000002,2.7510000000000003,72.0,0.18651,2921.56,40.577,327.53,1.0,-0.03,-0.002,0.00045,-3.81,1.0,-0.03,0.002,148.165,0.506,11.017,0.0,2.995,2.492,102854.887,0.669,0,0,0,0,,,drift_segment,2020-04-03_S05
2020-04-03_597,2020-04-03,597,596,8.379999999999999,14.750000000000002,2.7560000000000002,72.0,0.18685,2926.87,40.651,349.27,0.46,-0.03,0.005,0.00083,0.73,-0.54,0.0,0.005,136.024,0.506,12.141,0.0,3.343,2.669,86657.569,0.6722,0,0,0,0,,,drift_segment,2020-04-03_S05
2020-04-03_598,2020-04-03,598,597,8.32,14.83,2.758,71.0,0.18597,2903.98,40.901,349.04,0.4,0.03,0.008,-2e-05,-21.39,-0.06,0.08,0.002,134.675,1.855,12.591,-1.349,2.446,1.906,85689.699,0.6791,0,0,0,0,,,drift_segment,2020-04-03_S05
2020-04-03_599,2020-04-03,599,598,8.1,14.83,2.7569999999999997,72.0,0.18591,2943.81,40.886,363.43,0.18,0.03,0.006,-9e-05,22.25,-0.22,0.0,-0.001,129.729,1.855,12.366,0.0,2.377,3.233,79499.146,0.6631,0,0,0,0,,,drift_segment,2020-04-03_S05
2020-04-03_600,2020-04-03,600,599,8.120000000000001,14.799999999999999,2.753,72.0,0.18601,2933.6,40.744,361.28,0.2,0.0,0.0,2e-05,8.22,0.02,-0.03,-0.004,130.178,1.349,11.466,0.0,2.486,2.893,79820.154,0.6331,0,0,0,0,,,drift_segment,2020-04-03_S05
2020-04-03_601,2020-04-03,601,600,7.9,14.799999999999999,2.75,71.0,0.18581,2889.7,40.7,365.78,-0.03,0.0,-0.005,-0.0002,-36.44,-0.22,0.0,-0.003,125.232,1.349,10.792,-1.349,2.278,1.43,73956.679,0.6272,0,0,0,0,,,drift_segment,2020-04-03_S05
2020-04-03_602,2020-04-03,602,601,7.909999999999999,14.799999999999999,2.7460000000000004,72.0,0.18554,2926.14,40.641,369.93,-0.02,0.0,-0.01,-0.00047,-0.73,0.01,0.0,-0.004,125.457,1.349,9.893,0.0,2.0,2.644,74203.602,0.6129,0,0,0,0,,,drift_segment,2020-04-03_S05
2020-04-03_603,2020-04-03,603,602,7.92,14.799999999999999,2.747,70.0,0.18561,2845.89,40.656,359.33,-0.01,0.0,-0.008,-0.00041,-87.7,0.01,0.0,0.001,125.682,1.349,10.117,-2.698,2.07,-0.03,74560.545,0.5894,0,0,0,0,,,drift_segment,2020-04-03_S05
2020-04-03_604,2020-04-03,604,603,7.909999999999999,14.799999999999999,2.755,71.0,0.18615,2894.95,40.774,365.99,-0.01,0.0,0.0,0.00014,-38.64,-0.01,0.0,0.008,125.457,1.349,11.916,-1.349,2.625,1.605,74187.3,0.5796,0,0,0,0,,,drift_segment,2020-04-03_S05
2020-04-03_605,2020-04-03,605,604,7.909999999999999,14.799999999999999,2.762,72.0,0.18662,2943.19,40.878,372.08,-0.01,0.0,0.009,0.00061,17.05,0.0,0.0,0.007,125.457,1.349,13.49,0.0,3.111,3.213,74096.953,0.6175,0,0,0,0,,,drift_segment,2020-04-03_S05
2020-04-03_606,2020-04-03,606,605,7.93,14.81,2.763,72.0,0.18656,2946.24,40.92,371.53,0.02,0.01,0.01,0.00055,22.99,0.02,0.01,0.001,125.907,1.518,13.715,0.0,3.051,3.314,74704.003,0.609,0,0,0,0,,,drift_segment,2020-04-03_S05
2020-04-03_607,2020-04-03,607,606,7.95,14.81,2.762,72.0,0.1865,2945.18,40.905,370.46,0.04,0.01,0.009,0.00048,19.04,0.02,0.0,-0.001,126.356,1.518,13.49,0.0,2.981,3.279,75242.291,0.6219,0,0,0,0,,,drift_segment,2020-04-03_S05
2020-04-03_608,2020-04-03,608,607,7.93,14.799999999999999,2.755,73.0,0.18615,2976.5,40.774,375.35,0.02,0.0,0.002,0.00014,45.19,-0.02,-0.01,-0.007,125.907,1.349,11.916,1.349,2.625,4.323,74628.697,0.6322,0,0,0,0,,,drift_segment,2020-04-03_S05
2020-04-03_609,2020-04-03,609,608,7.92,14.799999999999999,2.753,71.0,0.18601,2892.85,40.744,365.26,0.01,0.0,-0.002,0.0,-42.73,-0.01,0.0,-0.002,125.682,1.349,11.466,-1.349,2.486,1.535,74465.823,0.5592,0,0,0,0,,,drift_segment,2020-04-03_S05
2020-04-03_610,2020-04-03,610,609,7.909999999999999,14.78,2.7489999999999997,71.0,0.18599,2884.75,40.63,364.7,0.0,-0.03,-0.006,0.0,-58.44,-0.01,-0.02,-0.004,125.457,1.012,10.567,-1.349,2.467,1.265,74064.092,0.597,0,0,0,0,,,drift_segment,2020-04-03_S05
2020-04-03_611,2020-04-03,611,610,7.890000000000001,14.78,2.747,72.0,0.18586,2923.25,40.601,370.5,-0.03,-0.03,-0.008,-0.00012,-21.63,-0.02,0.0,-0.002,125.007,1.012,10.117,0.0,2.328,2.548,73503.217,0.6318,0,0,0,0,,,drift_segment,2020-04-03_S05
2020-04-03_612,2020-04-03,612,611,7.909999999999999,14.81,2.7489999999999997,72.0,0.18562,2931.31,40.713,370.58,0.0,0.0,-0.005,-0.00036,-9.3,0.02,0.03,0.002,125.457,1.518,10.567,0.0,2.08,2.817,74263.926,0.5991,0,0,0,0,,,drift_segment,2020-04-03_S05
2020-04-03_613,2020-04-03,613,612,7.9,14.81,2.753,72.0,0.18589,2935.58,40.772,371.59,-0.01,0.0,0.0,-3e-05,0.0,-0.01,0.0,0.004,125.232,1.518,11.466,0.0,2.357,2.959,73971.23,0.5807,0,0,0,0,,,drift_segment,2020-04-03_S05
2020-04-03_614,2020-04-03,614,613,7.9,14.840000000000002,2.76,72.0,0.18598,2949.0,40.958,373.29,-0.01,0.03,0.007,0.0001,17.69,0.0,0.03,0.007,125.232,2.024,13.04,0.0,2.456,3.406,74173.485,0.6383,0,0,0,0,,,drift_segment,2020-04-03_S05
2020-04-03_615,2020-04-03,615,614,7.93,14.840000000000002,2.759,72.0,0.18592,2947.94,40.944,371.74,0.02,0.03,0.006,3e-05,16.62,0.03,0.0,-0.001,125.907,2.024,12.815,0.0,2.387,3.371,74976.22,0.6236,0,0,0,0,,,drift_segment,2020-04-03_S05
2020-04-03_616,2020-04-03,616,615,7.94,14.83,2.758,72.0,0.18597,2944.88,40.901,370.89,0.03,0.02,0.005,9e-05,13.57,0.01,-0.01,-0.001,126.131,1.855,12.591,0.0,2.446,3.269,75166.005,0.6106,0,0,0,0,,,drift_segment,2020-04-03_S05
2020-04-03_617,2020-04-03,617,616,7.909999999999999,14.83,2.7539999999999996,72.0,0.1857,2940.61,40.842,371.76,0.0,0.02,0.001,-0.00018,9.3,-0.03,0.0,-0.004,125.457,1.855,11.691,0.0,2.169,3.127,74394.177,0.5932,0,0,0,0,,,drift_segment,2020-04-03_S05
2020-04-03_618,2020-04-03,618,617,7.92,14.81,2.753,71.0,0.18589,2894.81,40.772,365.51,0.01,-0.02,-0.001,0.0,-40.77,0.01,-0.02,-0.001,125.682,1.518,11.466,-1.349,2.357,1.6,74548.317,0.5663,0,0,0,0,,,drift_segment,2020-04-03_S05
2020-04-03_619,2020-04-03,619,618,7.9,14.81,2.747,71.0,0.18548,2888.5,40.683,365.63,-0.01,-0.02,-0.011,-0.00041,-52.11,-0.02,0.0,-0.006,125.232,1.518,10.117,-1.349,1.941,1.39,74060.577,0.6074,0,0,0,0,,,drift_segment,2020-04-03_S05
2020-04-03_620,2020-04-03,620,619,7.890000000000001,14.81,2.747,71.0,0.18548,2888.5,40.683,366.1,-0.03,-0.02,-0.007,-0.00037,-20.45,-0.01,0.0,0.0,125.007,1.518,10.117,-1.349,1.941,1.39,73796.072,0.5937,0,0,0,0,,,drift_segment,2020-04-03_S05
2020-04-03_621,2020-04-03,621,620,7.909999999999999,14.81,2.753,71.0,0.18589,2894.81,40.772,365.97,0.0,-0.02,0.0,0.0001,-14.14,0.02,0.0,0.006,125.457,1.518,11.466,-1.349,2.357,1.6,74282.993,0.576,0,0,0,0,,,drift_segment,2020-04-03_S05
2020-04-03_622,2020-04-03,622,621,7.909999999999999,14.85,2.759,71.0,0.18579,2908.95,40.971,367.76,0.0,0.03,0.006,9e-05,8.28,0.0,0.04,0.006,125.457,2.192,12.815,-1.349,2.258,2.071,74574.249,0.6203,0,0,0,0,,,drift_segment,2020-04-03_S05
2020-04-03_623,2020-04-03,623,622,7.92,14.85,2.762,72.0,0.18599,2953.13,41.016,372.87,0.01,0.03,0.009,0.00048,52.46,0.01,0.0,0.003,125.682,2.192,13.49,0.0,2.465,3.544,74774.884,0.6159,0,0,0,0,,,drift_segment,2020-04-03_S05
2020-04-03_624,2020-04-03,624,623,7.92,14.840000000000002,2.758,73.0,0.18585,2987.8,40.929,377.25,0.01,0.01,0.005,0.00034,78.84,0.0,-0.01,-0.004,125.682,2.024,12.591,1.349,2.317,4.699,74674.299,0.6185,0,0,0,0,,,drift_segment,2020-04-03_S05
2020-04-03_625,2020-04-03,625,624,7.93,14.840000000000002,2.753,71.0,0.18551,2900.67,40.855,365.78,0.02,0.01,0.0,-0.00028,-9.34,0.01,0.0,-0.005,125.907,2.024,11.466,-1.349,1.971,1.795,75062.49,0.5784,0,0,0,0,,,drift_segment,2020-04-03_S05
2020-04-03_626,2020-04-03,626,625,7.909999999999999,14.820000000000002,2.747,72.0,0.18536,2931.16,40.711,370.56,0.0,-0.02,-0.01,-0.00049,0.0,-0.02,-0.02,-0.006,125.457,1.686,10.117,0.0,1.812,2.812,74360.954,0.6204,0,0,0,0,,,drift_segment,2020-04-03_S05
2020-04-03_627,2020-04-03,627,626,7.909999999999999,14.820000000000002,2.747,71.0,0.18536,2890.45,40.711,365.42,0.0,-0.02,-0.011,-0.00049,-43.76,0.0,0.0,0.0,125.457,1.686,10.117,-1.349,1.812,1.455,74408.001,0.5734,0,0,0,0,,,drift_segment,2020-04-03_S05
2020-04-03_628,2020-04-03,628,627,7.909999999999999,14.83,2.748,72.0,0.1853,2934.2,40.753,370.95,-0.01,0.0,-0.009,-0.00055,-4.27,0.0,0.01,0.001,125.457,1.855,10.342,0.0,1.753,2.913,74436.113,0.5928,0,0,0,0,,,drift_segment,2020-04-03_S05
2020-04-03_629,2020-04-03,629,628,7.9,14.83,2.7569999999999997,73.0,0.18591,2984.7,40.886,377.81,-0.01,0.0,0.004,0.00034,50.34,-0.01,0.0,0.009,125.232,1.855,12.366,1.349,2.377,4.596,74067.681,0.6385,0,0,0,0,,,drift_segment,2020-04-03_S05
2020-04-03_630,2020-04-03,630,629,7.93,14.85,2.76,71.0,0.18586,2910.01,40.986,366.96,0.02,0.02,0.008,0.0003,-24.2,0.03,0.02,0.003,125.907,2.192,13.04,-1.349,2.327,2.107,75100.121,0.6273,0,0,0,0,,,drift_segment,2020-04-03_S05
2020-04-03_631,2020-04-03,631,630,7.909999999999999,14.85,2.763,72.0,0.18606,2954.2,41.031,373.48,0.0,0.02,0.013,0.0005,19.84,-0.02,0.0,0.003,125.457,2.192,13.715,0.0,2.535,3.58,74503.456,0.6156,0,0,0,0,,,drift_segment,2020-04-03_S05
2020-04-03_632,2020-04-03,632,631,7.93,14.83,2.76,72.0,0.18611,2947.02,40.931,371.63,0.02,0.0,0.008,0.00055,10.99,0.02,-0.02,-0.003,125.907,1.855,13.04,0.0,2.585,3.34,74887.236,0.6197,0,0,0,0,,,drift_segment,2020-04-03_S05
2020-04-03_633,2020-04-03,633,632,7.94,14.83,2.752,72.0,0.18557,2938.48,40.812,370.09,0.03,0.0,0.0,1e-05,2.45,0.01,0.0,-0.008,126.131,1.855,11.242,0.0,2.03,3.056,75205.825,0.5943,0,0,0,0,,,drift_segment,2020-04-03_S05
2020-04-03_634,2020-04-03,634,633,7.9,14.820000000000002,2.75,72.0,0.18556,2934.36,40.755,371.44,-0.01,-0.03,-0.007,-1e-05,-1.66,-0.04,-0.01,-0.002,125.232,1.686,10.792,0.0,2.02,2.918,74074.236,0.6296,0,0,0,0,,,drift_segment,2020-04-03_S05
2020-04-03_635,2020-04-03,635,634,7.9,14.820000000000002,2.745,72.0,0.18522,2929.02,40.681,370.76,-0.01,-0.03,-0.012,-0.00034,-7.0,0.0,0.0,-0.005,125.232,1.686,9.668,0.0,1.674,2.741,74110.882,0.612,0,0,0,0,,,drift_segment,2020-04-03_S05
2020-04-03_636,2020-04-03,636,635,7.890000000000001,14.85,2.7460000000000004,72.0,0.18492,2936.02,40.778,372.12,-0.02,0.0,-0.011,-0.0004,0.0,-0.01,0.03,0.001,125.007,2.192,9.893,0.0,1.359,2.974,74085.654,0.6192,0,0,0,0,,,drift_segment,2020-04-03_S05
2020-04-03_637,2020-04-03,637,636,7.890000000000001,14.85,2.752,72.0,0.18532,2942.44,40.867,372.93,-0.02,0.0,0.0,4e-05,6.42,0.0,0.0,0.006,125.007,2.192,11.242,0.0,1.774,3.188,74042.683,0.5896,0,0,0,0,,,drift_segment,2020-04-03_S05
2020-04-03_638,2020-04-03,638,637,7.909999999999999,14.88,2.7569999999999997,71.0,0.18528,2912.72,41.024,368.23,0.01,0.0,0.005,6e-05,-23.31,0.02,0.03,0.005,125.457,2.698,12.366,-1.349,1.735,2.197,74835.16,0.6037,0,0,0,0,,,drift_segment,2020-04-03_S05
2020-04-03_639,2020-04-03,639,638,7.93,14.88,2.762,71.0,0.18562,2918.0,41.099,367.97,0.03,0.0,0.01,0.0007,-18.03,0.02,0.0,0.005,125.907,2.698,13.49,-1.349,2.08,2.373,75337.302,0.6209,0,0,0,0,,,drift_segment,2020-04-03_S05
2020-04-03_640,2020-04-03,640,639,7.909999999999999,14.97,2.76,72.0,0.18437,2974.84,41.317,376.09,0.01,0.06,0.008,-0.0,34.47,-0.02,0.09,-0.002,125.457,4.216,13.04,0.0,0.797,4.267,75518.487,0.6797,0,0,0,0,,,drift_segment,2020-04-03_S05
2020-04-03_641,2020-04-03,641,640,7.92,14.97,2.7569999999999997,71.0,0.18417,2930.33,41.272,369.99,0.02,0.06,0.005,-0.0002,-12.11,0.01,0.0,-0.003,125.682,4.216,12.366,-1.349,0.591,2.784,75851.92,0.6404,0,0,0,0,,,drift_segment,2020-04-03_S05
2020-04-03_642,2020-04-03,642,641,7.9,14.94,2.752,73.0,0.1842,3001.39,41.115,379.92,0.0,0.01,-0.002,-0.00017,50.28,-0.02,-0.03,-0.005,125.232,3.71,11.242,1.349,0.627,5.152,75011.415,0.6283,0,0,0,0,,,drift_segment,2020-04-03_S05
2020-04-03_643,2020-04-03,643,642,7.9,14.94,2.7439999999999998,72.0,0.18367,2951.67,40.995,373.63,0.0,0.01,-0.013,-0.0007,0.0,0.0,0.0,-0.008,125.232,3.71,9.443,0.0,0.077,3.495,75112.056,0.6211,0,0,0,0,,,drift_segment,2020-04-03_S05
2020-04-03_644,2020-04-03,644,643,7.890000000000001,14.910000000000002,2.739,72.0,0.1837,2940.37,40.838,372.67,-0.01,-0.03,-0.017,-0.0005,-20.07,-0.01,-0.03,-0.005,125.007,3.204,8.319,0.0,0.112,3.119,74636.529,0.634,0,0,0,0,,,drift_segment,2020-04-03_S05
2020-04-03_645,2020-04-03,645,644,7.890000000000001,14.910000000000002,2.7489999999999997,72.0,0.18437,2951.11,40.988,374.03,-0.01,-0.03,-0.005,0.0002,-12.56,0.0,0.0,0.01,125.007,3.204,10.567,0.0,0.801,3.477,74559.479,0.6291,0,0,0,0,,,drift_segment,2020-04-03_S05
2020-04-03_646,2020-04-03,646,645,7.890000000000001,14.930000000000001,2.7539999999999996,72.0,0.18446,2960.44,41.117,375.21,-0.01,-0.01,0.001,0.0004,-3.22,0.0,0.02,0.005,125.007,3.541,11.691,0.0,0.891,3.788,74690.697,0.5992,0,0,0,0,,,drift_segment,2020-04-03_S05
2020-04-03_647,2020-04-03,647,646,7.9,14.930000000000001,2.7569999999999997,72.0,0.18466,2963.66,41.162,375.15,0.0,-0.01,0.005,0.00067,0.0,0.01,0.0,0.003,125.232,3.541,12.366,0.0,1.098,3.895,74937.123,0.596,0,0,0,0,,,drift_segment,2020-04-03_S05
2020-04-03_648,2020-04-03,648,647,7.909999999999999,14.99,2.759,72.0,0.18406,2977.73,41.357,376.45,0.01,0.06,0.01,6e-05,17.29,0.01,0.06,0.002,125.457,4.553,12.815,0.0,0.475,4.364,75691.928,0.667,0,0,0,0,,,drift_segment,2020-04-03_S05
2020-04-03_649,2020-04-03,649,648,7.92,14.99,2.7560000000000002,72.0,0.18386,2974.5,41.312,375.57,0.02,0.06,0.003,-0.0002,12.07,0.01,0.0,-0.003,125.682,4.553,12.141,0.0,0.27,4.256,75978.843,0.6281,0,0,0,0,,,drift_segment,2020-04-03_S05
2020-04-03_650,2020-04-03,650,649,7.909999999999999,15.070000000000002,2.753,72.0,0.18268,2987.12,41.488,377.64,0.01,0.13,-0.001,-0.00145,24.69,-0.01,0.08,-0.003,125.457,5.902,11.466,0.0,-0.937,4.677,76403.433,0.6825,0,0,0,0,,,drift_segment,2020-04-03_S05
2020-04-03_651,2020-04-03,651,650,7.9,15.070000000000002,2.748,72.0,0.18235,2981.69,41.412,377.43,0.0,0.13,-0.006,-0.00178,18.03,-0.01,0.0,-0.005,125.232,5.902,10.342,0.0,-1.278,4.496,76170.389,0.6705,0,0,0,0,,,drift_segment,2020-04-03_S05
2020-04-03_652,2020-04-03,652,651,7.9,14.930000000000001,2.747,71.0,0.18399,2911.9,41.013,368.6,-0.01,-0.01,-0.008,-0.00013,-51.76,0.0,-0.14,-0.001,125.232,3.541,10.117,-1.349,0.41,2.17,75053.159,0.6204,0,0,0,0,,,drift_segment,2020-04-03_S05
2020-04-03_653,2020-04-03,653,652,7.88,14.930000000000001,2.7489999999999997,71.0,0.18413,2914.02,41.043,369.8,-0.03,-0.01,-0.005,7e-05,-48.4,-0.02,0.0,0.002,124.782,3.541,10.567,-1.349,0.547,2.24,74506.549,0.6115,0,0,0,0,,,drift_segment,2020-04-03_S05
2020-04-03_654,2020-04-03,654,653,7.88,14.94,2.7539999999999996,72.0,0.18434,2962.42,41.145,375.94,-0.02,0.0,0.001,0.00035,2.32,0.0,0.01,0.005,124.782,3.71,11.691,0.0,0.764,3.854,74508.026,0.602,0,0,0,0,,,drift_segment,2020-04-03_S05
2020-04-03_655,2020-04-03,655,654,7.909999999999999,14.94,2.7569999999999997,71.0,0.18454,2924.46,41.19,369.72,0.01,0.0,0.007,0.00041,-33.49,0.03,0.0,0.003,125.457,3.71,12.366,-1.349,0.971,2.588,75333.932,0.619,0,0,0,0,,,drift_segment,2020-04-03_S05
2020-04-03_656,2020-04-03,656,655,7.909999999999999,14.889999999999999,2.7569999999999997,73.0,0.18516,2996.78,41.052,378.86,0.01,-0.05,0.008,0.00103,38.83,0.0,-0.05,0.0,125.457,2.867,12.366,1.349,1.607,4.999,74828.984,0.6421,0,0,0,0,,,drift_segment,2020-04-03_S05
2020-04-03_657,2020-04-03,657,656,7.92,14.889999999999999,2.755,72.0,0.18502,2953.58,41.022,372.93,0.02,-0.05,0.005,0.0009,-1.48,0.01,0.0,-0.002,125.682,2.867,11.916,0.0,1.469,3.559,75150.42,0.6172,0,0,0,0,,,drift_segment,2020-04-03_S05
2020-04-03_658,2020-04-03,658,657,7.890000000000001,14.950000000000001,2.75,72.0,0.18395,2960.1,41.113,375.17,-0.01,0.01,-0.004,-0.00018,2.15,-0.03,0.06,-0.005,125.007,3.878,10.792,0.0,0.363,3.776,74884.369,0.6446,0,0,0,0,,,drift_segment,2020-04-03_S05
2020-04-03_659,2020-04-03,659,658,7.890000000000001,14.950000000000001,2.748,72.0,0.18381,2957.95,41.083,374.9,-0.01,0.0,-0.007,-0.00013,-2.15,0.0,0.0,-0.002,125.007,3.878,10.342,0.0,0.225,3.705,74898.764,0.5994,0,0,0,0,,,drift_segment,2020-04-03_S05
2020-04-03_660,2020-04-03,660,659,7.9,14.930000000000001,2.7489999999999997,72.0,0.18413,2955.07,41.043,374.06,0.0,-0.02,-0.006,0.00018,-2.88,0.01,-0.02,0.001,125.232,3.541,10.567,0.0,0.547,3.608,74991.481,0.601,0,0,0,0,,,drift_segment,2020-04-03_S05
2020-04-03_661,2020-04-03,661,660,7.890000000000001,14.99,2.745,72.0,0.18312,2962.62,41.148,375.49,-0.01,0.04,-0.007,-0.00082,4.68,-0.01,0.06,-0.004,125.007,4.553,9.668,0.0,-0.484,3.86,75254.443,0.6594,0,0,0,0,,,drift_segment,2020-04-03_S05
2020-04-03_662,2020-04-03,662,661,7.909999999999999,14.99,2.755,71.0,0.18379,2932.12,41.297,370.69,0.01,0.04,0.005,-0.00015,-22.95,0.02,0.0,0.01,125.457,4.553,11.916,-1.349,0.201,2.844,75764.723,0.655,0,0,0,0,,,drift_segment,2020-04-03_S05
2020-04-03_663,2020-04-03,663,662,7.9,15.070000000000002,2.7560000000000002,72.0,0.18288,2990.37,41.533,378.53,0.0,0.12,0.007,-0.00093,35.31,-0.01,0.08,0.001,125.232,5.902,12.141,0.0,-0.733,4.785,76114.797,0.6925,0,0,0,0,,,drift_segment,2020-04-03_S05
2020-04-03_664,2020-04-03,664,663,7.9,15.070000000000002,2.7560000000000002,72.0,0.18288,2990.37,41.533,378.53,0.0,0.13,0.007,-0.00093,37.46,0.0,0.0,0.0,125.232,5.902,12.141,0.0,-0.733,4.785,76114.797,0.6512,0,0,0,0,,,drift_segment,2020-04-03_S05
2020-04-03_665,2020-04-03,665,664,7.909999999999999,14.930000000000001,2.752,71.0,0.18433,2917.2,41.087,368.8,0.01,-0.01,0.0,0.00039,-35.71,0.01,-0.14,-0.004,125.457,3.541,11.242,-1.349,0.754,2.346,75283.95,0.6236,0,0,0,0,,,drift_segment,2020-04-03_S05
2020-04-03_666,2020-04-03,666,665,7.9,14.930000000000001,2.747,72.0,0.18399,2952.92,41.013,373.79,0.0,-0.01,-0.006,6e-05,0.0,-0.01,0.0,-0.005,125.232,3.541,10.117,0.0,0.41,3.537,75006.114,0.6016,0,0,0,0,,,drift_segment,2020-04-03_S05
2020-04-03_667,2020-04-03,667,666,7.890000000000001,14.94,2.748,70.0,0.18394,2873.86,41.055,364.24,-0.01,0.0,-0.005,-6e-05,-79.06,-0.01,0.01,0.001,125.007,3.71,10.342,-2.698,0.352,0.902,74914.499,0.6015,0,0,0,0,,,drift_segment,2020-04-03_S05
2020-04-03_668,2020-04-03,668,667,7.9,14.94,2.7439999999999998,71.0,0.18367,2910.67,40.995,368.44,0.0,0.0,-0.009,-0.00048,-42.24,0.01,0.0,-0.004,125.232,3.71,9.443,-1.349,0.077,2.129,75159.131,0.6068,0,0,0,0,,,drift_segment,2020-04-03_S05
2020-04-03_669,2020-04-03,669,668,7.890000000000001,14.889999999999999,2.753,72.0,0.18489,2951.44,40.992,374.07,-0.01,-0.04,0.001,0.00056,0.0,-0.01,-0.05,0.009,125.007,2.867,11.466,0.0,1.331,3.487,74366.046,0.6465,0,0,0,0,,,drift_segment,2020-04-03_S05
2020-04-03_670,2020-04-03,670,669,7.88,14.889999999999999,2.7569999999999997,72.0,0.18516,2955.72,41.052,375.09,-0.02,-0.04,0.007,0.00074,38.52,-0.01,0.0,0.004,124.782,2.867,12.366,0.0,1.607,3.63,74074.942,0.6345,0,0,0,0,,,drift_segment,2020-04-03_S05
2020-04-03_671,2020-04-03,671,670,7.909999999999999,14.950000000000001,2.7569999999999997,72.0,0.18441,2967.63,41.217,375.18,0.02,0.06,0.007,-0.00047,48.97,0.03,0.06,0.0,125.457,3.878,12.366,0.0,0.844,4.027,75370.257,0.6714,0,0,0,0,,,drift_segment,2020-04-03_S05
2020-04-03_672,2020-04-03,672,671,7.9,14.950000000000001,2.753,73.0,0.18415,3004.49,41.157,380.31,0.01,0.06,0.001,-0.00101,85.83,-0.01,0.0,-0.004,125.232,3.878,11.466,1.349,0.569,5.256,75087.819,0.6426,0,0,0,0,,,drift_segment,2020-04-03_S05
2020-04-03_673,2020-04-03,673,672,7.9,14.74,2.75,71.0,0.18657,2877.98,40.535,364.3,0.0,-0.01,-0.002,0.00014,-44.64,0.0,-0.21,-0.003,125.232,0.337,10.792,-1.349,3.055,1.039,73464.997,0.5861,0,0,0,0,,,drift_segment,2020-04-03_S05
2020-04-03_674,2020-04-03,674,673,7.890000000000001,14.74,2.748,71.0,0.18643,2875.89,40.506,364.5,0.0,-0.01,-0.005,0.0,-48.86,-0.01,0.0,-0.002,125.007,0.337,10.342,-1.349,2.916,0.97,73215.841,0.5585,0,0,0,0,,,drift_segment,2020-04-03_S05
2020-04-03_675,2020-04-03,675,674,7.890000000000001,14.729999999999999,2.748,72.0,0.18656,2914.42,40.478,369.38,-0.01,-0.02,-0.004,0.00013,-10.33,0.0,-0.01,0.0,125.007,0.169,10.342,0.0,3.046,2.254,73087.489,0.567,0,0,0,0,,,drift_segment,2020-04-03_S05
2020-04-03_676,2020-04-03,676,675,7.890000000000001,14.729999999999999,2.752,72.0,0.18683,2918.66,40.537,369.92,-0.01,-0.02,0.0,0.0004,-6.09,0.0,0.0,0.004,125.007,0.169,11.242,0.0,3.325,2.395,73059.43,0.5707,0,0,0,0,,,drift_segment,2020-04-03_S05
2020-04-03_677,2020-04-03,677,676,7.9,14.750000000000002,2.752,72.0,0.18658,2922.62,40.592,369.95,0.0,0.0,0.002,0.00014,0.0,0.01,0.02,0.0,125.232,0.506,11.242,0.0,3.064,2.527,73485.985,0.5622,0,0,0,0,,,drift_segment,2020-04-03_S05
2020-04-03_678,2020-04-03,678,677,7.9,14.750000000000002,2.7539999999999996,72.0,0.18671,2924.75,40.622,370.22,0.0,0.0,0.005,0.00028,6.09,0.0,0.0,0.002,125.232,0.506,11.691,0.0,3.204,2.598,73472.524,0.5663,0,0,0,0,,,drift_segment,2020-04-03_S05
2020-04-03_679,2020-04-03,679,678,7.890000000000001,15.070000000000002,2.7539999999999996,72.0,0.18275,2988.2,41.503,378.73,-0.01,0.14,0.005,-0.00172,65.58,-0.01,0.32,0.0,125.007,5.902,11.691,0.0,-0.869,4.713,75859.992,0.6928,0,0,0,0,,,drift_segment,2020-04-03_S05
2020-04-03_680,2020-04-03,680,679,7.909999999999999,15.070000000000002,2.7489999999999997,72.0,0.18242,2982.77,41.427,377.09,0.01,0.14,-0.003,-0.00206,60.15,0.02,0.0,-0.005,125.457,5.902,10.567,0.0,-1.21,4.532,76431.733,0.6691,0,0,0,0,,,drift_segment,2020-04-03_S05
2020-04-03_681,2020-04-03,681,680,7.909999999999999,14.930000000000001,2.748,72.0,0.18406,2953.99,41.028,373.45,0.01,0.0,-0.004,-0.00041,31.37,0.0,-0.14,-0.001,125.457,3.541,10.342,0.0,0.478,3.573,75265.376,0.6142,0,0,0,0,,,drift_segment,2020-04-03_S05
2020-04-03_682,2020-04-03,682,681,7.890000000000001,14.930000000000001,2.748,71.0,0.18406,2912.96,41.028,369.2,-0.01,0.0,-0.004,-2e-05,-10.44,-0.02,0.0,0.0,125.007,3.541,10.342,-1.349,0.478,2.205,74779.543,0.5847,0,0,0,0,,,drift_segment,2020-04-03_S05
2020-04-03_683,2020-04-03,683,682,7.9,14.94,2.7489999999999997,71.0,0.184,2915.97,41.07,369.11,0.0,0.0,-0.003,-6e-05,-8.77,0.01,0.01,0.001,125.232,3.71,10.567,-1.349,0.421,2.306,75121.712,0.5757,0,0,0,0,,,drift_segment,2020-04-03_S05
2020-04-03_684,2020-04-03,684,683,7.909999999999999,14.94,2.7560000000000002,71.0,0.18447,2923.4,41.175,369.58,0.01,0.0,0.007,0.00041,0.0,0.01,0.0,0.007,125.457,3.71,12.141,-1.349,0.902,2.553,75340.394,0.6221,0,0,0,0,,,drift_segment,2020-04-03_S05
2020-04-03_685,2020-04-03,685,684,7.9,14.889999999999999,2.759,71.0,0.18529,2916.79,41.082,369.21,0.0,-0.05,0.01,0.00123,-6.61,-0.01,-0.05,0.003,125.232,2.867,12.815,-1.349,1.745,2.333,74639.633,0.6329,0,0,0,0,,,drift_segment,2020-04-03_S05
2020-04-03_686,2020-04-03,686,685,7.9,14.889999999999999,2.7539999999999996,71.0,0.18496,2911.5,41.007,368.54,0.0,-0.05,0.005,0.0009,-11.9,0.0,0.0,-0.005,125.232,2.867,11.691,-1.349,1.4,2.156,74671.746,0.6023,0,0,0,0,,,drift_segment,2020-04-03_S05
2020-04-03_687,2020-04-03,687,686,7.9,14.950000000000001,2.752,72.0,0.18408,2962.25,41.142,374.97,0.01,0.01,0.0,8e-05,38.85,0.0,0.06,-0.002,125.232,3.878,11.242,0.0,0.5,3.848,75136.754,0.6073,0,0,0,0,,,drift_segment,2020-04-03_S05
2020-04-03_688,2020-04-03,688,687,7.890000000000001,14.950000000000001,2.7439999999999998,73.0,0.18355,2994.66,41.023,379.55,-0.01,0.0,-0.009,-0.00011,64.67,-0.01,0.0,-0.008,125.007,3.878,9.443,1.349,-0.049,4.928,74886.742,0.6487,0,0,0,0,,,drift_segment,2020-04-03_S05
2020-04-03_689,2020-04-03,689,688,7.890000000000001,14.930000000000001,2.741,71.0,0.18359,2905.54,40.923,368.26,-0.01,-0.02,-0.013,-7e-05,-24.45,0.0,-0.02,-0.003,125.007,3.541,8.768,-1.349,-0.003,1.958,74833.215,0.6109,0,0,0,0,,,drift_segment,2020-04-03_S05
2020-04-03_690,2020-04-03,690,689,7.87,14.99,2.748,72.0,0.18332,2965.86,41.193,376.86,-0.03,0.04,-0.006,-0.00033,5.42,-0.02,0.06,0.007,124.558,4.553,10.342,0.0,-0.278,3.968,74699.377,0.6782,0,0,0,0,,,drift_segment,2020-04-03_S05
2020-04-03_691,2020-04-03,691,690,7.88,14.99,2.753,71.0,0.18366,2929.99,41.267,371.83,-0.01,0.04,0.0,0.0,-30.45,0.01,0.0,0.005,124.782,4.553,11.466,-1.349,0.064,2.773,74977.175,0.6221,0,0,0,0,,,drift_segment,2020-04-03_S05
2020-04-03_692,2020-04-03,692,691,7.890000000000001,15.070000000000002,2.759,72.0,0.18308,2993.63,41.578,379.42,0.0,0.12,0.007,-0.00058,33.19,0.01,0.08,0.006,125.007,5.902,12.815,0.0,-0.528,4.894,75827.702,0.6986,0,0,0,0,,,drift_segment,2020-04-03_S05
2020-04-03_693,2020-04-03,693,692,7.909999999999999,15.070000000000002,2.759,73.0,0.18308,3035.2,41.578,383.72,0.02,0.13,0.007,-0.00058,74.93,0.02,0.0,0.0,125.457,5.902,12.815,1.349,-0.528,6.279,76321.906,0.675,0,0,0,0,,,drift_segment,2020-04-03_S05
2020-04-03_694,2020-04-03,694,693,7.9,14.930000000000001,2.7569999999999997,71.0,0.18466,2922.5,41.162,369.94,0.01,-0.01,0.005,0.00079,-32.39,-0.01,-0.14,-0.002,125.232,3.541,12.366,-1.349,1.098,2.523,74984.095,0.6365,0,0,0,0,,,drift_segment,2020-04-03_S05
2020-04-03_695,2020-04-03,695,694,7.9,14.930000000000001,2.7539999999999996,72.0,0.18446,2960.44,41.117,374.74,0.0,-0.01,0.001,0.00026,0.17,0.0,0.0,-0.003,125.232,3.541,11.691,0.0,0.891,3.788,74956.725,0.5782,0,0,0,0,,,drift_segment,2020-04-03_S05
2020-04-03_696,2020-04-03,696,695,7.890000000000001,14.94,2.752,72.0,0.1842,2960.27,41.115,375.19,-0.01,0.0,-0.002,-0.00014,0.0,-0.01,0.01,-0.002,125.007,3.71,11.242,0.0,0.627,3.782,74787.279,0.5921,0,0,0,0,,,drift_segment,2020-04-03_S05
2020-04-03_697,2020-04-03,697,696,7.88,14.94,2.747,72.0,0.18387,2954.89,41.04,374.99,-0.03,0.0,-0.009,-0.00059,-5.38,-0.01,0.0,-0.005,124.782,3.71,10.117,0.0,0.283,3.603,74557.138,0.6331,0,0,0,0,,,drift_segment,2020-04-03_S05
2020-04-03_698,2020-04-03,698,697,7.909999999999999,14.889999999999999,2.747,72.0,0.18449,2945.0,40.903,372.31,0.0,-0.04,-0.009,0.0,-9.89,0.03,-0.05,0.0,125.457,2.867,10.117,0.0,0.917,3.273,74940.138,0.6374,0,0,0,0,,,drift_segment,2020-04-03_S05
2020-04-03_699,2020-04-03,699,698,7.92,14.889999999999999,2.75,72.0,0.18469,2948.22,40.948,372.25,0.01,-0.04,-0.006,0.00014,0.0,0.01,0.0,0.003,125.682,2.867,10.792,0.0,1.124,3.38,75184.799,0.6131,0,0,0,0,,,drift_segment,2020-04-03_S05
2020-04-03_700,2020-04-03,700,699,7.909999999999999,14.950000000000001,2.7560000000000002,72.0,0.18435,2966.56,41.202,375.04,-0.01,0.06,0.002,-0.0002,18.34,-0.01,0.06,0.006,125.457,3.878,12.141,0.0,0.775,3.992,75376.715,0.6608,0,0,0,0,,,drift_segment,2020-04-03_S05
2020-04-03_701,2020-04-03,701,700,7.92,14.950000000000001,2.759,72.0,0.18455,2969.79,41.247,374.97,0.0,0.06,0.007,-0.00014,24.78,0.01,0.0,0.003,125.682,3.878,12.815,0.0,0.981,4.099,75624.813,0.6366,0,0,0,0,,,drift_segment,2020-04-03_S05
2020-04-03_702,2020-04-03,702,701,7.93,14.74,2.765,71.0,0.18758,2893.68,40.756,364.9,0.01,0.0,0.013,0.002,-30.28,0.01,-0.21,0.006,125.907,0.337,14.164,-1.349,4.1,1.563,74163.145,0.6253,0,0,0,0,,,drift_segment,2020-04-03_S05
2020-04-03_703,2020-04-03,703,702,7.93,14.74,2.76,71.0,0.18725,2888.45,40.682,364.24,0.01,0.0,0.008,0.00166,-5.23,0.0,0.0,-0.005,125.907,0.337,13.04,-1.349,3.752,1.388,74192.185,0.5686,0,0,0,0,,,drift_segment,2020-04-03_S05
2020-04-03_704,2020-04-03,704,703,7.95,14.729999999999999,2.7569999999999997,72.0,0.18717,2923.96,40.611,367.79,0.03,0.0,0.005,0.00158,35.51,0.02,-0.01,-0.003,126.356,0.169,12.366,0.0,3.673,2.572,74612.027,0.6088,0,0,0,0,,,drift_segment,2020-04-03_S05
2020-04-03_705,2020-04-03,705,704,7.94,14.729999999999999,2.752,71.0,0.18683,2878.12,40.537,362.48,0.03,0.0,0.0,0.00124,0.0,-0.01,0.0,-0.005,126.131,0.169,11.242,-1.349,3.325,1.044,74427.081,0.5653,0,0,0,0,,,drift_segment,2020-04-03_S05
2020-04-07_2,2020-04-07,2,1,2.38,14.53,2.7110000000000003,71.0,0.18658,2796.75,39.391,1175.1,0.01,-0.05,0.003,0.00085,-39.7,-0.01,-0.03,-0.001,1.124,-3.204,2.023,-1.349,3.068,-1.668,8.96,0.5354,0,0,0,0,0.9371,0.0135,day_relative,
2020-04-07_76,2020-04-07,76,75,2.35,14.53,2.7119999999999997,71.0,0.18665,2797.78,39.405,1190.54,-0.02,-0.02,0.001,0.00089,-32.83,-0.02,-0.07,0.0,0.45,-3.204,2.248,-1.349,3.138,-1.634,12.566,0.5388,0,0,0,0,0.9545,0.006,day_relative,
2020-04-07_96,2020-04-07,96,95,2.34,14.58,2.708,70.0,0.18573,2763.78,39.483,1181.1,-0.01,-0.01,0.0,0.0,-74.31,-0.04,-0.01,-0.002,0.225,-2.361,1.349,-2.698,2.199,-2.767,12.495,0.5348,0,0,0,0,0.9319,0.0172,day_relative,
2020-04-07_160,2020-04-07,160,159,2.33,14.549999999999999,2.701,70.0,0.18564,2750.97,39.3,1180.67,-0.04,-0.04,0.0,0.00057,-84.43,-0.04,-0.04,0.001,0.0,-2.867,-0.225,-2.698,2.098,-3.194,14.78,0.5895,0,0,1,1,0.9634,0.0015,day_relative,
2020-04-07_286,2020-04-07,286,285,2.35,14.53,2.7119999999999997,71.0,0.18665,2797.78,39.405,1190.54,-0.02,-0.02,0.001,0.00089,-32.83,-0.02,-0.07,0.0,0.45,-3.204,2.248,-1.349,3.138,-1.634,12.566,0.5388,0,0,0,0,0.9545,0.006,day_relative,
2020-04-07_306,2020-04-07,306,305,2.34,14.58,2.708,70.0,0.18573,2763.78,39.483,1181.1,-0.01,-0.01,0.0,0.0,-74.31,-0.04,-0.01,-0.002,0.225,-2.361,1.349,-2.698,2.199,-2.767,12.495,0.5348,0,0,0,0,0.9319,0.0172,day_relative,
2020-04-07_366,2020-04-07,366,365,2.35,14.53,2.7119999999999997,71.0,0.18665,2797.78,39.405,1190.54,-0.02,-0.02,0.001,0.00089,-32.83,-0.02,-0.07,0.0,0.45,-3.204,2.248,-1.349,3.138,-1.634,12.566,0.5388,0,0,0,0,0.9545,0.006,day_relative,
2020-04-07_386,2020-04-07,386,385,2.34,14.58,2.708,70.0,0.18573,2763.78,39.483,1181.1,-0.03,-0.01,0.0,0.0,-43.48,-0.04,-0.01,-0.002,0.225,-2.361,1.349,-2.698,2.199,-2.767,12.495,0.5497,0,0,0,0,0.9373,0.012,day_relative,
2020-04-07_510,2020-04-07,510,509,2.35,14.53,2.7119999999999997,71.0,0.18665,2797.78,39.405,1190.54,-0.02,-0.02,0.001,0.00089,-32.83,-0.02,-0.07,0.0,0.45,-3.204,2.248,-1.349,3.138,-1.634,12.566,0.5388,0,0,0,0,0.9545,0.006,day_relative,
2020-04-07_530,2020-04-07,530,529,2.34,14.58,2.708,70.0,0.18573,2763.78,39.483,1181.1,-0.01,-0.01,0.0,0.0,-74.31,-0.04,-0.01,-0.002,0.225,-2.361,1.349,-2.698,2.199,-2.767,12.495,0.5348,0,0,0,0,0.9319,0.0172,day_relative,
2020-04-07_590,2020-04-07,590,589,2.35,14.53,2.7119999999999997,71.0,0.18665,2797.78,39.405,1190.54,-0.02,-0.02,0.001,0.00089,-32.83,-0.02,-0.07,0.0,0.45,-3.204,2.248,-1.349,3.138,-1.634,12.566,0.5388,0,0,0,0,0.9545,0.006,day_relative,
2020-04-07_610,2020-04-07,610,609,2.34,14.58,2.708,70.0,0.18573,2763.78,39.483,1181.1,-0.01,-0.01,0.0,0.0,-74.31,-0.04,-0.01,-0.002,0.225,-2.361,1.349,-2.698,2.199,-2.767,12.495,0.5348,0,0,0,0,0.9319,0.0172,day_relative,
2020-04-07_668,2020-04-07,668,667,2.35,14.53,2.7119999999999997,71.0,0.18665,2797.78,39.405,1190.54,-0.02,-0.02,0.0,0.00089,-32.83,-0.02,-0.07,0.0,0.45,-3.204,2.248,-1.349,3.138,-1.634,12.566,0.536,0,0,0,0,0.9526,0.0105,day_relative,
